gu	dong_tokens	name	address	category	lat	lon	url
동작구	동작동	지장사 아미타불도	서울특별시 동작구 현충로 210(동작동)	유형문화유산	37.4992854	126.970988	https://map.naver.com/p/search/%EC%A7%80%EC%9E%A5%EC%82%AC%20%EC%95%84%EB%AF%B8%ED%83%80%EB%B6%88%EB%8F%84%20%EC%84%9C%EC%9A%B8%ED%8A%B9%EB%B3%84%EC%8B%9C%20%EB%8F%99%EC%9E%91%EA%B5%AC%20%ED%98%84%EC%B6%A9%EB%A1%9C%20210%28%EB%8F%99%EC%9E%91%EB%8F%99%29
동작구	동작동	지장사 극락구품도	서울특별시 동작구 현충로 210(동작동)	유형문화유산	37.4992854	126.970988	https://map.naver.com/p/search/%EC%A7%80%EC%9E%A5%EC%82%AC%20%EA%B7%B9%EB%9D%BD%EA%B5%AC%ED%92%88%EB%8F%84%20%EC%84%9C%EC%9A%B8%ED%8A%B9%EB%B3%84%EC%8B%9C%20%EB%8F%99%EC%9E%91%EA%B5%AC%20%ED%98%84%EC%B6%A9%EB%A1%9C%20210%28%EB%8F%99%EC%9E%91%EB%8F%99%29
동작구	동작동	지장사 감로도	서울특별시 동작구 현충로 210(동작동)	유형문화유산	37.4992854	126.970988	https://map.naver.com/p/search/%EC%A7%80%EC%9E%A5%EC%82%AC%20%EA%B0%90%EB%A1%9C%EB%8F%84%20%EC%84%9C%EC%9A%B8%ED%8A%B9%EB%B3%84%EC%8B%9C%20%EB%8F%99%EC%9E%91%EA%B5%AC%20%ED%98%84%EC%B6%A9%EB%A1%9C%20210%28%EB%8F%99%EC%9E%91%EB%8F%99%29
동작구	동작동	지장사 지장시왕도	서울특별시 동작구 현충로 210(동작동)	유형문화유산	37.4992854	126.970988	https://map.naver.com/p/search/%EC%A7%80%EC%9E%A5%EC%82%AC%20%EC%A7%80%EC%9E%A5%EC%8B%9C%EC%99%95%EB%8F%84%20%EC%84%9C%EC%9A%B8%ED%8A%B9%EB%B3%84%EC%8B%9C%20%EB%8F%99%EC%9E%91%EA%B5%AC%20%ED%98%84%EC%B6%A9%EB%A1%9C%20210%28%EB%8F%99%EC%9E%91%EB%8F%99%29
동작구	동작동	지장사 대웅전 신중도	서울특별시 동작구 현충로 210(동작동)	유형문화유산	37.4992854	126.970988	https://map.naver.com/p/search/%EC%A7%80%EC%9E%A5%EC%82%AC%20%EB%8C%80%EC%9B%85%EC%A0%84%20%EC%8B%A0%EC%A4%91%EB%8F%84%20%EC%84%9C%EC%9A%B8%ED%8A%B9%EB%B3%84%EC%8B%9C%20%EB%8F%99%EC%9E%91%EA%B5%AC%20%ED%98%84%EC%B6%A9%EB%A1%9C%20210%28%EB%8F%99%EC%9E%91%EB%8F%99%29
동작구	동작동	지장사 현왕도	서울특별시 동작구 현충로 210(동작동)	유형문화유산	37.4992854	126.970988	https://map.naver.com/p/search/%EC%A7%80%EC%9E%A5%EC%82%AC%20%ED%98%84%EC%99%95%EB%8F%84%20%EC%84%9C%EC%9A%B8%ED%8A%B9%EB%B3%84%EC%8B%9C%20%EB%8F%99%EC%9E%91%EA%B5%AC%20%ED%98%84%EC%B6%A9%EB%A1%9C%20210%28%EB%8F%99%EC%9E%91%EB%8F%99%29
동작구	동작동	지장사 팔상도	서울특별시 동작구 현충로 210(동작동)	유형문화유산	37.4992854	126.970988	https://map.naver.com/p/search/%EC%A7%80%EC%9E%A5%EC%82%AC%20%ED%8C%94%EC%83%81%EB%8F%84%20%EC%84%9C%EC%9A%B8%ED%8A%B9%EB%B3%84%EC%8B%9C%20%EB%8F%99%EC%9E%91%EA%B5%AC%20%ED%98%84%EC%B6%A9%EB%A1%9C%20210%28%EB%8F%99%EC%9E%91%EB%8F%99%29
도봉구	도봉동	만월암 석불좌상	서울특별시 도봉구 도봉산길 92-4(도봉동)	유형문화유산	37.6792461	127.0125643	https://map.naver.com/p/search/%EB%A7%8C%EC%9B%94%EC%95%94%20%EC%84%9D%EB%B6%88%EC%A2%8C%EC%83%81%20%EC%84%9C%EC%9A%B8%ED%8A%B9%EB%B3%84%EC%8B%9C%20%EB%8F%84%EB%B4%89%EA%B5%AC%20%EB%8F%84%EB%B4%89%EC%82%B0%EA%B8%B8%2092-4%28%EB%8F%84%EB%B4%89%EB%8F%99%29
종로구	창신동	안양암 마애관음보살좌상	서울특별시 종로구 창신5길 61(창신동)	유형문화유산	37.5753385641	127.013374925	https://map.naver.com/p/search/%EC%95%88%EC%96%91%EC%95%94%20%EB%A7%88%EC%95%A0%EA%B4%80%EC%9D%8C%EB%B3%B4%EC%82%B4%EC%A2%8C%EC%83%81%20%EC%84%9C%EC%9A%B8%ED%8A%B9%EB%B3%84%EC%8B%9C%20%EC%A2%85%EB%A1%9C%EA%B5%AC%20%EC%B0%BD%EC%8B%A05%EA%B8%B8%2061%28%EC%B0%BD%EC%8B%A0%EB%8F%99%29
종로구	평창동	아미타괘불도	서울특별시 종로구 평창30길 28(평창동)	유형문화유산	37.5807194	126.9889392	https://map.naver.com/p/search/%EC%95%84%EB%AF%B8%ED%83%80%EA%B4%98%EB%B6%88%EB%8F%84%20%EC%84%9C%EC%9A%B8%ED%8A%B9%EB%B3%84%EC%8B%9C%20%EC%A2%85%EB%A1%9C%EA%B5%AC%20%ED%8F%89%EC%B0%BD30%EA%B8%B8%2028%28%ED%8F%89%EC%B0%BD%EB%8F%99%29
노원구	중계동	학도암 마애관음보살좌상	서울특별시 노원구 중계로14다길 89(중계동)	유형문화유산	37.6523008235	127.090047519	https://map.naver.com/p/search/%ED%95%99%EB%8F%84%EC%95%94%20%EB%A7%88%EC%95%A0%EA%B4%80%EC%9D%8C%EB%B3%B4%EC%82%B4%EC%A2%8C%EC%83%81%20%EC%84%9C%EC%9A%B8%ED%8A%B9%EB%B3%84%EC%8B%9C%20%EB%85%B8%EC%9B%90%EA%B5%AC%20%EC%A4%91%EA%B3%84%EB%A1%9C14%EB%8B%A4%EA%B8%B8%2089%28%EC%A4%91%EA%B3%84%EB%8F%99%29
종로구	견지동	조계사 석가불도	서울특별시 종로구 우정국로 55(견지동)	유형문화유산	37.574494	126.982017	https://map.naver.com/p/search/%EC%A1%B0%EA%B3%84%EC%82%AC%20%EC%84%9D%EA%B0%80%EB%B6%88%EB%8F%84%20%EC%84%9C%EC%9A%B8%ED%8A%B9%EB%B3%84%EC%8B%9C%20%EC%A2%85%EB%A1%9C%EA%B5%AC%20%EC%9A%B0%EC%A0%95%EA%B5%AD%EB%A1%9C%2055%28%EA%B2%AC%EC%A7%80%EB%8F%99%29
종로구	견지동	조계사 대웅전	서울특별시 종로구 우정국로 55(견지동)	유형문화유산	37.574494	126.982017	https://map.naver.com/p/search/%EC%A1%B0%EA%B3%84%EC%82%AC%20%EB%8C%80%EC%9B%85%EC%A0%84%20%EC%84%9C%EC%9A%B8%ED%8A%B9%EB%B3%84%EC%8B%9C%20%EC%A2%85%EB%A1%9C%EA%B5%AC%20%EC%9A%B0%EC%A0%95%EA%B5%AD%EB%A1%9C%2055%28%EA%B2%AC%EC%A7%80%EB%8F%99%29
종로구	신문로2가	양정편	서울특별시 종로구 새문안로 55(신문로2가)	유형문화유산	37.5707155	126.9688196	https://map.naver.com/p/search/%EC%96%91%EC%A0%95%ED%8E%B8%20%EC%84%9C%EC%9A%B8%ED%8A%B9%EB%B3%84%EC%8B%9C%20%EC%A2%85%EB%A1%9C%EA%B5%AC%20%EC%83%88%EB%AC%B8%EC%95%88%EB%A1%9C%2055%28%EC%8B%A0%EB%AC%B8%EB%A1%9C2%EA%B0%80%29
종로구	인사동	승동교회	서울특별시 종로구 인사동길 7-1(인사동)	유형문화유산	37.5716309604	126.986070069	https://map.naver.com/p/search/%EC%8A%B9%EB%8F%99%EA%B5%90%ED%9A%8C%20%EC%84%9C%EC%9A%B8%ED%8A%B9%EB%B3%84%EC%8B%9C%20%EC%A2%85%EB%A1%9C%EA%B5%AC%20%EC%9D%B8%EC%82%AC%EB%8F%99%EA%B8%B8%207-1%28%EC%9D%B8%EC%82%AC%EB%8F%99%29
종로구		동아일보사옥	서울특별시 종로구 세종대로 152(세종로)	유형문화유산	37.569836	126.977696	https://map.naver.com/p/search/%EB%8F%99%EC%95%84%EC%9D%BC%EB%B3%B4%EC%82%AC%EC%98%A5%20%EC%84%9C%EC%9A%B8%ED%8A%B9%EB%B3%84%EC%8B%9C%20%EC%A2%85%EB%A1%9C%EA%B5%AC%20%EC%84%B8%EC%A2%85%EB%8C%80%EB%A1%9C%20152%28%EC%84%B8%EC%A2%85%EB%A1%9C%29
중구	정동	미국공사관	서울특별시 중구 덕수궁길 83(정동)	유형문화유산	37.5668424	126.9729531	https://map.naver.com/p/search/%EB%AF%B8%EA%B5%AD%EA%B3%B5%EC%82%AC%EA%B4%80%20%EC%84%9C%EC%9A%B8%ED%8A%B9%EB%B3%84%EC%8B%9C%20%EC%A4%91%EA%B5%AC%20%EB%8D%95%EC%88%98%EA%B6%81%EA%B8%B8%2083%28%EC%A0%95%EB%8F%99%29
종로구	견지동	사현사 석불좌상	서울특별시 종로구 우정국로 55(견지동)	유형문화유산	37.574494	126.982017	https://map.naver.com/p/search/%EC%82%AC%ED%98%84%EC%82%AC%20%EC%84%9D%EB%B6%88%EC%A2%8C%EC%83%81%20%EC%84%9C%EC%9A%B8%ED%8A%B9%EB%B3%84%EC%8B%9C%20%EC%A2%85%EB%A1%9C%EA%B5%AC%20%EC%9A%B0%EC%A0%95%EA%B5%AD%EB%A1%9C%2055%28%EA%B2%AC%EC%A7%80%EB%8F%99%29
동대문구	전농동	사복시 살곶이 목장지도	서울특별시 동대문구 서울시립대로 163(전농동)	유형문화유산	37.583923	127.0590167	https://map.naver.com/p/search/%EC%82%AC%EB%B3%B5%EC%8B%9C%20%EC%82%B4%EA%B3%B6%EC%9D%B4%20%EB%AA%A9%EC%9E%A5%EC%A7%80%EB%8F%84%20%EC%84%9C%EC%9A%B8%ED%8A%B9%EB%B3%84%EC%8B%9C%20%EB%8F%99%EB%8C%80%EB%AC%B8%EA%B5%AC%20%EC%84%9C%EC%9A%B8%EC%8B%9C%EB%A6%BD%EB%8C%80%EB%A1%9C%20163%28%EC%A0%84%EB%86%8D%EB%8F%99%29
서대문구	신촌동	수선전도	서울특별시 서대문구 연세로 50(신촌동)	유형문화유산	37.5655342	126.9384179	https://map.naver.com/p/search/%EC%88%98%EC%84%A0%EC%A0%84%EB%8F%84%20%EC%84%9C%EC%9A%B8%ED%8A%B9%EB%B3%84%EC%8B%9C%20%EC%84%9C%EB%8C%80%EB%AC%B8%EA%B5%AC%20%EC%97%B0%EC%84%B8%EB%A1%9C%2050%28%EC%8B%A0%EC%B4%8C%EB%8F%99%29
종로구	신문로2가	도성대지도	서울특별시 종로구 새문안로 55(신문로2가)	유형문화유산	37.5729503	126.9793579	https://map.naver.com/p/search/%EB%8F%84%EC%84%B1%EB%8C%80%EC%A7%80%EB%8F%84%20%EC%84%9C%EC%9A%B8%ED%8A%B9%EB%B3%84%EC%8B%9C%20%EC%A2%85%EB%A1%9C%EA%B5%AC%20%EC%83%88%EB%AC%B8%EC%95%88%EB%A1%9C%2055%28%EC%8B%A0%EB%AC%B8%EB%A1%9C2%EA%B0%80%29
종로구	신문로2가	수선총도	서울특별시 종로구 새문안로 55(신문로2가)	유형문화유산	37.5729503	126.9793579	https://map.naver.com/p/search/%EC%88%98%EC%84%A0%EC%B4%9D%EB%8F%84%20%EC%84%9C%EC%9A%B8%ED%8A%B9%EB%B3%84%EC%8B%9C%20%EC%A2%85%EB%A1%9C%EA%B5%AC%20%EC%83%88%EB%AC%B8%EC%95%88%EB%A1%9C%2055%28%EC%8B%A0%EB%AC%B8%EB%A1%9C2%EA%B0%80%29
종로구	신문로2가	망우동지	서울특별시 종로구 새문안로 55(신문로2가)	유형문화유산	37.5729503	126.9793579	https://map.naver.com/p/search/%EB%A7%9D%EC%9A%B0%EB%8F%99%EC%A7%80%20%EC%84%9C%EC%9A%B8%ED%8A%B9%EB%B3%84%EC%8B%9C%20%EC%A2%85%EB%A1%9C%EA%B5%AC%20%EC%83%88%EB%AC%B8%EC%95%88%EB%A1%9C%2055%28%EC%8B%A0%EB%AC%B8%EB%A1%9C2%EA%B0%80%29
종로구	신문로2가	훈도방주자동지	서울특별시 종로구 새문안로 55(신문로2가)	유형문화유산	37.5729503	126.9793579	https://map.naver.com/p/search/%ED%9B%88%EB%8F%84%EB%B0%A9%EC%A3%BC%EC%9E%90%EB%8F%99%EC%A7%80%20%EC%84%9C%EC%9A%B8%ED%8A%B9%EB%B3%84%EC%8B%9C%20%EC%A2%85%EB%A1%9C%EA%B5%AC%20%EC%83%88%EB%AC%B8%EC%95%88%EB%A1%9C%2055%28%EC%8B%A0%EB%AC%B8%EB%A1%9C2%EA%B0%80%29
종로구	신문로2가	북한지	서울특별시 종로구 새문안로 55(신문로2가)	유형문화유산	37.5729503	126.9793579	https://map.naver.com/p/search/%EB%B6%81%ED%95%9C%EC%A7%80%20%EC%84%9C%EC%9A%B8%ED%8A%B9%EB%B3%84%EC%8B%9C%20%EC%A2%85%EB%A1%9C%EA%B5%AC%20%EC%83%88%EB%AC%B8%EC%95%88%EB%A1%9C%2055%28%EC%8B%A0%EB%AC%B8%EB%A1%9C2%EA%B0%80%29
중구	을지로2가	삼강행실도	서울특별시 중구 을지로 100(을지로2가)	유형문화유산	37.4996808	127.0348854	https://map.naver.com/p/search/%EC%82%BC%EA%B0%95%ED%96%89%EC%8B%A4%EB%8F%84%20%EC%84%9C%EC%9A%B8%ED%8A%B9%EB%B3%84%EC%8B%9C%20%EC%A4%91%EA%B5%AC%20%EC%9D%84%EC%A7%80%EB%A1%9C%20100%28%EC%9D%84%EC%A7%80%EB%A1%9C2%EA%B0%80%29
노원구	공릉동	수문장계회도	서울특별시 노원구 화랑로 574(공릉동)	유형문화유산	37.621141	127.083263	https://map.naver.com/p/search/%EC%88%98%EB%AC%B8%EC%9E%A5%EA%B3%84%ED%9A%8C%EB%8F%84%20%EC%84%9C%EC%9A%B8%ED%8A%B9%EB%B3%84%EC%8B%9C%20%EB%85%B8%EC%9B%90%EA%B5%AC%20%ED%99%94%EB%9E%91%EB%A1%9C%20574%28%EA%B3%B5%EB%A6%89%EB%8F%99%29
노원구	공릉동	장양공정토시전부호도	서울특별시 노원구 화랑로 574(공릉동)	유형문화유산	37.624551	127.082344	https://map.naver.com/p/search/%EC%9E%A5%EC%96%91%EA%B3%B5%EC%A0%95%ED%86%A0%EC%8B%9C%EC%A0%84%EB%B6%80%ED%98%B8%EB%8F%84%20%EC%84%9C%EC%9A%B8%ED%8A%B9%EB%B3%84%EC%8B%9C%20%EB%85%B8%EC%9B%90%EA%B5%AC%20%ED%99%94%EB%9E%91%EB%A1%9C%20574%28%EA%B3%B5%EB%A6%89%EB%8F%99%29
서대문구	신촌동	대사례도	서울특별시 서대문구 연세로 50(신촌동)	유형문화유산	37.5791158	126.9367789	https://map.naver.com/p/search/%EB%8C%80%EC%82%AC%EB%A1%80%EB%8F%84%20%EC%84%9C%EC%9A%B8%ED%8A%B9%EB%B3%84%EC%8B%9C%20%EC%84%9C%EB%8C%80%EB%AC%B8%EA%B5%AC%20%EC%97%B0%EC%84%B8%EB%A1%9C%2050%28%EC%8B%A0%EC%B4%8C%EB%8F%99%29
서대문구	신촌동	신축진연도병	서울특별시 서대문구 연세로 50(신촌동)	유형문화유산	37.5791158	126.9367789	https://map.naver.com/p/search/%EC%8B%A0%EC%B6%95%EC%A7%84%EC%97%B0%EB%8F%84%EB%B3%91%20%EC%84%9C%EC%9A%B8%ED%8A%B9%EB%B3%84%EC%8B%9C%20%EC%84%9C%EB%8C%80%EB%AC%B8%EA%B5%AC%20%EC%97%B0%EC%84%B8%EB%A1%9C%2050%28%EC%8B%A0%EC%B4%8C%EB%8F%99%29
성북구	안암동5가	왕세자입학도첩	서울특별시 성북구 안암로 145(안암동5가)	유형문화유산	37.5858384	127.0213534	https://map.naver.com/p/search/%EC%99%95%EC%84%B8%EC%9E%90%EC%9E%85%ED%95%99%EB%8F%84%EC%B2%A9%20%EC%84%9C%EC%9A%B8%ED%8A%B9%EB%B3%84%EC%8B%9C%20%EC%84%B1%EB%B6%81%EA%B5%AC%20%EC%95%88%EC%95%94%EB%A1%9C%20145%28%EC%95%88%EC%95%94%EB%8F%995%EA%B0%80%29
성북구	안암동5가	계미동경소진첩	서울특별시 성북구 안암로 145(안암동5가)	유형문화유산	37.5858384	127.0213534	https://map.naver.com/p/search/%EA%B3%84%EB%AF%B8%EB%8F%99%EA%B2%BD%EC%86%8C%EC%A7%84%EC%B2%A9%20%EC%84%9C%EC%9A%B8%ED%8A%B9%EB%B3%84%EC%8B%9C%20%EC%84%B1%EB%B6%81%EA%B5%AC%20%EC%95%88%EC%95%94%EB%A1%9C%20145%28%EC%95%88%EC%95%94%EB%8F%995%EA%B0%80%29
성북구	안암동5가	괴원성회록	서울특별시 성북구 안암로 145(안암동5가)	유형문화유산	37.5858384	127.0213534	https://map.naver.com/p/search/%EA%B4%B4%EC%9B%90%EC%84%B1%ED%9A%8C%EB%A1%9D%20%EC%84%9C%EC%9A%B8%ED%8A%B9%EB%B3%84%EC%8B%9C%20%EC%84%B1%EB%B6%81%EA%B5%AC%20%EC%95%88%EC%95%94%EB%A1%9C%20145%28%EC%95%88%EC%95%94%EB%8F%995%EA%B0%80%29
용산구	용산동6가	해동제국기	서울특별시 용산구 서빙고로 139(용산동6가)	유형문화유산	37.5039042	127.0116069	https://map.naver.com/p/search/%ED%95%B4%EB%8F%99%EC%A0%9C%EA%B5%AD%EA%B8%B0%20%EC%84%9C%EC%9A%B8%ED%8A%B9%EB%B3%84%EC%8B%9C%20%EC%9A%A9%EC%82%B0%EA%B5%AC%20%EC%84%9C%EB%B9%99%EA%B3%A0%EB%A1%9C%20139%28%EC%9A%A9%EC%82%B0%EB%8F%996%EA%B0%80%29
서대문구	신촌동	백자청화영빈이씨 묘지?명기 및 석함	서울특별시 서대문구 연세로 50(신촌동)	유형문화유산	37.5791158	126.9367789	https://map.naver.com/p/search/%EB%B0%B1%EC%9E%90%EC%B2%AD%ED%99%94%EC%98%81%EB%B9%88%EC%9D%B4%EC%94%A8%20%EB%AC%98%EC%A7%80%3F%EB%AA%85%EA%B8%B0%20%EB%B0%8F%20%EC%84%9D%ED%95%A8%20%EC%84%9C%EC%9A%B8%ED%8A%B9%EB%B3%84%EC%8B%9C%20%EC%84%9C%EB%8C%80%EB%AC%B8%EA%B5%AC%20%EC%97%B0%EC%84%B8%EB%A1%9C%2050%28%EC%8B%A0%EC%B4%8C%EB%8F%99%29
종로구	신문로2가	백자‘동묘치성병’명병	서울특별시 종로구 새문안로 55 (신문로2가)	유형문화유산	37.570143	126.970438	https://map.naver.com/p/search/%EB%B0%B1%EC%9E%90%E2%80%98%EB%8F%99%EB%AC%98%EC%B9%98%EC%84%B1%EB%B3%91%E2%80%99%EB%AA%85%EB%B3%91%20%EC%84%9C%EC%9A%B8%ED%8A%B9%EB%B3%84%EC%8B%9C%20%EC%A2%85%EB%A1%9C%EA%B5%AC%20%EC%83%88%EB%AC%B8%EC%95%88%EB%A1%9C%2055%20%28%EC%8B%A0%EB%AC%B8%EB%A1%9C2%EA%B0%80%29
종로구	평창동	윤산군이탁 백자음각묘지	서울특별시 종로구 평창8길 3(평창동)	유형문화유산	37.604699	126.965926	https://map.naver.com/p/search/%EC%9C%A4%EC%82%B0%EA%B5%B0%EC%9D%B4%ED%83%81%20%EB%B0%B1%EC%9E%90%EC%9D%8C%EA%B0%81%EB%AC%98%EC%A7%80%20%EC%84%9C%EC%9A%B8%ED%8A%B9%EB%B3%84%EC%8B%9C%20%EC%A2%85%EB%A1%9C%EA%B5%AC%20%ED%8F%89%EC%B0%BD8%EA%B8%B8%203%28%ED%8F%89%EC%B0%BD%EB%8F%99%29
종로구	신문로2가	백자청화산수문호	서울특별시 종로구 새문안로 55(신문로2가)	유형문화유산	37.570143	126.970438	https://map.naver.com/p/search/%EB%B0%B1%EC%9E%90%EC%B2%AD%ED%99%94%EC%82%B0%EC%88%98%EB%AC%B8%ED%98%B8%20%EC%84%9C%EC%9A%B8%ED%8A%B9%EB%B3%84%EC%8B%9C%20%EC%A2%85%EB%A1%9C%EA%B5%AC%20%EC%83%88%EB%AC%B8%EC%95%88%EB%A1%9C%2055%28%EC%8B%A0%EB%AC%B8%EB%A1%9C2%EA%B0%80%29
은평구	진관동	진관동 석 보살입상	서울특별시 은평구 진관동 산 100-35	유형문화유산	37.639571	126.915578	https://map.naver.com/p/search/%EC%A7%84%EA%B4%80%EB%8F%99%20%EC%84%9D%20%EB%B3%B4%EC%82%B4%EC%9E%85%EC%83%81%20%EC%84%9C%EC%9A%B8%ED%8A%B9%EB%B3%84%EC%8B%9C%20%EC%9D%80%ED%8F%89%EA%B5%AC%20%EC%A7%84%EA%B4%80%EB%8F%99%20%EC%82%B0%20100-35
종로구	신문로2가	홍재전서	서울특별시 종로구 새문안로 55(신문로2가)	유형문화유산	37.570143	126.970438	https://map.naver.com/p/search/%ED%99%8D%EC%9E%AC%EC%A0%84%EC%84%9C%20%EC%84%9C%EC%9A%B8%ED%8A%B9%EB%B3%84%EC%8B%9C%20%EC%A2%85%EB%A1%9C%EA%B5%AC%20%EC%83%88%EB%AC%B8%EC%95%88%EB%A1%9C%2055%28%EC%8B%A0%EB%AC%B8%EB%A1%9C2%EA%B0%80%29
종로구	신문로2가	인천안목 권상	서울특별시 종로구 새문안로 55(신문로2가)	유형문화유산	37.570143	126.970438	https://map.naver.com/p/search/%EC%9D%B8%EC%B2%9C%EC%95%88%EB%AA%A9%20%EA%B6%8C%EC%83%81%20%EC%84%9C%EC%9A%B8%ED%8A%B9%EB%B3%84%EC%8B%9C%20%EC%A2%85%EB%A1%9C%EA%B5%AC%20%EC%83%88%EB%AC%B8%EC%95%88%EB%A1%9C%2055%28%EC%8B%A0%EB%AC%B8%EB%A1%9C2%EA%B0%80%29
종로구	신문로2가	수륙무차평등재의촬요	서울특별시 종로구 새문안로 55(신문로2가)	유형문화유산	37.570143	126.970438	https://map.naver.com/p/search/%EC%88%98%EB%A5%99%EB%AC%B4%EC%B0%A8%ED%8F%89%EB%93%B1%EC%9E%AC%EC%9D%98%EC%B4%AC%EC%9A%94%20%EC%84%9C%EC%9A%B8%ED%8A%B9%EB%B3%84%EC%8B%9C%20%EC%A2%85%EB%A1%9C%EA%B5%AC%20%EC%83%88%EB%AC%B8%EC%95%88%EB%A1%9C%2055%28%EC%8B%A0%EB%AC%B8%EB%A1%9C2%EA%B0%80%29
종로구	구기동	선종유심결 등 합철	서울특별시 종로구 진흥로22나길 77(구기동)	유형문화유산	37.532691	127.030522	https://map.naver.com/p/search/%EC%84%A0%EC%A2%85%EC%9C%A0%EC%8B%AC%EA%B2%B0%20%EB%93%B1%20%ED%95%A9%EC%B2%A0%20%EC%84%9C%EC%9A%B8%ED%8A%B9%EB%B3%84%EC%8B%9C%20%EC%A2%85%EB%A1%9C%EA%B5%AC%20%EC%A7%84%ED%9D%A5%EB%A1%9C22%EB%82%98%EA%B8%B8%2077%28%EA%B5%AC%EA%B8%B0%EB%8F%99%29
중랑구	묵동	법장사 아미타괘불도 및 복장유물	서울특별시 중랑구 숙선옹주로 69(묵동)	유형문화유산	37.616438	127.08263	https://map.naver.com/p/search/%EB%B2%95%EC%9E%A5%EC%82%AC%20%EC%95%84%EB%AF%B8%ED%83%80%EA%B4%98%EB%B6%88%EB%8F%84%20%EB%B0%8F%20%EB%B3%B5%EC%9E%A5%EC%9C%A0%EB%AC%BC%20%EC%84%9C%EC%9A%B8%ED%8A%B9%EB%B3%84%EC%8B%9C%20%EC%A4%91%EB%9E%91%EA%B5%AC%20%EC%88%99%EC%84%A0%EC%98%B9%EC%A3%BC%EB%A1%9C%2069%28%EB%AC%B5%EB%8F%99%29
관악구	남현동	관음사 석조보살좌상	서울특별시 관악구 승방1길 109-80(남현동) 관음사	유형문화유산	37.467696	126.976531	https://map.naver.com/p/search/%EA%B4%80%EC%9D%8C%EC%82%AC%20%EC%84%9D%EC%A1%B0%EB%B3%B4%EC%82%B4%EC%A2%8C%EC%83%81%20%EC%84%9C%EC%9A%B8%ED%8A%B9%EB%B3%84%EC%8B%9C%20%EA%B4%80%EC%95%85%EA%B5%AC%20%EC%8A%B9%EB%B0%A91%EA%B8%B8%20109-80%28%EB%82%A8%ED%98%84%EB%8F%99%29%20%EA%B4%80%EC%9D%8C%EC%82%AC
노원구	중계동	예념미타도량참법 권1~10	서울특별시 노원구 덕릉로94길 127(중계동)	유형문화유산	37.661842	127.085183	https://map.naver.com/p/search/%EC%98%88%EB%85%90%EB%AF%B8%ED%83%80%EB%8F%84%EB%9F%89%EC%B0%B8%EB%B2%95%20%EA%B6%8C1~10%20%EC%84%9C%EC%9A%B8%ED%8A%B9%EB%B3%84%EC%8B%9C%20%EB%85%B8%EC%9B%90%EA%B5%AC%20%EB%8D%95%EB%A6%89%EB%A1%9C94%EA%B8%B8%20127%28%EC%A4%91%EA%B3%84%EB%8F%99%29
은평구	진관동	수륙무차평등재의촬요	서울특별시 은평구 진관길 73(진관동)	유형문화유산	37.637876	126.946534	https://map.naver.com/p/search/%EC%88%98%EB%A5%99%EB%AC%B4%EC%B0%A8%ED%8F%89%EB%93%B1%EC%9E%AC%EC%9D%98%EC%B4%AC%EC%9A%94%20%EC%84%9C%EC%9A%B8%ED%8A%B9%EB%B3%84%EC%8B%9C%20%EC%9D%80%ED%8F%89%EA%B5%AC%20%EC%A7%84%EA%B4%80%EA%B8%B8%2073%28%EC%A7%84%EA%B4%80%EB%8F%99%29
서대문구	창천동	고봉화상선요	서울특별시 서대문구 신촌로7길 30(창천동)	유형문화유산	37.557933	126.932369	https://map.naver.com/p/search/%EA%B3%A0%EB%B4%89%ED%99%94%EC%83%81%EC%84%A0%EC%9A%94%20%EC%84%9C%EC%9A%B8%ED%8A%B9%EB%B3%84%EC%8B%9C%20%EC%84%9C%EB%8C%80%EB%AC%B8%EA%B5%AC%20%EC%8B%A0%EC%B4%8C%EB%A1%9C7%EA%B8%B8%2030%28%EC%B0%BD%EC%B2%9C%EB%8F%99%29
서대문구	창천동	치문경훈 권하	서울특별시 서대문구 신촌로7길 30(창천동) 성룡사/[기탁보관]불교천태중앙박물관(충북 단양군)	유형문화유산	37.579225	126.9368	https://map.naver.com/p/search/%EC%B9%98%EB%AC%B8%EA%B2%BD%ED%9B%88%20%EA%B6%8C%ED%95%98%20%EC%84%9C%EC%9A%B8%ED%8A%B9%EB%B3%84%EC%8B%9C%20%EC%84%9C%EB%8C%80%EB%AC%B8%EA%B5%AC%20%EC%8B%A0%EC%B4%8C%EB%A1%9C7%EA%B8%B8%2030%28%EC%B0%BD%EC%B2%9C%EB%8F%99%29%20%EC%84%B1%EB%A3%A1%EC%82%AC/%5B%EA%B8%B0%ED%83%81%EB%B3%B4%EA%B4%80%5D%EB%B6%88%EA%B5%90%EC%B2%9C%ED%83%9C%EC%A4%91%EC%95%99%EB%B0%95%EB%AC%BC%EA%B4%80%28%EC%B6%A9%EB%B6%81%20%EB%8B%A8%EC%96%91%EA%B5%B0%29
종로구	숭인동	정업원 터	서울 종로구 숭인동 산3번지	유형문화유산	37.5796827494	127.016469402	https://map.naver.com/p/search/%EC%A0%95%EC%97%85%EC%9B%90%20%ED%84%B0%20%EC%84%9C%EC%9A%B8%20%EC%A2%85%EB%A1%9C%EA%B5%AC%20%EC%88%AD%EC%9D%B8%EB%8F%99%20%EC%82%B03%EB%B2%88%EC%A7%80
관악구	남현동	효민공 이경직 묘역	서울특별시 관악구 남현동 산 57-48	유형문화유산	37.4706132673	126.975376017	https://map.naver.com/p/search/%ED%9A%A8%EB%AF%BC%EA%B3%B5%20%EC%9D%B4%EA%B2%BD%EC%A7%81%20%EB%AC%98%EC%97%AD%20%EC%84%9C%EC%9A%B8%ED%8A%B9%EB%B3%84%EC%8B%9C%20%EA%B4%80%EC%95%85%EA%B5%AC%20%EB%82%A8%ED%98%84%EB%8F%99%20%EC%82%B0%2057-48
도봉구	도봉동	전주 이씨 영해군파 묘역	서울특별시 도봉구 도봉로169라길 111-10(도봉동)	유형문화유산	37.6783203716	127.026751587	https://map.naver.com/p/search/%EC%A0%84%EC%A3%BC%20%EC%9D%B4%EC%94%A8%20%EC%98%81%ED%95%B4%EA%B5%B0%ED%8C%8C%20%EB%AC%98%EC%97%AD%20%EC%84%9C%EC%9A%B8%ED%8A%B9%EB%B3%84%EC%8B%9C%20%EB%8F%84%EB%B4%89%EA%B5%AC%20%EB%8F%84%EB%B4%89%EB%A1%9C169%EB%9D%BC%EA%B8%B8%20111-10%28%EB%8F%84%EB%B4%89%EB%8F%99%29
종로구		태종왕지(1402. 1409년) 윤림분	서울특별시 종로구 효자로 12(세종로)	유형문화유산	37.576668	126.974922	https://map.naver.com/p/search/%ED%83%9C%EC%A2%85%EC%99%95%EC%A7%80%281402.%201409%EB%85%84%29%20%EC%9C%A4%EB%A6%BC%EB%B6%84%20%EC%84%9C%EC%9A%B8%ED%8A%B9%EB%B3%84%EC%8B%9C%20%EC%A2%85%EB%A1%9C%EA%B5%AC%20%ED%9A%A8%EC%9E%90%EB%A1%9C%2012%28%EC%84%B8%EC%A2%85%EB%A1%9C%29
서초구	반포동	조아통상조약(한문, 아문)	서울특별시 서초구 반포대로 201(반포동)	유형문화유산	37.4973544	127.0033766	https://map.naver.com/p/search/%EC%A1%B0%EC%95%84%ED%86%B5%EC%83%81%EC%A1%B0%EC%95%BD%28%ED%95%9C%EB%AC%B8%2C%20%EC%95%84%EB%AC%B8%29%20%EC%84%9C%EC%9A%B8%ED%8A%B9%EB%B3%84%EC%8B%9C%20%EC%84%9C%EC%B4%88%EA%B5%AC%20%EB%B0%98%ED%8F%AC%EB%8C%80%EB%A1%9C%20201%28%EB%B0%98%ED%8F%AC%EB%8F%99%29
서초구	반포동	조영통상조약(영문)	서울특별시 서초구 반포대로 201(반포동)	유형문화유산	37.4973544	127.0033766	https://map.naver.com/p/search/%EC%A1%B0%EC%98%81%ED%86%B5%EC%83%81%EC%A1%B0%EC%95%BD%28%EC%98%81%EB%AC%B8%29%20%EC%84%9C%EC%9A%B8%ED%8A%B9%EB%B3%84%EC%8B%9C%20%EC%84%9C%EC%B4%88%EA%B5%AC%20%EB%B0%98%ED%8F%AC%EB%8C%80%EB%A1%9C%20201%28%EB%B0%98%ED%8F%AC%EB%8F%99%29
서초구	반포동	대조선국ㆍ대덕국 통상조약(한문, 영문, 독문)	서울특별시 서초구 반포대로 201(반포동)	유형문화유산	37.49743	127.003102	https://map.naver.com/p/search/%EB%8C%80%EC%A1%B0%EC%84%A0%EA%B5%AD%E3%86%8D%EB%8C%80%EB%8D%95%EA%B5%AD%20%ED%86%B5%EC%83%81%EC%A1%B0%EC%95%BD%28%ED%95%9C%EB%AC%B8%2C%20%EC%98%81%EB%AC%B8%2C%20%EB%8F%85%EB%AC%B8%29%20%EC%84%9C%EC%9A%B8%ED%8A%B9%EB%B3%84%EC%8B%9C%20%EC%84%9C%EC%B4%88%EA%B5%AC%20%EB%B0%98%ED%8F%AC%EB%8C%80%EB%A1%9C%20201%28%EB%B0%98%ED%8F%AC%EB%8F%99%29
성북구	보문동3가	보문사 지장시왕도	서울특별시 성북구 보문사길 20(보문동3가)	유형문화유산	37.5846317	127.0160825	https://map.naver.com/p/search/%EB%B3%B4%EB%AC%B8%EC%82%AC%20%EC%A7%80%EC%9E%A5%EC%8B%9C%EC%99%95%EB%8F%84%20%EC%84%9C%EC%9A%B8%ED%8A%B9%EB%B3%84%EC%8B%9C%20%EC%84%B1%EB%B6%81%EA%B5%AC%20%EB%B3%B4%EB%AC%B8%EC%82%AC%EA%B8%B8%2020%28%EB%B3%B4%EB%AC%B8%EB%8F%993%EA%B0%80%29
용산구	청파동2가	국기복색소선 및 사절복색자장요람	서울특별시 용산구 청파로47길 100(청파동2가)	유형문화유산	37.5460994	126.9649204	https://map.naver.com/p/search/%EA%B5%AD%EA%B8%B0%EB%B3%B5%EC%83%89%EC%86%8C%EC%84%A0%20%EB%B0%8F%20%EC%82%AC%EC%A0%88%EB%B3%B5%EC%83%89%EC%9E%90%EC%9E%A5%EC%9A%94%EB%9E%8C%20%EC%84%9C%EC%9A%B8%ED%8A%B9%EB%B3%84%EC%8B%9C%20%EC%9A%A9%EC%82%B0%EA%B5%AC%20%EC%B2%AD%ED%8C%8C%EB%A1%9C47%EA%B8%B8%20100%28%EC%B2%AD%ED%8C%8C%EB%8F%992%EA%B0%80%29
종로구		오운정	서울특별시 종로구 청와대로 1(세종로)	유형문화유산	37.5862294	126.9765897	https://map.naver.com/p/search/%EC%98%A4%EC%9A%B4%EC%A0%95%20%EC%84%9C%EC%9A%B8%ED%8A%B9%EB%B3%84%EC%8B%9C%20%EC%A2%85%EB%A1%9C%EA%B5%AC%20%EC%B2%AD%EC%99%80%EB%8C%80%EB%A1%9C%201%28%EC%84%B8%EC%A2%85%EB%A1%9C%29
종로구		침류각	서울특별시 종로구 청와대로 1(세종로)	유형문화유산	37.5862294	126.9765897	https://map.naver.com/p/search/%EC%B9%A8%EB%A5%98%EA%B0%81%20%EC%84%9C%EC%9A%B8%ED%8A%B9%EB%B3%84%EC%8B%9C%20%EC%A2%85%EB%A1%9C%EA%B5%AC%20%EC%B2%AD%EC%99%80%EB%8C%80%EB%A1%9C%201%28%EC%84%B8%EC%A2%85%EB%A1%9C%29
관악구	신림동	정정공 강사상 묘역	서울특별시 관악구 신림동 산 107-2	유형문화유산	37.4659836057	126.918747223	https://map.naver.com/p/search/%EC%A0%95%EC%A0%95%EA%B3%B5%20%EA%B0%95%EC%82%AC%EC%83%81%20%EB%AC%98%EC%97%AD%20%EC%84%9C%EC%9A%B8%ED%8A%B9%EB%B3%84%EC%8B%9C%20%EA%B4%80%EC%95%85%EA%B5%AC%20%EC%8B%A0%EB%A6%BC%EB%8F%99%20%EC%82%B0%20107-2
동작구	사당동	효간공 이정영 묘역	서울특별시 동작구 사당로10길 73(사당동, 궁전빌라)	유형문화유산	37.4819617242	126.968596762	https://map.naver.com/p/search/%ED%9A%A8%EA%B0%84%EA%B3%B5%20%EC%9D%B4%EC%A0%95%EC%98%81%20%EB%AC%98%EC%97%AD%20%EC%84%9C%EC%9A%B8%ED%8A%B9%EB%B3%84%EC%8B%9C%20%EB%8F%99%EC%9E%91%EA%B5%AC%20%EC%82%AC%EB%8B%B9%EB%A1%9C10%EA%B8%B8%2073%28%EC%82%AC%EB%8B%B9%EB%8F%99%2C%20%EA%B6%81%EC%A0%84%EB%B9%8C%EB%9D%BC%29
중랑구	망우동	충익공 신경진 묘역	서울특별시 중랑구 용마공원로5길 33(망우동)	유형문화유산	37.5950490729	127.102318219	https://map.naver.com/p/search/%EC%B6%A9%EC%9D%B5%EA%B3%B5%20%EC%8B%A0%EA%B2%BD%EC%A7%84%20%EB%AC%98%EC%97%AD%20%EC%84%9C%EC%9A%B8%ED%8A%B9%EB%B3%84%EC%8B%9C%20%EC%A4%91%EB%9E%91%EA%B5%AC%20%EC%9A%A9%EB%A7%88%EA%B3%B5%EC%9B%90%EB%A1%9C5%EA%B8%B8%2033%28%EB%A7%9D%EC%9A%B0%EB%8F%99%29
강동구	강동|상암로79가|상일동	문희공 유창 묘역	서울특별시 강동구 상암로79가길 49(상일동)	유형문화유산	37.5470649393	127.169125516	https://map.naver.com/p/search/%EB%AC%B8%ED%9D%AC%EA%B3%B5%20%EC%9C%A0%EC%B0%BD%20%EB%AC%98%EC%97%AD%20%EC%84%9C%EC%9A%B8%ED%8A%B9%EB%B3%84%EC%8B%9C%20%EA%B0%95%EB%8F%99%EA%B5%AC%20%EC%83%81%EC%95%94%EB%A1%9C79%EA%B0%80%EA%B8%B8%2049%28%EC%83%81%EC%9D%BC%EB%8F%99%29
서초구	서초동	오공신회맹축	서울특별시 서초구 서리풀8길 11 (서초동, 끄레메빌) 1201호	유형문화유산	37.4898845	127.020474	https://map.naver.com/p/search/%EC%98%A4%EA%B3%B5%EC%8B%A0%ED%9A%8C%EB%A7%B9%EC%B6%95%20%EC%84%9C%EC%9A%B8%ED%8A%B9%EB%B3%84%EC%8B%9C%20%EC%84%9C%EC%B4%88%EA%B5%AC%20%EC%84%9C%EB%A6%AC%ED%92%808%EA%B8%B8%2011%20%28%EC%84%9C%EC%B4%88%EB%8F%99%2C%20%EB%81%84%EB%A0%88%EB%A9%94%EB%B9%8C%29%201201%ED%98%B8
성북구	보문동3가	보문사 석가불도	서울특별시 성북구 보문사길 20(보문동3가)	유형문화유산	37.5846317	127.0160825	https://map.naver.com/p/search/%EB%B3%B4%EB%AC%B8%EC%82%AC%20%EC%84%9D%EA%B0%80%EB%B6%88%EB%8F%84%20%EC%84%9C%EC%9A%B8%ED%8A%B9%EB%B3%84%EC%8B%9C%20%EC%84%B1%EB%B6%81%EA%B5%AC%20%EB%B3%B4%EB%AC%B8%EC%82%AC%EA%B8%B8%2020%28%EB%B3%B4%EB%AC%B8%EB%8F%993%EA%B0%80%29
성북구	보문동3가	보문사 신중도	서울특별시 성북구 보문사길 20(보문동3가)	유형문화유산	37.5846317	127.0160825	https://map.naver.com/p/search/%EB%B3%B4%EB%AC%B8%EC%82%AC%20%EC%8B%A0%EC%A4%91%EB%8F%84%20%EC%84%9C%EC%9A%B8%ED%8A%B9%EB%B3%84%EC%8B%9C%20%EC%84%B1%EB%B6%81%EA%B5%AC%20%EB%B3%B4%EB%AC%B8%EC%82%AC%EA%B8%B8%2020%28%EB%B3%B4%EB%AC%B8%EB%8F%993%EA%B0%80%29
강동구	강동|암사동	광주이씨 광릉부원군파 묘역	서울특별시 강동구 암사동 산 12-1, 12-4	유형문화유산	37.5641045503	127.144375196	https://map.naver.com/p/search/%EA%B4%91%EC%A3%BC%EC%9D%B4%EC%94%A8%20%EA%B4%91%EB%A6%89%EB%B6%80%EC%9B%90%EA%B5%B0%ED%8C%8C%20%EB%AC%98%EC%97%AD%20%EC%84%9C%EC%9A%B8%ED%8A%B9%EB%B3%84%EC%8B%9C%20%EA%B0%95%EB%8F%99%EA%B5%AC%20%EC%95%94%EC%82%AC%EB%8F%99%20%EC%82%B0%2012-1%2C%2012-4
서대문구	남가좌동	양호거사비	서울특별시 서대문구 거북골로 34(남가좌동)	유형문화유산	37.580632469	126.923431436	https://map.naver.com/p/search/%EC%96%91%ED%98%B8%EA%B1%B0%EC%82%AC%EB%B9%84%20%EC%84%9C%EC%9A%B8%ED%8A%B9%EB%B3%84%EC%8B%9C%20%EC%84%9C%EB%8C%80%EB%AC%B8%EA%B5%AC%20%EA%B1%B0%EB%B6%81%EA%B3%A8%EB%A1%9C%2034%28%EB%82%A8%EA%B0%80%EC%A2%8C%EB%8F%99%29
서초구	서초동	대성사목불좌상	서울특별시 서초구 남부순환로328길 49(서초동)	유형문화유산	37.475984	127.013466	https://map.naver.com/p/search/%EB%8C%80%EC%84%B1%EC%82%AC%EB%AA%A9%EB%B6%88%EC%A2%8C%EC%83%81%20%EC%84%9C%EC%9A%B8%ED%8A%B9%EB%B3%84%EC%8B%9C%20%EC%84%9C%EC%B4%88%EA%B5%AC%20%EB%82%A8%EB%B6%80%EC%88%9C%ED%99%98%EB%A1%9C328%EA%B8%B8%2049%28%EC%84%9C%EC%B4%88%EB%8F%99%29
서초구	원지동	원지동 석불입상 및 석탑	서울특별시 서초구 원지동 362-4번지, 362-5	유형문화유산	37.4451755139	127.05734418	https://map.naver.com/p/search/%EC%9B%90%EC%A7%80%EB%8F%99%20%EC%84%9D%EB%B6%88%EC%9E%85%EC%83%81%20%EB%B0%8F%20%EC%84%9D%ED%83%91%20%EC%84%9C%EC%9A%B8%ED%8A%B9%EB%B3%84%EC%8B%9C%20%EC%84%9C%EC%B4%88%EA%B5%AC%20%EC%9B%90%EC%A7%80%EB%8F%99%20362-4%EB%B2%88%EC%A7%80%2C%20362-5
송파구	오금동	문양군 류희림 묘역	서울특별시 송파구 오금로 363(오금동)	유형문화유산	37.501976	127.1321746	https://map.naver.com/p/search/%EB%AC%B8%EC%96%91%EA%B5%B0%20%EB%A5%98%ED%9D%AC%EB%A6%BC%20%EB%AC%98%EC%97%AD%20%EC%84%9C%EC%9A%B8%ED%8A%B9%EB%B3%84%EC%8B%9C%20%EC%86%A1%ED%8C%8C%EA%B5%AC%20%EC%98%A4%EA%B8%88%EB%A1%9C%20363%28%EC%98%A4%EA%B8%88%EB%8F%99%29
구로구	고척동	여계묘역	서울특별시 구로구 고척동 산 6-3	유형문화유산	37.507248	126.85607	https://map.naver.com/p/search/%EC%97%AC%EA%B3%84%EB%AC%98%EC%97%AD%20%EC%84%9C%EC%9A%B8%ED%8A%B9%EB%B3%84%EC%8B%9C%20%EA%B5%AC%EB%A1%9C%EA%B5%AC%20%EA%B3%A0%EC%B2%99%EB%8F%99%20%EC%82%B0%206-3
노원구	하계동|한신동	남지기로회도	서울특별시 노원구 한글비석로 151(하계동, 한신동성아파트) 4동 1005호	유형문화유산	37.58693	127.0383778	https://map.naver.com/p/search/%EB%82%A8%EC%A7%80%EA%B8%B0%EB%A1%9C%ED%9A%8C%EB%8F%84%20%EC%84%9C%EC%9A%B8%ED%8A%B9%EB%B3%84%EC%8B%9C%20%EB%85%B8%EC%9B%90%EA%B5%AC%20%ED%95%9C%EA%B8%80%EB%B9%84%EC%84%9D%EB%A1%9C%20151%28%ED%95%98%EA%B3%84%EB%8F%99%2C%20%ED%95%9C%EC%8B%A0%EB%8F%99%EC%84%B1%EC%95%84%ED%8C%8C%ED%8A%B8%29%204%EB%8F%99%201005%ED%98%B8
강남구	삼성동	봉은사 판전 현판	서울특별시 강남구 봉은사로 531(삼성동)	유형문화유산	37.5151025	127.0569288	https://map.naver.com/p/search/%EB%B4%89%EC%9D%80%EC%82%AC%20%ED%8C%90%EC%A0%84%20%ED%98%84%ED%8C%90%20%EC%84%9C%EC%9A%B8%ED%8A%B9%EB%B3%84%EC%8B%9C%20%EA%B0%95%EB%82%A8%EA%B5%AC%20%EB%B4%89%EC%9D%80%EC%82%AC%EB%A1%9C%20531%28%EC%82%BC%EC%84%B1%EB%8F%99%29
강남구	삼성동	대방광불화엄경수소연의초목판	서울특별시 강남구 봉은사로 531(삼성동)	유형문화유산	37.5151025	127.0569288	https://map.naver.com/p/search/%EB%8C%80%EB%B0%A9%EA%B4%91%EB%B6%88%ED%99%94%EC%97%84%EA%B2%BD%EC%88%98%EC%86%8C%EC%97%B0%EC%9D%98%EC%B4%88%EB%AA%A9%ED%8C%90%20%EC%84%9C%EC%9A%B8%ED%8A%B9%EB%B3%84%EC%8B%9C%20%EA%B0%95%EB%82%A8%EA%B5%AC%20%EB%B4%89%EC%9D%80%EC%82%AC%EB%A1%9C%20531%28%EC%82%BC%EC%84%B1%EB%8F%99%29
서대문구	충정로2가	김양보 호성공신록	서울특별시 서대문구 충정로9길 10-10(충정로2가)	유형문화유산	37.585107	126.9848376	https://map.naver.com/p/search/%EA%B9%80%EC%96%91%EB%B3%B4%20%ED%98%B8%EC%84%B1%EA%B3%B5%EC%8B%A0%EB%A1%9D%20%EC%84%9C%EC%9A%B8%ED%8A%B9%EB%B3%84%EC%8B%9C%20%EC%84%9C%EB%8C%80%EB%AC%B8%EA%B5%AC%20%EC%B6%A9%EC%A0%95%EB%A1%9C9%EA%B8%B8%2010-10%28%EC%B6%A9%EC%A0%95%EB%A1%9C2%EA%B0%80%29
서대문구	충정로2가	상설고문진보대전	서울특별시 서대문구 충정로9길 10-10(충정로2가)	유형문화유산	37.585107	126.9848376	https://map.naver.com/p/search/%EC%83%81%EC%84%A4%EA%B3%A0%EB%AC%B8%EC%A7%84%EB%B3%B4%EB%8C%80%EC%A0%84%20%EC%84%9C%EC%9A%B8%ED%8A%B9%EB%B3%84%EC%8B%9C%20%EC%84%9C%EB%8C%80%EB%AC%B8%EA%B5%AC%20%EC%B6%A9%EC%A0%95%EB%A1%9C9%EA%B8%B8%2010-10%28%EC%B6%A9%EC%A0%95%EB%A1%9C2%EA%B0%80%29
동작구	동작동	지장사 철불좌상	서울특별시 동작구 현충로 210(동작동)	유형문화유산	37.5056622	126.9724425	https://map.naver.com/p/search/%EC%A7%80%EC%9E%A5%EC%82%AC%20%EC%B2%A0%EB%B6%88%EC%A2%8C%EC%83%81%20%EC%84%9C%EC%9A%B8%ED%8A%B9%EB%B3%84%EC%8B%9C%20%EB%8F%99%EC%9E%91%EA%B5%AC%20%ED%98%84%EC%B6%A9%EB%A1%9C%20210%28%EB%8F%99%EC%9E%91%EB%8F%99%29
강남구	삼성동	홍무25년장흥사명 동종	서울특별시 강남구 봉은사로 531(삼성동)	유형문화유산	37.5151025	127.0569288	https://map.naver.com/p/search/%ED%99%8D%EB%AC%B425%EB%85%84%EC%9E%A5%ED%9D%A5%EC%82%AC%EB%AA%85%20%EB%8F%99%EC%A2%85%20%EC%84%9C%EC%9A%B8%ED%8A%B9%EB%B3%84%EC%8B%9C%20%EA%B0%95%EB%82%A8%EA%B5%AC%20%EB%B4%89%EC%9D%80%EC%82%AC%EB%A1%9C%20531%28%EC%82%BC%EC%84%B1%EB%8F%99%29
강서구	방화동	풍산 심씨 문정공파 묘역	서울 강서구 방화동 463-10, 463-13, 855, 산153-3	유형문화유산	37.5803690692	126.808708284	https://map.naver.com/p/search/%ED%92%8D%EC%82%B0%20%EC%8B%AC%EC%94%A8%20%EB%AC%B8%EC%A0%95%EA%B3%B5%ED%8C%8C%20%EB%AC%98%EC%97%AD%20%EC%84%9C%EC%9A%B8%20%EA%B0%95%EC%84%9C%EA%B5%AC%20%EB%B0%A9%ED%99%94%EB%8F%99%20463-10%2C%20463-13%2C%20855%2C%20%EC%82%B0153-3
송파구	오금동	신선경과 류인호 묘역	서울특별시 송파구 오금로 363(오금동)	유형문화유산	37.5010800561	127.130765156	https://map.naver.com/p/search/%EC%8B%A0%EC%84%A0%EA%B2%BD%EA%B3%BC%20%EB%A5%98%EC%9D%B8%ED%98%B8%20%EB%AC%98%EC%97%AD%20%EC%84%9C%EC%9A%B8%ED%8A%B9%EB%B3%84%EC%8B%9C%20%EC%86%A1%ED%8C%8C%EA%B5%AC%20%EC%98%A4%EA%B8%88%EB%A1%9C%20363%28%EC%98%A4%EA%B8%88%EB%8F%99%29
성동구	성동|성수동1가	뚝도수원지 제1정수장	서울특별시 성동구 왕십리로 27(성수동1가)	유형문화유산	37.5391525761	127.042795678	https://map.naver.com/p/search/%EB%9A%9D%EB%8F%84%EC%88%98%EC%9B%90%EC%A7%80%20%EC%A0%9C1%EC%A0%95%EC%88%98%EC%9E%A5%20%EC%84%9C%EC%9A%B8%ED%8A%B9%EB%B3%84%EC%8B%9C%20%EC%84%B1%EB%8F%99%EA%B5%AC%20%EC%99%95%EC%8B%AD%EB%A6%AC%EB%A1%9C%2027%28%EC%84%B1%EC%88%98%EB%8F%991%EA%B0%80%29
종로구	종로2가	탑골공원 팔각정	서울특별시 종로구 종로 99(종로2가)	유형문화유산	37.5713071991	126.98828626	https://map.naver.com/p/search/%ED%83%91%EA%B3%A8%EA%B3%B5%EC%9B%90%20%ED%8C%94%EA%B0%81%EC%A0%95%20%EC%84%9C%EC%9A%B8%ED%8A%B9%EB%B3%84%EC%8B%9C%20%EC%A2%85%EB%A1%9C%EA%B5%AC%20%EC%A2%85%EB%A1%9C%2099%28%EC%A2%85%EB%A1%9C2%EA%B0%80%29
금천구	시흥동	순흥안씨 양도공파 묘역	서울특별시 금천구 독산로36나길 63(시흥동)	유형문화유산	37.4581287915	126.908884539	https://map.naver.com/p/search/%EC%88%9C%ED%9D%A5%EC%95%88%EC%94%A8%20%EC%96%91%EB%8F%84%EA%B3%B5%ED%8C%8C%20%EB%AC%98%EC%97%AD%20%EC%84%9C%EC%9A%B8%ED%8A%B9%EB%B3%84%EC%8B%9C%20%EA%B8%88%EC%B2%9C%EA%B5%AC%20%EB%8F%85%EC%82%B0%EB%A1%9C36%EB%82%98%EA%B8%B8%2063%28%EC%8B%9C%ED%9D%A5%EB%8F%99%29
성북구	돈암동	흥천사 명부전	서울특별시 성북구 흥천사길 29(돈암동)	유형문화유산	37.5982282655	127.008842606	https://map.naver.com/p/search/%ED%9D%A5%EC%B2%9C%EC%82%AC%20%EB%AA%85%EB%B6%80%EC%A0%84%20%EC%84%9C%EC%9A%B8%ED%8A%B9%EB%B3%84%EC%8B%9C%20%EC%84%B1%EB%B6%81%EA%B5%AC%20%ED%9D%A5%EC%B2%9C%EC%82%AC%EA%B8%B8%2029%28%EB%8F%88%EC%95%94%EB%8F%99%29
노원구	중계동	충숙이공 영정	서울특별시 노원구 중계로 57(중계동)	유형문화유산	37.6410845	127.0797641	https://map.naver.com/p/search/%EC%B6%A9%EC%88%99%EC%9D%B4%EA%B3%B5%20%EC%98%81%EC%A0%95%20%EC%84%9C%EC%9A%B8%ED%8A%B9%EB%B3%84%EC%8B%9C%20%EB%85%B8%EC%9B%90%EA%B5%AC%20%EC%A4%91%EA%B3%84%EB%A1%9C%2057%28%EC%A4%91%EA%B3%84%EB%8F%99%29
노원구	중계동	충숙공 이상길 묘역	서울특별시 노원구 중계로 57(중계동)	유형문화유산	37.6401514907	127.077052628	https://map.naver.com/p/search/%EC%B6%A9%EC%88%99%EA%B3%B5%20%EC%9D%B4%EC%83%81%EA%B8%B8%20%EB%AC%98%EC%97%AD%20%EC%84%9C%EC%9A%B8%ED%8A%B9%EB%B3%84%EC%8B%9C%20%EB%85%B8%EC%9B%90%EA%B5%AC%20%EC%A4%91%EA%B3%84%EB%A1%9C%2057%28%EC%A4%91%EA%B3%84%EB%8F%99%29
중구	충무로1가	옛 제일은행 본점	서울특별시 중구 남대문로 42(충무로1가)	유형문화유산	37.5610359716	126.980500855	https://map.naver.com/p/search/%EC%98%9B%20%EC%A0%9C%EC%9D%BC%EC%9D%80%ED%96%89%20%EB%B3%B8%EC%A0%90%20%EC%84%9C%EC%9A%B8%ED%8A%B9%EB%B3%84%EC%8B%9C%20%EC%A4%91%EA%B5%AC%20%EB%82%A8%EB%8C%80%EB%AC%B8%EB%A1%9C%2042%28%EC%B6%A9%EB%AC%B4%EB%A1%9C1%EA%B0%80%29
강남구	삼성동	봉은사 선불당	서울특별시 강남구 봉은사로 531(삼성동)	유형문화유산	37.5155093091	127.057705156	https://map.naver.com/p/search/%EB%B4%89%EC%9D%80%EC%82%AC%20%EC%84%A0%EB%B6%88%EB%8B%B9%20%EC%84%9C%EC%9A%B8%ED%8A%B9%EB%B3%84%EC%8B%9C%20%EA%B0%95%EB%82%A8%EA%B5%AC%20%EB%B4%89%EC%9D%80%EC%82%AC%EB%A1%9C%20531%28%EC%82%BC%EC%84%B1%EB%8F%99%29
종로구	사직동	황학정	서울특별시 종로구 사직로9길 15-32(사직동)	유형문화유산	37.5775136622	126.964001197	https://map.naver.com/p/search/%ED%99%A9%ED%95%99%EC%A0%95%20%EC%84%9C%EC%9A%B8%ED%8A%B9%EB%B3%84%EC%8B%9C%20%EC%A2%85%EB%A1%9C%EA%B5%AC%20%EC%82%AC%EC%A7%81%EB%A1%9C9%EA%B8%B8%2015-32%28%EC%82%AC%EC%A7%81%EB%8F%99%29
광진구	능동	순명비 유강원 석물	서울특별시 광진구 능동로 216(능동)	유형문화유산	37.5487297904	127.077829813	https://map.naver.com/p/search/%EC%88%9C%EB%AA%85%EB%B9%84%20%EC%9C%A0%EA%B0%95%EC%9B%90%20%EC%84%9D%EB%AC%BC%20%EC%84%9C%EC%9A%B8%ED%8A%B9%EB%B3%84%EC%8B%9C%20%EA%B4%91%EC%A7%84%EA%B5%AC%20%EB%8A%A5%EB%8F%99%EB%A1%9C%20216%28%EB%8A%A5%EB%8F%99%29
영등포구	신길동	조선 이흠례 묘지	서울특별시 영등포구 여의대방로47길 27(신길동)	유형문화유산	37.5087467	126.9209377	https://map.naver.com/p/search/%EC%A1%B0%EC%84%A0%20%EC%9D%B4%ED%9D%A0%EB%A1%80%20%EB%AC%98%EC%A7%80%20%EC%84%9C%EC%9A%B8%ED%8A%B9%EB%B3%84%EC%8B%9C%20%EC%98%81%EB%93%B1%ED%8F%AC%EA%B5%AC%20%EC%97%AC%EC%9D%98%EB%8C%80%EB%B0%A9%EB%A1%9C47%EA%B8%B8%2027%28%EC%8B%A0%EA%B8%B8%EB%8F%99%29
강북구	수유동	본원정사 목 보살좌상(지장보살)	서울특별시 강북구 삼각산로 1(수유동)	유형문화유산	37.6373603	127.0051371	https://map.naver.com/p/search/%EB%B3%B8%EC%9B%90%EC%A0%95%EC%82%AC%20%EB%AA%A9%20%EB%B3%B4%EC%82%B4%EC%A2%8C%EC%83%81%28%EC%A7%80%EC%9E%A5%EB%B3%B4%EC%82%B4%29%20%EC%84%9C%EC%9A%B8%ED%8A%B9%EB%B3%84%EC%8B%9C%20%EA%B0%95%EB%B6%81%EA%B5%AC%20%EC%82%BC%EA%B0%81%EC%82%B0%EB%A1%9C%201%28%EC%88%98%EC%9C%A0%EB%8F%99%29
종로구	신문로2가	십장생도	서울특별시 종로구 새문안로 55(신문로2가)	유형문화유산	37.5707155	126.9688196	https://map.naver.com/p/search/%EC%8B%AD%EC%9E%A5%EC%83%9D%EB%8F%84%20%EC%84%9C%EC%9A%B8%ED%8A%B9%EB%B3%84%EC%8B%9C%20%EC%A2%85%EB%A1%9C%EA%B5%AC%20%EC%83%88%EB%AC%B8%EC%95%88%EB%A1%9C%2055%28%EC%8B%A0%EB%AC%B8%EB%A1%9C2%EA%B0%80%29
종로구	신문로2가	친림광화문내근정전정시시도	서울특별시 종로구 새문안로 55(신문로2가)	유형문화유산	37.5707155	126.9688196	https://map.naver.com/p/search/%EC%B9%9C%EB%A6%BC%EA%B4%91%ED%99%94%EB%AC%B8%EB%82%B4%EA%B7%BC%EC%A0%95%EC%A0%84%EC%A0%95%EC%8B%9C%EC%8B%9C%EB%8F%84%20%EC%84%9C%EC%9A%B8%ED%8A%B9%EB%B3%84%EC%8B%9C%20%EC%A2%85%EB%A1%9C%EA%B5%AC%20%EC%83%88%EB%AC%B8%EC%95%88%EB%A1%9C%2055%28%EC%8B%A0%EB%AC%B8%EB%A1%9C2%EA%B0%80%29
종로구	신문로2가	삼국지연의도	서울특별시 종로구 새문안로 55(신문로2가)	유형문화유산	37.5707155	126.9688196	https://map.naver.com/p/search/%EC%82%BC%EA%B5%AD%EC%A7%80%EC%97%B0%EC%9D%98%EB%8F%84%20%EC%84%9C%EC%9A%B8%ED%8A%B9%EB%B3%84%EC%8B%9C%20%EC%A2%85%EB%A1%9C%EA%B5%AC%20%EC%83%88%EB%AC%B8%EC%95%88%EB%A1%9C%2055%28%EC%8B%A0%EB%AC%B8%EB%A1%9C2%EA%B0%80%29
종로구	신문로2가	흥선대원군 이하응필 묵란도	서울특별시 종로구 새문안로 55(신문로2가)	유형문화유산	37.5707155	126.9688196	https://map.naver.com/p/search/%ED%9D%A5%EC%84%A0%EB%8C%80%EC%9B%90%EA%B5%B0%20%EC%9D%B4%ED%95%98%EC%9D%91%ED%95%84%20%EB%AC%B5%EB%9E%80%EB%8F%84%20%EC%84%9C%EC%9A%B8%ED%8A%B9%EB%B3%84%EC%8B%9C%20%EC%A2%85%EB%A1%9C%EA%B5%AC%20%EC%83%88%EB%AC%B8%EC%95%88%EB%A1%9C%2055%28%EC%8B%A0%EB%AC%B8%EB%A1%9C2%EA%B0%80%29
은평구	진관동	진관사 소 삼존불상(석가불,미륵보살,제화갈라보살)	서울특별시 은평구 진관길 73(진관동)	유형문화유산	37.6497956	126.9365172	https://map.naver.com/p/search/%EC%A7%84%EA%B4%80%EC%82%AC%20%EC%86%8C%20%EC%82%BC%EC%A1%B4%EB%B6%88%EC%83%81%28%EC%84%9D%EA%B0%80%EB%B6%88%2C%EB%AF%B8%EB%A5%B5%EB%B3%B4%EC%82%B4%2C%EC%A0%9C%ED%99%94%EA%B0%88%EB%9D%BC%EB%B3%B4%EC%82%B4%29%20%EC%84%9C%EC%9A%B8%ED%8A%B9%EB%B3%84%EC%8B%9C%20%EC%9D%80%ED%8F%89%EA%B5%AC%20%EC%A7%84%EA%B4%80%EA%B8%B8%2073%28%EC%A7%84%EA%B4%80%EB%8F%99%29
은평구	진관동	진관사 소 십육나한상	서울특별시 은평구 진관길 73(진관동)	유형문화유산	37.6497956	126.9365172	https://map.naver.com/p/search/%EC%A7%84%EA%B4%80%EC%82%AC%20%EC%86%8C%20%EC%8B%AD%EC%9C%A1%EB%82%98%ED%95%9C%EC%83%81%20%EC%84%9C%EC%9A%B8%ED%8A%B9%EB%B3%84%EC%8B%9C%20%EC%9D%80%ED%8F%89%EA%B5%AC%20%EC%A7%84%EA%B4%80%EA%B8%B8%2073%28%EC%A7%84%EA%B4%80%EB%8F%99%29
은평구	진관동	진관사 영산회상도	서울특별시 은평구 진관길 73(진관동)	유형문화유산	37.6497956	126.9365172	https://map.naver.com/p/search/%EC%A7%84%EA%B4%80%EC%82%AC%20%EC%98%81%EC%82%B0%ED%9A%8C%EC%83%81%EB%8F%84%20%EC%84%9C%EC%9A%B8%ED%8A%B9%EB%B3%84%EC%8B%9C%20%EC%9D%80%ED%8F%89%EA%B5%AC%20%EC%A7%84%EA%B4%80%EA%B8%B8%2073%28%EC%A7%84%EA%B4%80%EB%8F%99%29
은평구	진관동	진관사 십육나한도	서울특별시 은평구 진관길 73(진관동)	유형문화유산	37.6497956	126.9365172	https://map.naver.com/p/search/%EC%A7%84%EA%B4%80%EC%82%AC%20%EC%8B%AD%EC%9C%A1%EB%82%98%ED%95%9C%EB%8F%84%20%EC%84%9C%EC%9A%B8%ED%8A%B9%EB%B3%84%EC%8B%9C%20%EC%9D%80%ED%8F%89%EA%B5%AC%20%EC%A7%84%EA%B4%80%EA%B8%B8%2073%28%EC%A7%84%EA%B4%80%EB%8F%99%29
은평구	진관동	진관사 칠성도	서울특별시 은평구 진관길 73(진관동)	유형문화유산	37.6497956	126.9365172	https://map.naver.com/p/search/%EC%A7%84%EA%B4%80%EC%82%AC%20%EC%B9%A0%EC%84%B1%EB%8F%84%20%EC%84%9C%EC%9A%B8%ED%8A%B9%EB%B3%84%EC%8B%9C%20%EC%9D%80%ED%8F%89%EA%B5%AC%20%EC%A7%84%EA%B4%80%EA%B8%B8%2073%28%EC%A7%84%EA%B4%80%EB%8F%99%29
은평구	진관동	진관사 명호스님 초상	서울특별시 은평구 진관길 73(진관동)	유형문화유산	37.637876	126.946534	https://map.naver.com/p/search/%EC%A7%84%EA%B4%80%EC%82%AC%20%EB%AA%85%ED%98%B8%EC%8A%A4%EB%8B%98%20%EC%B4%88%EC%83%81%20%EC%84%9C%EC%9A%B8%ED%8A%B9%EB%B3%84%EC%8B%9C%20%EC%9D%80%ED%8F%89%EA%B5%AC%20%EC%A7%84%EA%B4%80%EA%B8%B8%2073%28%EC%A7%84%EA%B4%80%EB%8F%99%29
은평구	진관동	진관사 산신도	서울특별시 은평구 진관길 73(진관동)	유형문화유산	37.6497956	126.9365172	https://map.naver.com/p/search/%EC%A7%84%EA%B4%80%EC%82%AC%20%EC%82%B0%EC%8B%A0%EB%8F%84%20%EC%84%9C%EC%9A%B8%ED%8A%B9%EB%B3%84%EC%8B%9C%20%EC%9D%80%ED%8F%89%EA%B5%AC%20%EC%A7%84%EA%B4%80%EA%B8%B8%2073%28%EC%A7%84%EA%B4%80%EB%8F%99%29
종로구	신문로1가	녹훈도감 선사어선 연회도	서울특별시 종로구 새문안로 75(신문로1가) 금호문화재단	유형문화유산	37.577472	126.979927	https://map.naver.com/p/search/%EB%85%B9%ED%9B%88%EB%8F%84%EA%B0%90%20%EC%84%A0%EC%82%AC%EC%96%B4%EC%84%A0%20%EC%97%B0%ED%9A%8C%EB%8F%84%20%EC%84%9C%EC%9A%B8%ED%8A%B9%EB%B3%84%EC%8B%9C%20%EC%A2%85%EB%A1%9C%EA%B5%AC%20%EC%83%88%EB%AC%B8%EC%95%88%EB%A1%9C%2075%28%EC%8B%A0%EB%AC%B8%EB%A1%9C1%EA%B0%80%29%20%EA%B8%88%ED%98%B8%EB%AC%B8%ED%99%94%EC%9E%AC%EB%8B%A8
종로구	평창동	철불좌상	서울특별시 종로구 평창30길 28(평창동)	유형문화유산	37.6855264	127.0307093	https://map.naver.com/p/search/%EC%B2%A0%EB%B6%88%EC%A2%8C%EC%83%81%20%EC%84%9C%EC%9A%B8%ED%8A%B9%EB%B3%84%EC%8B%9C%20%EC%A2%85%EB%A1%9C%EA%B5%AC%20%ED%8F%89%EC%B0%BD30%EA%B8%B8%2028%28%ED%8F%89%EC%B0%BD%EB%8F%99%29
종로구	신문로2가	청화백자산수인물문병	서울특별시 종로구 새문안로 55(신문로2가)	유형문화유산	37.5707155	126.9688196	https://map.naver.com/p/search/%EC%B2%AD%ED%99%94%EB%B0%B1%EC%9E%90%EC%82%B0%EC%88%98%EC%9D%B8%EB%AC%BC%EB%AC%B8%EB%B3%91%20%EC%84%9C%EC%9A%B8%ED%8A%B9%EB%B3%84%EC%8B%9C%20%EC%A2%85%EB%A1%9C%EA%B5%AC%20%EC%83%88%EB%AC%B8%EC%95%88%EB%A1%9C%2055%28%EC%8B%A0%EB%AC%B8%EB%A1%9C2%EA%B0%80%29
종로구	신문로2가	청화백자성새산수문병	서울특별시 종로구 새문안로 55(신문로2가)	유형문화유산	37.5707155	126.9688196	https://map.naver.com/p/search/%EC%B2%AD%ED%99%94%EB%B0%B1%EC%9E%90%EC%84%B1%EC%83%88%EC%82%B0%EC%88%98%EB%AC%B8%EB%B3%91%20%EC%84%9C%EC%9A%B8%ED%8A%B9%EB%B3%84%EC%8B%9C%20%EC%A2%85%EB%A1%9C%EA%B5%AC%20%EC%83%88%EB%AC%B8%EC%95%88%EB%A1%9C%2055%28%EC%8B%A0%EB%AC%B8%EB%A1%9C2%EA%B0%80%29
종로구	신문로2가	청화백자매화절지문필통	서울특별시 종로구 새문안로 55(신문로2가)	유형문화유산	37.5707155	126.9688196	https://map.naver.com/p/search/%EC%B2%AD%ED%99%94%EB%B0%B1%EC%9E%90%EB%A7%A4%ED%99%94%EC%A0%88%EC%A7%80%EB%AC%B8%ED%95%84%ED%86%B5%20%EC%84%9C%EC%9A%B8%ED%8A%B9%EB%B3%84%EC%8B%9C%20%EC%A2%85%EB%A1%9C%EA%B5%AC%20%EC%83%88%EB%AC%B8%EC%95%88%EB%A1%9C%2055%28%EC%8B%A0%EB%AC%B8%EB%A1%9C2%EA%B0%80%29
종로구	신문로2가	청화백자운룡문병	서울특별시 종로구 새문안로 55(신문로2가)	유형문화유산	37.5707155	126.9688196	https://map.naver.com/p/search/%EC%B2%AD%ED%99%94%EB%B0%B1%EC%9E%90%EC%9A%B4%EB%A3%A1%EB%AC%B8%EB%B3%91%20%EC%84%9C%EC%9A%B8%ED%8A%B9%EB%B3%84%EC%8B%9C%20%EC%A2%85%EB%A1%9C%EA%B5%AC%20%EC%83%88%EB%AC%B8%EC%95%88%EB%A1%9C%2055%28%EC%8B%A0%EB%AC%B8%EB%A1%9C2%EA%B0%80%29
종로구	신문로2가	백자대병	서울특별시 종로구 새문안로 55(신문로2가)	유형문화유산	37.5707155	126.9688196	https://map.naver.com/p/search/%EB%B0%B1%EC%9E%90%EB%8C%80%EB%B3%91%20%EC%84%9C%EC%9A%B8%ED%8A%B9%EB%B3%84%EC%8B%9C%20%EC%A2%85%EB%A1%9C%EA%B5%AC%20%EC%83%88%EB%AC%B8%EC%95%88%EB%A1%9C%2055%28%EC%8B%A0%EB%AC%B8%EB%A1%9C2%EA%B0%80%29
종로구	신문로2가	백자양각시문병	서울특별시 종로구 새문안로 55(신문로2가)	유형문화유산	37.5707155	126.9688196	https://map.naver.com/p/search/%EB%B0%B1%EC%9E%90%EC%96%91%EA%B0%81%EC%8B%9C%EB%AC%B8%EB%B3%91%20%EC%84%9C%EC%9A%B8%ED%8A%B9%EB%B3%84%EC%8B%9C%20%EC%A2%85%EB%A1%9C%EA%B5%AC%20%EC%83%88%EB%AC%B8%EC%95%88%EB%A1%9C%2055%28%EC%8B%A0%EB%AC%B8%EB%A1%9C2%EA%B0%80%29
종로구	신문로2가	백자장군	서울특별시 종로구 새문안로 55(신문로2가)	유형문화유산	37.570143	126.970438	https://map.naver.com/p/search/%EB%B0%B1%EC%9E%90%EC%9E%A5%EA%B5%B0%20%EC%84%9C%EC%9A%B8%ED%8A%B9%EB%B3%84%EC%8B%9C%20%EC%A2%85%EB%A1%9C%EA%B5%AC%20%EC%83%88%EB%AC%B8%EC%95%88%EB%A1%9C%2055%28%EC%8B%A0%EB%AC%B8%EB%A1%9C2%EA%B0%80%29
종로구	신문로2가	양온명수이도기편호	서울특별시 종로구 새문안로 55(신문로2가)	유형문화유산	37.5707155	126.9688196	https://map.naver.com/p/search/%EC%96%91%EC%98%A8%EB%AA%85%EC%88%98%EC%9D%B4%EB%8F%84%EA%B8%B0%ED%8E%B8%ED%98%B8%20%EC%84%9C%EC%9A%B8%ED%8A%B9%EB%B3%84%EC%8B%9C%20%EC%A2%85%EB%A1%9C%EA%B5%AC%20%EC%83%88%EB%AC%B8%EC%95%88%EB%A1%9C%2055%28%EC%8B%A0%EB%AC%B8%EB%A1%9C2%EA%B0%80%29
강남구	삼성동	봉은사 목 사천왕상	서울특별시 강남구 봉은사로 531(삼성동)	유형문화유산	37.5151025	127.0569288	https://map.naver.com/p/search/%EB%B4%89%EC%9D%80%EC%82%AC%20%EB%AA%A9%20%EC%82%AC%EC%B2%9C%EC%99%95%EC%83%81%20%EC%84%9C%EC%9A%B8%ED%8A%B9%EB%B3%84%EC%8B%9C%20%EA%B0%95%EB%82%A8%EA%B5%AC%20%EB%B4%89%EC%9D%80%EC%82%AC%EB%A1%9C%20531%28%EC%82%BC%EC%84%B1%EB%8F%99%29
종로구	구기동	금선사 신중도	서울특별시 종로구 비봉길 137(구기동)	유형문화유산	37.6203675	126.9536108	https://map.naver.com/p/search/%EA%B8%88%EC%84%A0%EC%82%AC%20%EC%8B%A0%EC%A4%91%EB%8F%84%20%EC%84%9C%EC%9A%B8%ED%8A%B9%EB%B3%84%EC%8B%9C%20%EC%A2%85%EB%A1%9C%EA%B5%AC%20%EB%B9%84%EB%B4%89%EA%B8%B8%20137%28%EA%B5%AC%EA%B8%B0%EB%8F%99%29
종로구	신문로2가	금동보살좌상	서울특별시 종로구 새문안로 55(신문로2가)	유형문화유산	37.5707155	126.9688196	https://map.naver.com/p/search/%EA%B8%88%EB%8F%99%EB%B3%B4%EC%82%B4%EC%A2%8C%EC%83%81%20%EC%84%9C%EC%9A%B8%ED%8A%B9%EB%B3%84%EC%8B%9C%20%EC%A2%85%EB%A1%9C%EA%B5%AC%20%EC%83%88%EB%AC%B8%EC%95%88%EB%A1%9C%2055%28%EC%8B%A0%EB%AC%B8%EB%A1%9C2%EA%B0%80%29
종로구	신문로2가	간평의	서울특별시 종로구 새문안로 55(신문로2가)	유형문화유산	37.5707155	126.9688196	https://map.naver.com/p/search/%EA%B0%84%ED%8F%89%EC%9D%98%20%EC%84%9C%EC%9A%B8%ED%8A%B9%EB%B3%84%EC%8B%9C%20%EC%A2%85%EB%A1%9C%EA%B5%AC%20%EC%83%88%EB%AC%B8%EC%95%88%EB%A1%9C%2055%28%EC%8B%A0%EB%AC%B8%EB%A1%9C2%EA%B0%80%29
종로구	신문로2가	앙부일구	서울특별시 종로구 새문안로 55(신문로2가)	유형문화유산	37.5707155	126.9688196	https://map.naver.com/p/search/%EC%95%99%EB%B6%80%EC%9D%BC%EA%B5%AC%20%EC%84%9C%EC%9A%B8%ED%8A%B9%EB%B3%84%EC%8B%9C%20%EC%A2%85%EB%A1%9C%EA%B5%AC%20%EC%83%88%EB%AC%B8%EC%95%88%EB%A1%9C%2055%28%EC%8B%A0%EB%AC%B8%EB%A1%9C2%EA%B0%80%29
성북구	삼선동1가	정각사 목 아미타불좌상	서울특별시 성북구 삼선교로8길 57-16(삼선동1가)	유형문화유산	37.585347	127.0077302	https://map.naver.com/p/search/%EC%A0%95%EA%B0%81%EC%82%AC%20%EB%AA%A9%20%EC%95%84%EB%AF%B8%ED%83%80%EB%B6%88%EC%A2%8C%EC%83%81%20%EC%84%9C%EC%9A%B8%ED%8A%B9%EB%B3%84%EC%8B%9C%20%EC%84%B1%EB%B6%81%EA%B5%AC%20%EC%82%BC%EC%84%A0%EA%B5%90%EB%A1%9C8%EA%B8%B8%2057-16%28%EC%82%BC%EC%84%A0%EB%8F%991%EA%B0%80%29
강남구	삼성동	봉은사 목 삼존불상(석가불, 가섭존자, 아난존자)	서울특별시 강남구 봉은사로 531(삼성동)	유형문화유산	37.5151025	127.0569288	https://map.naver.com/p/search/%EB%B4%89%EC%9D%80%EC%82%AC%20%EB%AA%A9%20%EC%82%BC%EC%A1%B4%EB%B6%88%EC%83%81%28%EC%84%9D%EA%B0%80%EB%B6%88%2C%20%EA%B0%80%EC%84%AD%EC%A1%B4%EC%9E%90%2C%20%EC%95%84%EB%82%9C%EC%A1%B4%EC%9E%90%29%20%EC%84%9C%EC%9A%B8%ED%8A%B9%EB%B3%84%EC%8B%9C%20%EA%B0%95%EB%82%A8%EA%B5%AC%20%EB%B4%89%EC%9D%80%EC%82%AC%EB%A1%9C%20531%28%EC%82%BC%EC%84%B1%EB%8F%99%29
강남구	삼성동	봉은사 목 십육나한상	서울특별시 강남구 봉은사로 531(삼성동)	유형문화유산	37.5151025	127.0569288	https://map.naver.com/p/search/%EB%B4%89%EC%9D%80%EC%82%AC%20%EB%AA%A9%20%EC%8B%AD%EC%9C%A1%EB%82%98%ED%95%9C%EC%83%81%20%EC%84%9C%EC%9A%B8%ED%8A%B9%EB%B3%84%EC%8B%9C%20%EA%B0%95%EB%82%A8%EA%B5%AC%20%EB%B4%89%EC%9D%80%EC%82%AC%EB%A1%9C%20531%28%EC%82%BC%EC%84%B1%EB%8F%99%29
강남구	삼성동	봉은사 대웅전 신중도	서울특별시 강남구 봉은사로 531(삼성동)	유형문화유산	37.5151025	127.0569288	https://map.naver.com/p/search/%EB%B4%89%EC%9D%80%EC%82%AC%20%EB%8C%80%EC%9B%85%EC%A0%84%20%EC%8B%A0%EC%A4%91%EB%8F%84%20%EC%84%9C%EC%9A%B8%ED%8A%B9%EB%B3%84%EC%8B%9C%20%EA%B0%95%EB%82%A8%EA%B5%AC%20%EB%B4%89%EC%9D%80%EC%82%AC%EB%A1%9C%20531%28%EC%82%BC%EC%84%B1%EB%8F%99%29
강남구	삼성동	봉은사 판전 신중도	서울특별시 강남구 봉은사로 531(삼성동)	유형문화유산	37.5151025	127.0569288	https://map.naver.com/p/search/%EB%B4%89%EC%9D%80%EC%82%AC%20%ED%8C%90%EC%A0%84%20%EC%8B%A0%EC%A4%91%EB%8F%84%20%EC%84%9C%EC%9A%B8%ED%8A%B9%EB%B3%84%EC%8B%9C%20%EA%B0%95%EB%82%A8%EA%B5%AC%20%EB%B4%89%EC%9D%80%EC%82%AC%EB%A1%9C%20531%28%EC%82%BC%EC%84%B1%EB%8F%99%29
강남구	삼성동	봉은사 괘불도	서울특별시 강남구 봉은사로 531(삼성동)	유형문화유산	37.5151025	127.0569288	https://map.naver.com/p/search/%EB%B4%89%EC%9D%80%EC%82%AC%20%EA%B4%98%EB%B6%88%EB%8F%84%20%EC%84%9C%EC%9A%B8%ED%8A%B9%EB%B3%84%EC%8B%9C%20%EA%B0%95%EB%82%A8%EA%B5%AC%20%EB%B4%89%EC%9D%80%EC%82%AC%EB%A1%9C%20531%28%EC%82%BC%EC%84%B1%EB%8F%99%29
강남구	삼성동	봉은사 비로자나불도	서울특별시 강남구 봉은사로 531(삼성동)	유형문화유산	37.515826	127.057735	https://map.naver.com/p/search/%EB%B4%89%EC%9D%80%EC%82%AC%20%EB%B9%84%EB%A1%9C%EC%9E%90%EB%82%98%EB%B6%88%EB%8F%84%20%EC%84%9C%EC%9A%B8%ED%8A%B9%EB%B3%84%EC%8B%9C%20%EA%B0%95%EB%82%A8%EA%B5%AC%20%EB%B4%89%EC%9D%80%EC%82%AC%EB%A1%9C%20531%28%EC%82%BC%EC%84%B1%EB%8F%99%29
강남구	삼성동	봉은사 칠성도	서울특별시 강남구 봉은사로 531(삼성동)	유형문화유산	37.5151025	127.0569288	https://map.naver.com/p/search/%EB%B4%89%EC%9D%80%EC%82%AC%20%EC%B9%A0%EC%84%B1%EB%8F%84%20%EC%84%9C%EC%9A%B8%ED%8A%B9%EB%B3%84%EC%8B%9C%20%EA%B0%95%EB%82%A8%EA%B5%AC%20%EB%B4%89%EC%9D%80%EC%82%AC%EB%A1%9C%20531%28%EC%82%BC%EC%84%B1%EB%8F%99%29
강남구	삼성동	봉은사 삼세불도	서울특별시 강남구 봉은사로 531(삼성동)	유형문화유산	37.5151025	127.0569288	https://map.naver.com/p/search/%EB%B4%89%EC%9D%80%EC%82%AC%20%EC%82%BC%EC%84%B8%EB%B6%88%EB%8F%84%20%EC%84%9C%EC%9A%B8%ED%8A%B9%EB%B3%84%EC%8B%9C%20%EA%B0%95%EB%82%A8%EA%B5%AC%20%EB%B4%89%EC%9D%80%EC%82%AC%EB%A1%9C%20531%28%EC%82%BC%EC%84%B1%EB%8F%99%29
강남구	삼성동	봉은사 삼장보살도	서울특별시 강남구 봉은사로 531(삼성동)	유형문화유산	37.5151025	127.0569288	https://map.naver.com/p/search/%EB%B4%89%EC%9D%80%EC%82%AC%20%EC%82%BC%EC%9E%A5%EB%B3%B4%EC%82%B4%EB%8F%84%20%EC%84%9C%EC%9A%B8%ED%8A%B9%EB%B3%84%EC%8B%9C%20%EA%B0%95%EB%82%A8%EA%B5%AC%20%EB%B4%89%EC%9D%80%EC%82%AC%EB%A1%9C%20531%28%EC%82%BC%EC%84%B1%EB%8F%99%29
강남구	삼성동	봉은사 감로도	서울특별시 강남구 봉은사로 531(삼성동)	유형문화유산	37.5151025	127.0569288	https://map.naver.com/p/search/%EB%B4%89%EC%9D%80%EC%82%AC%20%EA%B0%90%EB%A1%9C%EB%8F%84%20%EC%84%9C%EC%9A%B8%ED%8A%B9%EB%B3%84%EC%8B%9C%20%EA%B0%95%EB%82%A8%EA%B5%AC%20%EB%B4%89%EC%9D%80%EC%82%AC%EB%A1%9C%20531%28%EC%82%BC%EC%84%B1%EB%8F%99%29
영등포구	문래동3가	이경철 관련 고문서	서울특별시 영등포구 문래로 82 (문래동3가, 문래힐스테이트) 102동 1402호	유형문화유산	37.518365	126.8908647	https://map.naver.com/p/search/%EC%9D%B4%EA%B2%BD%EC%B2%A0%20%EA%B4%80%EB%A0%A8%20%EA%B3%A0%EB%AC%B8%EC%84%9C%20%EC%84%9C%EC%9A%B8%ED%8A%B9%EB%B3%84%EC%8B%9C%20%EC%98%81%EB%93%B1%ED%8F%AC%EA%B5%AC%20%EB%AC%B8%EB%9E%98%EB%A1%9C%2082%20%28%EB%AC%B8%EB%9E%98%EB%8F%993%EA%B0%80%2C%20%EB%AC%B8%EB%9E%98%ED%9E%90%EC%8A%A4%ED%85%8C%EC%9D%B4%ED%8A%B8%29%20102%EB%8F%99%201402%ED%98%B8
송파구	가락동	자치통감강목 권13	서울특별시 송파구 송파대로37길 77 (가락동) 송파책박물관	유형문화유산	37.4987901	127.1039743	https://map.naver.com/p/search/%EC%9E%90%EC%B9%98%ED%86%B5%EA%B0%90%EA%B0%95%EB%AA%A9%20%EA%B6%8C13%20%EC%84%9C%EC%9A%B8%ED%8A%B9%EB%B3%84%EC%8B%9C%20%EC%86%A1%ED%8C%8C%EA%B5%AC%20%EC%86%A1%ED%8C%8C%EB%8C%80%EB%A1%9C37%EA%B8%B8%2077%20%28%EA%B0%80%EB%9D%BD%EB%8F%99%29%20%EC%86%A1%ED%8C%8C%EC%B1%85%EB%B0%95%EB%AC%BC%EA%B4%80
강남구	삼성동	봉은사 영산회상도	서울특별시 강남구 봉은사로 531(삼성동)	유형문화유산	37.5151025	127.0569288	https://map.naver.com/p/search/%EB%B4%89%EC%9D%80%EC%82%AC%20%EC%98%81%EC%82%B0%ED%9A%8C%EC%83%81%EB%8F%84%20%EC%84%9C%EC%9A%B8%ED%8A%B9%EB%B3%84%EC%8B%9C%20%EA%B0%95%EB%82%A8%EA%B5%AC%20%EB%B4%89%EC%9D%80%EC%82%AC%EB%A1%9C%20531%28%EC%82%BC%EC%84%B1%EB%8F%99%29
강남구	삼성동	봉은사 십육나한도	서울특별시 강남구 봉은사로 531(삼성동)	유형문화유산	37.5151025	127.0569288	https://map.naver.com/p/search/%EB%B4%89%EC%9D%80%EC%82%AC%20%EC%8B%AD%EC%9C%A1%EB%82%98%ED%95%9C%EB%8F%84%20%EC%84%9C%EC%9A%B8%ED%8A%B9%EB%B3%84%EC%8B%9C%20%EA%B0%95%EB%82%A8%EA%B5%AC%20%EB%B4%89%EC%9D%80%EC%82%AC%EB%A1%9C%20531%28%EC%82%BC%EC%84%B1%EB%8F%99%29
은평구	구산동	수국사 아미타불도	서울특별시 은평구 서오릉로23길 8-5 (구산동)	유형문화유산	37.6159304	126.9050963	https://map.naver.com/p/search/%EC%88%98%EA%B5%AD%EC%82%AC%20%EC%95%84%EB%AF%B8%ED%83%80%EB%B6%88%EB%8F%84%20%EC%84%9C%EC%9A%B8%ED%8A%B9%EB%B3%84%EC%8B%9C%20%EC%9D%80%ED%8F%89%EA%B5%AC%20%EC%84%9C%EC%98%A4%EB%A6%89%EB%A1%9C23%EA%B8%B8%208-5%20%28%EA%B5%AC%EC%82%B0%EB%8F%99%29
은평구	구산동	수국사 십육나한도	서울특별시 은평구 서오릉로23길 8-5 (구산동)	유형문화유산	37.6159304	126.9050963	https://map.naver.com/p/search/%EC%88%98%EA%B5%AD%EC%82%AC%20%EC%8B%AD%EC%9C%A1%EB%82%98%ED%95%9C%EB%8F%84%20%EC%84%9C%EC%9A%B8%ED%8A%B9%EB%B3%84%EC%8B%9C%20%EC%9D%80%ED%8F%89%EA%B5%AC%20%EC%84%9C%EC%98%A4%EB%A6%89%EB%A1%9C23%EA%B8%B8%208-5%20%28%EA%B5%AC%EC%82%B0%EB%8F%99%29
은평구	구산동	수국사 극락구품도	서울특별시 은평구 서오릉로23길 8-5 (구산동)	유형문화유산	37.6159304	126.9050963	https://map.naver.com/p/search/%EC%88%98%EA%B5%AD%EC%82%AC%20%EA%B7%B9%EB%9D%BD%EA%B5%AC%ED%92%88%EB%8F%84%20%EC%84%9C%EC%9A%B8%ED%8A%B9%EB%B3%84%EC%8B%9C%20%EC%9D%80%ED%8F%89%EA%B5%AC%20%EC%84%9C%EC%98%A4%EB%A6%89%EB%A1%9C23%EA%B8%B8%208-5%20%28%EA%B5%AC%EC%82%B0%EB%8F%99%29
은평구	구산동	수국사 감로도	서울특별시 은평구 서오릉로23길 8-5 (구산동)	유형문화유산	37.6159304	126.9050963	https://map.naver.com/p/search/%EC%88%98%EA%B5%AD%EC%82%AC%20%EA%B0%90%EB%A1%9C%EB%8F%84%20%EC%84%9C%EC%9A%B8%ED%8A%B9%EB%B3%84%EC%8B%9C%20%EC%9D%80%ED%8F%89%EA%B5%AC%20%EC%84%9C%EC%98%A4%EB%A6%89%EB%A1%9C23%EA%B8%B8%208-5%20%28%EA%B5%AC%EC%82%B0%EB%8F%99%29
은평구	구산동	수국사 신중도	서울특별시 은평구 서오릉로23길 8-5 (구산동)	유형문화유산	37.6159304	126.9050963	https://map.naver.com/p/search/%EC%88%98%EA%B5%AD%EC%82%AC%20%EC%8B%A0%EC%A4%91%EB%8F%84%20%EC%84%9C%EC%9A%B8%ED%8A%B9%EB%B3%84%EC%8B%9C%20%EC%9D%80%ED%8F%89%EA%B5%AC%20%EC%84%9C%EC%98%A4%EB%A6%89%EB%A1%9C23%EA%B8%B8%208-5%20%28%EA%B5%AC%EC%82%B0%EB%8F%99%29
은평구	구산동	수국사 현왕도	서울특별시 은평구 서오릉로23길 8-5 (구산동)	유형문화유산	37.6159304	126.9050963	https://map.naver.com/p/search/%EC%88%98%EA%B5%AD%EC%82%AC%20%ED%98%84%EC%99%95%EB%8F%84%20%EC%84%9C%EC%9A%B8%ED%8A%B9%EB%B3%84%EC%8B%9C%20%EC%9D%80%ED%8F%89%EA%B5%AC%20%EC%84%9C%EC%98%A4%EB%A6%89%EB%A1%9C23%EA%B8%B8%208-5%20%28%EA%B5%AC%EC%82%B0%EB%8F%99%29
성북구	정릉동	경국사 목관음보살좌상	서울특별시 성북구 보국문로 113-10(정릉동)	유형문화유산	37.614963	127.004566	https://map.naver.com/p/search/%EA%B2%BD%EA%B5%AD%EC%82%AC%20%EB%AA%A9%EA%B4%80%EC%9D%8C%EB%B3%B4%EC%82%B4%EC%A2%8C%EC%83%81%20%EC%84%9C%EC%9A%B8%ED%8A%B9%EB%B3%84%EC%8B%9C%20%EC%84%B1%EB%B6%81%EA%B5%AC%20%EB%B3%B4%EA%B5%AD%EB%AC%B8%EB%A1%9C%20113-10%28%EC%A0%95%EB%A6%89%EB%8F%99%29
강서구	개화동	미타사 석불입상	서울특별시 강서구 개화동로13길 56-33(개화동)	유형문화유산	37.580596	126.803363	https://map.naver.com/p/search/%EB%AF%B8%ED%83%80%EC%82%AC%20%EC%84%9D%EB%B6%88%EC%9E%85%EC%83%81%20%EC%84%9C%EC%9A%B8%ED%8A%B9%EB%B3%84%EC%8B%9C%20%EA%B0%95%EC%84%9C%EA%B5%AC%20%EA%B0%9C%ED%99%94%EB%8F%99%EB%A1%9C13%EA%B8%B8%2056-33%28%EA%B0%9C%ED%99%94%EB%8F%99%29
동대문구	청량리동	청량사 극락보전 신중도	서울특별시 동대문구 제기로31길 10-3 (청량리동) 청량사	유형문화유산	37.5879001	127.0472641	https://map.naver.com/p/search/%EC%B2%AD%EB%9F%89%EC%82%AC%20%EA%B7%B9%EB%9D%BD%EB%B3%B4%EC%A0%84%20%EC%8B%A0%EC%A4%91%EB%8F%84%20%EC%84%9C%EC%9A%B8%ED%8A%B9%EB%B3%84%EC%8B%9C%20%EB%8F%99%EB%8C%80%EB%AC%B8%EA%B5%AC%20%EC%A0%9C%EA%B8%B0%EB%A1%9C31%EA%B8%B8%2010-3%20%28%EC%B2%AD%EB%9F%89%EB%A6%AC%EB%8F%99%29%20%EC%B2%AD%EB%9F%89%EC%82%AC
노원구	상계동	염불사 목관음보살좌상 및 복장 일괄	서울특별시 노원구 동일로250길 44-155(상계동) 염불사	유형문화유산	37.684445	127.066054	https://map.naver.com/p/search/%EC%97%BC%EB%B6%88%EC%82%AC%20%EB%AA%A9%EA%B4%80%EC%9D%8C%EB%B3%B4%EC%82%B4%EC%A2%8C%EC%83%81%20%EB%B0%8F%20%EB%B3%B5%EC%9E%A5%20%EC%9D%BC%EA%B4%84%20%EC%84%9C%EC%9A%B8%ED%8A%B9%EB%B3%84%EC%8B%9C%20%EB%85%B8%EC%9B%90%EA%B5%AC%20%EB%8F%99%EC%9D%BC%EB%A1%9C250%EA%B8%B8%2044-155%28%EC%83%81%EA%B3%84%EB%8F%99%29%20%EC%97%BC%EB%B6%88%EC%82%AC
노원구	상계동	염불사 지장시왕도	서울특별시 노원구 동일로250길 44-155(상계동) 염불사	유형문화유산	37.684445	127.066054	https://map.naver.com/p/search/%EC%97%BC%EB%B6%88%EC%82%AC%20%EC%A7%80%EC%9E%A5%EC%8B%9C%EC%99%95%EB%8F%84%20%EC%84%9C%EC%9A%B8%ED%8A%B9%EB%B3%84%EC%8B%9C%20%EB%85%B8%EC%9B%90%EA%B5%AC%20%EB%8F%99%EC%9D%BC%EB%A1%9C250%EA%B8%B8%2044-155%28%EC%83%81%EA%B3%84%EB%8F%99%29%20%EC%97%BC%EB%B6%88%EC%82%AC
서초구	우면동	불설불모출생삼법장반야바라밀다경권12	서울특별시 서초구 바우뫼로7길 111(우면동)	유형문화유산	37.47375	127.022282	https://map.naver.com/p/search/%EB%B6%88%EC%84%A4%EB%B6%88%EB%AA%A8%EC%B6%9C%EC%83%9D%EC%82%BC%EB%B2%95%EC%9E%A5%EB%B0%98%EC%95%BC%EB%B0%94%EB%9D%BC%EB%B0%80%EB%8B%A4%EA%B2%BD%EA%B6%8C12%20%EC%84%9C%EC%9A%B8%ED%8A%B9%EB%B3%84%EC%8B%9C%20%EC%84%9C%EC%B4%88%EA%B5%AC%20%EB%B0%94%EC%9A%B0%EB%AB%BC%EB%A1%9C7%EA%B8%B8%20111%28%EC%9A%B0%EB%A9%B4%EB%8F%99%29
서초구	우면동	묘법연화경 권2	서울특별시 서초구 바우뫼로7길 111(우면동)	유형문화유산	37.4735532	127.0220069	https://map.naver.com/p/search/%EB%AC%98%EB%B2%95%EC%97%B0%ED%99%94%EA%B2%BD%20%EA%B6%8C2%20%EC%84%9C%EC%9A%B8%ED%8A%B9%EB%B3%84%EC%8B%9C%20%EC%84%9C%EC%B4%88%EA%B5%AC%20%EB%B0%94%EC%9A%B0%EB%AB%BC%EB%A1%9C7%EA%B8%B8%20111%28%EC%9A%B0%EB%A9%B4%EB%8F%99%29
서초구	우면동	묘법연화경 권5~7	서울특별시 서초구 바우뫼로7길 111(우면동)	유형문화유산	37.4735532	127.0220069	https://map.naver.com/p/search/%EB%AC%98%EB%B2%95%EC%97%B0%ED%99%94%EA%B2%BD%20%EA%B6%8C5~7%20%EC%84%9C%EC%9A%B8%ED%8A%B9%EB%B3%84%EC%8B%9C%20%EC%84%9C%EC%B4%88%EA%B5%AC%20%EB%B0%94%EC%9A%B0%EB%AB%BC%EB%A1%9C7%EA%B8%B8%20111%28%EC%9A%B0%EB%A9%B4%EB%8F%99%29
서초구	우면동	묘법연화경 권3	서울특별시 서초구 바우뫼로7길 111(우면동)	유형문화유산	37.4735532	127.0220069	https://map.naver.com/p/search/%EB%AC%98%EB%B2%95%EC%97%B0%ED%99%94%EA%B2%BD%20%EA%B6%8C3%20%EC%84%9C%EC%9A%B8%ED%8A%B9%EB%B3%84%EC%8B%9C%20%EC%84%9C%EC%B4%88%EA%B5%AC%20%EB%B0%94%EC%9A%B0%EB%AB%BC%EB%A1%9C7%EA%B8%B8%20111%28%EC%9A%B0%EB%A9%B4%EB%8F%99%29
서초구	우면동	묘법연화경 권5	서울특별시 서초구 바우뫼로7길 111(우면동)	유형문화유산	37.4735532	127.0220069	https://map.naver.com/p/search/%EB%AC%98%EB%B2%95%EC%97%B0%ED%99%94%EA%B2%BD%20%EA%B6%8C5%20%EC%84%9C%EC%9A%B8%ED%8A%B9%EB%B3%84%EC%8B%9C%20%EC%84%9C%EC%B4%88%EA%B5%AC%20%EB%B0%94%EC%9A%B0%EB%AB%BC%EB%A1%9C7%EA%B8%B8%20111%28%EC%9A%B0%EB%A9%B4%EB%8F%99%29
서초구	우면동	법계성범수륙승회수재의궤 권1	서울특별시 서초구 바우뫼로7길 111(우면동)	유형문화유산	37.4735532	127.0220069	https://map.naver.com/p/search/%EB%B2%95%EA%B3%84%EC%84%B1%EB%B2%94%EC%88%98%EB%A5%99%EC%8A%B9%ED%9A%8C%EC%88%98%EC%9E%AC%EC%9D%98%EA%B6%A4%20%EA%B6%8C1%20%EC%84%9C%EC%9A%B8%ED%8A%B9%EB%B3%84%EC%8B%9C%20%EC%84%9C%EC%B4%88%EA%B5%AC%20%EB%B0%94%EC%9A%B0%EB%AB%BC%EB%A1%9C7%EA%B8%B8%20111%28%EC%9A%B0%EB%A9%B4%EB%8F%99%29
서초구	우면동	천지명양수륙재의찬요	서울특별시 서초구 바우뫼로7길 111(우면동)	유형문화유산	37.4735532	127.0220069	https://map.naver.com/p/search/%EC%B2%9C%EC%A7%80%EB%AA%85%EC%96%91%EC%88%98%EB%A5%99%EC%9E%AC%EC%9D%98%EC%B0%AC%EC%9A%94%20%EC%84%9C%EC%9A%B8%ED%8A%B9%EB%B3%84%EC%8B%9C%20%EC%84%9C%EC%B4%88%EA%B5%AC%20%EB%B0%94%EC%9A%B0%EB%AB%BC%EB%A1%9C7%EA%B8%B8%20111%28%EC%9A%B0%EB%A9%B4%EB%8F%99%29
강북구	우이동	도선사 청동 종 및 일괄 유물	서울특별시 강북구 도선사길 278(우이동)	유형문화유산	37.6552305	126.9896869	https://map.naver.com/p/search/%EB%8F%84%EC%84%A0%EC%82%AC%20%EC%B2%AD%EB%8F%99%20%EC%A2%85%20%EB%B0%8F%20%EC%9D%BC%EA%B4%84%20%EC%9C%A0%EB%AC%BC%20%EC%84%9C%EC%9A%B8%ED%8A%B9%EB%B3%84%EC%8B%9C%20%EA%B0%95%EB%B6%81%EA%B5%AC%20%EB%8F%84%EC%84%A0%EC%82%AC%EA%B8%B8%20278%28%EC%9A%B0%EC%9D%B4%EB%8F%99%29
성북구	정릉동	경국사 지장시왕도	서울특별시 성북구 보국문로 113-10(정릉동)	유형문화유산	37.6145664	127.0045664	https://map.naver.com/p/search/%EA%B2%BD%EA%B5%AD%EC%82%AC%20%EC%A7%80%EC%9E%A5%EC%8B%9C%EC%99%95%EB%8F%84%20%EC%84%9C%EC%9A%B8%ED%8A%B9%EB%B3%84%EC%8B%9C%20%EC%84%B1%EB%B6%81%EA%B5%AC%20%EB%B3%B4%EA%B5%AD%EB%AC%B8%EB%A1%9C%20113-10%28%EC%A0%95%EB%A6%89%EB%8F%99%29
성북구	정릉동	경국사 감로도	서울특별시 성북구 보국문로 113-10(정릉동)	유형문화유산	37.6145664	127.0045664	https://map.naver.com/p/search/%EA%B2%BD%EA%B5%AD%EC%82%AC%20%EA%B0%90%EB%A1%9C%EB%8F%84%20%EC%84%9C%EC%9A%B8%ED%8A%B9%EB%B3%84%EC%8B%9C%20%EC%84%B1%EB%B6%81%EA%B5%AC%20%EB%B3%B4%EA%B5%AD%EB%AC%B8%EB%A1%9C%20113-10%28%EC%A0%95%EB%A6%89%EB%8F%99%29
성북구	정릉동	경국사 팔상도	서울특별시 성북구 보국문로 113-10(정릉동)	유형문화유산	37.6145664	127.0045664	https://map.naver.com/p/search/%EA%B2%BD%EA%B5%AD%EC%82%AC%20%ED%8C%94%EC%83%81%EB%8F%84%20%EC%84%9C%EC%9A%B8%ED%8A%B9%EB%B3%84%EC%8B%9C%20%EC%84%B1%EB%B6%81%EA%B5%AC%20%EB%B3%B4%EA%B5%AD%EB%AC%B8%EB%A1%9C%20113-10%28%EC%A0%95%EB%A6%89%EB%8F%99%29
성북구	정릉동	경국사 신중도	서울특별시 성북구 보국문로 113-10(정릉동)	유형문화유산	37.6145664	127.0045664	https://map.naver.com/p/search/%EA%B2%BD%EA%B5%AD%EC%82%AC%20%EC%8B%A0%EC%A4%91%EB%8F%84%20%EC%84%9C%EC%9A%B8%ED%8A%B9%EB%B3%84%EC%8B%9C%20%EC%84%B1%EB%B6%81%EA%B5%AC%20%EB%B3%B4%EA%B5%AD%EB%AC%B8%EB%A1%9C%20113-10%28%EC%A0%95%EB%A6%89%EB%8F%99%29
성북구	정릉동	경국사 괘불도	서울특별시 성북구 보국문로 113-10(정릉동)	유형문화유산	37.6145664	127.0045664	https://map.naver.com/p/search/%EA%B2%BD%EA%B5%AD%EC%82%AC%20%EA%B4%98%EB%B6%88%EB%8F%84%20%EC%84%9C%EC%9A%B8%ED%8A%B9%EB%B3%84%EC%8B%9C%20%EC%84%B1%EB%B6%81%EA%B5%AC%20%EB%B3%B4%EA%B5%AD%EB%AC%B8%EB%A1%9C%20113-10%28%EC%A0%95%EB%A6%89%EB%8F%99%29
중구	일산동|식사동	법주사 수정암 석불좌상	경기도 고양시 일산동구 동국로 32 (식사동) 동국대 바이오메디캠퍼스 산학협력관(수장고)	유형문화유산	37.6787899	126.8062039	https://map.naver.com/p/search/%EB%B2%95%EC%A3%BC%EC%82%AC%20%EC%88%98%EC%A0%95%EC%95%94%20%EC%84%9D%EB%B6%88%EC%A2%8C%EC%83%81%20%EA%B2%BD%EA%B8%B0%EB%8F%84%20%EA%B3%A0%EC%96%91%EC%8B%9C%20%EC%9D%BC%EC%82%B0%EB%8F%99%EA%B5%AC%20%EB%8F%99%EA%B5%AD%EB%A1%9C%2032%20%28%EC%8B%9D%EC%82%AC%EB%8F%99%29%20%EB%8F%99%EA%B5%AD%EB%8C%80%20%EB%B0%94%EC%9D%B4%EC%98%A4%EB%A9%94%EB%94%94%EC%BA%A0%ED%8D%BC%EC%8A%A4%20%EC%82%B0%ED%95%99%ED%98%91%EB%A0%A5%EA%B4%80%28%EC%88%98%EC%9E%A5%EA%B3%A0%29
중구	일산동|식사동	감지은니범망경보살계 및 보살계의	경기도 고양시 일산동구 동국로 32 (식사동) 동국대 바이오메디캠퍼스 산학협력관(수장고)	유형문화유산	37.6787899	126.8062039	https://map.naver.com/p/search/%EA%B0%90%EC%A7%80%EC%9D%80%EB%8B%88%EB%B2%94%EB%A7%9D%EA%B2%BD%EB%B3%B4%EC%82%B4%EA%B3%84%20%EB%B0%8F%20%EB%B3%B4%EC%82%B4%EA%B3%84%EC%9D%98%20%EA%B2%BD%EA%B8%B0%EB%8F%84%20%EA%B3%A0%EC%96%91%EC%8B%9C%20%EC%9D%BC%EC%82%B0%EB%8F%99%EA%B5%AC%20%EB%8F%99%EA%B5%AD%EB%A1%9C%2032%20%28%EC%8B%9D%EC%82%AC%EB%8F%99%29%20%EB%8F%99%EA%B5%AD%EB%8C%80%20%EB%B0%94%EC%9D%B4%EC%98%A4%EB%A9%94%EB%94%94%EC%BA%A0%ED%8D%BC%EC%8A%A4%20%EC%82%B0%ED%95%99%ED%98%91%EB%A0%A5%EA%B4%80%28%EC%88%98%EC%9E%A5%EA%B3%A0%29
종로구	낙산성곽동|창신동	지장암 목비로자나불좌상 복장전적류	서울특별시 종로구 낙산성곽동길 57-2(창신동)	유형문화유산	37.577653	127.008696	https://map.naver.com/p/search/%EC%A7%80%EC%9E%A5%EC%95%94%20%EB%AA%A9%EB%B9%84%EB%A1%9C%EC%9E%90%EB%82%98%EB%B6%88%EC%A2%8C%EC%83%81%20%EB%B3%B5%EC%9E%A5%EC%A0%84%EC%A0%81%EB%A5%98%20%EC%84%9C%EC%9A%B8%ED%8A%B9%EB%B3%84%EC%8B%9C%20%EC%A2%85%EB%A1%9C%EA%B5%AC%20%EB%82%99%EC%82%B0%EC%84%B1%EA%B3%BD%EB%8F%99%EA%B8%B8%2057-2%28%EC%B0%BD%EC%8B%A0%EB%8F%99%29
종로구	신문로2가	백자청화칠보수복문호	서울특별시 종로구 새문안로 55(신문로2가)	유형문화유산	37.5729503	126.9793579	https://map.naver.com/p/search/%EB%B0%B1%EC%9E%90%EC%B2%AD%ED%99%94%EC%B9%A0%EB%B3%B4%EC%88%98%EB%B3%B5%EB%AC%B8%ED%98%B8%20%EC%84%9C%EC%9A%B8%ED%8A%B9%EB%B3%84%EC%8B%9C%20%EC%A2%85%EB%A1%9C%EA%B5%AC%20%EC%83%88%EB%AC%B8%EC%95%88%EB%A1%9C%2055%28%EC%8B%A0%EB%AC%B8%EB%A1%9C2%EA%B0%80%29
종로구	신문로2가	백자상감연리지문병	서울특별시 종로구 새문안로 55(신문로2가)	유형문화유산	37.5729503	126.9793579	https://map.naver.com/p/search/%EB%B0%B1%EC%9E%90%EC%83%81%EA%B0%90%EC%97%B0%EB%A6%AC%EC%A7%80%EB%AC%B8%EB%B3%91%20%EC%84%9C%EC%9A%B8%ED%8A%B9%EB%B3%84%EC%8B%9C%20%EC%A2%85%EB%A1%9C%EA%B5%AC%20%EC%83%88%EB%AC%B8%EC%95%88%EB%A1%9C%2055%28%EC%8B%A0%EB%AC%B8%EB%A1%9C2%EA%B0%80%29
종로구	신문로2가	백자청화화훼문병	서울특별시 종로구 새문안로 55(신문로2가)	유형문화유산	37.570143	126.970438	https://map.naver.com/p/search/%EB%B0%B1%EC%9E%90%EC%B2%AD%ED%99%94%ED%99%94%ED%9B%BC%EB%AC%B8%EB%B3%91%20%EC%84%9C%EC%9A%B8%ED%8A%B9%EB%B3%84%EC%8B%9C%20%EC%A2%85%EB%A1%9C%EA%B5%AC%20%EC%83%88%EB%AC%B8%EC%95%88%EB%A1%9C%2055%28%EC%8B%A0%EB%AC%B8%EB%A1%9C2%EA%B0%80%29
종로구	신문로2가	백자호	서울특별시 종로구 새문안로 55(신문로2가)	유형문화유산	37.5729503	126.9793579	https://map.naver.com/p/search/%EB%B0%B1%EC%9E%90%ED%98%B8%20%EC%84%9C%EC%9A%B8%ED%8A%B9%EB%B3%84%EC%8B%9C%20%EC%A2%85%EB%A1%9C%EA%B5%AC%20%EC%83%88%EB%AC%B8%EC%95%88%EB%A1%9C%2055%28%EC%8B%A0%EB%AC%B8%EB%A1%9C2%EA%B0%80%29
종로구	신문로2가	백자동화원형문각호	서울특별시 종로구 새문안로 55(신문로2가)	유형문화유산	37.5729503	126.9793579	https://map.naver.com/p/search/%EB%B0%B1%EC%9E%90%EB%8F%99%ED%99%94%EC%9B%90%ED%98%95%EB%AC%B8%EA%B0%81%ED%98%B8%20%EC%84%9C%EC%9A%B8%ED%8A%B9%EB%B3%84%EC%8B%9C%20%EC%A2%85%EB%A1%9C%EA%B5%AC%20%EC%83%88%EB%AC%B8%EC%95%88%EB%A1%9C%2055%28%EC%8B%A0%EB%AC%B8%EB%A1%9C2%EA%B0%80%29
종로구	신문로2가	백자청화산수인물문사각병	서울특별시 종로구 새문안로 55(신문로2가)	유형문화유산	37.5729503	126.9793579	https://map.naver.com/p/search/%EB%B0%B1%EC%9E%90%EC%B2%AD%ED%99%94%EC%82%B0%EC%88%98%EC%9D%B8%EB%AC%BC%EB%AC%B8%EC%82%AC%EA%B0%81%EB%B3%91%20%EC%84%9C%EC%9A%B8%ED%8A%B9%EB%B3%84%EC%8B%9C%20%EC%A2%85%EB%A1%9C%EA%B5%AC%20%EC%83%88%EB%AC%B8%EC%95%88%EB%A1%9C%2055%28%EC%8B%A0%EB%AC%B8%EB%A1%9C2%EA%B0%80%29
종로구	신문로2가	백자청화화분문호	서울특별시 종로구 새문안로 55(신문로2가)	유형문화유산	37.5729503	126.9793579	https://map.naver.com/p/search/%EB%B0%B1%EC%9E%90%EC%B2%AD%ED%99%94%ED%99%94%EB%B6%84%EB%AC%B8%ED%98%B8%20%EC%84%9C%EC%9A%B8%ED%8A%B9%EB%B3%84%EC%8B%9C%20%EC%A2%85%EB%A1%9C%EA%B5%AC%20%EC%83%88%EB%AC%B8%EC%95%88%EB%A1%9C%2055%28%EC%8B%A0%EB%AC%B8%EB%A1%9C2%EA%B0%80%29
중구	회현동1가	대한천일은행 창립관련 문서 및 회계문서 일괄	서울특별시 중구 소공로 51(회현동1가)	유형문화유산	37.559197	126.9814916	https://map.naver.com/p/search/%EB%8C%80%ED%95%9C%EC%B2%9C%EC%9D%BC%EC%9D%80%ED%96%89%20%EC%B0%BD%EB%A6%BD%EA%B4%80%EB%A0%A8%20%EB%AC%B8%EC%84%9C%20%EB%B0%8F%20%ED%9A%8C%EA%B3%84%EB%AC%B8%EC%84%9C%20%EC%9D%BC%EA%B4%84%20%EC%84%9C%EC%9A%B8%ED%8A%B9%EB%B3%84%EC%8B%9C%20%EC%A4%91%EA%B5%AC%20%EC%86%8C%EA%B3%B5%EB%A1%9C%2051%28%ED%9A%8C%ED%98%84%EB%8F%991%EA%B0%80%29
광진구	광장동	상부암 석보살입상	서울특별시 광진구 광장동 100	유형문화유산	37.551895	127.1109187	https://map.naver.com/p/search/%EC%83%81%EB%B6%80%EC%95%94%20%EC%84%9D%EB%B3%B4%EC%82%B4%EC%9E%85%EC%83%81%20%EC%84%9C%EC%9A%B8%ED%8A%B9%EB%B3%84%EC%8B%9C%20%EA%B4%91%EC%A7%84%EA%B5%AC%20%EA%B4%91%EC%9E%A5%EB%8F%99%20100
노원구	상계동	도선사 석 삼존불상	서울특별시 노원구 덕릉로145길 103(상계동)	유형문화유산	37.679506	127.080236	https://map.naver.com/p/search/%EB%8F%84%EC%84%A0%EC%82%AC%20%EC%84%9D%20%EC%82%BC%EC%A1%B4%EB%B6%88%EC%83%81%20%EC%84%9C%EC%9A%B8%ED%8A%B9%EB%B3%84%EC%8B%9C%20%EB%85%B8%EC%9B%90%EA%B5%AC%20%EB%8D%95%EB%A6%89%EB%A1%9C145%EA%B8%B8%20103%28%EC%83%81%EA%B3%84%EB%8F%99%29
노원구	월계동	기원사 독성도	서울특별시 노원구 광운로17길 48-47(월계동)	유형문화유산	37.6227358	127.0560319	https://map.naver.com/p/search/%EA%B8%B0%EC%9B%90%EC%82%AC%20%EB%8F%85%EC%84%B1%EB%8F%84%20%EC%84%9C%EC%9A%B8%ED%8A%B9%EB%B3%84%EC%8B%9C%20%EB%85%B8%EC%9B%90%EA%B5%AC%20%EA%B4%91%EC%9A%B4%EB%A1%9C17%EA%B8%B8%2048-47%28%EC%9B%94%EA%B3%84%EB%8F%99%29
종로구	낙산성곽동|창신동	지장암 지장보살도	서울특별시 종로구 낙산성곽동길 57-2(창신동)	유형문화유산	37.5776039	127.0088267	https://map.naver.com/p/search/%EC%A7%80%EC%9E%A5%EC%95%94%20%EC%A7%80%EC%9E%A5%EB%B3%B4%EC%82%B4%EB%8F%84%20%EC%84%9C%EC%9A%B8%ED%8A%B9%EB%B3%84%EC%8B%9C%20%EC%A2%85%EB%A1%9C%EA%B5%AC%20%EB%82%99%EC%82%B0%EC%84%B1%EA%B3%BD%EB%8F%99%EA%B8%B8%2057-2%28%EC%B0%BD%EC%8B%A0%EB%8F%99%29
종로구	낙산성곽동|창신동	지장암 산신도	서울특별시 종로구 낙산성곽동길 57-2(창신동)	유형문화유산	37.5776039	127.0088267	https://map.naver.com/p/search/%EC%A7%80%EC%9E%A5%EC%95%94%20%EC%82%B0%EC%8B%A0%EB%8F%84%20%EC%84%9C%EC%9A%B8%ED%8A%B9%EB%B3%84%EC%8B%9C%20%EC%A2%85%EB%A1%9C%EA%B5%AC%20%EB%82%99%EC%82%B0%EC%84%B1%EA%B3%BD%EB%8F%99%EA%B8%B8%2057-2%28%EC%B0%BD%EC%8B%A0%EB%8F%99%29
노원구	상계동	묘법연화경 권1~7	서울특별시 노원구 덕릉로131길 51-16(상계동)	유형문화유산	37.6747759	127.0823649	https://map.naver.com/p/search/%EB%AC%98%EB%B2%95%EC%97%B0%ED%99%94%EA%B2%BD%20%EA%B6%8C1~7%20%EC%84%9C%EC%9A%B8%ED%8A%B9%EB%B3%84%EC%8B%9C%20%EB%85%B8%EC%9B%90%EA%B5%AC%20%EB%8D%95%EB%A6%89%EB%A1%9C131%EA%B8%B8%2051-16%28%EC%83%81%EA%B3%84%EB%8F%99%29
동작구	상도동	사자암 신중도	서울특별시 동작구 국사봉1길 235-14(상도동)	유형문화유산	37.4923933	126.9369661	https://map.naver.com/p/search/%EC%82%AC%EC%9E%90%EC%95%94%20%EC%8B%A0%EC%A4%91%EB%8F%84%20%EC%84%9C%EC%9A%B8%ED%8A%B9%EB%B3%84%EC%8B%9C%20%EB%8F%99%EC%9E%91%EA%B5%AC%20%EA%B5%AD%EC%82%AC%EB%B4%891%EA%B8%B8%20235-14%28%EC%83%81%EB%8F%84%EB%8F%99%29
동작구	상도동	사자암 영산회괘불도	서울특별시 동작구 국사봉1길 235-14(상도동)	유형문화유산	37.4923933	126.9369661	https://map.naver.com/p/search/%EC%82%AC%EC%9E%90%EC%95%94%20%EC%98%81%EC%82%B0%ED%9A%8C%EA%B4%98%EB%B6%88%EB%8F%84%20%EC%84%9C%EC%9A%B8%ED%8A%B9%EB%B3%84%EC%8B%9C%20%EB%8F%99%EC%9E%91%EA%B5%AC%20%EA%B5%AD%EC%82%AC%EB%B4%891%EA%B8%B8%20235-14%28%EC%83%81%EB%8F%84%EB%8F%99%29
동작구	상도동	사자암 현왕도	서울특별시 동작구 국사봉1길 235-14(상도동)	유형문화유산	37.4923933	126.9369661	https://map.naver.com/p/search/%EC%82%AC%EC%9E%90%EC%95%94%20%ED%98%84%EC%99%95%EB%8F%84%20%EC%84%9C%EC%9A%B8%ED%8A%B9%EB%B3%84%EC%8B%9C%20%EB%8F%99%EC%9E%91%EA%B5%AC%20%EA%B5%AD%EC%82%AC%EB%B4%891%EA%B8%B8%20235-14%28%EC%83%81%EB%8F%84%EB%8F%99%29
종로구	견지동	개운사 목 아미타불좌상 복장일괄	서울특별시 종로구 우정국로 55(견지동)	유형문화유산	37.586265	127.029138	https://map.naver.com/p/search/%EA%B0%9C%EC%9A%B4%EC%82%AC%20%EB%AA%A9%20%EC%95%84%EB%AF%B8%ED%83%80%EB%B6%88%EC%A2%8C%EC%83%81%20%EB%B3%B5%EC%9E%A5%EC%9D%BC%EA%B4%84%20%EC%84%9C%EC%9A%B8%ED%8A%B9%EB%B3%84%EC%8B%9C%20%EC%A2%85%EB%A1%9C%EA%B5%AC%20%EC%9A%B0%EC%A0%95%EA%B5%AD%EB%A1%9C%2055%28%EA%B2%AC%EC%A7%80%EB%8F%99%29
도봉구	도봉동	천축사 비로자나삼신불도 및 복장유물	서울특별시 도봉구 도봉산길 92-2(도봉동)	유형문화유산	37.6940776	127.0192688	https://map.naver.com/p/search/%EC%B2%9C%EC%B6%95%EC%82%AC%20%EB%B9%84%EB%A1%9C%EC%9E%90%EB%82%98%EC%82%BC%EC%8B%A0%EB%B6%88%EB%8F%84%20%EB%B0%8F%20%EB%B3%B5%EC%9E%A5%EC%9C%A0%EB%AC%BC%20%EC%84%9C%EC%9A%B8%ED%8A%B9%EB%B3%84%EC%8B%9C%20%EB%8F%84%EB%B4%89%EA%B5%AC%20%EB%8F%84%EB%B4%89%EC%82%B0%EA%B8%B8%2092-2%28%EB%8F%84%EB%B4%89%EB%8F%99%29
도봉구	도봉동	천축사 비로자나삼신괘불도	서울특별시 도봉구 도봉산길 92-2(도봉동)	유형문화유산	37.6940776	127.0192688	https://map.naver.com/p/search/%EC%B2%9C%EC%B6%95%EC%82%AC%20%EB%B9%84%EB%A1%9C%EC%9E%90%EB%82%98%EC%82%BC%EC%8B%A0%EA%B4%98%EB%B6%88%EB%8F%84%20%EC%84%9C%EC%9A%B8%ED%8A%B9%EB%B3%84%EC%8B%9C%20%EB%8F%84%EB%B4%89%EA%B5%AC%20%EB%8F%84%EB%B4%89%EC%82%B0%EA%B8%B8%2092-2%28%EB%8F%84%EB%B4%89%EB%8F%99%29
강남구	논현동	인천해관문서	서울특별시 강남구 언주로 721(논현동)	유형문화유산	37.5181132	127.0340061	https://map.naver.com/p/search/%EC%9D%B8%EC%B2%9C%ED%95%B4%EA%B4%80%EB%AC%B8%EC%84%9C%20%EC%84%9C%EC%9A%B8%ED%8A%B9%EB%B3%84%EC%8B%9C%20%EA%B0%95%EB%82%A8%EA%B5%AC%20%EC%96%B8%EC%A3%BC%EB%A1%9C%20721%28%EB%85%BC%ED%98%84%EB%8F%99%29
용산구	용산동6가	서봉총 금관	서울특별시 용산구 서빙고로 137(용산동6가)	보물	37.524087	126.980388	https://map.naver.com/p/search/%EC%84%9C%EB%B4%89%EC%B4%9D%20%EA%B8%88%EA%B4%80%20%EC%84%9C%EC%9A%B8%ED%8A%B9%EB%B3%84%EC%8B%9C%20%EC%9A%A9%EC%82%B0%EA%B5%AC%20%EC%84%9C%EB%B9%99%EA%B3%A0%EB%A1%9C%20137%28%EC%9A%A9%EC%82%B0%EB%8F%996%EA%B0%80%29
강북구	우이동	봉황각	서울특별시 강북구 삼양로173길 107-12(우이동)	유형문화유산	37.660342	127.006167	https://map.naver.com/p/search/%EB%B4%89%ED%99%A9%EA%B0%81%20%EC%84%9C%EC%9A%B8%ED%8A%B9%EB%B3%84%EC%8B%9C%20%EA%B0%95%EB%B6%81%EA%B5%AC%20%EC%82%BC%EC%96%91%EB%A1%9C173%EA%B8%B8%20107-12%28%EC%9A%B0%EC%9D%B4%EB%8F%99%29
관악구	봉천동	낙성대 삼층석탑	서울특별시 관악구 낙성대로 77(봉천동)	유형문화유산	37.4711232234	126.960457276	https://map.naver.com/p/search/%EB%82%99%EC%84%B1%EB%8C%80%20%EC%82%BC%EC%B8%B5%EC%84%9D%ED%83%91%20%EC%84%9C%EC%9A%B8%ED%8A%B9%EB%B3%84%EC%8B%9C%20%EA%B4%80%EC%95%85%EA%B5%AC%20%EB%82%99%EC%84%B1%EB%8C%80%EB%A1%9C%2077%28%EB%B4%89%EC%B2%9C%EB%8F%99%29
종로구	숭인동	청룡사 지장시왕도	서울특별시 종로구 동망산길 65(숭인동)	유형문화유산	37.5798687	127.016746	https://map.naver.com/p/search/%EC%B2%AD%EB%A3%A1%EC%82%AC%20%EC%A7%80%EC%9E%A5%EC%8B%9C%EC%99%95%EB%8F%84%20%EC%84%9C%EC%9A%B8%ED%8A%B9%EB%B3%84%EC%8B%9C%20%EC%A2%85%EB%A1%9C%EA%B5%AC%20%EB%8F%99%EB%A7%9D%EC%82%B0%EA%B8%B8%2065%28%EC%88%AD%EC%9D%B8%EB%8F%99%29
종로구	숭인동	청룡사 칠성도	서울특별시 종로구 동망산길 65(숭인동)	유형문화유산	37.5798687	127.016746	https://map.naver.com/p/search/%EC%B2%AD%EB%A3%A1%EC%82%AC%20%EC%B9%A0%EC%84%B1%EB%8F%84%20%EC%84%9C%EC%9A%B8%ED%8A%B9%EB%B3%84%EC%8B%9C%20%EC%A2%85%EB%A1%9C%EA%B5%AC%20%EB%8F%99%EB%A7%9D%EC%82%B0%EA%B8%B8%2065%28%EC%88%AD%EC%9D%B8%EB%8F%99%29
종로구	숭인동	청룡사 현왕도	서울특별시 종로구 동망산길 65(숭인동)	유형문화유산	37.5798687	127.016746	https://map.naver.com/p/search/%EC%B2%AD%EB%A3%A1%EC%82%AC%20%ED%98%84%EC%99%95%EB%8F%84%20%EC%84%9C%EC%9A%B8%ED%8A%B9%EB%B3%84%EC%8B%9C%20%EC%A2%85%EB%A1%9C%EA%B5%AC%20%EB%8F%99%EB%A7%9D%EC%82%B0%EA%B8%B8%2065%28%EC%88%AD%EC%9D%B8%EB%8F%99%29
종로구	숭인동	청룡사 감로도	서울특별시 종로구 동망산길 65(숭인동)	유형문화유산	37.5798687	127.016746	https://map.naver.com/p/search/%EC%B2%AD%EB%A3%A1%EC%82%AC%20%EA%B0%90%EB%A1%9C%EB%8F%84%20%EC%84%9C%EC%9A%B8%ED%8A%B9%EB%B3%84%EC%8B%9C%20%EC%A2%85%EB%A1%9C%EA%B5%AC%20%EB%8F%99%EB%A7%9D%EC%82%B0%EA%B8%B8%2065%28%EC%88%AD%EC%9D%B8%EB%8F%99%29
종로구	숭인동	청룡사 가사도	서울특별시 종로구 동망산길 65(숭인동)	유형문화유산	37.5798687	127.016746	https://map.naver.com/p/search/%EC%B2%AD%EB%A3%A1%EC%82%AC%20%EA%B0%80%EC%82%AC%EB%8F%84%20%EC%84%9C%EC%9A%B8%ED%8A%B9%EB%B3%84%EC%8B%9C%20%EC%A2%85%EB%A1%9C%EA%B5%AC%20%EB%8F%99%EB%A7%9D%EC%82%B0%EA%B8%B8%2065%28%EC%88%AD%EC%9D%B8%EB%8F%99%29
종로구	숭인동	청룡사 신중도	서울특별시 종로구 동망산길 65(숭인동)	유형문화유산	37.5798687	127.016746	https://map.naver.com/p/search/%EC%B2%AD%EB%A3%A1%EC%82%AC%20%EC%8B%A0%EC%A4%91%EB%8F%84%20%EC%84%9C%EC%9A%B8%ED%8A%B9%EB%B3%84%EC%8B%9C%20%EC%A2%85%EB%A1%9C%EA%B5%AC%20%EB%8F%99%EB%A7%9D%EC%82%B0%EA%B8%B8%2065%28%EC%88%AD%EC%9D%B8%EB%8F%99%29
종로구	숭인동	청룡사 석 삼불상	서울특별시 종로구 동망산길 65(숭인동)	유형문화유산	37.5798687	127.016746	https://map.naver.com/p/search/%EC%B2%AD%EB%A3%A1%EC%82%AC%20%EC%84%9D%20%EC%82%BC%EB%B6%88%EC%83%81%20%EC%84%9C%EC%9A%B8%ED%8A%B9%EB%B3%84%EC%8B%9C%20%EC%A2%85%EB%A1%9C%EA%B5%AC%20%EB%8F%99%EB%A7%9D%EC%82%B0%EA%B8%B8%2065%28%EC%88%AD%EC%9D%B8%EB%8F%99%29
서초구	방배동	목우자 수심결?법어	서울특별시 서초구 방배로16길 20(방배동, 삼성아트빌) 201호	유형문화유산	37.4847153	126.996937	https://map.naver.com/p/search/%EB%AA%A9%EC%9A%B0%EC%9E%90%20%EC%88%98%EC%8B%AC%EA%B2%B0%3F%EB%B2%95%EC%96%B4%20%EC%84%9C%EC%9A%B8%ED%8A%B9%EB%B3%84%EC%8B%9C%20%EC%84%9C%EC%B4%88%EA%B5%AC%20%EB%B0%A9%EB%B0%B0%EB%A1%9C16%EA%B8%B8%2020%28%EB%B0%A9%EB%B0%B0%EB%8F%99%2C%20%EC%82%BC%EC%84%B1%EC%95%84%ED%8A%B8%EB%B9%8C%29%20201%ED%98%B8
관악구	신림동	금동석장 머리장식	서울특별시 관악구 남부순환로152길 53(신림동)	유형문화유산	37.4810717	126.9183525	https://map.naver.com/p/search/%EA%B8%88%EB%8F%99%EC%84%9D%EC%9E%A5%20%EB%A8%B8%EB%A6%AC%EC%9E%A5%EC%8B%9D%20%EC%84%9C%EC%9A%B8%ED%8A%B9%EB%B3%84%EC%8B%9C%20%EA%B4%80%EC%95%85%EA%B5%AC%20%EB%82%A8%EB%B6%80%EC%88%9C%ED%99%98%EB%A1%9C152%EA%B8%B8%2053%28%EC%8B%A0%EB%A6%BC%EB%8F%99%29
노원구	덕릉로129가|상계동	학림사 삼신불괘불도	서울특별시 노원구 덕릉로129가길 241(상계동)	유형문화유산	37.682365	127.077431	https://map.naver.com/p/search/%ED%95%99%EB%A6%BC%EC%82%AC%20%EC%82%BC%EC%8B%A0%EB%B6%88%EA%B4%98%EB%B6%88%EB%8F%84%20%EC%84%9C%EC%9A%B8%ED%8A%B9%EB%B3%84%EC%8B%9C%20%EB%85%B8%EC%9B%90%EA%B5%AC%20%EB%8D%95%EB%A6%89%EB%A1%9C129%EA%B0%80%EA%B8%B8%20241%28%EC%83%81%EA%B3%84%EB%8F%99%29
성북구	안암동5가	개운사 감로도	서울특별시 성북구 개운사길 73(안암동5가)	유형문화유산	37.5896164	127.0290431	https://map.naver.com/p/search/%EA%B0%9C%EC%9A%B4%EC%82%AC%20%EA%B0%90%EB%A1%9C%EB%8F%84%20%EC%84%9C%EC%9A%B8%ED%8A%B9%EB%B3%84%EC%8B%9C%20%EC%84%B1%EB%B6%81%EA%B5%AC%20%EA%B0%9C%EC%9A%B4%EC%82%AC%EA%B8%B8%2073%28%EC%95%88%EC%95%94%EB%8F%995%EA%B0%80%29
성북구	안암동5가	개운사 신중도	서울특별시 성북구 개운사길 73(안암동5가)	유형문화유산	37.5896164	127.0290431	https://map.naver.com/p/search/%EA%B0%9C%EC%9A%B4%EC%82%AC%20%EC%8B%A0%EC%A4%91%EB%8F%84%20%EC%84%9C%EC%9A%B8%ED%8A%B9%EB%B3%84%EC%8B%9C%20%EC%84%B1%EB%B6%81%EA%B5%AC%20%EA%B0%9C%EC%9A%B4%EC%82%AC%EA%B8%B8%2073%28%EC%95%88%EC%95%94%EB%8F%995%EA%B0%80%29
성북구	안암동5가	개운사 팔상도	서울특별시 성북구 개운사길 73(안암동5가)	유형문화유산	37.5896164	127.0290431	https://map.naver.com/p/search/%EA%B0%9C%EC%9A%B4%EC%82%AC%20%ED%8C%94%EC%83%81%EB%8F%84%20%EC%84%9C%EC%9A%B8%ED%8A%B9%EB%B3%84%EC%8B%9C%20%EC%84%B1%EB%B6%81%EA%B5%AC%20%EA%B0%9C%EC%9A%B4%EC%82%AC%EA%B8%B8%2073%28%EC%95%88%EC%95%94%EB%8F%995%EA%B0%80%29
성북구	안암동5가	개운사 지장시왕도	서울특별시 성북구 개운사길 73(안암동5가)	유형문화유산	37.5896164	127.0290431	https://map.naver.com/p/search/%EA%B0%9C%EC%9A%B4%EC%82%AC%20%EC%A7%80%EC%9E%A5%EC%8B%9C%EC%99%95%EB%8F%84%20%EC%84%9C%EC%9A%B8%ED%8A%B9%EB%B3%84%EC%8B%9C%20%EC%84%B1%EB%B6%81%EA%B5%AC%20%EA%B0%9C%EC%9A%B4%EC%82%AC%EA%B8%B8%2073%28%EC%95%88%EC%95%94%EB%8F%995%EA%B0%80%29
서대문구	홍제동	환희사 목불좌상(아미타불)	서울특별시 서대문구 통일로34길 72-27(홍제동)	유형문화유산	37.5876183	126.9554217	https://map.naver.com/p/search/%ED%99%98%ED%9D%AC%EC%82%AC%20%EB%AA%A9%EB%B6%88%EC%A2%8C%EC%83%81%28%EC%95%84%EB%AF%B8%ED%83%80%EB%B6%88%29%20%EC%84%9C%EC%9A%B8%ED%8A%B9%EB%B3%84%EC%8B%9C%20%EC%84%9C%EB%8C%80%EB%AC%B8%EA%B5%AC%20%ED%86%B5%EC%9D%BC%EB%A1%9C34%EA%B8%B8%2072-27%28%ED%99%8D%EC%A0%9C%EB%8F%99%29
서대문구	홍제동	환희사 석불입상	서울특별시 서대문구 통일로34길 72-27(홍제동)	유형문화유산	37.5876183	126.9554217	https://map.naver.com/p/search/%ED%99%98%ED%9D%AC%EC%82%AC%20%EC%84%9D%EB%B6%88%EC%9E%85%EC%83%81%20%EC%84%9C%EC%9A%B8%ED%8A%B9%EB%B3%84%EC%8B%9C%20%EC%84%9C%EB%8C%80%EB%AC%B8%EA%B5%AC%20%ED%86%B5%EC%9D%BC%EB%A1%9C34%EA%B8%B8%2072-27%28%ED%99%8D%EC%A0%9C%EB%8F%99%29
관악구	신림동	청동 종	서울특별시 관악구 남부순환로152길 53(신림동)	유형문화유산	37.4810717	126.9183525	https://map.naver.com/p/search/%EC%B2%AD%EB%8F%99%20%EC%A2%85%20%EC%84%9C%EC%9A%B8%ED%8A%B9%EB%B3%84%EC%8B%9C%20%EA%B4%80%EC%95%85%EA%B5%AC%20%EB%82%A8%EB%B6%80%EC%88%9C%ED%99%98%EB%A1%9C152%EA%B8%B8%2053%28%EC%8B%A0%EB%A6%BC%EB%8F%99%29
종로구	평창동	청동 종	서울특별시 종로구 평창8길 3(평창동)	유형문화유산	37.6046339	126.9659552	https://map.naver.com/p/search/%EC%B2%AD%EB%8F%99%20%EC%A2%85%20%EC%84%9C%EC%9A%B8%ED%8A%B9%EB%B3%84%EC%8B%9C%20%EC%A2%85%EB%A1%9C%EA%B5%AC%20%ED%8F%89%EC%B0%BD8%EA%B8%B8%203%28%ED%8F%89%EC%B0%BD%EB%8F%99%29
종로구	신문로2가	류순정 영정	서울특별시 종로구 새문안로 55(신문로2가)	유형문화유산	37.570143	126.970438	https://map.naver.com/p/search/%EB%A5%98%EC%88%9C%EC%A0%95%20%EC%98%81%EC%A0%95%20%EC%84%9C%EC%9A%B8%ED%8A%B9%EB%B3%84%EC%8B%9C%20%EC%A2%85%EB%A1%9C%EA%B5%AC%20%EC%83%88%EB%AC%B8%EC%95%88%EB%A1%9C%2055%28%EC%8B%A0%EB%AC%B8%EB%A1%9C2%EA%B0%80%29
서대문구	신촌동	성변등록	서울특별시 서대문구 연세로 50(신촌동)	유형문화유산	37.5655342	126.9384179	https://map.naver.com/p/search/%EC%84%B1%EB%B3%80%EB%93%B1%EB%A1%9D%20%EC%84%9C%EC%9A%B8%ED%8A%B9%EB%B3%84%EC%8B%9C%20%EC%84%9C%EB%8C%80%EB%AC%B8%EA%B5%AC%20%EC%97%B0%EC%84%B8%EB%A1%9C%2050%28%EC%8B%A0%EC%B4%8C%EB%8F%99%29
강북구	수유동	화계사 대웅전	서울특별시 강북구 화계사길 117(수유동)	유형문화유산	37.6326773095	127.007057759	https://map.naver.com/p/search/%ED%99%94%EA%B3%84%EC%82%AC%20%EB%8C%80%EC%9B%85%EC%A0%84%20%EC%84%9C%EC%9A%B8%ED%8A%B9%EB%B3%84%EC%8B%9C%20%EA%B0%95%EB%B6%81%EA%B5%AC%20%ED%99%94%EA%B3%84%EC%82%AC%EA%B8%B8%20117%28%EC%88%98%EC%9C%A0%EB%8F%99%29
성북구	돈암동	흥천사 극락보전	서울특별시 성북구 흥천사길 29(돈암동)	유형문화유산	37.5980719795	127.009084783	https://map.naver.com/p/search/%ED%9D%A5%EC%B2%9C%EC%82%AC%20%EA%B7%B9%EB%9D%BD%EB%B3%B4%EC%A0%84%20%EC%84%9C%EC%9A%B8%ED%8A%B9%EB%B3%84%EC%8B%9C%20%EC%84%B1%EB%B6%81%EA%B5%AC%20%ED%9D%A5%EC%B2%9C%EC%82%AC%EA%B8%B8%2029%28%EB%8F%88%EC%95%94%EB%8F%99%29
성북구	성북동	석 비로자나불좌상	서울특별시 성북구 성북로 102-11(성북동)	유형문화유산	37.5935027431	126.99707076	https://map.naver.com/p/search/%EC%84%9D%20%EB%B9%84%EB%A1%9C%EC%9E%90%EB%82%98%EB%B6%88%EC%A2%8C%EC%83%81%20%EC%84%9C%EC%9A%B8%ED%8A%B9%EB%B3%84%EC%8B%9C%20%EC%84%B1%EB%B6%81%EA%B5%AC%20%EC%84%B1%EB%B6%81%EB%A1%9C%20102-11%28%EC%84%B1%EB%B6%81%EB%8F%99%29
종로구	신교동	선희궁 터	서울특별시 종로구 필운대로 103(신교동)	유형문화유산	37.5847089284	126.968527967	https://map.naver.com/p/search/%EC%84%A0%ED%9D%AC%EA%B6%81%20%ED%84%B0%20%EC%84%9C%EC%9A%B8%ED%8A%B9%EB%B3%84%EC%8B%9C%20%EC%A2%85%EB%A1%9C%EA%B5%AC%20%ED%95%84%EC%9A%B4%EB%8C%80%EB%A1%9C%20103%28%EC%8B%A0%EA%B5%90%EB%8F%99%29
강북구	우이동	도선사 마애불입상	서울특별시 강북구 도선사길 278(우이동)	유형문화유산	37.6549487904	126.989357247	https://map.naver.com/p/search/%EB%8F%84%EC%84%A0%EC%82%AC%20%EB%A7%88%EC%95%A0%EB%B6%88%EC%9E%85%EC%83%81%20%EC%84%9C%EC%9A%B8%ED%8A%B9%EB%B3%84%EC%8B%9C%20%EA%B0%95%EB%B6%81%EA%B5%AC%20%EB%8F%84%EC%84%A0%EC%82%AC%EA%B8%B8%20278%28%EC%9A%B0%EC%9D%B4%EB%8F%99%29
중구	정동	성공회 서울성당	서울특별시 중구 세종대로21길 15(정동)	유형문화유산	37.5670398867	126.975995261	https://map.naver.com/p/search/%EC%84%B1%EA%B3%B5%ED%9A%8C%20%EC%84%9C%EC%9A%B8%EC%84%B1%EB%8B%B9%20%EC%84%9C%EC%9A%B8%ED%8A%B9%EB%B3%84%EC%8B%9C%20%EC%A4%91%EA%B5%AC%20%EC%84%B8%EC%A2%85%EB%8C%80%EB%A1%9C21%EA%B8%B8%2015%28%EC%A0%95%EB%8F%99%29
성북구	삼선동1가	삼군부 총무당	서울특별시 성북구 삼선교로4길 147(삼선동1가)	유형문화유산	37.5827442707	127.00888269	https://map.naver.com/p/search/%EC%82%BC%EA%B5%B0%EB%B6%80%20%EC%B4%9D%EB%AC%B4%EB%8B%B9%20%EC%84%9C%EC%9A%B8%ED%8A%B9%EB%B3%84%EC%8B%9C%20%EC%84%B1%EB%B6%81%EA%B5%AC%20%EC%82%BC%EC%84%A0%EA%B5%90%EB%A1%9C4%EA%B8%B8%20147%28%EC%82%BC%EC%84%A0%EB%8F%991%EA%B0%80%29
은평구	진관동	금암기적비	서울 은평구 진관동 45-5	유형문화유산	37.6442773378	126.918251087	https://map.naver.com/p/search/%EA%B8%88%EC%95%94%EA%B8%B0%EC%A0%81%EB%B9%84%20%EC%84%9C%EC%9A%B8%20%EC%9D%80%ED%8F%89%EA%B5%AC%20%EC%A7%84%EA%B4%80%EB%8F%99%2045-5
강서구	개화동	약사사 삼층석탑	서울특별시 강서구 개화동 322-2	유형문화유산	37.5832551956	126.805625918	https://map.naver.com/p/search/%EC%95%BD%EC%82%AC%EC%82%AC%20%EC%82%BC%EC%B8%B5%EC%84%9D%ED%83%91%20%EC%84%9C%EC%9A%B8%ED%8A%B9%EB%B3%84%EC%8B%9C%20%EA%B0%95%EC%84%9C%EA%B5%AC%20%EA%B0%9C%ED%99%94%EB%8F%99%20322-2
강서구	개화동	약사사 석불입상	서울특별시 강서구 개화동 322-2번지	유형문화유산	37.5831402404	126.805261145	https://map.naver.com/p/search/%EC%95%BD%EC%82%AC%EC%82%AC%20%EC%84%9D%EB%B6%88%EC%9E%85%EC%83%81%20%EC%84%9C%EC%9A%B8%ED%8A%B9%EB%B3%84%EC%8B%9C%20%EA%B0%95%EC%84%9C%EA%B5%AC%20%EA%B0%9C%ED%99%94%EB%8F%99%20322-2%EB%B2%88%EC%A7%80
서대문구	북가좌동	화산군 이연 신도비	서울특별시 서대문구 증가로23다길 26-5(북가좌동)	유형문화유산	37.5782082468	126.914053629	https://map.naver.com/p/search/%ED%99%94%EC%82%B0%EA%B5%B0%20%EC%9D%B4%EC%97%B0%20%EC%8B%A0%EB%8F%84%EB%B9%84%20%EC%84%9C%EC%9A%B8%ED%8A%B9%EB%B3%84%EC%8B%9C%20%EC%84%9C%EB%8C%80%EB%AC%B8%EA%B5%AC%20%EC%A6%9D%EA%B0%80%EB%A1%9C23%EB%8B%A4%EA%B8%B8%2026-5%28%EB%B6%81%EA%B0%80%EC%A2%8C%EB%8F%99%29
동대문구	청량리동	구영릉 석물	서울특별시 동대문구 청량리동 204-38, 산1-157	유형문화유산	37.590237	127.043633	https://map.naver.com/p/search/%EA%B5%AC%EC%98%81%EB%A6%89%20%EC%84%9D%EB%AC%BC%20%EC%84%9C%EC%9A%B8%ED%8A%B9%EB%B3%84%EC%8B%9C%20%EB%8F%99%EB%8C%80%EB%AC%B8%EA%B5%AC%20%EC%B2%AD%EB%9F%89%EB%A6%AC%EB%8F%99%20204-38%2C%20%EC%82%B01-157
노원구	공릉동	연령군 이훤 신도비	서울특별시 노원구 화랑로 574(공릉동)	유형문화유산	37.621757	127.100778	https://map.naver.com/p/search/%EC%97%B0%EB%A0%B9%EA%B5%B0%20%EC%9D%B4%ED%9B%A4%20%EC%8B%A0%EB%8F%84%EB%B9%84%20%EC%84%9C%EC%9A%B8%ED%8A%B9%EB%B3%84%EC%8B%9C%20%EB%85%B8%EC%9B%90%EA%B5%AC%20%ED%99%94%EB%9E%91%EB%A1%9C%20574%28%EA%B3%B5%EB%A6%89%EB%8F%99%29
강남구	수서동	전주 이씨 광평대군파 묘역	서울특별시 강남구 광평로31길 20 (수서동, 산10-6, 산10-8, 산10-9, 산10	유형문화유산	37.487937	127.093314	https://map.naver.com/p/search/%EC%A0%84%EC%A3%BC%20%EC%9D%B4%EC%94%A8%20%EA%B4%91%ED%8F%89%EB%8C%80%EA%B5%B0%ED%8C%8C%20%EB%AC%98%EC%97%AD%20%EC%84%9C%EC%9A%B8%ED%8A%B9%EB%B3%84%EC%8B%9C%20%EA%B0%95%EB%82%A8%EA%B5%AC%20%EA%B4%91%ED%8F%89%EB%A1%9C31%EA%B8%B8%2020%20%28%EC%88%98%EC%84%9C%EB%8F%99%2C%20%EC%82%B010-6%2C%20%EC%82%B010-8%2C%20%EC%82%B010-9%2C%20%EC%82%B010
중랑구	상봉동	보현정사 석조여래좌상	서울특별시 중랑구 봉화산로45길 9-31 (상봉동) 보현정사	문화유산자료	37.6053764	127.0888447	https://map.naver.com/p/search/%EB%B3%B4%ED%98%84%EC%A0%95%EC%82%AC%20%EC%84%9D%EC%A1%B0%EC%97%AC%EB%9E%98%EC%A2%8C%EC%83%81%20%EC%84%9C%EC%9A%B8%ED%8A%B9%EB%B3%84%EC%8B%9C%20%EC%A4%91%EB%9E%91%EA%B5%AC%20%EB%B4%89%ED%99%94%EC%82%B0%EB%A1%9C45%EA%B8%B8%209-31%20%28%EC%83%81%EB%B4%89%EB%8F%99%29%20%EB%B3%B4%ED%98%84%EC%A0%95%EC%82%AC
관악구	봉천동	봉천동 마애미륵불좌상	서울특별시 관악구 봉천동 산 4-9	유형문화유산	37.4620594546	126.968700833	https://map.naver.com/p/search/%EB%B4%89%EC%B2%9C%EB%8F%99%20%EB%A7%88%EC%95%A0%EB%AF%B8%EB%A5%B5%EB%B6%88%EC%A2%8C%EC%83%81%20%EC%84%9C%EC%9A%B8%ED%8A%B9%EB%B3%84%EC%8B%9C%20%EA%B4%80%EC%95%85%EA%B5%AC%20%EB%B4%89%EC%B2%9C%EB%8F%99%20%EC%82%B0%204-9
도봉구	방학동	양효공 안맹담과 정의공주 묘역	서울특별시 도봉구 방학로 252-19(방학동)	유형문화유산	37.6620218593	127.023954679	https://map.naver.com/p/search/%EC%96%91%ED%9A%A8%EA%B3%B5%20%EC%95%88%EB%A7%B9%EB%8B%B4%EA%B3%BC%20%EC%A0%95%EC%9D%98%EA%B3%B5%EC%A3%BC%20%EB%AC%98%EC%97%AD%20%EC%84%9C%EC%9A%B8%ED%8A%B9%EB%B3%84%EC%8B%9C%20%EB%8F%84%EB%B4%89%EA%B5%AC%20%EB%B0%A9%ED%95%99%EB%A1%9C%20252-19%28%EB%B0%A9%ED%95%99%EB%8F%99%29
강남구		봉은사 생전예수재	서울특별시 강남구	국가무형유산	37.517305	127.047502	https://map.naver.com/p/search/%EB%B4%89%EC%9D%80%EC%82%AC%20%EC%83%9D%EC%A0%84%EC%98%88%EC%88%98%EC%9E%AC%20%EC%84%9C%EC%9A%B8%ED%8A%B9%EB%B3%84%EC%8B%9C%20%EA%B0%95%EB%82%A8%EA%B5%AC
송파구	방이동	충헌공 김구 묘역	서울특별시 송파구 올림픽로 424(방이동)	유형문화유산	37.521216	127.121444	https://map.naver.com/p/search/%EC%B6%A9%ED%97%8C%EA%B3%B5%20%EA%B9%80%EA%B5%AC%20%EB%AC%98%EC%97%AD%20%EC%84%9C%EC%9A%B8%ED%8A%B9%EB%B3%84%EC%8B%9C%20%EC%86%A1%ED%8C%8C%EA%B5%AC%20%EC%98%AC%EB%A6%BC%ED%94%BD%EB%A1%9C%20424%28%EB%B0%A9%EC%9D%B4%EB%8F%99%29
서초구	방배동	성안공 상진 묘역	서울특별시 서초구 명달로 45(방배동)	유형문화유산	37.4809391456	127.00389123	https://map.naver.com/p/search/%EC%84%B1%EC%95%88%EA%B3%B5%20%EC%83%81%EC%A7%84%20%EB%AC%98%EC%97%AD%20%EC%84%9C%EC%9A%B8%ED%8A%B9%EB%B3%84%EC%8B%9C%20%EC%84%9C%EC%B4%88%EA%B5%AC%20%EB%AA%85%EB%8B%AC%EB%A1%9C%2045%28%EB%B0%A9%EB%B0%B0%EB%8F%99%29
동작구	사당동	동래 정씨 임당공파 묘역	서울특별시 동작구 솔밭로 83(사당동)	유형문화유산	37.483592	126.965586	https://map.naver.com/p/search/%EB%8F%99%EB%9E%98%20%EC%A0%95%EC%94%A8%20%EC%9E%84%EB%8B%B9%EA%B3%B5%ED%8C%8C%20%EB%AC%98%EC%97%AD%20%EC%84%9C%EC%9A%B8%ED%8A%B9%EB%B3%84%EC%8B%9C%20%EB%8F%99%EC%9E%91%EA%B5%AC%20%EC%86%94%EB%B0%AD%EB%A1%9C%2083%28%EC%82%AC%EB%8B%B9%EB%8F%99%29
종로구	삼청동	기기국 번사창	서울특별시 종로구 삼청로 118(삼청동)	유형문화유산	37.5866166384	126.982772866	https://map.naver.com/p/search/%EA%B8%B0%EA%B8%B0%EA%B5%AD%20%EB%B2%88%EC%82%AC%EC%B0%BD%20%EC%84%9C%EC%9A%B8%ED%8A%B9%EB%B3%84%EC%8B%9C%20%EC%A2%85%EB%A1%9C%EA%B5%AC%20%EC%82%BC%EC%B2%AD%EB%A1%9C%20118%28%EC%82%BC%EC%B2%AD%EB%8F%99%29
동작구	동작동	창빈 안씨 묘역	서울특별시 동작구 동작동 299-10 국립현충원	유형문화유산	37.4969127566	126.970326852	https://map.naver.com/p/search/%EC%B0%BD%EB%B9%88%20%EC%95%88%EC%94%A8%20%EB%AC%98%EC%97%AD%20%EC%84%9C%EC%9A%B8%ED%8A%B9%EB%B3%84%EC%8B%9C%20%EB%8F%99%EC%9E%91%EA%B5%AC%20%EB%8F%99%EC%9E%91%EB%8F%99%20299-10%20%EA%B5%AD%EB%A6%BD%ED%98%84%EC%B6%A9%EC%9B%90
노원구	월계동	정간공 이명 묘역	서울특별시 노원구 초안산로7길 44 (월계동),산766	유형문화유산	37.6352920417	127.050219537	https://map.naver.com/p/search/%EC%A0%95%EA%B0%84%EA%B3%B5%20%EC%9D%B4%EB%AA%85%20%EB%AC%98%EC%97%AD%20%EC%84%9C%EC%9A%B8%ED%8A%B9%EB%B3%84%EC%8B%9C%20%EB%85%B8%EC%9B%90%EA%B5%AC%20%EC%B4%88%EC%95%88%EC%82%B0%EB%A1%9C7%EA%B8%B8%2044%20%28%EC%9B%94%EA%B3%84%EB%8F%99%29%2C%EC%82%B0766
종로구	훈정동	종묘 어정	서울특별시 종로구 종로 157 (훈정동, 종묘공원),훈정동62	유형문화유산	37.5713988141	126.995150447	https://map.naver.com/p/search/%EC%A2%85%EB%AC%98%20%EC%96%B4%EC%A0%95%20%EC%84%9C%EC%9A%B8%ED%8A%B9%EB%B3%84%EC%8B%9C%20%EC%A2%85%EB%A1%9C%EA%B5%AC%20%EC%A2%85%EB%A1%9C%20157%20%28%ED%9B%88%EC%A0%95%EB%8F%99%2C%20%EC%A2%85%EB%AC%98%EA%B3%B5%EC%9B%90%29%2C%ED%9B%88%EC%A0%95%EB%8F%9962
종로구	명륜1가	우암 송시열 집터	서울특별시 종로구 성균관로17길 37(명륜1가, 방산빌라)	유형문화유산	37.5907099563	126.997047506	https://map.naver.com/p/search/%EC%9A%B0%EC%95%94%20%EC%86%A1%EC%8B%9C%EC%97%B4%20%EC%A7%91%ED%84%B0%20%EC%84%9C%EC%9A%B8%ED%8A%B9%EB%B3%84%EC%8B%9C%20%EC%A2%85%EB%A1%9C%EA%B5%AC%20%EC%84%B1%EA%B7%A0%EA%B4%80%EB%A1%9C17%EA%B8%B8%2037%28%EB%AA%85%EB%A5%9C1%EA%B0%80%2C%20%EB%B0%A9%EC%82%B0%EB%B9%8C%EB%9D%BC%29
서초구	반포동	대한국ㆍ대청국통상조약(한문)	서울특별시 서초구 반포대로 201(반포동)	유형문화유산	37.49743	127.003102	https://map.naver.com/p/search/%EB%8C%80%ED%95%9C%EA%B5%AD%E3%86%8D%EB%8C%80%EC%B2%AD%EA%B5%AD%ED%86%B5%EC%83%81%EC%A1%B0%EC%95%BD%28%ED%95%9C%EB%AC%B8%29%20%EC%84%9C%EC%9A%B8%ED%8A%B9%EB%B3%84%EC%8B%9C%20%EC%84%9C%EC%B4%88%EA%B5%AC%20%EB%B0%98%ED%8F%AC%EB%8C%80%EB%A1%9C%20201%28%EB%B0%98%ED%8F%AC%EB%8F%99%29
서초구	반포동	대조선국ㆍ대법민주국 통상조약(한문)	서울특별시 서초구 반포대로 201(반포동)	유형문화유산	37.49743	127.003102	https://map.naver.com/p/search/%EB%8C%80%EC%A1%B0%EC%84%A0%EA%B5%AD%E3%86%8D%EB%8C%80%EB%B2%95%EB%AF%BC%EC%A3%BC%EA%B5%AD%20%ED%86%B5%EC%83%81%EC%A1%B0%EC%95%BD%28%ED%95%9C%EB%AC%B8%29%20%EC%84%9C%EC%9A%B8%ED%8A%B9%EB%B3%84%EC%8B%9C%20%EC%84%9C%EC%B4%88%EA%B5%AC%20%EB%B0%98%ED%8F%AC%EB%8C%80%EB%A1%9C%20201%28%EB%B0%98%ED%8F%AC%EB%8F%99%29
동작구	동작동	지장사 괘불도	서울특별시 동작구 현충로 210(동작동)	유형문화유산	37.4992854	126.970988	https://map.naver.com/p/search/%EC%A7%80%EC%9E%A5%EC%82%AC%20%EA%B4%98%EB%B6%88%EB%8F%84%20%EC%84%9C%EC%9A%B8%ED%8A%B9%EB%B3%84%EC%8B%9C%20%EB%8F%99%EC%9E%91%EA%B5%AC%20%ED%98%84%EC%B6%A9%EB%A1%9C%20210%28%EB%8F%99%EC%9E%91%EB%8F%99%29
동작구	동작동	지장사 산신도	서울특별시 동작구 현충로 210(동작동)	문화유산자료	37.4992854	126.970988	https://map.naver.com/p/search/%EC%A7%80%EC%9E%A5%EC%82%AC%20%EC%82%B0%EC%8B%A0%EB%8F%84%20%EC%84%9C%EC%9A%B8%ED%8A%B9%EB%B3%84%EC%8B%9C%20%EB%8F%99%EC%9E%91%EA%B5%AC%20%ED%98%84%EC%B6%A9%EB%A1%9C%20210%28%EB%8F%99%EC%9E%91%EB%8F%99%29
금천구	시흥동	호압사 석불좌상(약사불)	서울특별시 금천구 호암로 278(시흥동)	유형문화유산	37.4525077	126.9255307	https://map.naver.com/p/search/%ED%98%B8%EC%95%95%EC%82%AC%20%EC%84%9D%EB%B6%88%EC%A2%8C%EC%83%81%28%EC%95%BD%EC%82%AC%EB%B6%88%29%20%EC%84%9C%EC%9A%B8%ED%8A%B9%EB%B3%84%EC%8B%9C%20%EA%B8%88%EC%B2%9C%EA%B5%AC%20%ED%98%B8%EC%95%94%EB%A1%9C%20278%28%EC%8B%9C%ED%9D%A5%EB%8F%99%29
종로구	필운동	백사 이항복 집터(필운대)	서울 종로구 필운동 산1-2번지	문화유산자료	37.578284046	126.966276044	https://map.naver.com/p/search/%EB%B0%B1%EC%82%AC%20%EC%9D%B4%ED%95%AD%EB%B3%B5%20%EC%A7%91%ED%84%B0%28%ED%95%84%EC%9A%B4%EB%8C%80%29%20%EC%84%9C%EC%9A%B8%20%EC%A2%85%EB%A1%9C%EA%B5%AC%20%ED%95%84%EC%9A%B4%EB%8F%99%20%EC%82%B01-2%EB%B2%88%EC%A7%80
은평구	진관동	진관사 석불좌상	서울특별시 은평구 진관길 73 (진관동)	문화유산자료	37.649223	126.930341	https://map.naver.com/p/search/%EC%A7%84%EA%B4%80%EC%82%AC%20%EC%84%9D%EB%B6%88%EC%A2%8C%EC%83%81%20%EC%84%9C%EC%9A%B8%ED%8A%B9%EB%B3%84%EC%8B%9C%20%EC%9D%80%ED%8F%89%EA%B5%AC%20%EC%A7%84%EA%B4%80%EA%B8%B8%2073%20%28%EC%A7%84%EA%B4%80%EB%8F%99%29
은평구	진관동	진관사 소 독성상	서울특별시 은평구 진관길 73 (진관동)	문화유산자료	37.6497956	126.9365172	https://map.naver.com/p/search/%EC%A7%84%EA%B4%80%EC%82%AC%20%EC%86%8C%20%EB%8F%85%EC%84%B1%EC%83%81%20%EC%84%9C%EC%9A%B8%ED%8A%B9%EB%B3%84%EC%8B%9C%20%EC%9D%80%ED%8F%89%EA%B5%AC%20%EC%A7%84%EA%B4%80%EA%B8%B8%2073%20%28%EC%A7%84%EA%B4%80%EB%8F%99%29
은평구	진관동	진관사 독성도	서울특별시 은평구 진관길 73 (진관동)	문화유산자료	37.6497956	126.9365172	https://map.naver.com/p/search/%EC%A7%84%EA%B4%80%EC%82%AC%20%EB%8F%85%EC%84%B1%EB%8F%84%20%EC%84%9C%EC%9A%B8%ED%8A%B9%EB%B3%84%EC%8B%9C%20%EC%9D%80%ED%8F%89%EA%B5%AC%20%EC%A7%84%EA%B4%80%EA%B8%B8%2073%20%28%EC%A7%84%EA%B4%80%EB%8F%99%29
종로구	소격동	종친부 터 우물	서울특별시 종로구 삼청로 30(소격동)	문화유산자료	37.5794245	126.9807756	https://map.naver.com/p/search/%EC%A2%85%EC%B9%9C%EB%B6%80%20%ED%84%B0%20%EC%9A%B0%EB%AC%BC%20%EC%84%9C%EC%9A%B8%ED%8A%B9%EB%B3%84%EC%8B%9C%20%EC%A2%85%EB%A1%9C%EA%B5%AC%20%EC%82%BC%EC%B2%AD%EB%A1%9C%2030%28%EC%86%8C%EA%B2%A9%EB%8F%99%29
종로구	백석동|부암동	응선사 산신도	서울특별시 종로구 백석동길 227(부암동)	문화유산자료	37.5977268	126.9672737	https://map.naver.com/p/search/%EC%9D%91%EC%84%A0%EC%82%AC%20%EC%82%B0%EC%8B%A0%EB%8F%84%20%EC%84%9C%EC%9A%B8%ED%8A%B9%EB%B3%84%EC%8B%9C%20%EC%A2%85%EB%A1%9C%EA%B5%AC%20%EB%B0%B1%EC%84%9D%EB%8F%99%EA%B8%B8%20227%28%EB%B6%80%EC%95%94%EB%8F%99%29
종로구	창신동	안양암 대웅전 신중도	서울특별시 종로구 창신5길 61(창신동)	문화유산자료	37.5754074	127.013337	https://map.naver.com/p/search/%EC%95%88%EC%96%91%EC%95%94%20%EB%8C%80%EC%9B%85%EC%A0%84%20%EC%8B%A0%EC%A4%91%EB%8F%84%20%EC%84%9C%EC%9A%B8%ED%8A%B9%EB%B3%84%EC%8B%9C%20%EC%A2%85%EB%A1%9C%EA%B5%AC%20%EC%B0%BD%EC%8B%A05%EA%B8%B8%2061%28%EC%B0%BD%EC%8B%A0%EB%8F%99%29
종로구	창신동	안양암 지장시왕괘불도	서울특별시 종로구 창신5길 61(창신동)	문화유산자료	37.5754074	127.013337	https://map.naver.com/p/search/%EC%95%88%EC%96%91%EC%95%94%20%EC%A7%80%EC%9E%A5%EC%8B%9C%EC%99%95%EA%B4%98%EB%B6%88%EB%8F%84%20%EC%84%9C%EC%9A%B8%ED%8A%B9%EB%B3%84%EC%8B%9C%20%EC%A2%85%EB%A1%9C%EA%B5%AC%20%EC%B0%BD%EC%8B%A05%EA%B8%B8%2061%28%EC%B0%BD%EC%8B%A0%EB%8F%99%29
종로구	창신동	안양암 지장시왕도	서울특별시 종로구 창신5길 61(창신동)	문화유산자료	37.5729503	126.9793579	https://map.naver.com/p/search/%EC%95%88%EC%96%91%EC%95%94%20%EC%A7%80%EC%9E%A5%EC%8B%9C%EC%99%95%EB%8F%84%20%EC%84%9C%EC%9A%B8%ED%8A%B9%EB%B3%84%EC%8B%9C%20%EC%A2%85%EB%A1%9C%EA%B5%AC%20%EC%B0%BD%EC%8B%A05%EA%B8%B8%2061%28%EC%B0%BD%EC%8B%A0%EB%8F%99%29
종로구	창신동	안양암 명부전 시왕도 및 사자도	서울특별시 종로구 창신5길 61(창신동)	문화유산자료	37.5754074	127.013337	https://map.naver.com/p/search/%EC%95%88%EC%96%91%EC%95%94%20%EB%AA%85%EB%B6%80%EC%A0%84%20%EC%8B%9C%EC%99%95%EB%8F%84%20%EB%B0%8F%20%EC%82%AC%EC%9E%90%EB%8F%84%20%EC%84%9C%EC%9A%B8%ED%8A%B9%EB%B3%84%EC%8B%9C%20%EC%A2%85%EB%A1%9C%EA%B5%AC%20%EC%B0%BD%EC%8B%A05%EA%B8%B8%2061%28%EC%B0%BD%EC%8B%A0%EB%8F%99%29
종로구	창신동	안양암 천오백불전 신중도	서울특별시 종로구 창신5길 61(창신동)	문화유산자료	37.5754074	127.013337	https://map.naver.com/p/search/%EC%95%88%EC%96%91%EC%95%94%20%EC%B2%9C%EC%98%A4%EB%B0%B1%EB%B6%88%EC%A0%84%20%EC%8B%A0%EC%A4%91%EB%8F%84%20%EC%84%9C%EC%9A%B8%ED%8A%B9%EB%B3%84%EC%8B%9C%20%EC%A2%85%EB%A1%9C%EA%B5%AC%20%EC%B0%BD%EC%8B%A05%EA%B8%B8%2061%28%EC%B0%BD%EC%8B%A0%EB%8F%99%29
종로구	창신동	안양암 삼불회도	서울특별시 종로구 창신5길 61(창신동)	문화유산자료	37.5754074	127.013337	https://map.naver.com/p/search/%EC%95%88%EC%96%91%EC%95%94%20%EC%82%BC%EB%B6%88%ED%9A%8C%EB%8F%84%20%EC%84%9C%EC%9A%B8%ED%8A%B9%EB%B3%84%EC%8B%9C%20%EC%A2%85%EB%A1%9C%EA%B5%AC%20%EC%B0%BD%EC%8B%A05%EA%B8%B8%2061%28%EC%B0%BD%EC%8B%A0%EB%8F%99%29
종로구	창신동	안양암 칠성도	서울특별시 종로구 창신5길 61(창신동)	문화유산자료	37.5754074	127.013337	https://map.naver.com/p/search/%EC%95%88%EC%96%91%EC%95%94%20%EC%B9%A0%EC%84%B1%EB%8F%84%20%EC%84%9C%EC%9A%B8%ED%8A%B9%EB%B3%84%EC%8B%9C%20%EC%A2%85%EB%A1%9C%EA%B5%AC%20%EC%B0%BD%EC%8B%A05%EA%B8%B8%2061%28%EC%B0%BD%EC%8B%A0%EB%8F%99%29
종로구	창신동	안양암 지장삼존상 및 시왕상 일괄	서울특별시 종로구 창신5길 61(창신동)	문화유산자료	37.5754074	127.013337	https://map.naver.com/p/search/%EC%95%88%EC%96%91%EC%95%94%20%EC%A7%80%EC%9E%A5%EC%82%BC%EC%A1%B4%EC%83%81%20%EB%B0%8F%20%EC%8B%9C%EC%99%95%EC%83%81%20%EC%9D%BC%EA%B4%84%20%EC%84%9C%EC%9A%B8%ED%8A%B9%EB%B3%84%EC%8B%9C%20%EC%A2%85%EB%A1%9C%EA%B5%AC%20%EC%B0%BD%EC%8B%A05%EA%B8%B8%2061%28%EC%B0%BD%EC%8B%A0%EB%8F%99%29
종로구	창신동	안양암 석 치성광불좌상 및 권속	서울특별시 종로구 창신5길 61(창신동)	문화유산자료	37.5754074	127.013337	https://map.naver.com/p/search/%EC%95%88%EC%96%91%EC%95%94%20%EC%84%9D%20%EC%B9%98%EC%84%B1%EA%B4%91%EB%B6%88%EC%A2%8C%EC%83%81%20%EB%B0%8F%20%EA%B6%8C%EC%86%8D%20%EC%84%9C%EC%9A%B8%ED%8A%B9%EB%B3%84%EC%8B%9C%20%EC%A2%85%EB%A1%9C%EA%B5%AC%20%EC%B0%BD%EC%8B%A05%EA%B8%B8%2061%28%EC%B0%BD%EC%8B%A0%EB%8F%99%29
종로구	창신동	안양암 천오백불전 아미타삼존상	서울특별시 종로구 창신5길 61(창신동)	문화유산자료	37.5754074	127.013337	https://map.naver.com/p/search/%EC%95%88%EC%96%91%EC%95%94%20%EC%B2%9C%EC%98%A4%EB%B0%B1%EB%B6%88%EC%A0%84%20%EC%95%84%EB%AF%B8%ED%83%80%EC%82%BC%EC%A1%B4%EC%83%81%20%EC%84%9C%EC%9A%B8%ED%8A%B9%EB%B3%84%EC%8B%9C%20%EC%A2%85%EB%A1%9C%EA%B5%AC%20%EC%B0%BD%EC%8B%A05%EA%B8%B8%2061%28%EC%B0%BD%EC%8B%A0%EB%8F%99%29
종로구	창신동	안양암 천오백불상	서울특별시 종로구 창신5길 61(창신동)	문화유산자료	37.5754074	127.013337	https://map.naver.com/p/search/%EC%95%88%EC%96%91%EC%95%94%20%EC%B2%9C%EC%98%A4%EB%B0%B1%EB%B6%88%EC%83%81%20%EC%84%9C%EC%9A%B8%ED%8A%B9%EB%B3%84%EC%8B%9C%20%EC%A2%85%EB%A1%9C%EA%B5%AC%20%EC%B0%BD%EC%8B%A05%EA%B8%B8%2061%28%EC%B0%BD%EC%8B%A0%EB%8F%99%29
성북구	돈암동	흥천사 대방광원각수다라요의경판	서울특별시 성북구 흥천사길 29(돈암동)	유형문화유산	37.597961	127.008131	https://map.naver.com/p/search/%ED%9D%A5%EC%B2%9C%EC%82%AC%20%EB%8C%80%EB%B0%A9%EA%B4%91%EC%9B%90%EA%B0%81%EC%88%98%EB%8B%A4%EB%9D%BC%EC%9A%94%EC%9D%98%EA%B2%BD%ED%8C%90%20%EC%84%9C%EC%9A%B8%ED%8A%B9%EB%B3%84%EC%8B%9C%20%EC%84%B1%EB%B6%81%EA%B5%AC%20%ED%9D%A5%EC%B2%9C%EC%82%AC%EA%B8%B8%2029%28%EB%8F%88%EC%95%94%EB%8F%99%29
성북구	돈암동	흥천사 현왕도	서울특별시 성북구 흥천사길 29(돈암동)	유형문화유산	37.597961	127.008131	https://map.naver.com/p/search/%ED%9D%A5%EC%B2%9C%EC%82%AC%20%ED%98%84%EC%99%95%EB%8F%84%20%EC%84%9C%EC%9A%B8%ED%8A%B9%EB%B3%84%EC%8B%9C%20%EC%84%B1%EB%B6%81%EA%B5%AC%20%ED%9D%A5%EC%B2%9C%EC%82%AC%EA%B8%B8%2029%28%EB%8F%88%EC%95%94%EB%8F%99%29
종로구	계동	백상정사 신중도	서울특별시 종로구 계동길 115-6(계동)	유형문화유산	37.582537	126.986402	https://map.naver.com/p/search/%EB%B0%B1%EC%83%81%EC%A0%95%EC%82%AC%20%EC%8B%A0%EC%A4%91%EB%8F%84%20%EC%84%9C%EC%9A%B8%ED%8A%B9%EB%B3%84%EC%8B%9C%20%EC%A2%85%EB%A1%9C%EA%B5%AC%20%EA%B3%84%EB%8F%99%EA%B8%B8%20115-6%28%EA%B3%84%EB%8F%99%29
마포구	상수동	의령남씨가전화첩	서울특별시 마포구 와우산로 94(상수동)	유형문화유산	37.551224	126.92554	https://map.naver.com/p/search/%EC%9D%98%EB%A0%B9%EB%82%A8%EC%94%A8%EA%B0%80%EC%A0%84%ED%99%94%EC%B2%A9%20%EC%84%9C%EC%9A%B8%ED%8A%B9%EB%B3%84%EC%8B%9C%20%EB%A7%88%ED%8F%AC%EA%B5%AC%20%EC%99%80%EC%9A%B0%EC%82%B0%EB%A1%9C%2094%28%EC%83%81%EC%88%98%EB%8F%99%29
노원구	상계동	도안사 은선묘아미타삼존도	서울특별시 노원구 덕릉로145길 99(상계동)	유형문화유산	37.68386	127.085445	https://map.naver.com/p/search/%EB%8F%84%EC%95%88%EC%82%AC%20%EC%9D%80%EC%84%A0%EB%AC%98%EC%95%84%EB%AF%B8%ED%83%80%EC%82%BC%EC%A1%B4%EB%8F%84%20%EC%84%9C%EC%9A%B8%ED%8A%B9%EB%B3%84%EC%8B%9C%20%EB%85%B8%EC%9B%90%EA%B5%AC%20%EB%8D%95%EB%A6%89%EB%A1%9C145%EA%B8%B8%2099%28%EC%83%81%EA%B3%84%EB%8F%99%29
종로구	수송동	백자청화운현명만자문병	서울특별시 종로구 우정국로 45-14(수송동)	유형문화유산	37.573279	126.982135	https://map.naver.com/p/search/%EB%B0%B1%EC%9E%90%EC%B2%AD%ED%99%94%EC%9A%B4%ED%98%84%EB%AA%85%EB%A7%8C%EC%9E%90%EB%AC%B8%EB%B3%91%20%EC%84%9C%EC%9A%B8%ED%8A%B9%EB%B3%84%EC%8B%9C%20%EC%A2%85%EB%A1%9C%EA%B5%AC%20%EC%9A%B0%EC%A0%95%EA%B5%AD%EB%A1%9C%2045-14%28%EC%88%98%EC%86%A1%EB%8F%99%29
강북구	수유동	화계사 목조관음보살좌상 및 복장유물	서울특별시 강북구 화계사길 117(수유동)	유형문화유산	37.632534	127.007109	https://map.naver.com/p/search/%ED%99%94%EA%B3%84%EC%82%AC%20%EB%AA%A9%EC%A1%B0%EA%B4%80%EC%9D%8C%EB%B3%B4%EC%82%B4%EC%A2%8C%EC%83%81%20%EB%B0%8F%20%EB%B3%B5%EC%9E%A5%EC%9C%A0%EB%AC%BC%20%EC%84%9C%EC%9A%B8%ED%8A%B9%EB%B3%84%EC%8B%9C%20%EA%B0%95%EB%B6%81%EA%B5%AC%20%ED%99%94%EA%B3%84%EC%82%AC%EA%B8%B8%20117%28%EC%88%98%EC%9C%A0%EB%8F%99%29
강북구	수유동	화계사 아미타괘불도 및 오여래도	서울특별시 강북구 화계사길 117(수유동)	유형문화유산	37.632534	127.007109	https://map.naver.com/p/search/%ED%99%94%EA%B3%84%EC%82%AC%20%EC%95%84%EB%AF%B8%ED%83%80%EA%B4%98%EB%B6%88%EB%8F%84%20%EB%B0%8F%20%EC%98%A4%EC%97%AC%EB%9E%98%EB%8F%84%20%EC%84%9C%EC%9A%B8%ED%8A%B9%EB%B3%84%EC%8B%9C%20%EA%B0%95%EB%B6%81%EA%B5%AC%20%ED%99%94%EA%B3%84%EC%82%AC%EA%B8%B8%20117%28%EC%88%98%EC%9C%A0%EB%8F%99%29
강북구	수유동	화계사 천수천안관음변상판	서울특별시 강북구 화계사길 117(수유동)	유형문화유산	37.632534	127.007109	https://map.naver.com/p/search/%ED%99%94%EA%B3%84%EC%82%AC%20%EC%B2%9C%EC%88%98%EC%B2%9C%EC%95%88%EA%B4%80%EC%9D%8C%EB%B3%80%EC%83%81%ED%8C%90%20%EC%84%9C%EC%9A%B8%ED%8A%B9%EB%B3%84%EC%8B%9C%20%EA%B0%95%EB%B6%81%EA%B5%AC%20%ED%99%94%EA%B3%84%EC%82%AC%EA%B8%B8%20117%28%EC%88%98%EC%9C%A0%EB%8F%99%29
강북구	수유동	화계사 탑다라니판	서울특별시 강북구 화계사길 117(수유동)	유형문화유산	37.632534	127.007109	https://map.naver.com/p/search/%ED%99%94%EA%B3%84%EC%82%AC%20%ED%83%91%EB%8B%A4%EB%9D%BC%EB%8B%88%ED%8C%90%20%EC%84%9C%EC%9A%B8%ED%8A%B9%EB%B3%84%EC%8B%9C%20%EA%B0%95%EB%B6%81%EA%B5%AC%20%ED%99%94%EA%B3%84%EC%82%AC%EA%B8%B8%20117%28%EC%88%98%EC%9C%A0%EB%8F%99%29
강북구	수유동	화계사 아미타후불도	서울특별시 강북구 화계사길 117(수유동)	유형문화유산	37.632534	127.007109	https://map.naver.com/p/search/%ED%99%94%EA%B3%84%EC%82%AC%20%EC%95%84%EB%AF%B8%ED%83%80%ED%9B%84%EB%B6%88%EB%8F%84%20%EC%84%9C%EC%9A%B8%ED%8A%B9%EB%B3%84%EC%8B%9C%20%EA%B0%95%EB%B6%81%EA%B5%AC%20%ED%99%94%EA%B3%84%EC%82%AC%EA%B8%B8%20117%28%EC%88%98%EC%9C%A0%EB%8F%99%29
강북구	수유동	화계사 명부전 지장보살도	서울특별시 강북구 화계사길 117(수유동)	유형문화유산	37.632534	127.007109	https://map.naver.com/p/search/%ED%99%94%EA%B3%84%EC%82%AC%20%EB%AA%85%EB%B6%80%EC%A0%84%20%EC%A7%80%EC%9E%A5%EB%B3%B4%EC%82%B4%EB%8F%84%20%EC%84%9C%EC%9A%B8%ED%8A%B9%EB%B3%84%EC%8B%9C%20%EA%B0%95%EB%B6%81%EA%B5%AC%20%ED%99%94%EA%B3%84%EC%82%AC%EA%B8%B8%20117%28%EC%88%98%EC%9C%A0%EB%8F%99%29
강북구	수유동	화계사 명부전 십대왕도	서울특별시 강북구 화계사길 117(수유동)	유형문화유산	37.632534	127.007109	https://map.naver.com/p/search/%ED%99%94%EA%B3%84%EC%82%AC%20%EB%AA%85%EB%B6%80%EC%A0%84%20%EC%8B%AD%EB%8C%80%EC%99%95%EB%8F%84%20%EC%84%9C%EC%9A%B8%ED%8A%B9%EB%B3%84%EC%8B%9C%20%EA%B0%95%EB%B6%81%EA%B5%AC%20%ED%99%94%EA%B3%84%EC%82%AC%EA%B8%B8%20117%28%EC%88%98%EC%9C%A0%EB%8F%99%29
강북구	수유동	화계사 명부전 시왕도 및 사자도	서울특별시 강북구 화계사길 117(수유동)	유형문화유산	37.632534	127.007109	https://map.naver.com/p/search/%ED%99%94%EA%B3%84%EC%82%AC%20%EB%AA%85%EB%B6%80%EC%A0%84%20%EC%8B%9C%EC%99%95%EB%8F%84%20%EB%B0%8F%20%EC%82%AC%EC%9E%90%EB%8F%84%20%EC%84%9C%EC%9A%B8%ED%8A%B9%EB%B3%84%EC%8B%9C%20%EA%B0%95%EB%B6%81%EA%B5%AC%20%ED%99%94%EA%B3%84%EC%82%AC%EA%B8%B8%20117%28%EC%88%98%EC%9C%A0%EB%8F%99%29
중랑구	묵동	수륙무차평등재의촬요	서울특별시 중랑구 숙선옹주로 69(묵동)	유형문화유산	37.616438	127.08263	https://map.naver.com/p/search/%EC%88%98%EB%A5%99%EB%AC%B4%EC%B0%A8%ED%8F%89%EB%93%B1%EC%9E%AC%EC%9D%98%EC%B4%AC%EC%9A%94%20%EC%84%9C%EC%9A%B8%ED%8A%B9%EB%B3%84%EC%8B%9C%20%EC%A4%91%EB%9E%91%EA%B5%AC%20%EC%88%99%EC%84%A0%EC%98%B9%EC%A3%BC%EB%A1%9C%2069%28%EB%AC%B5%EB%8F%99%29
중랑구		현수제승법수	서울특별시 중랑구 숙선옹주로 45 이편한세상 화랑대	유형문화유산	37.616438	127.08263	https://map.naver.com/p/search/%ED%98%84%EC%88%98%EC%A0%9C%EC%8A%B9%EB%B2%95%EC%88%98%20%EC%84%9C%EC%9A%B8%ED%8A%B9%EB%B3%84%EC%8B%9C%20%EC%A4%91%EB%9E%91%EA%B5%AC%20%EC%88%99%EC%84%A0%EC%98%B9%EC%A3%BC%EB%A1%9C%2045%20%EC%9D%B4%ED%8E%B8%ED%95%9C%EC%84%B8%EC%83%81%20%ED%99%94%EB%9E%91%EB%8C%80
서대문구	홍은동	독곡집 권상	서울특별시 서대문구 포방터4안길 8-8(홍은동)	유형문화유산	37.600201	126.950988	https://map.naver.com/p/search/%EB%8F%85%EA%B3%A1%EC%A7%91%20%EA%B6%8C%EC%83%81%20%EC%84%9C%EC%9A%B8%ED%8A%B9%EB%B3%84%EC%8B%9C%20%EC%84%9C%EB%8C%80%EB%AC%B8%EA%B5%AC%20%ED%8F%AC%EB%B0%A9%ED%84%B04%EC%95%88%EA%B8%B8%208-8%28%ED%99%8D%EC%9D%80%EB%8F%99%29
종로구		복온공주가 홍장삼과 대대	서울특별시 종로구 효자로 12 (세종로) 국립고궁박물관	국가민속유산	37.5765261	126.9750486	https://map.naver.com/p/search/%EB%B3%B5%EC%98%A8%EA%B3%B5%EC%A3%BC%EA%B0%80%20%ED%99%8D%EC%9E%A5%EC%82%BC%EA%B3%BC%20%EB%8C%80%EB%8C%80%20%EC%84%9C%EC%9A%B8%ED%8A%B9%EB%B3%84%EC%8B%9C%20%EC%A2%85%EB%A1%9C%EA%B5%AC%20%ED%9A%A8%EC%9E%90%EB%A1%9C%2012%20%28%EC%84%B8%EC%A2%85%EB%A1%9C%29%20%EA%B5%AD%EB%A6%BD%EA%B3%A0%EA%B6%81%EB%B0%95%EB%AC%BC%EA%B4%80
강북구	우이동	도선사 석조관음보살좌상	서울특별시 강북구 도선사길 278(우이동)	유형문화유산	37.655357	126.989221	https://map.naver.com/p/search/%EB%8F%84%EC%84%A0%EC%82%AC%20%EC%84%9D%EC%A1%B0%EA%B4%80%EC%9D%8C%EB%B3%B4%EC%82%B4%EC%A2%8C%EC%83%81%20%EC%84%9C%EC%9A%B8%ED%8A%B9%EB%B3%84%EC%8B%9C%20%EA%B0%95%EB%B6%81%EA%B5%AC%20%EB%8F%84%EC%84%A0%EC%82%AC%EA%B8%B8%20278%28%EC%9A%B0%EC%9D%B4%EB%8F%99%29
서초구	원지동	대혜보각선사서	서울특별시 서초구 원터길 45(원지동)	유형문화유산	37.441683	127.054374	https://map.naver.com/p/search/%EB%8C%80%ED%98%9C%EB%B3%B4%EA%B0%81%EC%84%A0%EC%82%AC%EC%84%9C%20%EC%84%9C%EC%9A%B8%ED%8A%B9%EB%B3%84%EC%8B%9C%20%EC%84%9C%EC%B4%88%EA%B5%AC%20%EC%9B%90%ED%84%B0%EA%B8%B8%2045%28%EC%9B%90%EC%A7%80%EB%8F%99%29
강동구	강동|길동	마하연 제석천룡도	서울특별시 강동구 양재대로128길 53(길동)	유형문화유산	37.544674	127.145856	https://map.naver.com/p/search/%EB%A7%88%ED%95%98%EC%97%B0%20%EC%A0%9C%EC%84%9D%EC%B2%9C%EB%A3%A1%EB%8F%84%20%EC%84%9C%EC%9A%B8%ED%8A%B9%EB%B3%84%EC%8B%9C%20%EA%B0%95%EB%8F%99%EA%B5%AC%20%EC%96%91%EC%9E%AC%EB%8C%80%EB%A1%9C128%EA%B8%B8%2053%28%EA%B8%B8%EB%8F%99%29
서대문구	대현동	백자양각 재명 매죽문 선형필세필가	서울특별시 서대문구 이화여대길 52(대현동)	유형문화유산	37.56174	126.947245	https://map.naver.com/p/search/%EB%B0%B1%EC%9E%90%EC%96%91%EA%B0%81%20%EC%9E%AC%EB%AA%85%20%EB%A7%A4%EC%A3%BD%EB%AC%B8%20%EC%84%A0%ED%98%95%ED%95%84%EC%84%B8%ED%95%84%EA%B0%80%20%EC%84%9C%EC%9A%B8%ED%8A%B9%EB%B3%84%EC%8B%9C%20%EC%84%9C%EB%8C%80%EB%AC%B8%EA%B5%AC%20%EC%9D%B4%ED%99%94%EC%97%AC%EB%8C%80%EA%B8%B8%2052%28%EB%8C%80%ED%98%84%EB%8F%99%29
서대문구	대현동	백자청화 칠보화훼문 사각병	서울특별시 서대문구 이화여대길 52(대현동)	유형문화유산	37.56174	126.947245	https://map.naver.com/p/search/%EB%B0%B1%EC%9E%90%EC%B2%AD%ED%99%94%20%EC%B9%A0%EB%B3%B4%ED%99%94%ED%9B%BC%EB%AC%B8%20%EC%82%AC%EA%B0%81%EB%B3%91%20%EC%84%9C%EC%9A%B8%ED%8A%B9%EB%B3%84%EC%8B%9C%20%EC%84%9C%EB%8C%80%EB%AC%B8%EA%B5%AC%20%EC%9D%B4%ED%99%94%EC%97%AC%EB%8C%80%EA%B8%B8%2052%28%EB%8C%80%ED%98%84%EB%8F%99%29
중구	방산동	성제묘 무신도	서울특별시 중구 동호로 385-1(방산동)	유형문화유산	37.570143	126.970438	https://map.naver.com/p/search/%EC%84%B1%EC%A0%9C%EB%AC%98%20%EB%AC%B4%EC%8B%A0%EB%8F%84%20%EC%84%9C%EC%9A%B8%ED%8A%B9%EB%B3%84%EC%8B%9C%20%EC%A4%91%EA%B5%AC%20%EB%8F%99%ED%98%B8%EB%A1%9C%20385-1%28%EB%B0%A9%EC%82%B0%EB%8F%99%29
종로구		장충동 관성묘 무신도	서울특별시 종로구 새문안로 55	유형문화유산	37.570143	126.970438	https://map.naver.com/p/search/%EC%9E%A5%EC%B6%A9%EB%8F%99%20%EA%B4%80%EC%84%B1%EB%AC%98%20%EB%AC%B4%EC%8B%A0%EB%8F%84%20%EC%84%9C%EC%9A%B8%ED%8A%B9%EB%B3%84%EC%8B%9C%20%EC%A2%85%EB%A1%9C%EA%B5%AC%20%EC%83%88%EB%AC%B8%EC%95%88%EB%A1%9C%2055
성북구	돈암동	흥천사 극락보전 극락구품도	서울특별시 성북구 흥천사길 29(돈암동)	유형문화유산	37.597961	127.008131	https://map.naver.com/p/search/%ED%9D%A5%EC%B2%9C%EC%82%AC%20%EA%B7%B9%EB%9D%BD%EB%B3%B4%EC%A0%84%20%EA%B7%B9%EB%9D%BD%EA%B5%AC%ED%92%88%EB%8F%84%20%EC%84%9C%EC%9A%B8%ED%8A%B9%EB%B3%84%EC%8B%9C%20%EC%84%B1%EB%B6%81%EA%B5%AC%20%ED%9D%A5%EC%B2%9C%EC%82%AC%EA%B8%B8%2029%28%EB%8F%88%EC%95%94%EB%8F%99%29
성북구	돈암동	흥천사 극락보전 도량신도	서울특별시 성북구 흥천사길 29(돈암동)	유형문화유산	37.597961	127.008131	https://map.naver.com/p/search/%ED%9D%A5%EC%B2%9C%EC%82%AC%20%EA%B7%B9%EB%9D%BD%EB%B3%B4%EC%A0%84%20%EB%8F%84%EB%9F%89%EC%8B%A0%EB%8F%84%20%EC%84%9C%EC%9A%B8%ED%8A%B9%EB%B3%84%EC%8B%9C%20%EC%84%B1%EB%B6%81%EA%B5%AC%20%ED%9D%A5%EC%B2%9C%EC%82%AC%EA%B8%B8%2029%28%EB%8F%88%EC%95%94%EB%8F%99%29
성북구	돈암동	흥천사 극락보전 신중도	서울특별시 성북구 흥천사길 29(돈암동)	유형문화유산	37.597961	127.008131	https://map.naver.com/p/search/%ED%9D%A5%EC%B2%9C%EC%82%AC%20%EA%B7%B9%EB%9D%BD%EB%B3%B4%EC%A0%84%20%EC%8B%A0%EC%A4%91%EB%8F%84%20%EC%84%9C%EC%9A%B8%ED%8A%B9%EB%B3%84%EC%8B%9C%20%EC%84%B1%EB%B6%81%EA%B5%AC%20%ED%9D%A5%EC%B2%9C%EC%82%AC%EA%B8%B8%2029%28%EB%8F%88%EC%95%94%EB%8F%99%29
성북구	돈암동	흥천사 천룡도	서울특별시 성북구 흥천사길 29(돈암동)	유형문화유산	37.597961	127.008131	https://map.naver.com/p/search/%ED%9D%A5%EC%B2%9C%EC%82%AC%20%EC%B2%9C%EB%A3%A1%EB%8F%84%20%EC%84%9C%EC%9A%B8%ED%8A%B9%EB%B3%84%EC%8B%9C%20%EC%84%B1%EB%B6%81%EA%B5%AC%20%ED%9D%A5%EC%B2%9C%EC%82%AC%EA%B8%B8%2029%28%EB%8F%88%EC%95%94%EB%8F%99%29
성북구	돈암동	흥천사 만세루 아미타불회도	서울특별시 성북구 흥천사길 29(돈암동)	유형문화유산	37.597961	127.008131	https://map.naver.com/p/search/%ED%9D%A5%EC%B2%9C%EC%82%AC%20%EB%A7%8C%EC%84%B8%EB%A3%A8%20%EC%95%84%EB%AF%B8%ED%83%80%EB%B6%88%ED%9A%8C%EB%8F%84%20%EC%84%9C%EC%9A%B8%ED%8A%B9%EB%B3%84%EC%8B%9C%20%EC%84%B1%EB%B6%81%EA%B5%AC%20%ED%9D%A5%EC%B2%9C%EC%82%AC%EA%B8%B8%2029%28%EB%8F%88%EC%95%94%EB%8F%99%29
성북구	돈암동	흥천사 만세루 신중도	서울특별시 성북구 흥천사길 29(돈암동)	유형문화유산	37.597961	127.008131	https://map.naver.com/p/search/%ED%9D%A5%EC%B2%9C%EC%82%AC%20%EB%A7%8C%EC%84%B8%EB%A3%A8%20%EC%8B%A0%EC%A4%91%EB%8F%84%20%EC%84%9C%EC%9A%B8%ED%8A%B9%EB%B3%84%EC%8B%9C%20%EC%84%B1%EB%B6%81%EA%B5%AC%20%ED%9D%A5%EC%B2%9C%EC%82%AC%EA%B8%B8%2029%28%EB%8F%88%EC%95%94%EB%8F%99%29
성북구	돈암동	흥천사 만세루 제석천도	서울특별시 성북구 흥천사길 29(돈암동)	유형문화유산	37.597961	127.008131	https://map.naver.com/p/search/%ED%9D%A5%EC%B2%9C%EC%82%AC%20%EB%A7%8C%EC%84%B8%EB%A3%A8%20%EC%A0%9C%EC%84%9D%EC%B2%9C%EB%8F%84%20%EC%84%9C%EC%9A%B8%ED%8A%B9%EB%B3%84%EC%8B%9C%20%EC%84%B1%EB%B6%81%EA%B5%AC%20%ED%9D%A5%EC%B2%9C%EC%82%AC%EA%B8%B8%2029%28%EB%8F%88%EC%95%94%EB%8F%99%29
성북구	돈암동	흥천사 도량장엄번	서울특별시 성북구 흥천사길 29(돈암동)	유형문화유산	37.597961	127.008131	https://map.naver.com/p/search/%ED%9D%A5%EC%B2%9C%EC%82%AC%20%EB%8F%84%EB%9F%89%EC%9E%A5%EC%97%84%EB%B2%88%20%EC%84%9C%EC%9A%B8%ED%8A%B9%EB%B3%84%EC%8B%9C%20%EC%84%B1%EB%B6%81%EA%B5%AC%20%ED%9D%A5%EC%B2%9C%EC%82%AC%EA%B8%B8%2029%28%EB%8F%88%EC%95%94%EB%8F%99%29
성북구	돈암동	흥천사 목조여래좌상	서울특별시 성북구 흥천사길 29(돈암동)	유형문화유산	37.597961	127.008131	https://map.naver.com/p/search/%ED%9D%A5%EC%B2%9C%EC%82%AC%20%EB%AA%A9%EC%A1%B0%EC%97%AC%EB%9E%98%EC%A2%8C%EC%83%81%20%EC%84%9C%EC%9A%B8%ED%8A%B9%EB%B3%84%EC%8B%9C%20%EC%84%B1%EB%B6%81%EA%B5%AC%20%ED%9D%A5%EC%B2%9C%EC%82%AC%EA%B8%B8%2029%28%EB%8F%88%EC%95%94%EB%8F%99%29
성북구	돈암동	흥천사 목조보살좌상	서울특별시 성북구 흥천사길 29(돈암동)	유형문화유산	37.597961	127.008131	https://map.naver.com/p/search/%ED%9D%A5%EC%B2%9C%EC%82%AC%20%EB%AA%A9%EC%A1%B0%EB%B3%B4%EC%82%B4%EC%A2%8C%EC%83%81%20%EC%84%9C%EC%9A%B8%ED%8A%B9%EB%B3%84%EC%8B%9C%20%EC%84%B1%EB%B6%81%EA%B5%AC%20%ED%9D%A5%EC%B2%9C%EC%82%AC%EA%B8%B8%2029%28%EB%8F%88%EC%95%94%EB%8F%99%29
성북구	돈암동	흥천사 명부전 석조지장삼존상 및 시왕상 일괄	서울특별시 성북구 흥천사길 29(돈암동)	유형문화유산	37.597961	127.008131	https://map.naver.com/p/search/%ED%9D%A5%EC%B2%9C%EC%82%AC%20%EB%AA%85%EB%B6%80%EC%A0%84%20%EC%84%9D%EC%A1%B0%EC%A7%80%EC%9E%A5%EC%82%BC%EC%A1%B4%EC%83%81%20%EB%B0%8F%20%EC%8B%9C%EC%99%95%EC%83%81%20%EC%9D%BC%EA%B4%84%20%EC%84%9C%EC%9A%B8%ED%8A%B9%EB%B3%84%EC%8B%9C%20%EC%84%B1%EB%B6%81%EA%B5%AC%20%ED%9D%A5%EC%B2%9C%EC%82%AC%EA%B8%B8%2029%28%EB%8F%88%EC%95%94%EB%8F%99%29
성동구	성동|옥수동	미타사 금보암 금동관음보살좌상	서울특별시 성동구 독서당로40길 21(옥수동)	유형문화유산	37.543521	127.017215	https://map.naver.com/p/search/%EB%AF%B8%ED%83%80%EC%82%AC%20%EA%B8%88%EB%B3%B4%EC%95%94%20%EA%B8%88%EB%8F%99%EA%B4%80%EC%9D%8C%EB%B3%B4%EC%82%B4%EC%A2%8C%EC%83%81%20%EC%84%9C%EC%9A%B8%ED%8A%B9%EB%B3%84%EC%8B%9C%20%EC%84%B1%EB%8F%99%EA%B5%AC%20%EB%8F%85%EC%84%9C%EB%8B%B9%EB%A1%9C40%EA%B8%B8%2021%28%EC%98%A5%EC%88%98%EB%8F%99%29
서대문구	봉원동	용암사 현왕도	서울특별시 서대문구 봉원사길 75-66(봉원동)	유형문화유산	37.571347	126.946127	https://map.naver.com/p/search/%EC%9A%A9%EC%95%94%EC%82%AC%20%ED%98%84%EC%99%95%EB%8F%84%20%EC%84%9C%EC%9A%B8%ED%8A%B9%EB%B3%84%EC%8B%9C%20%EC%84%9C%EB%8C%80%EB%AC%B8%EA%B5%AC%20%EB%B4%89%EC%9B%90%EC%82%AC%EA%B8%B8%2075-66%28%EB%B4%89%EC%9B%90%EB%8F%99%29
서대문구	대현동	조문명 초상	서울특별시 서대문구 이화여대길 52(대현동)	유형문화유산	37.56174	126.947245	https://map.naver.com/p/search/%EC%A1%B0%EB%AC%B8%EB%AA%85%20%EC%B4%88%EC%83%81%20%EC%84%9C%EC%9A%B8%ED%8A%B9%EB%B3%84%EC%8B%9C%20%EC%84%9C%EB%8C%80%EB%AC%B8%EA%B5%AC%20%EC%9D%B4%ED%99%94%EC%97%AC%EB%8C%80%EA%B8%B8%2052%28%EB%8C%80%ED%98%84%EB%8F%99%29
중구	남산동1가	백자각배	서울특별시 중구 퇴계로18길 14 (남산동1가)	유형문화유산	37.5602089	126.9851092	https://map.naver.com/p/search/%EB%B0%B1%EC%9E%90%EA%B0%81%EB%B0%B0%20%EC%84%9C%EC%9A%B8%ED%8A%B9%EB%B3%84%EC%8B%9C%20%EC%A4%91%EA%B5%AC%20%ED%87%B4%EA%B3%84%EB%A1%9C18%EA%B8%B8%2014%20%28%EB%82%A8%EC%82%B0%EB%8F%991%EA%B0%80%29
동대문구	제기동	복검관행차시하인식료기	서울특별시 동대문구 약령중앙로 26(제기동)	문화유산자료	37.5806	127.037587	https://map.naver.com/p/search/%EB%B3%B5%EA%B2%80%EA%B4%80%ED%96%89%EC%B0%A8%EC%8B%9C%ED%95%98%EC%9D%B8%EC%8B%9D%EB%A3%8C%EA%B8%B0%20%EC%84%9C%EC%9A%B8%ED%8A%B9%EB%B3%84%EC%8B%9C%20%EB%8F%99%EB%8C%80%EB%AC%B8%EA%B5%AC%20%EC%95%BD%EB%A0%B9%EC%A4%91%EC%95%99%EB%A1%9C%2026%28%EC%A0%9C%EA%B8%B0%EB%8F%99%29
서대문구	대현동	해학반도도 병풍	서울특별시 서대문구 이화여대길 52(대현동)	유형문화유산	37.56174	126.947245	https://map.naver.com/p/search/%ED%95%B4%ED%95%99%EB%B0%98%EB%8F%84%EB%8F%84%20%EB%B3%91%ED%92%8D%20%EC%84%9C%EC%9A%B8%ED%8A%B9%EB%B3%84%EC%8B%9C%20%EC%84%9C%EB%8C%80%EB%AC%B8%EA%B5%AC%20%EC%9D%B4%ED%99%94%EC%97%AC%EB%8C%80%EA%B8%B8%2052%28%EB%8C%80%ED%98%84%EB%8F%99%29
서대문구	대현동	김홍도 필 매해파행도	서울특별시 서대문구 이화여대길 52(대현동)	유형문화유산	37.56174	126.947245	https://map.naver.com/p/search/%EA%B9%80%ED%99%8D%EB%8F%84%20%ED%95%84%20%EB%A7%A4%ED%95%B4%ED%8C%8C%ED%96%89%EB%8F%84%20%EC%84%9C%EC%9A%B8%ED%8A%B9%EB%B3%84%EC%8B%9C%20%EC%84%9C%EB%8C%80%EB%AC%B8%EA%B5%AC%20%EC%9D%B4%ED%99%94%EC%97%AC%EB%8C%80%EA%B8%B8%2052%28%EB%8C%80%ED%98%84%EB%8F%99%29
중랑구	묵동	고봉화상선요	서울특별시 중랑구 숙선옹주로 69(묵동)	유형문화유산	37.616438	127.08263	https://map.naver.com/p/search/%EA%B3%A0%EB%B4%89%ED%99%94%EC%83%81%EC%84%A0%EC%9A%94%20%EC%84%9C%EC%9A%B8%ED%8A%B9%EB%B3%84%EC%8B%9C%20%EC%A4%91%EB%9E%91%EA%B5%AC%20%EC%88%99%EC%84%A0%EC%98%B9%EC%A3%BC%EB%A1%9C%2069%28%EB%AC%B5%EB%8F%99%29
성북구	돈암동	흥천사 시왕도	서울특별시 성북구 흥천사길 29(돈암동)	유형문화유산	37.597961	127.008131	https://map.naver.com/p/search/%ED%9D%A5%EC%B2%9C%EC%82%AC%20%EC%8B%9C%EC%99%95%EB%8F%84%20%EC%84%9C%EC%9A%B8%ED%8A%B9%EB%B3%84%EC%8B%9C%20%EC%84%B1%EB%B6%81%EA%B5%AC%20%ED%9D%A5%EC%B2%9C%EC%82%AC%EA%B8%B8%2029%28%EB%8F%88%EC%95%94%EB%8F%99%29
종로구	신문로2가	진위대 군안궤	서울특별시 종로구 새문안로 55(신문로2가)	유형문화유산	37.570143	126.970438	https://map.naver.com/p/search/%EC%A7%84%EC%9C%84%EB%8C%80%20%EA%B5%B0%EC%95%88%EA%B6%A4%20%EC%84%9C%EC%9A%B8%ED%8A%B9%EB%B3%84%EC%8B%9C%20%EC%A2%85%EB%A1%9C%EA%B5%AC%20%EC%83%88%EB%AC%B8%EC%95%88%EB%A1%9C%2055%28%EC%8B%A0%EB%AC%B8%EB%A1%9C2%EA%B0%80%29
서초구	잠원동	잠실뽕나무	서울특별시 서초구 잠원로 157(잠원동, 신반포16차아파트)	자연유산	37.519512	127.012704	https://map.naver.com/p/search/%EC%9E%A0%EC%8B%A4%EB%BD%95%EB%82%98%EB%AC%B4%20%EC%84%9C%EC%9A%B8%ED%8A%B9%EB%B3%84%EC%8B%9C%20%EC%84%9C%EC%B4%88%EA%B5%AC%20%EC%9E%A0%EC%9B%90%EB%A1%9C%20157%28%EC%9E%A0%EC%9B%90%EB%8F%99%2C%20%EC%8B%A0%EB%B0%98%ED%8F%AC16%EC%B0%A8%EC%95%84%ED%8C%8C%ED%8A%B8%29
서울특별시		색실누비장	서울특별시	무형유산	37.56661	126.978388	https://map.naver.com/p/search/%EC%83%89%EC%8B%A4%EB%88%84%EB%B9%84%EC%9E%A5%20%EC%84%9C%EC%9A%B8%ED%8A%B9%EB%B3%84%EC%8B%9C
광진구	화양동	화양동느티나무	서울특별시 광진구 화양동 110-34	자연유산	37.546538	127.071821	https://map.naver.com/p/search/%ED%99%94%EC%96%91%EB%8F%99%EB%8A%90%ED%8B%B0%EB%82%98%EB%AC%B4%20%EC%84%9C%EC%9A%B8%ED%8A%B9%EB%B3%84%EC%8B%9C%20%EA%B4%91%EC%A7%84%EA%B5%AC%20%ED%99%94%EC%96%91%EB%8F%99%20110-34
관악구	봉천동	강감찬 생가 터(낙성대)	서울 관악구 봉천동 218-14	기념물	37.4749493703	126.960840628	https://map.naver.com/p/search/%EA%B0%95%EA%B0%90%EC%B0%AC%20%EC%83%9D%EA%B0%80%20%ED%84%B0%28%EB%82%99%EC%84%B1%EB%8C%80%29%20%EC%84%9C%EC%9A%B8%20%EA%B4%80%EC%95%85%EA%B5%AC%20%EB%B4%89%EC%B2%9C%EB%8F%99%20218-14
종로구	신영동	세검정 터	서울특별시 종로구 세검정로 244(신영동)	기념물	37.6009259265	126.95977218	https://map.naver.com/p/search/%EC%84%B8%EA%B2%80%EC%A0%95%20%ED%84%B0%20%EC%84%9C%EC%9A%B8%ED%8A%B9%EB%B3%84%EC%8B%9C%20%EC%A2%85%EB%A1%9C%EA%B5%AC%20%EC%84%B8%EA%B2%80%EC%A0%95%EB%A1%9C%20244%28%EC%8B%A0%EC%98%81%EB%8F%99%29
중구	만리동2가	손기정 월계관 기념수	서울특별시 중구 손기정로 101(만리동2가)	자연유산	37.55603253	126.965237261	https://map.naver.com/p/search/%EC%86%90%EA%B8%B0%EC%A0%95%20%EC%9B%94%EA%B3%84%EA%B4%80%20%EA%B8%B0%EB%85%90%EC%88%98%20%EC%84%9C%EC%9A%B8%ED%8A%B9%EB%B3%84%EC%8B%9C%20%EC%A4%91%EA%B5%AC%20%EC%86%90%EA%B8%B0%EC%A0%95%EB%A1%9C%20101%28%EB%A7%8C%EB%A6%AC%EB%8F%992%EA%B0%80%29
강서구	가양동	양천향교 터	서울특별시 강서구 양천로47나길 53(가양동)	기념물	37.572905	126.839988	https://map.naver.com/p/search/%EC%96%91%EC%B2%9C%ED%96%A5%EA%B5%90%20%ED%84%B0%20%EC%84%9C%EC%9A%B8%ED%8A%B9%EB%B3%84%EC%8B%9C%20%EA%B0%95%EC%84%9C%EA%B5%AC%20%EC%96%91%EC%B2%9C%EB%A1%9C47%EB%82%98%EA%B8%B8%2053%28%EA%B0%80%EC%96%91%EB%8F%99%29
마포구	합정동	망원정 터	서울특별시 마포구 동교로8안길 23(합정동)	기념물	37.5498860816	126.904612031	https://map.naver.com/p/search/%EB%A7%9D%EC%9B%90%EC%A0%95%20%ED%84%B0%20%EC%84%9C%EC%9A%B8%ED%8A%B9%EB%B3%84%EC%8B%9C%20%EB%A7%88%ED%8F%AC%EA%B5%AC%20%EB%8F%99%EA%B5%90%EB%A1%9C8%EC%95%88%EA%B8%B8%2023%28%ED%95%A9%EC%A0%95%EB%8F%99%29
종로구	관철동	보신각터	서울특별시 종로구 종로 54(관철동)	기념물	37.56981	126.983371	https://map.naver.com/p/search/%EB%B3%B4%EC%8B%A0%EA%B0%81%ED%84%B0%20%EC%84%9C%EC%9A%B8%ED%8A%B9%EB%B3%84%EC%8B%9C%20%EC%A2%85%EB%A1%9C%EA%B5%AC%20%EC%A2%85%EB%A1%9C%2054%28%EA%B4%80%EC%B2%A0%EB%8F%99%29
강서구	가양동	허가바위	서울특별시 강서구 허준로 87(가양동)	자연유산	37.568534608	126.850503266	https://map.naver.com/p/search/%ED%97%88%EA%B0%80%EB%B0%94%EC%9C%84%20%EC%84%9C%EC%9A%B8%ED%8A%B9%EB%B3%84%EC%8B%9C%20%EA%B0%95%EC%84%9C%EA%B5%AC%20%ED%97%88%EC%A4%80%EB%A1%9C%2087%28%EA%B0%80%EC%96%91%EB%8F%99%29
서대문구	봉원동	무악산동봉수대터	서울특별시 서대문구 봉원동 산1번지	기념물	37.575615	126.946234	https://map.naver.com/p/search/%EB%AC%B4%EC%95%85%EC%82%B0%EB%8F%99%EB%B4%89%EC%88%98%EB%8C%80%ED%84%B0%20%EC%84%9C%EC%9A%B8%ED%8A%B9%EB%B3%84%EC%8B%9C%20%EC%84%9C%EB%8C%80%EB%AC%B8%EA%B5%AC%20%EB%B4%89%EC%9B%90%EB%8F%99%20%EC%82%B01%EB%B2%88%EC%A7%80
중구	예장동	목멱산봉수대터	서울특별시 중구 예장동 8-1	기념물	37.551763	126.987639	https://map.naver.com/p/search/%EB%AA%A9%EB%A9%B1%EC%82%B0%EB%B4%89%EC%88%98%EB%8C%80%ED%84%B0%20%EC%84%9C%EC%9A%B8%ED%8A%B9%EB%B3%84%EC%8B%9C%20%EC%A4%91%EA%B5%AC%20%EC%98%88%EC%9E%A5%EB%8F%99%208-1
중랑구	묵동	아차산 봉수대 터	서울특별시 중랑구 묵동 산 46-19	기념물	37.608641	127.086717	https://map.naver.com/p/search/%EC%95%84%EC%B0%A8%EC%82%B0%20%EB%B4%89%EC%88%98%EB%8C%80%20%ED%84%B0%20%EC%84%9C%EC%9A%B8%ED%8A%B9%EB%B3%84%EC%8B%9C%20%EC%A4%91%EB%9E%91%EA%B5%AC%20%EB%AC%B5%EB%8F%99%20%EC%82%B0%2046-19
중구	정동	배재학당동관	서울특별시 중구 서소문로11길 19(정동)	기념물	37.563825	126.972082	https://map.naver.com/p/search/%EB%B0%B0%EC%9E%AC%ED%95%99%EB%8B%B9%EB%8F%99%EA%B4%80%20%EC%84%9C%EC%9A%B8%ED%8A%B9%EB%B3%84%EC%8B%9C%20%EC%A4%91%EA%B5%AC%20%EC%84%9C%EC%86%8C%EB%AC%B8%EB%A1%9C11%EA%B8%B8%2019%28%EC%A0%95%EB%8F%99%29
동작구	흑석동	조석견과완성군이귀정묘역	서울특별시 동작구 흑석동 54-9번지	기념물	37.506093	126.963999	https://map.naver.com/p/search/%EC%A1%B0%EC%84%9D%EA%B2%AC%EA%B3%BC%EC%99%84%EC%84%B1%EA%B5%B0%EC%9D%B4%EA%B7%80%EC%A0%95%EB%AC%98%EC%97%AD%20%EC%84%9C%EC%9A%B8%ED%8A%B9%EB%B3%84%EC%8B%9C%20%EB%8F%99%EC%9E%91%EA%B5%AC%20%ED%9D%91%EC%84%9D%EB%8F%99%2054-9%EB%B2%88%EC%A7%80
용산구	청암동	구용산수위관측소	서울특별시 용산구 청암동 169, 169-1번지	기념물	37.5339802997	126.947260935	https://map.naver.com/p/search/%EA%B5%AC%EC%9A%A9%EC%82%B0%EC%88%98%EC%9C%84%EA%B4%80%EC%B8%A1%EC%86%8C%20%EC%84%9C%EC%9A%B8%ED%8A%B9%EB%B3%84%EC%8B%9C%20%EC%9A%A9%EC%82%B0%EA%B5%AC%20%EC%B2%AD%EC%95%94%EB%8F%99%20169%2C%20169-1%EB%B2%88%EC%A7%80
중구	남대문로1가	광통관	서울특별시 중구 남대문로 118(남대문로1가)	기념물	37.5676973576	126.983062544	https://map.naver.com/p/search/%EA%B4%91%ED%86%B5%EA%B4%80%20%EC%84%9C%EC%9A%B8%ED%8A%B9%EB%B3%84%EC%8B%9C%20%EC%A4%91%EA%B5%AC%20%EB%82%A8%EB%8C%80%EB%AC%B8%EB%A1%9C%20118%28%EB%82%A8%EB%8C%80%EB%AC%B8%EB%A1%9C1%EA%B0%80%29
중구	정동	구세군중앙회관	서울특별시 중구 덕수궁길 130(정동)	기념물	37.567996	126.973957	https://map.naver.com/p/search/%EA%B5%AC%EC%84%B8%EA%B5%B0%EC%A4%91%EC%95%99%ED%9A%8C%EA%B4%80%20%EC%84%9C%EC%9A%B8%ED%8A%B9%EB%B3%84%EC%8B%9C%20%EC%A4%91%EA%B5%AC%20%EB%8D%95%EC%88%98%EA%B6%81%EA%B8%B8%20130%28%EC%A0%95%EB%8F%99%29
구로구	오류동	류순정?류홍부자묘역	서울특별시 구로구 오류동 산43-31, 산43-32	기념물	37.488869	126.828878	https://map.naver.com/p/search/%EB%A5%98%EC%88%9C%EC%A0%95%3F%EB%A5%98%ED%99%8D%EB%B6%80%EC%9E%90%EB%AC%98%EC%97%AD%20%EC%84%9C%EC%9A%B8%ED%8A%B9%EB%B3%84%EC%8B%9C%20%EA%B5%AC%EB%A1%9C%EA%B5%AC%20%EC%98%A4%EB%A5%98%EB%8F%99%20%EC%82%B043-31%2C%20%EC%82%B043-32
종로구	효자동	해공신익희가옥	서울특별시 종로구 자하문로24길 49-7(효자동)	기념물	37.582041	126.972338	https://map.naver.com/p/search/%ED%95%B4%EA%B3%B5%EC%8B%A0%EC%9D%B5%ED%9D%AC%EA%B0%80%EC%98%A5%20%EC%84%9C%EC%9A%B8%ED%8A%B9%EB%B3%84%EC%8B%9C%20%EC%A2%85%EB%A1%9C%EA%B5%AC%20%EC%9E%90%ED%95%98%EB%AC%B8%EB%A1%9C24%EA%B8%B8%2049-7%28%ED%9A%A8%EC%9E%90%EB%8F%99%29
은평구	진관동	화의군이영묘역	서울특별시 은평구 진관동 산42	기념물	37.634226	126.936584	https://map.naver.com/p/search/%ED%99%94%EC%9D%98%EA%B5%B0%EC%9D%B4%EC%98%81%EB%AC%98%EC%97%AD%20%EC%84%9C%EC%9A%B8%ED%8A%B9%EB%B3%84%EC%8B%9C%20%EC%9D%80%ED%8F%89%EA%B5%AC%20%EC%A7%84%EA%B4%80%EB%8F%99%20%EC%82%B042
은평구	진관동	숙용심씨묘표	서울특별시 은평구 진관동 126	기념물	37.642077	126.940547	https://map.naver.com/p/search/%EC%88%99%EC%9A%A9%EC%8B%AC%EC%94%A8%EB%AC%98%ED%91%9C%20%EC%84%9C%EC%9A%B8%ED%8A%B9%EB%B3%84%EC%8B%9C%20%EC%9D%80%ED%8F%89%EA%B5%AC%20%EC%A7%84%EA%B4%80%EB%8F%99%20126
은평구	진관동	영산군이전묘역	서울특별시  은평구 진관동 산 39, 산103-1	기념물	37.640218	126.94139	https://map.naver.com/p/search/%EC%98%81%EC%82%B0%EA%B5%B0%EC%9D%B4%EC%A0%84%EB%AC%98%EC%97%AD%20%EC%84%9C%EC%9A%B8%ED%8A%B9%EB%B3%84%EC%8B%9C%20%20%EC%9D%80%ED%8F%89%EA%B5%AC%20%EC%A7%84%EA%B4%80%EB%8F%99%20%EC%82%B0%2039%2C%20%EC%82%B0103-1
도봉구	방학동	충정공 목서흠 묘역	서울특별시 도봉구 방학로 252-18(방학동)	기념물	37.6639291491	127.0241477	https://map.naver.com/p/search/%EC%B6%A9%EC%A0%95%EA%B3%B5%20%EB%AA%A9%EC%84%9C%ED%9D%A0%20%EB%AC%98%EC%97%AD%20%EC%84%9C%EC%9A%B8%ED%8A%B9%EB%B3%84%EC%8B%9C%20%EB%8F%84%EB%B4%89%EA%B5%AC%20%EB%B0%A9%ED%95%99%EB%A1%9C%20252-18%28%EB%B0%A9%ED%95%99%EB%8F%99%29
도봉구	도봉동	도봉서원과 각석군	서울특별시 도봉구 도봉산길 10 (도봉동)	기념물	37.6876089162	127.030802404	https://map.naver.com/p/search/%EB%8F%84%EB%B4%89%EC%84%9C%EC%9B%90%EA%B3%BC%20%EA%B0%81%EC%84%9D%EA%B5%B0%20%EC%84%9C%EC%9A%B8%ED%8A%B9%EB%B3%84%EC%8B%9C%20%EB%8F%84%EB%B4%89%EA%B5%AC%20%EB%8F%84%EB%B4%89%EC%82%B0%EA%B8%B8%2010%20%28%EB%8F%84%EB%B4%89%EB%8F%99%29
강남구	자곡동	완남부원군 이후원 묘역	서울특별시  강남구 자곡동  산39-3, 39-19	기념물	37.4747846346	127.095774892	https://map.naver.com/p/search/%EC%99%84%EB%82%A8%EB%B6%80%EC%9B%90%EA%B5%B0%20%EC%9D%B4%ED%9B%84%EC%9B%90%20%EB%AC%98%EC%97%AD%20%EC%84%9C%EC%9A%B8%ED%8A%B9%EB%B3%84%EC%8B%9C%20%20%EA%B0%95%EB%82%A8%EA%B5%AC%20%EC%9E%90%EA%B3%A1%EB%8F%99%20%20%EC%82%B039-3%2C%2039-19
서초구	우면동	월산대군 이정 태실	서울특별시 서초구 우면동 694	기념물	37.4638728	127.0226644	https://map.naver.com/p/search/%EC%9B%94%EC%82%B0%EB%8C%80%EA%B5%B0%20%EC%9D%B4%EC%A0%95%20%ED%83%9C%EC%8B%A4%20%EC%84%9C%EC%9A%B8%ED%8A%B9%EB%B3%84%EC%8B%9C%20%EC%84%9C%EC%B4%88%EA%B5%AC%20%EC%9A%B0%EB%A9%B4%EB%8F%99%20694
노원구	중계동	불암산성	서울특별시 노원구 덕릉로94길 128(중계동)	기념물	37.6612	127.086814	https://map.naver.com/p/search/%EB%B6%88%EC%95%94%EC%82%B0%EC%84%B1%20%EC%84%9C%EC%9A%B8%ED%8A%B9%EB%B3%84%EC%8B%9C%20%EB%85%B8%EC%9B%90%EA%B5%AC%20%EB%8D%95%EB%A6%89%EB%A1%9C94%EA%B8%B8%20128%28%EC%A4%91%EA%B3%84%EB%8F%99%29
도봉구	방학동	방학동 은행나무	서울특별시 도봉구 방학로17길 6(방학동)	자연유산	37.660804	127.022837	https://map.naver.com/p/search/%EB%B0%A9%ED%95%99%EB%8F%99%20%EC%9D%80%ED%96%89%EB%82%98%EB%AC%B4%20%EC%84%9C%EC%9A%B8%ED%8A%B9%EB%B3%84%EC%8B%9C%20%EB%8F%84%EB%B4%89%EA%B5%AC%20%EB%B0%A9%ED%95%99%EB%A1%9C17%EA%B8%B8%206%28%EB%B0%A9%ED%95%99%EB%8F%99%29
도봉구	도봉동	호안공 이등과 의령옹주 묘역	서울특별시 도봉구 도봉동 산 85	기념물	37.678816	127.022505	https://map.naver.com/p/search/%ED%98%B8%EC%95%88%EA%B3%B5%20%EC%9D%B4%EB%93%B1%EA%B3%BC%20%EC%9D%98%EB%A0%B9%EC%98%B9%EC%A3%BC%20%EB%AC%98%EC%97%AD%20%EC%84%9C%EC%9A%B8%ED%8A%B9%EB%B3%84%EC%8B%9C%20%EB%8F%84%EB%B4%89%EA%B5%AC%20%EB%8F%84%EB%B4%89%EB%8F%99%20%EC%82%B0%2085
은평구	진관동	경천군 이해룡 사패지 송금비	서울특별시 은평구 대서문길 42-26(진관동)	기념물	37.652349339	126.947725875	https://map.naver.com/p/search/%EA%B2%BD%EC%B2%9C%EA%B5%B0%20%EC%9D%B4%ED%95%B4%EB%A3%A1%20%EC%82%AC%ED%8C%A8%EC%A7%80%20%EC%86%A1%EA%B8%88%EB%B9%84%20%EC%84%9C%EC%9A%B8%ED%8A%B9%EB%B3%84%EC%8B%9C%20%EC%9D%80%ED%8F%89%EA%B5%AC%20%EB%8C%80%EC%84%9C%EB%AC%B8%EA%B8%B8%2042-26%28%EC%A7%84%EA%B4%80%EB%8F%99%29
강북구	수유동	수유동 분청사기 가마터	서울특별시 강북구 삼각산로 5(수유동)	기념물	37.6404072553	126.998722532	https://map.naver.com/p/search/%EC%88%98%EC%9C%A0%EB%8F%99%20%EB%B6%84%EC%B2%AD%EC%82%AC%EA%B8%B0%20%EA%B0%80%EB%A7%88%ED%84%B0%20%EC%84%9C%EC%9A%B8%ED%8A%B9%EB%B3%84%EC%8B%9C%20%EA%B0%95%EB%B6%81%EA%B5%AC%20%EC%82%BC%EA%B0%81%EC%82%B0%EB%A1%9C%205%28%EC%88%98%EC%9C%A0%EB%8F%99%29
종로구	명륜3가	성균관 대성전 은행나무	서울특별시 종로구 성균관로 31(명륜3가)	자연유산	37.585488	126.996725	https://map.naver.com/p/search/%EC%84%B1%EA%B7%A0%EA%B4%80%20%EB%8C%80%EC%84%B1%EC%A0%84%20%EC%9D%80%ED%96%89%EB%82%98%EB%AC%B4%20%EC%84%9C%EC%9A%B8%ED%8A%B9%EB%B3%84%EC%8B%9C%20%EC%A2%85%EB%A1%9C%EA%B5%AC%20%EC%84%B1%EA%B7%A0%EA%B4%80%EB%A1%9C%2031%28%EB%AA%85%EB%A5%9C3%EA%B0%80%29
강남구	세곡동	법수선원산신도	서울특별시 강남구 헌릉로590길 109-30(세곡동)	문화유산자료	37.462958	127.097031	https://map.naver.com/p/search/%EB%B2%95%EC%88%98%EC%84%A0%EC%9B%90%EC%82%B0%EC%8B%A0%EB%8F%84%20%EC%84%9C%EC%9A%B8%ED%8A%B9%EB%B3%84%EC%8B%9C%20%EA%B0%95%EB%82%A8%EA%B5%AC%20%ED%97%8C%EB%A6%89%EB%A1%9C590%EA%B8%B8%20109-30%28%EC%84%B8%EA%B3%A1%EB%8F%99%29
동작구	동작동	부안군이석수묘역	서울특별시 동작구 현충로 210(동작동)	문화유산자료	37.499824	126.978409	https://map.naver.com/p/search/%EB%B6%80%EC%95%88%EA%B5%B0%EC%9D%B4%EC%84%9D%EC%88%98%EB%AC%98%EC%97%AD%20%EC%84%9C%EC%9A%B8%ED%8A%B9%EB%B3%84%EC%8B%9C%20%EB%8F%99%EC%9E%91%EA%B5%AC%20%ED%98%84%EC%B6%A9%EB%A1%9C%20210%28%EB%8F%99%EC%9E%91%EB%8F%99%29
종로구	숭인동	청룡사독성도	서울특별시 종로구 동망산길 65(숭인동)	문화유산자료	37.579704	127.016717	https://map.naver.com/p/search/%EC%B2%AD%EB%A3%A1%EC%82%AC%EB%8F%85%EC%84%B1%EB%8F%84%20%EC%84%9C%EC%9A%B8%ED%8A%B9%EB%B3%84%EC%8B%9C%20%EC%A2%85%EB%A1%9C%EA%B5%AC%20%EB%8F%99%EB%A7%9D%EC%82%B0%EA%B8%B8%2065%28%EC%88%AD%EC%9D%B8%EB%8F%99%29
종로구	숭인동	청룡사산신도	서울특별시 종로구 동망산길 65(숭인동)	문화유산자료	37.579704	127.016717	https://map.naver.com/p/search/%EC%B2%AD%EB%A3%A1%EC%82%AC%EC%82%B0%EC%8B%A0%EB%8F%84%20%EC%84%9C%EC%9A%B8%ED%8A%B9%EB%B3%84%EC%8B%9C%20%EC%A2%85%EB%A1%9C%EA%B5%AC%20%EB%8F%99%EB%A7%9D%EC%82%B0%EA%B8%B8%2065%28%EC%88%AD%EC%9D%B8%EB%8F%99%29
노원구	상계4동	학림사석불좌상	서울특별시  노원구 상계4동 산1	문화유산자료	37.682365	127.077431	https://map.naver.com/p/search/%ED%95%99%EB%A6%BC%EC%82%AC%EC%84%9D%EB%B6%88%EC%A2%8C%EC%83%81%20%EC%84%9C%EC%9A%B8%ED%8A%B9%EB%B3%84%EC%8B%9C%20%20%EB%85%B8%EC%9B%90%EA%B5%AC%20%EC%83%81%EA%B3%844%EB%8F%99%20%EC%82%B01
은평구	진관동	진관사 칠성각	서울특별시 은평구 진관길 73(진관동)	문화유산자료	37.6377940534	126.947154033	https://map.naver.com/p/search/%EC%A7%84%EA%B4%80%EC%82%AC%20%EC%B9%A0%EC%84%B1%EA%B0%81%20%EC%84%9C%EC%9A%B8%ED%8A%B9%EB%B3%84%EC%8B%9C%20%EC%9D%80%ED%8F%89%EA%B5%AC%20%EC%A7%84%EA%B4%80%EA%B8%B8%2073%28%EC%A7%84%EA%B4%80%EB%8F%99%29
은평구	진관동	진관사독성전	서울특별시 은평구 진관길 73(진관동)	문화유산자료	37.637876	126.946534	https://map.naver.com/p/search/%EC%A7%84%EA%B4%80%EC%82%AC%EB%8F%85%EC%84%B1%EC%A0%84%20%EC%84%9C%EC%9A%B8%ED%8A%B9%EB%B3%84%EC%8B%9C%20%EC%9D%80%ED%8F%89%EA%B5%AC%20%EC%A7%84%EA%B4%80%EA%B8%B8%2073%28%EC%A7%84%EA%B4%80%EB%8F%99%29
성북구	삼선동1가	정각사 석가불도	서울특별시 성북구 삼선교로10마길 6-12(삼선동1가)	문화유산자료	37.585347	127.0077302	https://map.naver.com/p/search/%EC%A0%95%EA%B0%81%EC%82%AC%20%EC%84%9D%EA%B0%80%EB%B6%88%EB%8F%84%20%EC%84%9C%EC%9A%B8%ED%8A%B9%EB%B3%84%EC%8B%9C%20%EC%84%B1%EB%B6%81%EA%B5%AC%20%EC%82%BC%EC%84%A0%EA%B5%90%EB%A1%9C10%EB%A7%88%EA%B8%B8%206-12%28%EC%82%BC%EC%84%A0%EB%8F%991%EA%B0%80%29
강남구	일원동	일원동불국사석불좌상	서울특별시 강남구 광평로10길 30-71(일원동)	문화유산자료	37.477534	127.075074	https://map.naver.com/p/search/%EC%9D%BC%EC%9B%90%EB%8F%99%EB%B6%88%EA%B5%AD%EC%82%AC%EC%84%9D%EB%B6%88%EC%A2%8C%EC%83%81%20%EC%84%9C%EC%9A%B8%ED%8A%B9%EB%B3%84%EC%8B%9C%20%EA%B0%95%EB%82%A8%EA%B5%AC%20%EA%B4%91%ED%8F%89%EB%A1%9C10%EA%B8%B8%2030-71%28%EC%9D%BC%EC%9B%90%EB%8F%99%29
성북구	성북동	마포 최사영 가옥	서울특별시 성북구 선잠로 68-20(성북동)	문화유산자료	37.5980867788	126.998754776	https://map.naver.com/p/search/%EB%A7%88%ED%8F%AC%20%EC%B5%9C%EC%82%AC%EC%98%81%20%EA%B0%80%EC%98%A5%20%EC%84%9C%EC%9A%B8%ED%8A%B9%EB%B3%84%EC%8B%9C%20%EC%84%B1%EB%B6%81%EA%B5%AC%20%EC%84%A0%EC%9E%A0%EB%A1%9C%2068-20%28%EC%84%B1%EB%B6%81%EB%8F%99%29
강남구	삼성동	봉은사 사자도	서울특별시 강남구 봉은사로 531(삼성동)	문화유산자료	37.5151025	127.0569288	https://map.naver.com/p/search/%EB%B4%89%EC%9D%80%EC%82%AC%20%EC%82%AC%EC%9E%90%EB%8F%84%20%EC%84%9C%EC%9A%B8%ED%8A%B9%EB%B3%84%EC%8B%9C%20%EA%B0%95%EB%82%A8%EA%B5%AC%20%EB%B4%89%EC%9D%80%EC%82%AC%EB%A1%9C%20531%28%EC%82%BC%EC%84%B1%EB%8F%99%29
강남구	삼성동	봉은사 영산전 신중도	서울특별시 강남구 봉은사로 531(삼성동)	문화유산자료	37.5151025	127.0569288	https://map.naver.com/p/search/%EB%B4%89%EC%9D%80%EC%82%AC%20%EC%98%81%EC%82%B0%EC%A0%84%20%EC%8B%A0%EC%A4%91%EB%8F%84%20%EC%84%9C%EC%9A%B8%ED%8A%B9%EB%B3%84%EC%8B%9C%20%EA%B0%95%EB%82%A8%EA%B5%AC%20%EB%B4%89%EC%9D%80%EC%82%AC%EB%A1%9C%20531%28%EC%82%BC%EC%84%B1%EB%8F%99%29
성북구	정릉동	영취사 오층석탑	서울특별시 성북구 보국문로 261-222(정릉동)	문화유산자료	37.6241992	126.9901174	https://map.naver.com/p/search/%EC%98%81%EC%B7%A8%EC%82%AC%20%EC%98%A4%EC%B8%B5%EC%84%9D%ED%83%91%20%EC%84%9C%EC%9A%B8%ED%8A%B9%EB%B3%84%EC%8B%9C%20%EC%84%B1%EB%B6%81%EA%B5%AC%20%EB%B3%B4%EA%B5%AD%EB%AC%B8%EB%A1%9C%20261-222%28%EC%A0%95%EB%A6%89%EB%8F%99%29
강남구	개포동	불교제중원 오층석탑 및 표석, 석등	서울특별시 강남구 삼성로 29(개포동)	문화유산자료	37.4866736	127.0658951	https://map.naver.com/p/search/%EB%B6%88%EA%B5%90%EC%A0%9C%EC%A4%91%EC%9B%90%20%EC%98%A4%EC%B8%B5%EC%84%9D%ED%83%91%20%EB%B0%8F%20%ED%91%9C%EC%84%9D%2C%20%EC%84%9D%EB%93%B1%20%EC%84%9C%EC%9A%B8%ED%8A%B9%EB%B3%84%EC%8B%9C%20%EA%B0%95%EB%82%A8%EA%B5%AC%20%EC%82%BC%EC%84%B1%EB%A1%9C%2029%28%EA%B0%9C%ED%8F%AC%EB%8F%99%29
중구	충정로1가	농기일괄	서울특별시 중구 새문안로 16(충정로1가)	문화유산자료	37.566845	126.968323	https://map.naver.com/p/search/%EB%86%8D%EA%B8%B0%EC%9D%BC%EA%B4%84%20%EC%84%9C%EC%9A%B8%ED%8A%B9%EB%B3%84%EC%8B%9C%20%EC%A4%91%EA%B5%AC%20%EC%83%88%EB%AC%B8%EC%95%88%EB%A1%9C%2016%28%EC%B6%A9%EC%A0%95%EB%A1%9C1%EA%B0%80%29
강서구	가양동	양천현 홀기	서울특별시 강서구 양천로47나길 53(가양동)	문화유산자료	37.5730016	126.8397874	https://map.naver.com/p/search/%EC%96%91%EC%B2%9C%ED%98%84%20%ED%99%80%EA%B8%B0%20%EC%84%9C%EC%9A%B8%ED%8A%B9%EB%B3%84%EC%8B%9C%20%EA%B0%95%EC%84%9C%EA%B5%AC%20%EC%96%91%EC%B2%9C%EB%A1%9C47%EB%82%98%EA%B8%B8%2053%28%EA%B0%80%EC%96%91%EB%8F%99%29
노원구	월계동	기원사 산신도	서울특별시 노원구 광운로17길 48-47(월계동)	문화유산자료	37.6227358	127.0560319	https://map.naver.com/p/search/%EA%B8%B0%EC%9B%90%EC%82%AC%20%EC%82%B0%EC%8B%A0%EB%8F%84%20%EC%84%9C%EC%9A%B8%ED%8A%B9%EB%B3%84%EC%8B%9C%20%EB%85%B8%EC%9B%90%EA%B5%AC%20%EA%B4%91%EC%9A%B4%EB%A1%9C17%EA%B8%B8%2048-47%28%EC%9B%94%EA%B3%84%EB%8F%99%29
종로구	낙산성곽동|창신동	지장암 대웅전 신중도	서울특별시 종로구 낙산성곽동길 57-2(창신동)	문화유산자료	37.5776039	127.0088267	https://map.naver.com/p/search/%EC%A7%80%EC%9E%A5%EC%95%94%20%EB%8C%80%EC%9B%85%EC%A0%84%20%EC%8B%A0%EC%A4%91%EB%8F%84%20%EC%84%9C%EC%9A%B8%ED%8A%B9%EB%B3%84%EC%8B%9C%20%EC%A2%85%EB%A1%9C%EA%B5%AC%20%EB%82%99%EC%82%B0%EC%84%B1%EA%B3%BD%EB%8F%99%EA%B8%B8%2057-2%28%EC%B0%BD%EC%8B%A0%EB%8F%99%29
은평구	진관동	진관동 석 아미타불좌상	서울특별시 은평구 진관동 산100-35	문화유산자료	37.639571	126.915578	https://map.naver.com/p/search/%EC%A7%84%EA%B4%80%EB%8F%99%20%EC%84%9D%20%EC%95%84%EB%AF%B8%ED%83%80%EB%B6%88%EC%A2%8C%EC%83%81%20%EC%84%9C%EC%9A%B8%ED%8A%B9%EB%B3%84%EC%8B%9C%20%EC%9D%80%ED%8F%89%EA%B5%AC%20%EC%A7%84%EA%B4%80%EB%8F%99%20%EC%82%B0100-35
종로구	신문로2가	‘병인가례시’명백자청화수복문호	서울특별시 종로구 새문안로 55(신문로2가)	문화유산자료	37.570143	126.970438	https://map.naver.com/p/search/%E2%80%98%EB%B3%91%EC%9D%B8%EA%B0%80%EB%A1%80%EC%8B%9C%E2%80%99%EB%AA%85%EB%B0%B1%EC%9E%90%EC%B2%AD%ED%99%94%EC%88%98%EB%B3%B5%EB%AC%B8%ED%98%B8%20%EC%84%9C%EC%9A%B8%ED%8A%B9%EB%B3%84%EC%8B%9C%20%EC%A2%85%EB%A1%9C%EA%B5%AC%20%EC%83%88%EB%AC%B8%EC%95%88%EB%A1%9C%2055%28%EC%8B%A0%EB%AC%B8%EB%A1%9C2%EA%B0%80%29
중구	소공동	원구단 정문	서울특별시  중구 소공동 97-3	문화유산자료	37.565097	126.979019	https://map.naver.com/p/search/%EC%9B%90%EA%B5%AC%EB%8B%A8%20%EC%A0%95%EB%AC%B8%20%EC%84%9C%EC%9A%B8%ED%8A%B9%EB%B3%84%EC%8B%9C%20%20%EC%A4%91%EA%B5%AC%20%EC%86%8C%EA%B3%B5%EB%8F%99%2097-3
노원구	중계동	정암사 아미타칠존도	서울특별시 노원구 덕릉로94길 127(중계동)	문화유산자료	37.661922	127.084982	https://map.naver.com/p/search/%EC%A0%95%EC%95%94%EC%82%AC%20%EC%95%84%EB%AF%B8%ED%83%80%EC%B9%A0%EC%A1%B4%EB%8F%84%20%EC%84%9C%EC%9A%B8%ED%8A%B9%EB%B3%84%EC%8B%9C%20%EB%85%B8%EC%9B%90%EA%B5%AC%20%EB%8D%95%EB%A6%89%EB%A1%9C94%EA%B8%B8%20127%28%EC%A4%91%EA%B3%84%EB%8F%99%29
종로구	낙산성곽동|창신동	지장암 소조지장보살좌상 및 복장유물	서울특별시 종로구 낙산성곽동길 57-2(창신동)	문화유산자료	37.577653	127.008696	https://map.naver.com/p/search/%EC%A7%80%EC%9E%A5%EC%95%94%20%EC%86%8C%EC%A1%B0%EC%A7%80%EC%9E%A5%EB%B3%B4%EC%82%B4%EC%A2%8C%EC%83%81%20%EB%B0%8F%20%EB%B3%B5%EC%9E%A5%EC%9C%A0%EB%AC%BC%20%EC%84%9C%EC%9A%B8%ED%8A%B9%EB%B3%84%EC%8B%9C%20%EC%A2%85%EB%A1%9C%EA%B5%AC%20%EB%82%99%EC%82%B0%EC%84%B1%EA%B3%BD%EB%8F%99%EA%B8%B8%2057-2%28%EC%B0%BD%EC%8B%A0%EB%8F%99%29
동대문구	회기동	연화사 산신도	서울특별시 동대문구 경희대로3길 56(회기동)	문화유산자료	37.594382	127.050703	https://map.naver.com/p/search/%EC%97%B0%ED%99%94%EC%82%AC%20%EC%82%B0%EC%8B%A0%EB%8F%84%20%EC%84%9C%EC%9A%B8%ED%8A%B9%EB%B3%84%EC%8B%9C%20%EB%8F%99%EB%8C%80%EB%AC%B8%EA%B5%AC%20%EA%B2%BD%ED%9D%AC%EB%8C%80%EB%A1%9C3%EA%B8%B8%2056%28%ED%9A%8C%EA%B8%B0%EB%8F%99%29
성북구	정릉동	봉국사 석조여래좌상	서울특별시 성북구 정릉로 202-14(정릉동)	문화유산자료	37.606109	127.00592	https://map.naver.com/p/search/%EB%B4%89%EA%B5%AD%EC%82%AC%20%EC%84%9D%EC%A1%B0%EC%97%AC%EB%9E%98%EC%A2%8C%EC%83%81%20%EC%84%9C%EC%9A%B8%ED%8A%B9%EB%B3%84%EC%8B%9C%20%EC%84%B1%EB%B6%81%EA%B5%AC%20%EC%A0%95%EB%A6%89%EB%A1%9C%20202-14%28%EC%A0%95%EB%A6%89%EB%8F%99%29
종로구	누상동	백호정	서울특별시 종로구 누상동 27-12, 산1-34	문화유산자료	37.57903	126.965403	https://map.naver.com/p/search/%EB%B0%B1%ED%98%B8%EC%A0%95%20%EC%84%9C%EC%9A%B8%ED%8A%B9%EB%B3%84%EC%8B%9C%20%EC%A2%85%EB%A1%9C%EA%B5%AC%20%EB%88%84%EC%83%81%EB%8F%99%2027-12%2C%20%EC%82%B01-34
종로구	송월동	월암동	서울특별시 종로구 송월동 2-8 외	문화유산자료	37.570642	126.965526	https://map.naver.com/p/search/%EC%9B%94%EC%95%94%EB%8F%99%20%EC%84%9C%EC%9A%B8%ED%8A%B9%EB%B3%84%EC%8B%9C%20%EC%A2%85%EB%A1%9C%EA%B5%AC%20%EC%86%A1%EC%9B%94%EB%8F%99%202-8%20%EC%99%B8
성북구	보문동3가	미타사 감로도	서울특별시 성북구 보문사길 6-16(보문동3가)	문화유산자료	37.58538	127.01591	https://map.naver.com/p/search/%EB%AF%B8%ED%83%80%EC%82%AC%20%EA%B0%90%EB%A1%9C%EB%8F%84%20%EC%84%9C%EC%9A%B8%ED%8A%B9%EB%B3%84%EC%8B%9C%20%EC%84%B1%EB%B6%81%EA%B5%AC%20%EB%B3%B4%EB%AC%B8%EC%82%AC%EA%B8%B8%206-16%28%EB%B3%B4%EB%AC%B8%EB%8F%993%EA%B0%80%29
성북구	보문동3가	미타사 산신도	서울특별시 성북구 보문사길 6-16(보문동3가)	문화유산자료	37.58538	127.01591	https://map.naver.com/p/search/%EB%AF%B8%ED%83%80%EC%82%AC%20%EC%82%B0%EC%8B%A0%EB%8F%84%20%EC%84%9C%EC%9A%B8%ED%8A%B9%EB%B3%84%EC%8B%9C%20%EC%84%B1%EB%B6%81%EA%B5%AC%20%EB%B3%B4%EB%AC%B8%EC%82%AC%EA%B8%B8%206-16%28%EB%B3%B4%EB%AC%B8%EB%8F%993%EA%B0%80%29
성북구	보문동3가	미타사 독성도	서울특별시 성북구 보문사길 6-16(보문동3가)	문화유산자료	37.58538	127.01591	https://map.naver.com/p/search/%EB%AF%B8%ED%83%80%EC%82%AC%20%EB%8F%85%EC%84%B1%EB%8F%84%20%EC%84%9C%EC%9A%B8%ED%8A%B9%EB%B3%84%EC%8B%9C%20%EC%84%B1%EB%B6%81%EA%B5%AC%20%EB%B3%B4%EB%AC%B8%EC%82%AC%EA%B8%B8%206-16%28%EB%B3%B4%EB%AC%B8%EB%8F%993%EA%B0%80%29
노원구	중계동	학도암 마애사리탑	서울특별시 노원구 중계로14다길 89(중계동)	문화유산자료	37.651967	127.089771	https://map.naver.com/p/search/%ED%95%99%EB%8F%84%EC%95%94%20%EB%A7%88%EC%95%A0%EC%82%AC%EB%A6%AC%ED%83%91%20%EC%84%9C%EC%9A%B8%ED%8A%B9%EB%B3%84%EC%8B%9C%20%EB%85%B8%EC%9B%90%EA%B5%AC%20%EC%A4%91%EA%B3%84%EB%A1%9C14%EB%8B%A4%EA%B8%B8%2089%28%EC%A4%91%EA%B3%84%EB%8F%99%29
도봉구	도봉동	천축사 마애사리탑	서울특별시 도봉구 도봉산길 92-2(도봉동)	문화유산자료	37.694272	127.019333	https://map.naver.com/p/search/%EC%B2%9C%EC%B6%95%EC%82%AC%20%EB%A7%88%EC%95%A0%EC%82%AC%EB%A6%AC%ED%83%91%20%EC%84%9C%EC%9A%B8%ED%8A%B9%EB%B3%84%EC%8B%9C%20%EB%8F%84%EB%B4%89%EA%B5%AC%20%EB%8F%84%EB%B4%89%EC%82%B0%EA%B8%B8%2092-2%28%EB%8F%84%EB%B4%89%EB%8F%99%29
성북구	돈암동	흥천사 약사불도	서울특별시 성북구 흥천사길 29(돈암동)	문화유산자료	37.597961	127.008131	https://map.naver.com/p/search/%ED%9D%A5%EC%B2%9C%EC%82%AC%20%EC%95%BD%EC%82%AC%EB%B6%88%EB%8F%84%20%EC%84%9C%EC%9A%B8%ED%8A%B9%EB%B3%84%EC%8B%9C%20%EC%84%B1%EB%B6%81%EA%B5%AC%20%ED%9D%A5%EC%B2%9C%EC%82%AC%EA%B8%B8%2029%28%EB%8F%88%EC%95%94%EB%8F%99%29
강북구	수유동	천지명양수륙재의찬요	서울특별시 강북구 화계사길 117(수유동)	문화유산자료	37.643596	126.996719	https://map.naver.com/p/search/%EC%B2%9C%EC%A7%80%EB%AA%85%EC%96%91%EC%88%98%EB%A5%99%EC%9E%AC%EC%9D%98%EC%B0%AC%EC%9A%94%20%EC%84%9C%EC%9A%B8%ED%8A%B9%EB%B3%84%EC%8B%9C%20%EA%B0%95%EB%B6%81%EA%B5%AC%20%ED%99%94%EA%B3%84%EC%82%AC%EA%B8%B8%20117%28%EC%88%98%EC%9C%A0%EB%8F%99%29
종로구	연건동	구 탑골공원 정문	서울특별시 종로구 연건동 177-1	문화유산자료	37.576914	127.002524	https://map.naver.com/p/search/%EA%B5%AC%20%ED%83%91%EA%B3%A8%EA%B3%B5%EC%9B%90%20%EC%A0%95%EB%AC%B8%20%EC%84%9C%EC%9A%B8%ED%8A%B9%EB%B3%84%EC%8B%9C%20%EC%A2%85%EB%A1%9C%EA%B5%AC%20%EC%97%B0%EA%B1%B4%EB%8F%99%20177-1
서대문구		용암사 감로왕도	서울특별시 서대문구 봉원사길 75-66	문화유산자료	37.5713	126.94612	https://map.naver.com/p/search/%EC%9A%A9%EC%95%94%EC%82%AC%20%EA%B0%90%EB%A1%9C%EC%99%95%EB%8F%84%20%EC%84%9C%EC%9A%B8%ED%8A%B9%EB%B3%84%EC%8B%9C%20%EC%84%9C%EB%8C%80%EB%AC%B8%EA%B5%AC%20%EB%B4%89%EC%9B%90%EC%82%AC%EA%B8%B8%2075-66
관악구	신림동	약수사 지장시왕도	서울특별시 관악구 약수암1길 28(신림동)	문화유산자료	37.459119	126.934598	https://map.naver.com/p/search/%EC%95%BD%EC%88%98%EC%82%AC%20%EC%A7%80%EC%9E%A5%EC%8B%9C%EC%99%95%EB%8F%84%20%EC%84%9C%EC%9A%B8%ED%8A%B9%EB%B3%84%EC%8B%9C%20%EA%B4%80%EC%95%85%EA%B5%AC%20%EC%95%BD%EC%88%98%EC%95%941%EA%B8%B8%2028%28%EC%8B%A0%EB%A6%BC%EB%8F%99%29
서대문구	충정로2가	백범 김구 회중시계	서울특별시 서대문구 충정로9길 10-10(충정로2가) 김구재단	국가등록유산	37.565106	126.964887	https://map.naver.com/p/search/%EB%B0%B1%EB%B2%94%20%EA%B9%80%EA%B5%AC%20%ED%9A%8C%EC%A4%91%EC%8B%9C%EA%B3%84%20%EC%84%9C%EC%9A%B8%ED%8A%B9%EB%B3%84%EC%8B%9C%20%EC%84%9C%EB%8C%80%EB%AC%B8%EA%B5%AC%20%EC%B6%A9%EC%A0%95%EB%A1%9C9%EA%B8%B8%2010-10%28%EC%B6%A9%EC%A0%95%EB%A1%9C2%EA%B0%80%29%20%EA%B9%80%EA%B5%AC%EC%9E%AC%EB%8B%A8
서대문구	충정로2가	백범 김구 인장 寬和, 金九之印, 白凡	서울특별시 서대문구 충정로9길 10-10(충정로2가)	국가등록유산	37.5651062	126.9648866	https://map.naver.com/p/search/%EB%B0%B1%EB%B2%94%20%EA%B9%80%EA%B5%AC%20%EC%9D%B8%EC%9E%A5%20%E5%AF%AC%E5%92%8C%2C%20%EF%A4%8A%E4%B9%9D%E4%B9%8B%E5%8D%B0%2C%20%E7%99%BD%E5%87%A1%20%EC%84%9C%EC%9A%B8%ED%8A%B9%EB%B3%84%EC%8B%9C%20%EC%84%9C%EB%8C%80%EB%AC%B8%EA%B5%AC%20%EC%B6%A9%EC%A0%95%EB%A1%9C9%EA%B8%B8%2010-10%28%EC%B6%A9%EC%A0%95%EB%A1%9C2%EA%B0%80%29
종로구		전송림사출토 청동불구 일괄	서울특별시 종로구 새문안로 55	유형문화유산	37.570119	126.970428	https://map.naver.com/p/search/%EC%A0%84%EC%86%A1%EB%A6%BC%EC%82%AC%EC%B6%9C%ED%86%A0%20%EC%B2%AD%EB%8F%99%EB%B6%88%EA%B5%AC%20%EC%9D%BC%EA%B4%84%20%EC%84%9C%EC%9A%B8%ED%8A%B9%EB%B3%84%EC%8B%9C%20%EC%A2%85%EB%A1%9C%EA%B5%AC%20%EC%83%88%EB%AC%B8%EC%95%88%EB%A1%9C%2055
중구	정동	나전산수무늬삼층장	서울특별시 중구 서소문로11길 19 (정동) 배재학당역사박물관	국가민속유산	37.5638016	126.9720958	https://map.naver.com/p/search/%EB%82%98%EC%A0%84%EC%82%B0%EC%88%98%EB%AC%B4%EB%8A%AC%EC%82%BC%EC%B8%B5%EC%9E%A5%20%EC%84%9C%EC%9A%B8%ED%8A%B9%EB%B3%84%EC%8B%9C%20%EC%A4%91%EA%B5%AC%20%EC%84%9C%EC%86%8C%EB%AC%B8%EB%A1%9C11%EA%B8%B8%2019%20%28%EC%A0%95%EB%8F%99%29%20%EB%B0%B0%EC%9E%AC%ED%95%99%EB%8B%B9%EC%97%AD%EC%82%AC%EB%B0%95%EB%AC%BC%EA%B4%80
서대문구	홍은동	백련사 명부전 목조지장보살삼존상 및 시왕상 일괄	서울특별시 서대문구 백련사길 170-72 (홍은동) 백련사	유형문화유산	37.5864223	126.9272066	https://map.naver.com/p/search/%EB%B0%B1%EB%A0%A8%EC%82%AC%20%EB%AA%85%EB%B6%80%EC%A0%84%20%EB%AA%A9%EC%A1%B0%EC%A7%80%EC%9E%A5%EB%B3%B4%EC%82%B4%EC%82%BC%EC%A1%B4%EC%83%81%20%EB%B0%8F%20%EC%8B%9C%EC%99%95%EC%83%81%20%EC%9D%BC%EA%B4%84%20%EC%84%9C%EC%9A%B8%ED%8A%B9%EB%B3%84%EC%8B%9C%20%EC%84%9C%EB%8C%80%EB%AC%B8%EA%B5%AC%20%EB%B0%B1%EB%A0%A8%EC%82%AC%EA%B8%B8%20170-72%20%28%ED%99%8D%EC%9D%80%EB%8F%99%29%20%EB%B0%B1%EB%A0%A8%EC%82%AC
종로구	신문로2가	금동불좌상(아미타불)	서울특별시 종로구 새문안로 55(신문로2가)	유형문화유산	37.5707155	126.9688196	https://map.naver.com/p/search/%EA%B8%88%EB%8F%99%EB%B6%88%EC%A2%8C%EC%83%81%28%EC%95%84%EB%AF%B8%ED%83%80%EB%B6%88%29%20%EC%84%9C%EC%9A%B8%ED%8A%B9%EB%B3%84%EC%8B%9C%20%EC%A2%85%EB%A1%9C%EA%B5%AC%20%EC%83%88%EB%AC%B8%EC%95%88%EB%A1%9C%2055%28%EC%8B%A0%EB%AC%B8%EB%A1%9C2%EA%B0%80%29
종로구	신문로2가	송시열상	서울특별시 종로구 새문안로 55(신문로2가)	유형문화유산	37.5707155	126.9688196	https://map.naver.com/p/search/%EC%86%A1%EC%8B%9C%EC%97%B4%EC%83%81%20%EC%84%9C%EC%9A%B8%ED%8A%B9%EB%B3%84%EC%8B%9C%20%EC%A2%85%EB%A1%9C%EA%B5%AC%20%EC%83%88%EB%AC%B8%EC%95%88%EB%A1%9C%2055%28%EC%8B%A0%EB%AC%B8%EB%A1%9C2%EA%B0%80%29
종로구	신문로2가	전이한철필 어해도병	서울특별시 종로구 새문안로 55(신문로2가)	유형문화유산	37.5707155	126.9688196	https://map.naver.com/p/search/%EC%A0%84%EC%9D%B4%ED%95%9C%EC%B2%A0%ED%95%84%20%EC%96%B4%ED%95%B4%EB%8F%84%EB%B3%91%20%EC%84%9C%EC%9A%B8%ED%8A%B9%EB%B3%84%EC%8B%9C%20%EC%A2%85%EB%A1%9C%EA%B5%AC%20%EC%83%88%EB%AC%B8%EC%95%88%EB%A1%9C%2055%28%EC%8B%A0%EB%AC%B8%EB%A1%9C2%EA%B0%80%29
종로구	부암동	성불사 금동보현보살좌상	서울특별시 종로구 창의문로11길 36-1(부암동) 성불사	유형문화유산	37.5937552	126.9606212	https://map.naver.com/p/search/%EC%84%B1%EB%B6%88%EC%82%AC%20%EA%B8%88%EB%8F%99%EB%B3%B4%ED%98%84%EB%B3%B4%EC%82%B4%EC%A2%8C%EC%83%81%20%EC%84%9C%EC%9A%B8%ED%8A%B9%EB%B3%84%EC%8B%9C%20%EC%A2%85%EB%A1%9C%EA%B5%AC%20%EC%B0%BD%EC%9D%98%EB%AC%B8%EB%A1%9C11%EA%B8%B8%2036-1%28%EB%B6%80%EC%95%94%EB%8F%99%29%20%EC%84%B1%EB%B6%88%EC%82%AC
종로구	신문로2가	을축갑회도	서울특별시 종로구 새문안로 55(신문로2가)	유형문화유산	37.5707155	126.9688196	https://map.naver.com/p/search/%EC%9D%84%EC%B6%95%EA%B0%91%ED%9A%8C%EB%8F%84%20%EC%84%9C%EC%9A%B8%ED%8A%B9%EB%B3%84%EC%8B%9C%20%EC%A2%85%EB%A1%9C%EA%B5%AC%20%EC%83%88%EB%AC%B8%EC%95%88%EB%A1%9C%2055%28%EC%8B%A0%EB%AC%B8%EB%A1%9C2%EA%B0%80%29
종로구	신문로2가	경수연도	서울특별시 종로구 새문안로 55(신문로2가)	유형문화유산	37.5707155	126.9688196	https://map.naver.com/p/search/%EA%B2%BD%EC%88%98%EC%97%B0%EB%8F%84%20%EC%84%9C%EC%9A%B8%ED%8A%B9%EB%B3%84%EC%8B%9C%20%EC%A2%85%EB%A1%9C%EA%B5%AC%20%EC%83%88%EB%AC%B8%EC%95%88%EB%A1%9C%2055%28%EC%8B%A0%EB%AC%B8%EB%A1%9C2%EA%B0%80%29
종로구	신문로2가	태학계첩	서울특별시 종로구 새문안로 55(신문로2가)	유형문화유산	37.5707155	126.9688196	https://map.naver.com/p/search/%ED%83%9C%ED%95%99%EA%B3%84%EC%B2%A9%20%EC%84%9C%EC%9A%B8%ED%8A%B9%EB%B3%84%EC%8B%9C%20%EC%A2%85%EB%A1%9C%EA%B5%AC%20%EC%83%88%EB%AC%B8%EC%95%88%EB%A1%9C%2055%28%EC%8B%A0%EB%AC%B8%EB%A1%9C2%EA%B0%80%29
종로구	신문로2가	경현당어제어필화재첩	서울특별시 종로구 새문안로 55(신문로2가)	유형문화유산	37.5707155	126.9688196	https://map.naver.com/p/search/%EA%B2%BD%ED%98%84%EB%8B%B9%EC%96%B4%EC%A0%9C%EC%96%B4%ED%95%84%ED%99%94%EC%9E%AC%EC%B2%A9%20%EC%84%9C%EC%9A%B8%ED%8A%B9%EB%B3%84%EC%8B%9C%20%EC%A2%85%EB%A1%9C%EA%B5%AC%20%EC%83%88%EB%AC%B8%EC%95%88%EB%A1%9C%2055%28%EC%8B%A0%EB%AC%B8%EB%A1%9C2%EA%B0%80%29
종로구	신문로2가	기성도병	서울특별시 종로구 새문안로 55(신문로2가)	유형문화유산	37.5707155	126.9688196	https://map.naver.com/p/search/%EA%B8%B0%EC%84%B1%EB%8F%84%EB%B3%91%20%EC%84%9C%EC%9A%B8%ED%8A%B9%EB%B3%84%EC%8B%9C%20%EC%A2%85%EB%A1%9C%EA%B5%AC%20%EC%83%88%EB%AC%B8%EC%95%88%EB%A1%9C%2055%28%EC%8B%A0%EB%AC%B8%EB%A1%9C2%EA%B0%80%29
종로구	신문로2가	관서명승도첩	서울특별시 종로구 새문안로 55(신문로2가)	유형문화유산	37.5707155	126.9688196	https://map.naver.com/p/search/%EA%B4%80%EC%84%9C%EB%AA%85%EC%8A%B9%EB%8F%84%EC%B2%A9%20%EC%84%9C%EC%9A%B8%ED%8A%B9%EB%B3%84%EC%8B%9C%20%EC%A2%85%EB%A1%9C%EA%B5%AC%20%EC%83%88%EB%AC%B8%EC%95%88%EB%A1%9C%2055%28%EC%8B%A0%EB%AC%B8%EB%A1%9C2%EA%B0%80%29
종로구	신문로2가	두씨통전	서울특별시 종로구 새문안로 55(신문로2가)	유형문화유산	37.5707155	126.9688196	https://map.naver.com/p/search/%EB%91%90%EC%94%A8%ED%86%B5%EC%A0%84%20%EC%84%9C%EC%9A%B8%ED%8A%B9%EB%B3%84%EC%8B%9C%20%EC%A2%85%EB%A1%9C%EA%B5%AC%20%EC%83%88%EB%AC%B8%EC%95%88%EB%A1%9C%2055%28%EC%8B%A0%EB%AC%B8%EB%A1%9C2%EA%B0%80%29
종로구	신문로2가	지장보살본원경	서울특별시 종로구 새문안로 55(신문로2가)	유형문화유산	37.5707155	126.9688196	https://map.naver.com/p/search/%EC%A7%80%EC%9E%A5%EB%B3%B4%EC%82%B4%EB%B3%B8%EC%9B%90%EA%B2%BD%20%EC%84%9C%EC%9A%B8%ED%8A%B9%EB%B3%84%EC%8B%9C%20%EC%A2%85%EB%A1%9C%EA%B5%AC%20%EC%83%88%EB%AC%B8%EC%95%88%EB%A1%9C%2055%28%EC%8B%A0%EB%AC%B8%EB%A1%9C2%EA%B0%80%29
종로구	신문로2가	번역명의집 권1~3	서울특별시 종로구 새문안로 55(신문로2가)	유형문화유산	37.5707155	126.9688196	https://map.naver.com/p/search/%EB%B2%88%EC%97%AD%EB%AA%85%EC%9D%98%EC%A7%91%20%EA%B6%8C1~3%20%EC%84%9C%EC%9A%B8%ED%8A%B9%EB%B3%84%EC%8B%9C%20%EC%A2%85%EB%A1%9C%EA%B5%AC%20%EC%83%88%EB%AC%B8%EC%95%88%EB%A1%9C%2055%28%EC%8B%A0%EB%AC%B8%EB%A1%9C2%EA%B0%80%29
종로구	신문로2가	자치통감강목 권16	서울특별시 종로구 새문안로 55(신문로2가)	유형문화유산	37.5707155	126.9688196	https://map.naver.com/p/search/%EC%9E%90%EC%B9%98%ED%86%B5%EA%B0%90%EA%B0%95%EB%AA%A9%20%EA%B6%8C16%20%EC%84%9C%EC%9A%B8%ED%8A%B9%EB%B3%84%EC%8B%9C%20%EC%A2%85%EB%A1%9C%EA%B5%AC%20%EC%83%88%EB%AC%B8%EC%95%88%EB%A1%9C%2055%28%EC%8B%A0%EB%AC%B8%EB%A1%9C2%EA%B0%80%29
종로구	신문로2가	성북동포백훈조계완문절목	서울특별시 종로구 새문안로 55(신문로2가)	유형문화유산	37.5707155	126.9688196	https://map.naver.com/p/search/%EC%84%B1%EB%B6%81%EB%8F%99%ED%8F%AC%EB%B0%B1%ED%9B%88%EC%A1%B0%EA%B3%84%EC%99%84%EB%AC%B8%EC%A0%88%EB%AA%A9%20%EC%84%9C%EC%9A%B8%ED%8A%B9%EB%B3%84%EC%8B%9C%20%EC%A2%85%EB%A1%9C%EA%B5%AC%20%EC%83%88%EB%AC%B8%EC%95%88%EB%A1%9C%2055%28%EC%8B%A0%EB%AC%B8%EB%A1%9C2%EA%B0%80%29
종로구	신문로2가	원조정본농상집요 권5~7	서울특별시 종로구 새문안로 55(신문로2가)	유형문화유산	37.5707155	126.9688196	https://map.naver.com/p/search/%EC%9B%90%EC%A1%B0%EC%A0%95%EB%B3%B8%EB%86%8D%EC%83%81%EC%A7%91%EC%9A%94%20%EA%B6%8C5~7%20%EC%84%9C%EC%9A%B8%ED%8A%B9%EB%B3%84%EC%8B%9C%20%EC%A2%85%EB%A1%9C%EA%B5%AC%20%EC%83%88%EB%AC%B8%EC%95%88%EB%A1%9C%2055%28%EC%8B%A0%EB%AC%B8%EB%A1%9C2%EA%B0%80%29
성북구	성북로31가|성북동	팔정사 목 보살좌상(대세지보살)	서울특별시 성북구 성북로31가길 82(성북동)	유형문화유산	37.5961603	126.985178	https://map.naver.com/p/search/%ED%8C%94%EC%A0%95%EC%82%AC%20%EB%AA%A9%20%EB%B3%B4%EC%82%B4%EC%A2%8C%EC%83%81%28%EB%8C%80%EC%84%B8%EC%A7%80%EB%B3%B4%EC%82%B4%29%20%EC%84%9C%EC%9A%B8%ED%8A%B9%EB%B3%84%EC%8B%9C%20%EC%84%B1%EB%B6%81%EA%B5%AC%20%EC%84%B1%EB%B6%81%EB%A1%9C31%EA%B0%80%EA%B8%B8%2082%28%EC%84%B1%EB%B6%81%EB%8F%99%29
종로구	창신동	안양암 아미타불도	서울특별시 종로구 창신5길 61(창신동)	유형문화유산	37.5754074	127.013337	https://map.naver.com/p/search/%EC%95%88%EC%96%91%EC%95%94%20%EC%95%84%EB%AF%B8%ED%83%80%EB%B6%88%EB%8F%84%20%EC%84%9C%EC%9A%B8%ED%8A%B9%EB%B3%84%EC%8B%9C%20%EC%A2%85%EB%A1%9C%EA%B5%AC%20%EC%B0%BD%EC%8B%A05%EA%B8%B8%2061%28%EC%B0%BD%EC%8B%A0%EB%8F%99%29
종로구	창신동	안양암 감로도	서울특별시 종로구 창신5길 61(창신동)	유형문화유산	37.5754074	127.013337	https://map.naver.com/p/search/%EC%95%88%EC%96%91%EC%95%94%20%EA%B0%90%EB%A1%9C%EB%8F%84%20%EC%84%9C%EC%9A%B8%ED%8A%B9%EB%B3%84%EC%8B%9C%20%EC%A2%85%EB%A1%9C%EA%B5%AC%20%EC%B0%BD%EC%8B%A05%EA%B8%B8%2061%28%EC%B0%BD%EC%8B%A0%EB%8F%99%29
종로구	창신동	안양암 팔상도	서울특별시 종로구 창신5길 61(창신동)	유형문화유산	37.5754074	127.013337	https://map.naver.com/p/search/%EC%95%88%EC%96%91%EC%95%94%20%ED%8C%94%EC%83%81%EB%8F%84%20%EC%84%9C%EC%9A%B8%ED%8A%B9%EB%B3%84%EC%8B%9C%20%EC%A2%85%EB%A1%9C%EA%B5%AC%20%EC%B0%BD%EC%8B%A05%EA%B8%B8%2061%28%EC%B0%BD%EC%8B%A0%EB%8F%99%29
종로구	창신동	안양암 극락왕생도	서울특별시 종로구 창신5길 61(창신동)	유형문화유산	37.5754074	127.013337	https://map.naver.com/p/search/%EC%95%88%EC%96%91%EC%95%94%20%EA%B7%B9%EB%9D%BD%EC%99%95%EC%83%9D%EB%8F%84%20%EC%84%9C%EC%9A%B8%ED%8A%B9%EB%B3%84%EC%8B%9C%20%EC%A2%85%EB%A1%9C%EA%B5%AC%20%EC%B0%BD%EC%8B%A05%EA%B8%B8%2061%28%EC%B0%BD%EC%8B%A0%EB%8F%99%29
종로구	창신동	안양암 아미타괘불도	서울특별시 종로구 창신5길 61(창신동)	유형문화유산	37.5754074	127.013337	https://map.naver.com/p/search/%EC%95%88%EC%96%91%EC%95%94%20%EC%95%84%EB%AF%B8%ED%83%80%EA%B4%98%EB%B6%88%EB%8F%84%20%EC%84%9C%EC%9A%B8%ED%8A%B9%EB%B3%84%EC%8B%9C%20%EC%A2%85%EB%A1%9C%EA%B5%AC%20%EC%B0%BD%EC%8B%A05%EA%B8%B8%2061%28%EC%B0%BD%EC%8B%A0%EB%8F%99%29
종로구	창신동	안양암 대웅전 삼존불상(아미타불,관음보살,지장보살)	서울특별시 종로구 창신5길 61(창신동)	유형문화유산	37.5754074	127.013337	https://map.naver.com/p/search/%EC%95%88%EC%96%91%EC%95%94%20%EB%8C%80%EC%9B%85%EC%A0%84%20%EC%82%BC%EC%A1%B4%EB%B6%88%EC%83%81%28%EC%95%84%EB%AF%B8%ED%83%80%EB%B6%88%2C%EA%B4%80%EC%9D%8C%EB%B3%B4%EC%82%B4%2C%EC%A7%80%EC%9E%A5%EB%B3%B4%EC%82%B4%29%20%EC%84%9C%EC%9A%B8%ED%8A%B9%EB%B3%84%EC%8B%9C%20%EC%A2%85%EB%A1%9C%EA%B5%AC%20%EC%B0%BD%EC%8B%A05%EA%B8%B8%2061%28%EC%B0%BD%EC%8B%A0%EB%8F%99%29
강북구	우이동	도선사 목 아미타불?대세지보살상	서울특별시 강북구 도선사길 278(우이동)	유형문화유산	37.6617837	127.0116011	https://map.naver.com/p/search/%EB%8F%84%EC%84%A0%EC%82%AC%20%EB%AA%A9%20%EC%95%84%EB%AF%B8%ED%83%80%EB%B6%88%3F%EB%8C%80%EC%84%B8%EC%A7%80%EB%B3%B4%EC%82%B4%EC%83%81%20%EC%84%9C%EC%9A%B8%ED%8A%B9%EB%B3%84%EC%8B%9C%20%EA%B0%95%EB%B6%81%EA%B5%AC%20%EB%8F%84%EC%84%A0%EC%82%AC%EA%B8%B8%20278%28%EC%9A%B0%EC%9D%B4%EB%8F%99%29
종로구	신문로2가	주해천자문 목판	서울특별시 종로구 새문안로 55 (신문로2가)	유형문화유산	37.5701433	126.9704375	https://map.naver.com/p/search/%EC%A3%BC%ED%95%B4%EC%B2%9C%EC%9E%90%EB%AC%B8%20%EB%AA%A9%ED%8C%90%20%EC%84%9C%EC%9A%B8%ED%8A%B9%EB%B3%84%EC%8B%9C%20%EC%A2%85%EB%A1%9C%EA%B5%AC%20%EC%83%88%EB%AC%B8%EC%95%88%EB%A1%9C%2055%20%28%EC%8B%A0%EB%AC%B8%EB%A1%9C2%EA%B0%80%29
종로구	인사동|관훈동	십장생도 병풍	서울특별시 종로구 인사동길 62-5 (관훈동) 6층	유형문화유산	37.5754751	126.9838602	https://map.naver.com/p/search/%EC%8B%AD%EC%9E%A5%EC%83%9D%EB%8F%84%20%EB%B3%91%ED%92%8D%20%EC%84%9C%EC%9A%B8%ED%8A%B9%EB%B3%84%EC%8B%9C%20%EC%A2%85%EB%A1%9C%EA%B5%AC%20%EC%9D%B8%EC%82%AC%EB%8F%99%EA%B8%B8%2062-5%20%28%EA%B4%80%ED%9B%88%EB%8F%99%29%206%EC%B8%B5
강북구	우이동	도선사 석 독성상	서울특별시 강북구 도선사길 278(우이동)	유형문화유산	37.6617837	127.0116011	https://map.naver.com/p/search/%EB%8F%84%EC%84%A0%EC%82%AC%20%EC%84%9D%20%EB%8F%85%EC%84%B1%EC%83%81%20%EC%84%9C%EC%9A%B8%ED%8A%B9%EB%B3%84%EC%8B%9C%20%EA%B0%95%EB%B6%81%EA%B5%AC%20%EB%8F%84%EC%84%A0%EC%82%AC%EA%B8%B8%20278%28%EC%9A%B0%EC%9D%B4%EB%8F%99%29
종로구	신문로2가	류홍영정	서울특별시 종로구 새문안로 55(신문로2가)	유형문화유산	37.5707155	126.9688196	https://map.naver.com/p/search/%EB%A5%98%ED%99%8D%EC%98%81%EC%A0%95%20%EC%84%9C%EC%9A%B8%ED%8A%B9%EB%B3%84%EC%8B%9C%20%EC%A2%85%EB%A1%9C%EA%B5%AC%20%EC%83%88%EB%AC%B8%EC%95%88%EB%A1%9C%2055%28%EC%8B%A0%EB%AC%B8%EB%A1%9C2%EA%B0%80%29
관악구	신림동	청자상감국화문표형병	서울특별시 관악구 남부순환로152길 53(신림동)	유형문화유산	37.4810717	126.9183525	https://map.naver.com/p/search/%EC%B2%AD%EC%9E%90%EC%83%81%EA%B0%90%EA%B5%AD%ED%99%94%EB%AC%B8%ED%91%9C%ED%98%95%EB%B3%91%20%EC%84%9C%EC%9A%B8%ED%8A%B9%EB%B3%84%EC%8B%9C%20%EA%B4%80%EC%95%85%EA%B5%AC%20%EB%82%A8%EB%B6%80%EC%88%9C%ED%99%98%EB%A1%9C152%EA%B8%B8%2053%28%EC%8B%A0%EB%A6%BC%EB%8F%99%29
관악구	신림동	분청사기철화모란문장군	서울특별시 관악구 남부순환로152길 53(신림동)	유형문화유산	37.4810717	126.9183525	https://map.naver.com/p/search/%EB%B6%84%EC%B2%AD%EC%82%AC%EA%B8%B0%EC%B2%A0%ED%99%94%EB%AA%A8%EB%9E%80%EB%AC%B8%EC%9E%A5%EA%B5%B0%20%EC%84%9C%EC%9A%B8%ED%8A%B9%EB%B3%84%EC%8B%9C%20%EA%B4%80%EC%95%85%EA%B5%AC%20%EB%82%A8%EB%B6%80%EC%88%9C%ED%99%98%EB%A1%9C152%EA%B8%B8%2053%28%EC%8B%A0%EB%A6%BC%EB%8F%99%29
관악구	신림동	분청사기조화모란문장군	서울특별시 관악구 남부순환로152길 53(신림동)	유형문화유산	37.4810717	126.9183525	https://map.naver.com/p/search/%EB%B6%84%EC%B2%AD%EC%82%AC%EA%B8%B0%EC%A1%B0%ED%99%94%EB%AA%A8%EB%9E%80%EB%AC%B8%EC%9E%A5%EA%B5%B0%20%EC%84%9C%EC%9A%B8%ED%8A%B9%EB%B3%84%EC%8B%9C%20%EA%B4%80%EC%95%85%EA%B5%AC%20%EB%82%A8%EB%B6%80%EC%88%9C%ED%99%98%EB%A1%9C152%EA%B8%B8%2053%28%EC%8B%A0%EB%A6%BC%EB%8F%99%29
관악구	신림동	백자청화송옥문병	서울특별시 관악구 남부순환로152길 53(신림동)	유형문화유산	37.480982	126.918218	https://map.naver.com/p/search/%EB%B0%B1%EC%9E%90%EC%B2%AD%ED%99%94%EC%86%A1%EC%98%A5%EB%AC%B8%EB%B3%91%20%EC%84%9C%EC%9A%B8%ED%8A%B9%EB%B3%84%EC%8B%9C%20%EA%B4%80%EC%95%85%EA%B5%AC%20%EB%82%A8%EB%B6%80%EC%88%9C%ED%99%98%EB%A1%9C152%EA%B8%B8%2053%28%EC%8B%A0%EB%A6%BC%EB%8F%99%29
관악구	신림동	백자청화매죽문시명병	서울특별시 관악구 남부순환로152길 53(신림동)	유형문화유산	37.4810717	126.9183525	https://map.naver.com/p/search/%EB%B0%B1%EC%9E%90%EC%B2%AD%ED%99%94%EB%A7%A4%EC%A3%BD%EB%AC%B8%EC%8B%9C%EB%AA%85%EB%B3%91%20%EC%84%9C%EC%9A%B8%ED%8A%B9%EB%B3%84%EC%8B%9C%20%EA%B4%80%EC%95%85%EA%B5%AC%20%EB%82%A8%EB%B6%80%EC%88%9C%ED%99%98%EB%A1%9C152%EA%B8%B8%2053%28%EC%8B%A0%EB%A6%BC%EB%8F%99%29
용산구	용산동6가	혼천의	서울특별시 용산구 서빙고로 137(용산동6가)	유형문화유산	37.524087	126.980388	https://map.naver.com/p/search/%ED%98%BC%EC%B2%9C%EC%9D%98%20%EC%84%9C%EC%9A%B8%ED%8A%B9%EB%B3%84%EC%8B%9C%20%EC%9A%A9%EC%82%B0%EA%B5%AC%20%EC%84%9C%EB%B9%99%EA%B3%A0%EB%A1%9C%20137%28%EC%9A%A9%EC%82%B0%EB%8F%996%EA%B0%80%29
동작구	상도동	사자암 지장시왕도	서울특별시 동작구 국사봉1길 235-14(상도동)	유형문화유산	37.4923933	126.9369661	https://map.naver.com/p/search/%EC%82%AC%EC%9E%90%EC%95%94%20%EC%A7%80%EC%9E%A5%EC%8B%9C%EC%99%95%EB%8F%84%20%EC%84%9C%EC%9A%B8%ED%8A%B9%EB%B3%84%EC%8B%9C%20%EB%8F%99%EC%9E%91%EA%B5%AC%20%EA%B5%AD%EC%82%AC%EB%B4%891%EA%B8%B8%20235-14%28%EC%83%81%EB%8F%84%EB%8F%99%29
용산구	효창동	백범 김구 유묵 思無邪	서울특별시 용산구 임정로 26(효창동) 백범기념관	국가등록유산	37.544257	126.959247	https://map.naver.com/p/search/%EB%B0%B1%EB%B2%94%20%EA%B9%80%EA%B5%AC%20%EC%9C%A0%EB%AC%B5%20%E6%80%9D%E7%84%A1%E9%82%AA%20%EC%84%9C%EC%9A%B8%ED%8A%B9%EB%B3%84%EC%8B%9C%20%EC%9A%A9%EC%82%B0%EA%B5%AC%20%EC%9E%84%EC%A0%95%EB%A1%9C%2026%28%ED%9A%A8%EC%B0%BD%EB%8F%99%29%20%EB%B0%B1%EB%B2%94%EA%B8%B0%EB%85%90%EA%B4%80
은평구	진관동	진관사 소장 독립신문류	서울특별시 은평구 진관길 73(진관동)	국가등록유산	37.638156	126.946584	https://map.naver.com/p/search/%EC%A7%84%EA%B4%80%EC%82%AC%20%EC%86%8C%EC%9E%A5%20%EB%8F%85%EB%A6%BD%EC%8B%A0%EB%AC%B8%EB%A5%98%20%EC%84%9C%EC%9A%B8%ED%8A%B9%EB%B3%84%EC%8B%9C%20%EC%9D%80%ED%8F%89%EA%B5%AC%20%EC%A7%84%EA%B4%80%EA%B8%B8%2073%28%EC%A7%84%EA%B4%80%EB%8F%99%29
노원구	공릉동	대한민국 육군기	서울특별시 노원구 화랑로 574(공릉동) 육군박물관	국가등록유산	37.627244	127.103326	https://map.naver.com/p/search/%EB%8C%80%ED%95%9C%EB%AF%BC%EA%B5%AD%20%EC%9C%A1%EA%B5%B0%EA%B8%B0%20%EC%84%9C%EC%9A%B8%ED%8A%B9%EB%B3%84%EC%8B%9C%20%EB%85%B8%EC%9B%90%EA%B5%AC%20%ED%99%94%EB%9E%91%EB%A1%9C%20574%28%EA%B3%B5%EB%A6%89%EB%8F%99%29%20%EC%9C%A1%EA%B5%B0%EB%B0%95%EB%AC%BC%EA%B4%80
서울특별시	신문로2가	휴대용 앙부일구	서울특별시 종로구 새문안로 55 (신문로2가) 서울역사박물관	보물	37.5707611	126.9688343	https://map.naver.com/p/search/%ED%9C%B4%EB%8C%80%EC%9A%A9%20%EC%95%99%EB%B6%80%EC%9D%BC%EA%B5%AC%20%EC%84%9C%EC%9A%B8%ED%8A%B9%EB%B3%84%EC%8B%9C%20%EC%A2%85%EB%A1%9C%EA%B5%AC%20%EC%83%88%EB%AC%B8%EC%95%88%EB%A1%9C%2055%20%28%EC%8B%A0%EB%AC%B8%EB%A1%9C2%EA%B0%80%29%20%EC%84%9C%EC%9A%B8%EC%97%AD%EC%82%AC%EB%B0%95%EB%AC%BC%EA%B4%80
금천구	시흥동	김소월 시집 진달래꽃	서울특별시 금천구 금하로 816(시흥동, 벽산5단지아파트) 510동 802호	국가등록유산	37.448269	126.918782	https://map.naver.com/p/search/%EA%B9%80%EC%86%8C%EC%9B%94%20%EC%8B%9C%EC%A7%91%20%EC%A7%84%EB%8B%AC%EB%9E%98%EA%BD%83%20%EC%84%9C%EC%9A%B8%ED%8A%B9%EB%B3%84%EC%8B%9C%20%EA%B8%88%EC%B2%9C%EA%B5%AC%20%EA%B8%88%ED%95%98%EB%A1%9C%20816%28%EC%8B%9C%ED%9D%A5%EB%8F%99%2C%20%EB%B2%BD%EC%82%B05%EB%8B%A8%EC%A7%80%EC%95%84%ED%8C%8C%ED%8A%B8%29%20510%EB%8F%99%20802%ED%98%B8
서대문구	신촌동	찬양가	서울특별시 서대문구 연세로 50(신촌동)	국가등록유산	37.564711	126.939499	https://map.naver.com/p/search/%EC%B0%AC%EC%96%91%EA%B0%80%20%EC%84%9C%EC%9A%B8%ED%8A%B9%EB%B3%84%EC%8B%9C%20%EC%84%9C%EB%8C%80%EB%AC%B8%EA%B5%AC%20%EC%97%B0%EC%84%B8%EB%A1%9C%2050%28%EC%8B%A0%EC%B4%8C%EB%8F%99%29
서대문구	신촌동	알렌의 진단서	서울특별시 서대문구 연세로 50(신촌동)	국가등록유산	37.567113	126.939029	https://map.naver.com/p/search/%EC%95%8C%EB%A0%8C%EC%9D%98%20%EC%A7%84%EB%8B%A8%EC%84%9C%20%EC%84%9C%EC%9A%B8%ED%8A%B9%EB%B3%84%EC%8B%9C%20%EC%84%9C%EB%8C%80%EB%AC%B8%EA%B5%AC%20%EC%97%B0%EC%84%B8%EB%A1%9C%2050%28%EC%8B%A0%EC%B4%8C%EB%8F%99%29
서대문구	신촌동	제중원 1차년도 보고서	서울특별시 서대문구 연세로 50(신촌동)	국가등록유산	37.567113	126.939029	https://map.naver.com/p/search/%EC%A0%9C%EC%A4%91%EC%9B%90%201%EC%B0%A8%EB%85%84%EB%8F%84%20%EB%B3%B4%EA%B3%A0%EC%84%9C%20%EC%84%9C%EC%9A%B8%ED%8A%B9%EB%B3%84%EC%8B%9C%20%EC%84%9C%EB%8C%80%EB%AC%B8%EA%B5%AC%20%EC%97%B0%EC%84%B8%EB%A1%9C%2050%28%EC%8B%A0%EC%B4%8C%EB%8F%99%29
중구	정동	배재학당 피아노	서울특별시 중구 서소문로11길 19(정동)	국가등록유산	37.563701	126.972278	https://map.naver.com/p/search/%EB%B0%B0%EC%9E%AC%ED%95%99%EB%8B%B9%20%ED%94%BC%EC%95%84%EB%85%B8%20%EC%84%9C%EC%9A%B8%ED%8A%B9%EB%B3%84%EC%8B%9C%20%EC%A4%91%EA%B5%AC%20%EC%84%9C%EC%86%8C%EB%AC%B8%EB%A1%9C11%EA%B8%B8%2019%28%EC%A0%95%EB%8F%99%29
서대문구	창천동	선원제전집도서	서울특별시 서대문구 신촌로7길 30(창천동)	유형문화유산	37.557933	126.932369	https://map.naver.com/p/search/%EC%84%A0%EC%9B%90%EC%A0%9C%EC%A0%84%EC%A7%91%EB%8F%84%EC%84%9C%20%EC%84%9C%EC%9A%B8%ED%8A%B9%EB%B3%84%EC%8B%9C%20%EC%84%9C%EB%8C%80%EB%AC%B8%EA%B5%AC%20%EC%8B%A0%EC%B4%8C%EB%A1%9C7%EA%B8%B8%2030%28%EC%B0%BD%EC%B2%9C%EB%8F%99%29
종로구	낙산성곽동|창신동	지장암 명부전 목조지장보살좌상 및 복장유물	서울특별시 종로구 낙산성곽동길 57-2(창신동)	유형문화유산	37.577653	127.008696	https://map.naver.com/p/search/%EC%A7%80%EC%9E%A5%EC%95%94%20%EB%AA%85%EB%B6%80%EC%A0%84%20%EB%AA%A9%EC%A1%B0%EC%A7%80%EC%9E%A5%EB%B3%B4%EC%82%B4%EC%A2%8C%EC%83%81%20%EB%B0%8F%20%EB%B3%B5%EC%9E%A5%EC%9C%A0%EB%AC%BC%20%EC%84%9C%EC%9A%B8%ED%8A%B9%EB%B3%84%EC%8B%9C%20%EC%A2%85%EB%A1%9C%EA%B5%AC%20%EB%82%99%EC%82%B0%EC%84%B1%EA%B3%BD%EB%8F%99%EA%B8%B8%2057-2%28%EC%B0%BD%EC%8B%A0%EB%8F%99%29
종로구	낙산성곽동|창신동	지장암 석조천불좌상 및 복장유물	서울특별시 종로구 낙산성곽동길 57-2(창신동)	유형문화유산	37.577653	127.008696	https://map.naver.com/p/search/%EC%A7%80%EC%9E%A5%EC%95%94%20%EC%84%9D%EC%A1%B0%EC%B2%9C%EB%B6%88%EC%A2%8C%EC%83%81%20%EB%B0%8F%20%EB%B3%B5%EC%9E%A5%EC%9C%A0%EB%AC%BC%20%EC%84%9C%EC%9A%B8%ED%8A%B9%EB%B3%84%EC%8B%9C%20%EC%A2%85%EB%A1%9C%EA%B5%AC%20%EB%82%99%EC%82%B0%EC%84%B1%EA%B3%BD%EB%8F%99%EA%B8%B8%2057-2%28%EC%B0%BD%EC%8B%A0%EB%8F%99%29
종로구	낙산성곽동|창신동	지장암 석조가섭아난입상 및 복장유물	서울특별시 종로구 낙산성곽동길 57-2(창신동)	유형문화유산	37.577653	127.008696	https://map.naver.com/p/search/%EC%A7%80%EC%9E%A5%EC%95%94%20%EC%84%9D%EC%A1%B0%EA%B0%80%EC%84%AD%EC%95%84%EB%82%9C%EC%9E%85%EC%83%81%20%EB%B0%8F%20%EB%B3%B5%EC%9E%A5%EC%9C%A0%EB%AC%BC%20%EC%84%9C%EC%9A%B8%ED%8A%B9%EB%B3%84%EC%8B%9C%20%EC%A2%85%EB%A1%9C%EA%B5%AC%20%EB%82%99%EC%82%B0%EC%84%B1%EA%B3%BD%EB%8F%99%EA%B8%B8%2057-2%28%EC%B0%BD%EC%8B%A0%EB%8F%99%29
종로구	낙산성곽동|창신동	지장암 대웅전 목조석가여래좌상 및 복장유물	서울특별시 종로구 낙산성곽동길 57-2(창신동)	유형문화유산	37.577653	127.008696	https://map.naver.com/p/search/%EC%A7%80%EC%9E%A5%EC%95%94%20%EB%8C%80%EC%9B%85%EC%A0%84%20%EB%AA%A9%EC%A1%B0%EC%84%9D%EA%B0%80%EC%97%AC%EB%9E%98%EC%A2%8C%EC%83%81%20%EB%B0%8F%20%EB%B3%B5%EC%9E%A5%EC%9C%A0%EB%AC%BC%20%EC%84%9C%EC%9A%B8%ED%8A%B9%EB%B3%84%EC%8B%9C%20%EC%A2%85%EB%A1%9C%EA%B5%AC%20%EB%82%99%EC%82%B0%EC%84%B1%EA%B3%BD%EB%8F%99%EA%B8%B8%2057-2%28%EC%B0%BD%EC%8B%A0%EB%8F%99%29
종로구	낙산성곽동|창신동	지장암 목조석가여래좌상 및 복장유물	서울특별시 종로구 낙산성곽동길 57-2(창신동)	유형문화유산	37.577653	127.008696	https://map.naver.com/p/search/%EC%A7%80%EC%9E%A5%EC%95%94%20%EB%AA%A9%EC%A1%B0%EC%84%9D%EA%B0%80%EC%97%AC%EB%9E%98%EC%A2%8C%EC%83%81%20%EB%B0%8F%20%EB%B3%B5%EC%9E%A5%EC%9C%A0%EB%AC%BC%20%EC%84%9C%EC%9A%B8%ED%8A%B9%EB%B3%84%EC%8B%9C%20%EC%A2%85%EB%A1%9C%EA%B5%AC%20%EB%82%99%EC%82%B0%EC%84%B1%EA%B3%BD%EB%8F%99%EA%B8%B8%2057-2%28%EC%B0%BD%EC%8B%A0%EB%8F%99%29
종로구	낙산성곽동|창신동	지장암 목조관음보살좌상 및 복장유물	서울특별시 종로구 낙산성곽동길 57-2(창신동)	유형문화유산	37.577653	127.008696	https://map.naver.com/p/search/%EC%A7%80%EC%9E%A5%EC%95%94%20%EB%AA%A9%EC%A1%B0%EA%B4%80%EC%9D%8C%EB%B3%B4%EC%82%B4%EC%A2%8C%EC%83%81%20%EB%B0%8F%20%EB%B3%B5%EC%9E%A5%EC%9C%A0%EB%AC%BC%20%EC%84%9C%EC%9A%B8%ED%8A%B9%EB%B3%84%EC%8B%9C%20%EC%A2%85%EB%A1%9C%EA%B5%AC%20%EB%82%99%EC%82%B0%EC%84%B1%EA%B3%BD%EB%8F%99%EA%B8%B8%2057-2%28%EC%B0%BD%EC%8B%A0%EB%8F%99%29
종로구	낙산성곽동|창신동	지장암 목조관음지장보살좌상 및 복장유물	서울특별시 종로구 낙산성곽동길 57-2(창신동)	유형문화유산	37.577653	127.008696	https://map.naver.com/p/search/%EC%A7%80%EC%9E%A5%EC%95%94%20%EB%AA%A9%EC%A1%B0%EA%B4%80%EC%9D%8C%EC%A7%80%EC%9E%A5%EB%B3%B4%EC%82%B4%EC%A2%8C%EC%83%81%20%EB%B0%8F%20%EB%B3%B5%EC%9E%A5%EC%9C%A0%EB%AC%BC%20%EC%84%9C%EC%9A%B8%ED%8A%B9%EB%B3%84%EC%8B%9C%20%EC%A2%85%EB%A1%9C%EA%B5%AC%20%EB%82%99%EC%82%B0%EC%84%B1%EA%B3%BD%EB%8F%99%EA%B8%B8%2057-2%28%EC%B0%BD%EC%8B%A0%EB%8F%99%29
종로구	낙산성곽동|창신동	지장암 자수아미타삼존괘불도 및 복장유물	서울특별시 종로구 낙산성곽동길 57-2(창신동)	유형문화유산	37.577653	127.008696	https://map.naver.com/p/search/%EC%A7%80%EC%9E%A5%EC%95%94%20%EC%9E%90%EC%88%98%EC%95%84%EB%AF%B8%ED%83%80%EC%82%BC%EC%A1%B4%EA%B4%98%EB%B6%88%EB%8F%84%20%EB%B0%8F%20%EB%B3%B5%EC%9E%A5%EC%9C%A0%EB%AC%BC%20%EC%84%9C%EC%9A%B8%ED%8A%B9%EB%B3%84%EC%8B%9C%20%EC%A2%85%EB%A1%9C%EA%B5%AC%20%EB%82%99%EC%82%B0%EC%84%B1%EA%B3%BD%EB%8F%99%EA%B8%B8%2057-2%28%EC%B0%BD%EC%8B%A0%EB%8F%99%29
종로구	낙산성곽동|창신동	지장암 자수지장보살도	서울특별시 종로구 낙산성곽동길 57-2(창신동)	유형문화유산	37.577653	127.008696	https://map.naver.com/p/search/%EC%A7%80%EC%9E%A5%EC%95%94%20%EC%9E%90%EC%88%98%EC%A7%80%EC%9E%A5%EB%B3%B4%EC%82%B4%EB%8F%84%20%EC%84%9C%EC%9A%B8%ED%8A%B9%EB%B3%84%EC%8B%9C%20%EC%A2%85%EB%A1%9C%EA%B5%AC%20%EB%82%99%EC%82%B0%EC%84%B1%EA%B3%BD%EB%8F%99%EA%B8%B8%2057-2%28%EC%B0%BD%EC%8B%A0%EB%8F%99%29
노원구		학림사 석조약사여래삼불좌상 및 복장유물	서울특별시 노원구 상계3.4동 산 1 학림사	유형문화유산	37.682365	127.077431	https://map.naver.com/p/search/%ED%95%99%EB%A6%BC%EC%82%AC%20%EC%84%9D%EC%A1%B0%EC%95%BD%EC%82%AC%EC%97%AC%EB%9E%98%EC%82%BC%EB%B6%88%EC%A2%8C%EC%83%81%20%EB%B0%8F%20%EB%B3%B5%EC%9E%A5%EC%9C%A0%EB%AC%BC%20%EC%84%9C%EC%9A%B8%ED%8A%B9%EB%B3%84%EC%8B%9C%20%EB%85%B8%EC%9B%90%EA%B5%AC%20%EC%83%81%EA%B3%843.4%EB%8F%99%20%EC%82%B0%201%20%ED%95%99%EB%A6%BC%EC%82%AC
성북구	정릉동	심곡사 목조보살좌상	서울특별시 성북구 정릉로 57-104(정릉동)	유형문화유산	37.624229	126.990105	https://map.naver.com/p/search/%EC%8B%AC%EA%B3%A1%EC%82%AC%20%EB%AA%A9%EC%A1%B0%EB%B3%B4%EC%82%B4%EC%A2%8C%EC%83%81%20%EC%84%9C%EC%9A%B8%ED%8A%B9%EB%B3%84%EC%8B%9C%20%EC%84%B1%EB%B6%81%EA%B5%AC%20%EC%A0%95%EB%A6%89%EB%A1%9C%2057-104%28%EC%A0%95%EB%A6%89%EB%8F%99%29
관악구	신림동	불설입무분별법문경	서울특별시 관악구 남부순환로152길 53(신림동)	유형문화유산	37.480982	126.918218	https://map.naver.com/p/search/%EB%B6%88%EC%84%A4%EC%9E%85%EB%AC%B4%EB%B6%84%EB%B3%84%EB%B2%95%EB%AC%B8%EA%B2%BD%20%EC%84%9C%EC%9A%B8%ED%8A%B9%EB%B3%84%EC%8B%9C%20%EA%B4%80%EC%95%85%EA%B5%AC%20%EB%82%A8%EB%B6%80%EC%88%9C%ED%99%98%EB%A1%9C152%EA%B8%B8%2053%28%EC%8B%A0%EB%A6%BC%EB%8F%99%29
관악구	신림동	불설불모출생삼법장반야바라밀다경 권9	서울특별시 관악구 남부순환로152길 53(신림동)	유형문화유산	37.480982	126.918218	https://map.naver.com/p/search/%EB%B6%88%EC%84%A4%EB%B6%88%EB%AA%A8%EC%B6%9C%EC%83%9D%EC%82%BC%EB%B2%95%EC%9E%A5%EB%B0%98%EC%95%BC%EB%B0%94%EB%9D%BC%EB%B0%80%EB%8B%A4%EA%B2%BD%20%EA%B6%8C9%20%EC%84%9C%EC%9A%B8%ED%8A%B9%EB%B3%84%EC%8B%9C%20%EA%B4%80%EC%95%85%EA%B5%AC%20%EB%82%A8%EB%B6%80%EC%88%9C%ED%99%98%EB%A1%9C152%EA%B8%B8%2053%28%EC%8B%A0%EB%A6%BC%EB%8F%99%29
종로구	평창동	보각사 목조여래좌상	서울특별시 종로구 평창5길 15-6(평창동)	유형문화유산	37.61275	126.964131	https://map.naver.com/p/search/%EB%B3%B4%EA%B0%81%EC%82%AC%20%EB%AA%A9%EC%A1%B0%EC%97%AC%EB%9E%98%EC%A2%8C%EC%83%81%20%EC%84%9C%EC%9A%B8%ED%8A%B9%EB%B3%84%EC%8B%9C%20%EC%A2%85%EB%A1%9C%EA%B5%AC%20%ED%8F%89%EC%B0%BD5%EA%B8%B8%2015-6%28%ED%8F%89%EC%B0%BD%EB%8F%99%29
동대문구	회기동	연화사 아미타불괘불도	서울특별시 동대문구 경희대로3길 56(회기동)	유형문화유산	37.594382	127.050703	https://map.naver.com/p/search/%EC%97%B0%ED%99%94%EC%82%AC%20%EC%95%84%EB%AF%B8%ED%83%80%EB%B6%88%EA%B4%98%EB%B6%88%EB%8F%84%20%EC%84%9C%EC%9A%B8%ED%8A%B9%EB%B3%84%EC%8B%9C%20%EB%8F%99%EB%8C%80%EB%AC%B8%EA%B5%AC%20%EA%B2%BD%ED%9D%AC%EB%8C%80%EB%A1%9C3%EA%B8%B8%2056%28%ED%9A%8C%EA%B8%B0%EB%8F%99%29
동대문구	회기동	연화사 칠성도	서울특별시 동대문구 경희대로3길 56(회기동)	유형문화유산	37.594382	127.050703	https://map.naver.com/p/search/%EC%97%B0%ED%99%94%EC%82%AC%20%EC%B9%A0%EC%84%B1%EB%8F%84%20%EC%84%9C%EC%9A%B8%ED%8A%B9%EB%B3%84%EC%8B%9C%20%EB%8F%99%EB%8C%80%EB%AC%B8%EA%B5%AC%20%EA%B2%BD%ED%9D%AC%EB%8C%80%EB%A1%9C3%EA%B8%B8%2056%28%ED%9A%8C%EA%B8%B0%EB%8F%99%29
동대문구	회기동	연화사 천수관음도	서울특별시 동대문구 경희대로3길 56(회기동)	유형문화유산	37.594382	127.050703	https://map.naver.com/p/search/%EC%97%B0%ED%99%94%EC%82%AC%20%EC%B2%9C%EC%88%98%EA%B4%80%EC%9D%8C%EB%8F%84%20%EC%84%9C%EC%9A%B8%ED%8A%B9%EB%B3%84%EC%8B%9C%20%EB%8F%99%EB%8C%80%EB%AC%B8%EA%B5%AC%20%EA%B2%BD%ED%9D%AC%EB%8C%80%EB%A1%9C3%EA%B8%B8%2056%28%ED%9A%8C%EA%B8%B0%EB%8F%99%29
동대문구	회기동	연화사 신중도	서울특별시 동대문구 경희대로3길 56(회기동)	유형문화유산	37.594382	127.050703	https://map.naver.com/p/search/%EC%97%B0%ED%99%94%EC%82%AC%20%EC%8B%A0%EC%A4%91%EB%8F%84%20%EC%84%9C%EC%9A%B8%ED%8A%B9%EB%B3%84%EC%8B%9C%20%EB%8F%99%EB%8C%80%EB%AC%B8%EA%B5%AC%20%EA%B2%BD%ED%9D%AC%EB%8C%80%EB%A1%9C3%EA%B8%B8%2056%28%ED%9A%8C%EA%B8%B0%EB%8F%99%29
동대문구	회기동	연화사 지장시왕도	서울특별시 동대문구 경희대로3길 56(회기동)	유형문화유산	37.594382	127.050703	https://map.naver.com/p/search/%EC%97%B0%ED%99%94%EC%82%AC%20%EC%A7%80%EC%9E%A5%EC%8B%9C%EC%99%95%EB%8F%84%20%EC%84%9C%EC%9A%B8%ED%8A%B9%EB%B3%84%EC%8B%9C%20%EB%8F%99%EB%8C%80%EB%AC%B8%EA%B5%AC%20%EA%B2%BD%ED%9D%AC%EB%8C%80%EB%A1%9C3%EA%B8%B8%2056%28%ED%9A%8C%EA%B8%B0%EB%8F%99%29
도봉구	도봉동	천축사 목조석가삼존불(석가불,미륵보살,제화갈라보살)	서울특별시 도봉구 도봉산길 92-2(도봉동)	유형문화유산	37.694272	127.019333	https://map.naver.com/p/search/%EC%B2%9C%EC%B6%95%EC%82%AC%20%EB%AA%A9%EC%A1%B0%EC%84%9D%EA%B0%80%EC%82%BC%EC%A1%B4%EB%B6%88%28%EC%84%9D%EA%B0%80%EB%B6%88%2C%EB%AF%B8%EB%A5%B5%EB%B3%B4%EC%82%B4%2C%EC%A0%9C%ED%99%94%EA%B0%88%EB%9D%BC%EB%B3%B4%EC%82%B4%29%20%EC%84%9C%EC%9A%B8%ED%8A%B9%EB%B3%84%EC%8B%9C%20%EB%8F%84%EB%B4%89%EA%B5%AC%20%EB%8F%84%EB%B4%89%EC%82%B0%EA%B8%B8%2092-2%28%EB%8F%84%EB%B4%89%EB%8F%99%29
용산구	한강로3가	연복사탑중창비	서울특별시 용산구 한강대로21나길 7(한강로3가)	유형문화유산	37.527986	126.963177	https://map.naver.com/p/search/%EC%97%B0%EB%B3%B5%EC%82%AC%ED%83%91%EC%A4%91%EC%B0%BD%EB%B9%84%20%EC%84%9C%EC%9A%B8%ED%8A%B9%EB%B3%84%EC%8B%9C%20%EC%9A%A9%EC%82%B0%EA%B5%AC%20%ED%95%9C%EA%B0%95%EB%8C%80%EB%A1%9C21%EB%82%98%EA%B8%B8%207%28%ED%95%9C%EA%B0%95%EB%A1%9C3%EA%B0%80%29
도봉구	도봉동	도봉사 치성광여래삼존도	서울특별시 도봉구 도봉산길 89(도봉동)	유형문화유산	37.685222	127.030323	https://map.naver.com/p/search/%EB%8F%84%EB%B4%89%EC%82%AC%20%EC%B9%98%EC%84%B1%EA%B4%91%EC%97%AC%EB%9E%98%EC%82%BC%EC%A1%B4%EB%8F%84%20%EC%84%9C%EC%9A%B8%ED%8A%B9%EB%B3%84%EC%8B%9C%20%EB%8F%84%EB%B4%89%EA%B5%AC%20%EB%8F%84%EB%B4%89%EC%82%B0%EA%B8%B8%2089%28%EB%8F%84%EB%B4%89%EB%8F%99%29
도봉구	도봉1동	석굴암 천룡도	서울특별시 도봉구 도봉1동 산 29-1 석굴암	유형문화유산	37.69702	127.018565	https://map.naver.com/p/search/%EC%84%9D%EA%B5%B4%EC%95%94%20%EC%B2%9C%EB%A3%A1%EB%8F%84%20%EC%84%9C%EC%9A%B8%ED%8A%B9%EB%B3%84%EC%8B%9C%20%EB%8F%84%EB%B4%89%EA%B5%AC%20%EB%8F%84%EB%B4%891%EB%8F%99%20%EC%82%B0%2029-1%20%EC%84%9D%EA%B5%B4%EC%95%94
성북구	정릉동	봉국사 아미타괘불도	서울특별시 성북구 정릉로 202-27(정릉동)	유형문화유산	37.606109	127.00592	https://map.naver.com/p/search/%EB%B4%89%EA%B5%AD%EC%82%AC%20%EC%95%84%EB%AF%B8%ED%83%80%EA%B4%98%EB%B6%88%EB%8F%84%20%EC%84%9C%EC%9A%B8%ED%8A%B9%EB%B3%84%EC%8B%9C%20%EC%84%B1%EB%B6%81%EA%B5%AC%20%EC%A0%95%EB%A6%89%EB%A1%9C%20202-27%28%EC%A0%95%EB%A6%89%EB%8F%99%29
성북구	정릉동	봉국사 지장시왕도	서울특별시 성북구 정릉로 202-27(정릉동)	유형문화유산	37.606109	127.00592	https://map.naver.com/p/search/%EB%B4%89%EA%B5%AD%EC%82%AC%20%EC%A7%80%EC%9E%A5%EC%8B%9C%EC%99%95%EB%8F%84%20%EC%84%9C%EC%9A%B8%ED%8A%B9%EB%B3%84%EC%8B%9C%20%EC%84%B1%EB%B6%81%EA%B5%AC%20%EC%A0%95%EB%A6%89%EB%A1%9C%20202-27%28%EC%A0%95%EB%A6%89%EB%8F%99%29
성북구	정릉동	봉국사 명부전 시왕도 및 사자도	서울특별시 성북구 정릉로 202-27(정릉동)	유형문화유산	37.606109	127.00592	https://map.naver.com/p/search/%EB%B4%89%EA%B5%AD%EC%82%AC%20%EB%AA%85%EB%B6%80%EC%A0%84%20%EC%8B%9C%EC%99%95%EB%8F%84%20%EB%B0%8F%20%EC%82%AC%EC%9E%90%EB%8F%84%20%EC%84%9C%EC%9A%B8%ED%8A%B9%EB%B3%84%EC%8B%9C%20%EC%84%B1%EB%B6%81%EA%B5%AC%20%EC%A0%95%EB%A6%89%EB%A1%9C%20202-27%28%EC%A0%95%EB%A6%89%EB%8F%99%29
성북구	정릉동	봉국사 목조석가여래좌상	서울특별시 성북구 정릉로 202-27(정릉동)	유형문화유산	37.606109	127.00592	https://map.naver.com/p/search/%EB%B4%89%EA%B5%AD%EC%82%AC%20%EB%AA%A9%EC%A1%B0%EC%84%9D%EA%B0%80%EC%97%AC%EB%9E%98%EC%A2%8C%EC%83%81%20%EC%84%9C%EC%9A%B8%ED%8A%B9%EB%B3%84%EC%8B%9C%20%EC%84%B1%EB%B6%81%EA%B5%AC%20%EC%A0%95%EB%A6%89%EB%A1%9C%20202-27%28%EC%A0%95%EB%A6%89%EB%8F%99%29
성북구	정릉동	봉국사 석조지장삼존상과 시왕상 및 권속	서울특별시 성북구 정릉로 202-27(정릉동)	유형문화유산	37.606109	127.00592	https://map.naver.com/p/search/%EB%B4%89%EA%B5%AD%EC%82%AC%20%EC%84%9D%EC%A1%B0%EC%A7%80%EC%9E%A5%EC%82%BC%EC%A1%B4%EC%83%81%EA%B3%BC%20%EC%8B%9C%EC%99%95%EC%83%81%20%EB%B0%8F%20%EA%B6%8C%EC%86%8D%20%EC%84%9C%EC%9A%B8%ED%8A%B9%EB%B3%84%EC%8B%9C%20%EC%84%B1%EB%B6%81%EA%B5%AC%20%EC%A0%95%EB%A6%89%EB%A1%9C%20202-27%28%EC%A0%95%EB%A6%89%EB%8F%99%29
용산구	용산동1가	양헌수병인양요 관련 문적	서울특별시 용산구 이태원로 29(용산동1가)	유형문화유산	37.537396	126.978512	https://map.naver.com/p/search/%EC%96%91%ED%97%8C%EC%88%98%EB%B3%91%EC%9D%B8%EC%96%91%EC%9A%94%20%EA%B4%80%EB%A0%A8%20%EB%AC%B8%EC%A0%81%20%EC%84%9C%EC%9A%B8%ED%8A%B9%EB%B3%84%EC%8B%9C%20%EC%9A%A9%EC%82%B0%EA%B5%AC%20%EC%9D%B4%ED%83%9C%EC%9B%90%EB%A1%9C%2029%28%EC%9A%A9%EC%82%B0%EB%8F%991%EA%B0%80%29
광진구		정태제묘 출토 전적류 일괄	서울특별시 광진구 긴고랑로22길 4	유형문화유산	37.560864	127.084232	https://map.naver.com/p/search/%EC%A0%95%ED%83%9C%EC%A0%9C%EB%AC%98%20%EC%B6%9C%ED%86%A0%20%EC%A0%84%EC%A0%81%EB%A5%98%20%EC%9D%BC%EA%B4%84%20%EC%84%9C%EC%9A%B8%ED%8A%B9%EB%B3%84%EC%8B%9C%20%EA%B4%91%EC%A7%84%EA%B5%AC%20%EA%B8%B4%EA%B3%A0%EB%9E%91%EB%A1%9C22%EA%B8%B8%204
성북구	보문동3가	미타사 아미타후불도	서울특별시 성북구 보문사길 6-16(보문동3가)	유형문화유산	37.58538	127.01591	https://map.naver.com/p/search/%EB%AF%B8%ED%83%80%EC%82%AC%20%EC%95%84%EB%AF%B8%ED%83%80%ED%9B%84%EB%B6%88%EB%8F%84%20%EC%84%9C%EC%9A%B8%ED%8A%B9%EB%B3%84%EC%8B%9C%20%EC%84%B1%EB%B6%81%EA%B5%AC%20%EB%B3%B4%EB%AC%B8%EC%82%AC%EA%B8%B8%206-16%28%EB%B3%B4%EB%AC%B8%EB%8F%993%EA%B0%80%29
성북구	보문동3가	미타사 지장시왕도	서울특별시 성북구 보문사길 6-16(보문동3가)	유형문화유산	37.58538	127.01591	https://map.naver.com/p/search/%EB%AF%B8%ED%83%80%EC%82%AC%20%EC%A7%80%EC%9E%A5%EC%8B%9C%EC%99%95%EB%8F%84%20%EC%84%9C%EC%9A%B8%ED%8A%B9%EB%B3%84%EC%8B%9C%20%EC%84%B1%EB%B6%81%EA%B5%AC%20%EB%B3%B4%EB%AC%B8%EC%82%AC%EA%B8%B8%206-16%28%EB%B3%B4%EB%AC%B8%EB%8F%993%EA%B0%80%29
성북구	보문동3가	미타사 신중도	서울특별시 성북구 보문사길 6-16(보문동3가)	유형문화유산	37.58538	127.01591	https://map.naver.com/p/search/%EB%AF%B8%ED%83%80%EC%82%AC%20%EC%8B%A0%EC%A4%91%EB%8F%84%20%EC%84%9C%EC%9A%B8%ED%8A%B9%EB%B3%84%EC%8B%9C%20%EC%84%B1%EB%B6%81%EA%B5%AC%20%EB%B3%B4%EB%AC%B8%EC%82%AC%EA%B8%B8%206-16%28%EB%B3%B4%EB%AC%B8%EB%8F%993%EA%B0%80%29
성북구	보문동3가	미타사 칠성도	서울특별시 성북구 보문사길 6-16(보문동3가)	유형문화유산	37.58538	127.01591	https://map.naver.com/p/search/%EB%AF%B8%ED%83%80%EC%82%AC%20%EC%B9%A0%EC%84%B1%EB%8F%84%20%EC%84%9C%EC%9A%B8%ED%8A%B9%EB%B3%84%EC%8B%9C%20%EC%84%B1%EB%B6%81%EA%B5%AC%20%EB%B3%B4%EB%AC%B8%EC%82%AC%EA%B8%B8%206-16%28%EB%B3%B4%EB%AC%B8%EB%8F%993%EA%B0%80%29
성북구	보문동3가	미타사 백의관음도	서울특별시 성북구 보문사길 6-16(보문동3가)	유형문화유산	37.58538	127.01591	https://map.naver.com/p/search/%EB%AF%B8%ED%83%80%EC%82%AC%20%EB%B0%B1%EC%9D%98%EA%B4%80%EC%9D%8C%EB%8F%84%20%EC%84%9C%EC%9A%B8%ED%8A%B9%EB%B3%84%EC%8B%9C%20%EC%84%B1%EB%B6%81%EA%B5%AC%20%EB%B3%B4%EB%AC%B8%EC%82%AC%EA%B8%B8%206-16%28%EB%B3%B4%EB%AC%B8%EB%8F%993%EA%B0%80%29
서대문구	봉원동	봉원사 아미타괘불도	서울특별시 서대문구 봉원동 산 1 봉원사	유형문화유산	37.572346	126.946982	https://map.naver.com/p/search/%EB%B4%89%EC%9B%90%EC%82%AC%20%EC%95%84%EB%AF%B8%ED%83%80%EA%B4%98%EB%B6%88%EB%8F%84%20%EC%84%9C%EC%9A%B8%ED%8A%B9%EB%B3%84%EC%8B%9C%20%EC%84%9C%EB%8C%80%EB%AC%B8%EA%B5%AC%20%EB%B4%89%EC%9B%90%EB%8F%99%20%EC%82%B0%201%20%EB%B4%89%EC%9B%90%EC%82%AC
서대문구	봉원동	봉원사 범종	서울특별시 서대문구 봉원동 산 1 봉원사	유형문화유산	37.572346	126.946982	https://map.naver.com/p/search/%EB%B4%89%EC%9B%90%EC%82%AC%20%EB%B2%94%EC%A2%85%20%EC%84%9C%EC%9A%B8%ED%8A%B9%EB%B3%84%EC%8B%9C%20%EC%84%9C%EB%8C%80%EB%AC%B8%EA%B5%AC%20%EB%B4%89%EC%9B%90%EB%8F%99%20%EC%82%B0%201%20%EB%B4%89%EC%9B%90%EC%82%AC
종로구	숭인동	동관왕묘 소장유물 일괄	서울특별시 종로구 난계로27길 84(숭인동)	유형문화유산	37.572816	127.018443	https://map.naver.com/p/search/%EB%8F%99%EA%B4%80%EC%99%95%EB%AC%98%20%EC%86%8C%EC%9E%A5%EC%9C%A0%EB%AC%BC%20%EC%9D%BC%EA%B4%84%20%EC%84%9C%EC%9A%B8%ED%8A%B9%EB%B3%84%EC%8B%9C%20%EC%A2%85%EB%A1%9C%EA%B5%AC%20%EB%82%9C%EA%B3%84%EB%A1%9C27%EA%B8%B8%2084%28%EC%88%AD%EC%9D%B8%EB%8F%99%29
종로구	견지동	천축사 목조불단	서울특별시 종로구 우정국로 55(견지동)	유형문화유산	37.574494	126.982017	https://map.naver.com/p/search/%EC%B2%9C%EC%B6%95%EC%82%AC%20%EB%AA%A9%EC%A1%B0%EB%B6%88%EB%8B%A8%20%EC%84%9C%EC%9A%B8%ED%8A%B9%EB%B3%84%EC%8B%9C%20%EC%A2%85%EB%A1%9C%EA%B5%AC%20%EC%9A%B0%EC%A0%95%EA%B5%AD%EB%A1%9C%2055%28%EA%B2%AC%EC%A7%80%EB%8F%99%29
성북구	돈암동	흥천사 아미타불도	서울특별시 성북구 흥천사길 29(돈암동)	유형문화유산	37.597961	127.008131	https://map.naver.com/p/search/%ED%9D%A5%EC%B2%9C%EC%82%AC%20%EC%95%84%EB%AF%B8%ED%83%80%EB%B6%88%EB%8F%84%20%EC%84%9C%EC%9A%B8%ED%8A%B9%EB%B3%84%EC%8B%9C%20%EC%84%B1%EB%B6%81%EA%B5%AC%20%ED%9D%A5%EC%B2%9C%EC%82%AC%EA%B8%B8%2029%28%EB%8F%88%EC%95%94%EB%8F%99%29
성북구	돈암동	흥천사 지장시왕도	서울특별시 성북구 흥천사길 29(돈암동)	유형문화유산	37.597961	127.008131	https://map.naver.com/p/search/%ED%9D%A5%EC%B2%9C%EC%82%AC%20%EC%A7%80%EC%9E%A5%EC%8B%9C%EC%99%95%EB%8F%84%20%EC%84%9C%EC%9A%B8%ED%8A%B9%EB%B3%84%EC%8B%9C%20%EC%84%B1%EB%B6%81%EA%B5%AC%20%ED%9D%A5%EC%B2%9C%EC%82%AC%EA%B8%B8%2029%28%EB%8F%88%EC%95%94%EB%8F%99%29
서대문구	봉원동	반야암 목조관음보살좌상	서울특별시 서대문구 봉원사길 106(봉원동)	유형문화유산	37.571175	126.948043	https://map.naver.com/p/search/%EB%B0%98%EC%95%BC%EC%95%94%20%EB%AA%A9%EC%A1%B0%EA%B4%80%EC%9D%8C%EB%B3%B4%EC%82%B4%EC%A2%8C%EC%83%81%20%EC%84%9C%EC%9A%B8%ED%8A%B9%EB%B3%84%EC%8B%9C%20%EC%84%9C%EB%8C%80%EB%AC%B8%EA%B5%AC%20%EB%B4%89%EC%9B%90%EC%82%AC%EA%B8%B8%20106%28%EB%B4%89%EC%9B%90%EB%8F%99%29
서대문구	봉원동	반야암 목조석가여래좌상	서울특별시 서대문구 봉원사길 106(봉원동) 반야암	유형문화유산	37.571175	126.948043	https://map.naver.com/p/search/%EB%B0%98%EC%95%BC%EC%95%94%20%EB%AA%A9%EC%A1%B0%EC%84%9D%EA%B0%80%EC%97%AC%EB%9E%98%EC%A2%8C%EC%83%81%20%EC%84%9C%EC%9A%B8%ED%8A%B9%EB%B3%84%EC%8B%9C%20%EC%84%9C%EB%8C%80%EB%AC%B8%EA%B5%AC%20%EB%B4%89%EC%9B%90%EC%82%AC%EA%B8%B8%20106%28%EB%B4%89%EC%9B%90%EB%8F%99%29%20%EB%B0%98%EC%95%BC%EC%95%94
서대문구	봉원동	반야암 석조보살좌상	서울특별시 서대문구 봉원사길 106(봉원동)	유형문화유산	37.571175	126.948043	https://map.naver.com/p/search/%EB%B0%98%EC%95%BC%EC%95%94%20%EC%84%9D%EC%A1%B0%EB%B3%B4%EC%82%B4%EC%A2%8C%EC%83%81%20%EC%84%9C%EC%9A%B8%ED%8A%B9%EB%B3%84%EC%8B%9C%20%EC%84%9C%EB%8C%80%EB%AC%B8%EA%B5%AC%20%EB%B4%89%EC%9B%90%EC%82%AC%EA%B8%B8%20106%28%EB%B4%89%EC%9B%90%EB%8F%99%29
성북구	보문동6가	양아록	서울특별시 성북구 보문로13길 29-17(보문동6가) (기탁보관)한국학중앙연구원	유형문화유산	37.579342	127.01991	https://map.naver.com/p/search/%EC%96%91%EC%95%84%EB%A1%9D%20%EC%84%9C%EC%9A%B8%ED%8A%B9%EB%B3%84%EC%8B%9C%20%EC%84%B1%EB%B6%81%EA%B5%AC%20%EB%B3%B4%EB%AC%B8%EB%A1%9C13%EA%B8%B8%2029-17%28%EB%B3%B4%EB%AC%B8%EB%8F%996%EA%B0%80%29%20%28%EA%B8%B0%ED%83%81%EB%B3%B4%EA%B4%80%29%ED%95%9C%EA%B5%AD%ED%95%99%EC%A4%91%EC%95%99%EC%97%B0%EA%B5%AC%EC%9B%90
종로구		육조대사법보단경(언해) 권상	서울특별시 종로구 효자로 12(세종로)	유형문화유산	37.576668	126.974922	https://map.naver.com/p/search/%EC%9C%A1%EC%A1%B0%EB%8C%80%EC%82%AC%EB%B2%95%EB%B3%B4%EB%8B%A8%EA%B2%BD%28%EC%96%B8%ED%95%B4%29%20%EA%B6%8C%EC%83%81%20%EC%84%9C%EC%9A%B8%ED%8A%B9%EB%B3%84%EC%8B%9C%20%EC%A2%85%EB%A1%9C%EA%B5%AC%20%ED%9A%A8%EC%9E%90%EB%A1%9C%2012%28%EC%84%B8%EC%A2%85%EB%A1%9C%29
은평구	응암동	묘법연화경 권1?3	서울특별시 은평구 은평로20나길 5-23(응암동)	유형문화유산	37.597254	126.93323	https://map.naver.com/p/search/%EB%AC%98%EB%B2%95%EC%97%B0%ED%99%94%EA%B2%BD%20%EA%B6%8C1%3F3%20%EC%84%9C%EC%9A%B8%ED%8A%B9%EB%B3%84%EC%8B%9C%20%EC%9D%80%ED%8F%89%EA%B5%AC%20%EC%9D%80%ED%8F%89%EB%A1%9C20%EB%82%98%EA%B8%B8%205-23%28%EC%9D%91%EC%95%94%EB%8F%99%29
관악구	신림동	선종영가집(언해)	서울특별시 관악구 남부순환로152길 53(신림동)	유형문화유산	37.480982	126.918218	https://map.naver.com/p/search/%EC%84%A0%EC%A2%85%EC%98%81%EA%B0%80%EC%A7%91%28%EC%96%B8%ED%95%B4%29%20%EC%84%9C%EC%9A%B8%ED%8A%B9%EB%B3%84%EC%8B%9C%20%EA%B4%80%EC%95%85%EA%B5%AC%20%EB%82%A8%EB%B6%80%EC%88%9C%ED%99%98%EB%A1%9C152%EA%B8%B8%2053%28%EC%8B%A0%EB%A6%BC%EB%8F%99%29
관악구	용산동6가	감지금니묘법연화경 권1	서울특별시 용산구 서빙고로 137 (용산동6가)	유형문화유산	37.480982	126.918218	https://map.naver.com/p/search/%EA%B0%90%EC%A7%80%EA%B8%88%EB%8B%88%EB%AC%98%EB%B2%95%EC%97%B0%ED%99%94%EA%B2%BD%20%EA%B6%8C1%20%EC%84%9C%EC%9A%B8%ED%8A%B9%EB%B3%84%EC%8B%9C%20%EC%9A%A9%EC%82%B0%EA%B5%AC%20%EC%84%9C%EB%B9%99%EA%B3%A0%EB%A1%9C%20137%20%28%EC%9A%A9%EC%82%B0%EB%8F%996%EA%B0%80%29
종로구	인사동	최북필 단구승유도	서울특별시 종로구 인사동5길 8(인사동)	유형문화유산	37.572933	126.985743	https://map.naver.com/p/search/%EC%B5%9C%EB%B6%81%ED%95%84%20%EB%8B%A8%EA%B5%AC%EC%8A%B9%EC%9C%A0%EB%8F%84%20%EC%84%9C%EC%9A%B8%ED%8A%B9%EB%B3%84%EC%8B%9C%20%EC%A2%85%EB%A1%9C%EA%B5%AC%20%EC%9D%B8%EC%82%AC%EB%8F%995%EA%B8%B8%208%28%EC%9D%B8%EC%82%AC%EB%8F%99%29
종로구	부암동	석파정	서울특별시 종로구 창의문로11길 4-1(부암동)	유형문화유산	37.5949155025	126.962520251	https://map.naver.com/p/search/%EC%84%9D%ED%8C%8C%EC%A0%95%20%EC%84%9C%EC%9A%B8%ED%8A%B9%EB%B3%84%EC%8B%9C%20%EC%A2%85%EB%A1%9C%EA%B5%AC%20%EC%B0%BD%EC%9D%98%EB%AC%B8%EB%A1%9C11%EA%B8%B8%204-1%28%EB%B6%80%EC%95%94%EB%8F%99%29
중구	필동|장충동2가	경희궁 숭정전	서울특별시 중구 필동로1길 40(장충동2가)	유형문화유산	37.558258	127.000187	https://map.naver.com/p/search/%EA%B2%BD%ED%9D%AC%EA%B6%81%20%EC%88%AD%EC%A0%95%EC%A0%84%20%EC%84%9C%EC%9A%B8%ED%8A%B9%EB%B3%84%EC%8B%9C%20%EC%A4%91%EA%B5%AC%20%ED%95%84%EB%8F%99%EB%A1%9C1%EA%B8%B8%2040%28%EC%9E%A5%EC%B6%A9%EB%8F%992%EA%B0%80%29
종로구	부암동	안평대군 이용 집터	서울특별시 종로구 창의문로7길 28-4(부암동)	유형문화유산	37.5916795368	126.962939178	https://map.naver.com/p/search/%EC%95%88%ED%8F%89%EB%8C%80%EA%B5%B0%20%EC%9D%B4%EC%9A%A9%20%EC%A7%91%ED%84%B0%20%EC%84%9C%EC%9A%B8%ED%8A%B9%EB%B3%84%EC%8B%9C%20%EC%A2%85%EB%A1%9C%EA%B5%AC%20%EC%B0%BD%EC%9D%98%EB%AC%B8%EB%A1%9C7%EA%B8%B8%2028-4%28%EB%B6%80%EC%95%94%EB%8F%99%29
종로구	홍지동	석파정 별당	서울특별시 종로구 자하문로 309(홍지동)	유형문화유산	37.5991323131	126.958650777	https://map.naver.com/p/search/%EC%84%9D%ED%8C%8C%EC%A0%95%20%EB%B3%84%EB%8B%B9%20%EC%84%9C%EC%9A%B8%ED%8A%B9%EB%B3%84%EC%8B%9C%20%EC%A2%85%EB%A1%9C%EA%B5%AC%20%EC%9E%90%ED%95%98%EB%AC%B8%EB%A1%9C%20309%28%ED%99%8D%EC%A7%80%EB%8F%99%29
노원구	공릉동	삼군부 청헌당	서울특별시 노원구 화랑로 574(공릉동)	유형문화유산	37.621619	127.100999	https://map.naver.com/p/search/%EC%82%BC%EA%B5%B0%EB%B6%80%20%EC%B2%AD%ED%97%8C%EB%8B%B9%20%EC%84%9C%EC%9A%B8%ED%8A%B9%EB%B3%84%EC%8B%9C%20%EB%85%B8%EC%9B%90%EA%B5%AC%20%ED%99%94%EB%9E%91%EB%A1%9C%20574%28%EA%B3%B5%EB%A6%89%EB%8F%99%29
중구	장충동	수표교	서울특별시 중구 장충동 산6-5	유형문화유산	37.558103	127.005057	https://map.naver.com/p/search/%EC%88%98%ED%91%9C%EA%B5%90%20%EC%84%9C%EC%9A%B8%ED%8A%B9%EB%B3%84%EC%8B%9C%20%EC%A4%91%EA%B5%AC%20%EC%9E%A5%EC%B6%A9%EB%8F%99%20%EC%82%B06-5
종로구	신문로2가	경희궁 흥화문	서울특별시 종로구 새문안로 55(신문로2가)	유형문화유산	37.5707427	126.9691494	https://map.naver.com/p/search/%EA%B2%BD%ED%9D%AC%EA%B6%81%20%ED%9D%A5%ED%99%94%EB%AC%B8%20%EC%84%9C%EC%9A%B8%ED%8A%B9%EB%B3%84%EC%8B%9C%20%EC%A2%85%EB%A1%9C%EA%B5%AC%20%EC%83%88%EB%AC%B8%EC%95%88%EB%A1%9C%2055%28%EC%8B%A0%EB%AC%B8%EB%A1%9C2%EA%B0%80%29
동작구	상도동	양녕대군 이제 묘역	서울특별시 동작구 양녕로 167(상도동)	유형문화유산	37.4965927402	126.942342975	https://map.naver.com/p/search/%EC%96%91%EB%85%95%EB%8C%80%EA%B5%B0%20%EC%9D%B4%EC%A0%9C%20%EB%AC%98%EC%97%AD%20%EC%84%9C%EC%9A%B8%ED%8A%B9%EB%B3%84%EC%8B%9C%20%EB%8F%99%EC%9E%91%EA%B5%AC%20%EC%96%91%EB%85%95%EB%A1%9C%20167%28%EC%83%81%EB%8F%84%EB%8F%99%29
서초구	방배동	효령대군 이보 묘역	서울특별시 서초구 효령로 135(방배동)	유형문화유산	37.4823425179	126.999969885	https://map.naver.com/p/search/%ED%9A%A8%EB%A0%B9%EB%8C%80%EA%B5%B0%20%EC%9D%B4%EB%B3%B4%20%EB%AC%98%EC%97%AD%20%EC%84%9C%EC%9A%B8%ED%8A%B9%EB%B3%84%EC%8B%9C%20%EC%84%9C%EC%B4%88%EA%B5%AC%20%ED%9A%A8%EB%A0%B9%EB%A1%9C%20135%28%EB%B0%A9%EB%B0%B0%EB%8F%99%29
성북구	성북동	석조팔각승탑	서울특별시 성북구 성북로 102-11(성북동)	유형문화유산	37.594084915	126.996972874	https://map.naver.com/p/search/%EC%84%9D%EC%A1%B0%ED%8C%94%EA%B0%81%EC%8A%B9%ED%83%91%20%EC%84%9C%EC%9A%B8%ED%8A%B9%EB%B3%84%EC%8B%9C%20%EC%84%B1%EB%B6%81%EA%B5%AC%20%EC%84%B1%EB%B6%81%EB%A1%9C%20102-11%28%EC%84%B1%EB%B6%81%EB%8F%99%29
성북구	성북동	석불입상	서울특별시 성북구 성북로 102-11(성북동)	유형문화유산	37.5947815676	126.99678701	https://map.naver.com/p/search/%EC%84%9D%EB%B6%88%EC%9E%85%EC%83%81%20%EC%84%9C%EC%9A%B8%ED%8A%B9%EB%B3%84%EC%8B%9C%20%EC%84%B1%EB%B6%81%EA%B5%AC%20%EC%84%B1%EB%B6%81%EB%A1%9C%20102-11%28%EC%84%B1%EB%B6%81%EB%8F%99%29
성북구	성북동	삼층석탑	서울특별시 성북구 성북로 102-11(성북동)	유형문화유산	37.5935408953	126.99710287	https://map.naver.com/p/search/%EC%82%BC%EC%B8%B5%EC%84%9D%ED%83%91%20%EC%84%9C%EC%9A%B8%ED%8A%B9%EB%B3%84%EC%8B%9C%20%EC%84%B1%EB%B6%81%EA%B5%AC%20%EC%84%B1%EB%B6%81%EB%A1%9C%20102-11%28%EC%84%B1%EB%B6%81%EB%8F%99%29
동작구	본동	용양봉저정	서울특별시 동작구 노량진로32길 14-7(본동)	유형문화유산	37.5129153023	126.955820428	https://map.naver.com/p/search/%EC%9A%A9%EC%96%91%EB%B4%89%EC%A0%80%EC%A0%95%20%EC%84%9C%EC%9A%B8%ED%8A%B9%EB%B3%84%EC%8B%9C%20%EB%8F%99%EC%9E%91%EA%B5%AC%20%EB%85%B8%EB%9F%89%EC%A7%84%EB%A1%9C32%EA%B8%B8%2014-7%28%EB%B3%B8%EB%8F%99%29
중구	방산동	성제묘	서울특별시 중구 동호로 385-1(방산동)	유형문화유산	37.5688312882	127.001815267	https://map.naver.com/p/search/%EC%84%B1%EC%A0%9C%EB%AC%98%20%EC%84%9C%EC%9A%B8%ED%8A%B9%EB%B3%84%EC%8B%9C%20%EC%A4%91%EA%B5%AC%20%EB%8F%99%ED%98%B8%EB%A1%9C%20385-1%28%EB%B0%A9%EC%82%B0%EB%8F%99%29
동작구	노량진동	사육신묘	서울특별시 동작구 노량진로 191(노량진동)	유형문화유산	37.5133364113	126.949897968	https://map.naver.com/p/search/%EC%82%AC%EC%9C%A1%EC%8B%A0%EB%AC%98%20%EC%84%9C%EC%9A%B8%ED%8A%B9%EB%B3%84%EC%8B%9C%20%EB%8F%99%EC%9E%91%EA%B5%AC%20%EB%85%B8%EB%9F%89%EC%A7%84%EB%A1%9C%20191%28%EB%85%B8%EB%9F%89%EC%A7%84%EB%8F%99%29
중구		장충단비	서울특별시 중구 동호로 257-8	유형문화유산	37.557683	127.004072	https://map.naver.com/p/search/%EC%9E%A5%EC%B6%A9%EB%8B%A8%EB%B9%84%20%EC%84%9C%EC%9A%B8%ED%8A%B9%EB%B3%84%EC%8B%9C%20%EC%A4%91%EA%B5%AC%20%EB%8F%99%ED%98%B8%EB%A1%9C%20257-8
성북구	장위동	장위동김진흥가옥	서울특별시 성북구 돌곶이로34길 4-11(장위동)	민속문화유산	37.616114	127.051743	https://map.naver.com/p/search/%EC%9E%A5%EC%9C%84%EB%8F%99%EA%B9%80%EC%A7%84%ED%9D%A5%EA%B0%80%EC%98%A5%20%EC%84%9C%EC%9A%B8%ED%8A%B9%EB%B3%84%EC%8B%9C%20%EC%84%B1%EB%B6%81%EA%B5%AC%20%EB%8F%8C%EA%B3%B6%EC%9D%B4%EB%A1%9C34%EA%B8%B8%204-11%28%EC%9E%A5%EC%9C%84%EB%8F%99%29
강남구	영동|삼성동	우암 송시열 초구 일령	서울특별시 강남구 영동대로 640(삼성동, 아이파크삼성) 1601호(충북 청주시 상당구 명암로 143 국립청주박물관 기탁보관)	민속문화유산	37.5293738	127.0403534	https://map.naver.com/p/search/%EC%9A%B0%EC%95%94%20%EC%86%A1%EC%8B%9C%EC%97%B4%20%EC%B4%88%EA%B5%AC%20%EC%9D%BC%EB%A0%B9%20%EC%84%9C%EC%9A%B8%ED%8A%B9%EB%B3%84%EC%8B%9C%20%EA%B0%95%EB%82%A8%EA%B5%AC%20%EC%98%81%EB%8F%99%EB%8C%80%EB%A1%9C%20640%28%EC%82%BC%EC%84%B1%EB%8F%99%2C%20%EC%95%84%EC%9D%B4%ED%8C%8C%ED%81%AC%EC%82%BC%EC%84%B1%29%201601%ED%98%B8%28%EC%B6%A9%EB%B6%81%20%EC%B2%AD%EC%A3%BC%EC%8B%9C%20%EC%83%81%EB%8B%B9%EA%B5%AC%20%EB%AA%85%EC%95%94%EB%A1%9C%20143%20%EA%B5%AD%EB%A6%BD%EC%B2%AD%EC%A3%BC%EB%B0%95%EB%AC%BC%EA%B4%80%20%EA%B8%B0%ED%83%81%EB%B3%B4%EA%B4%80%29
종로구	혜화동	혜화동 김상협 가옥	서울특별시 종로구 혜화로6길 63(혜화동)	민속문화유산	37.5896167246	127.001440714	https://map.naver.com/p/search/%ED%98%9C%ED%99%94%EB%8F%99%20%EA%B9%80%EC%83%81%ED%98%91%20%EA%B0%80%EC%98%A5%20%EC%84%9C%EC%9A%B8%ED%8A%B9%EB%B3%84%EC%8B%9C%20%EC%A2%85%EB%A1%9C%EA%B5%AC%20%ED%98%9C%ED%99%94%EB%A1%9C6%EA%B8%B8%2063%28%ED%98%9C%ED%99%94%EB%8F%99%29
종로구	체부동	체부동 홍종문 가옥	서울특별시 종로구 자하문로5길 33(체부동)	민속문화유산	37.5775644248	126.970232596	https://map.naver.com/p/search/%EC%B2%B4%EB%B6%80%EB%8F%99%20%ED%99%8D%EC%A2%85%EB%AC%B8%20%EA%B0%80%EC%98%A5%20%EC%84%9C%EC%9A%B8%ED%8A%B9%EB%B3%84%EC%8B%9C%20%EC%A2%85%EB%A1%9C%EA%B5%AC%20%EC%9E%90%ED%95%98%EB%AC%B8%EB%A1%9C5%EA%B8%B8%2033%28%EC%B2%B4%EB%B6%80%EB%8F%99%29
종로구	가회동	가회동 김형태 가옥	서울특별시 종로구 북촌로 67-4(가회동)	민속문화유산	37.5829545274	126.984819599	https://map.naver.com/p/search/%EA%B0%80%ED%9A%8C%EB%8F%99%20%EA%B9%80%ED%98%95%ED%83%9C%20%EA%B0%80%EC%98%A5%20%EC%84%9C%EC%9A%B8%ED%8A%B9%EB%B3%84%EC%8B%9C%20%EC%A2%85%EB%A1%9C%EA%B5%AC%20%EB%B6%81%EC%B4%8C%EB%A1%9C%2067-4%28%EA%B0%80%ED%9A%8C%EB%8F%99%29
종로구	신문로2가	조경묘출토유의일괄	서울특별시 종로구 새문안로 55(신문로2가)	민속문화유산	37.570143	126.970438	https://map.naver.com/p/search/%EC%A1%B0%EA%B2%BD%EB%AC%98%EC%B6%9C%ED%86%A0%EC%9C%A0%EC%9D%98%EC%9D%BC%EA%B4%84%20%EC%84%9C%EC%9A%B8%ED%8A%B9%EB%B3%84%EC%8B%9C%20%EC%A2%85%EB%A1%9C%EA%B5%AC%20%EC%83%88%EB%AC%B8%EC%95%88%EB%A1%9C%2055%28%EC%8B%A0%EB%AC%B8%EB%A1%9C2%EA%B0%80%29
중구	만리동2가	만리동 정영국 가옥	서울특별시 중구 만리재로21길 8(만리동2가)	민속문화유산	37.5529267796	126.963428529	https://map.naver.com/p/search/%EB%A7%8C%EB%A6%AC%EB%8F%99%20%EC%A0%95%EC%98%81%EA%B5%AD%20%EA%B0%80%EC%98%A5%20%EC%84%9C%EC%9A%B8%ED%8A%B9%EB%B3%84%EC%8B%9C%20%EC%A4%91%EA%B5%AC%20%EB%A7%8C%EB%A6%AC%EC%9E%AC%EB%A1%9C21%EA%B8%B8%208%28%EB%A7%8C%EB%A6%AC%EB%8F%992%EA%B0%80%29
성동구	성동|행당동	행당동 아기씨당 무신도	서울특별시 성동구 고산자로8다길 46-3 (행당동)	민속문화유산	37.557774	127.037598	https://map.naver.com/p/search/%ED%96%89%EB%8B%B9%EB%8F%99%20%EC%95%84%EA%B8%B0%EC%94%A8%EB%8B%B9%20%EB%AC%B4%EC%8B%A0%EB%8F%84%20%EC%84%9C%EC%9A%B8%ED%8A%B9%EB%B3%84%EC%8B%9C%20%EC%84%B1%EB%8F%99%EA%B5%AC%20%EA%B3%A0%EC%82%B0%EC%9E%90%EB%A1%9C8%EB%8B%A4%EA%B8%B8%2046-3%20%28%ED%96%89%EB%8B%B9%EB%8F%99%29
동대문구	전농동	전농동 부군당 무신도	서울특별시 동대문구 서울시립대로16길 80(전농동)	민속문화유산	37.57822	127.054886	https://map.naver.com/p/search/%EC%A0%84%EB%86%8D%EB%8F%99%20%EB%B6%80%EA%B5%B0%EB%8B%B9%20%EB%AC%B4%EC%8B%A0%EB%8F%84%20%EC%84%9C%EC%9A%B8%ED%8A%B9%EB%B3%84%EC%8B%9C%20%EB%8F%99%EB%8C%80%EB%AC%B8%EA%B5%AC%20%EC%84%9C%EC%9A%B8%EC%8B%9C%EB%A6%BD%EB%8C%80%EB%A1%9C16%EA%B8%B8%2080%28%EC%A0%84%EB%86%8D%EB%8F%99%29
마포구	당인동	당인동 부군당 무신도	서울특별시 마포구 독막로12안길 25-18(당인동)	민속문화유산	37.54671	126.920768	https://map.naver.com/p/search/%EB%8B%B9%EC%9D%B8%EB%8F%99%20%EB%B6%80%EA%B5%B0%EB%8B%B9%20%EB%AC%B4%EC%8B%A0%EB%8F%84%20%EC%84%9C%EC%9A%B8%ED%8A%B9%EB%B3%84%EC%8B%9C%20%EB%A7%88%ED%8F%AC%EA%B5%AC%20%EB%8F%85%EB%A7%89%EB%A1%9C12%EC%95%88%EA%B8%B8%2025-18%28%EB%8B%B9%EC%9D%B8%EB%8F%99%29
종로구	옥인동	옥인동 박노수 가옥	서울특별시 종로구 옥인1길 34 (옥인동)	문화유산자료	37.5813288	126.9668112	https://map.naver.com/p/search/%EC%98%A5%EC%9D%B8%EB%8F%99%20%EB%B0%95%EB%85%B8%EC%88%98%20%EA%B0%80%EC%98%A5%20%EC%84%9C%EC%9A%B8%ED%8A%B9%EB%B3%84%EC%8B%9C%20%EC%A2%85%EB%A1%9C%EA%B5%AC%20%EC%98%A5%EC%9D%B81%EA%B8%B8%2034%20%28%EC%98%A5%EC%9D%B8%EB%8F%99%29
종로구	북촌로11가|가회동	가회동 이준구 가옥	서울특별시 종로구 북촌로11가길 49(가회동)	문화유산자료	37.5836589274	126.983747986	https://map.naver.com/p/search/%EA%B0%80%ED%9A%8C%EB%8F%99%20%EC%9D%B4%EC%A4%80%EA%B5%AC%20%EA%B0%80%EC%98%A5%20%EC%84%9C%EC%9A%B8%ED%8A%B9%EB%B3%84%EC%8B%9C%20%EC%A2%85%EB%A1%9C%EA%B5%AC%20%EB%B6%81%EC%B4%8C%EB%A1%9C11%EA%B0%80%EA%B8%B8%2049%28%EA%B0%80%ED%9A%8C%EB%8F%99%29
동작구	동작동	지장사 약사불도	서울특별시 동작구 현충로 210(동작동)	문화유산자료	37.4992854	126.970988	https://map.naver.com/p/search/%EC%A7%80%EC%9E%A5%EC%82%AC%20%EC%95%BD%EC%82%AC%EB%B6%88%EB%8F%84%20%EC%84%9C%EC%9A%B8%ED%8A%B9%EB%B3%84%EC%8B%9C%20%EB%8F%99%EC%9E%91%EA%B5%AC%20%ED%98%84%EC%B6%A9%EB%A1%9C%20210%28%EB%8F%99%EC%9E%91%EB%8F%99%29
동작구	동작동	지장사 능인보전신중도	서울특별시 동작구 현충로 210(동작동)	문화유산자료	37.499824	126.978409	https://map.naver.com/p/search/%EC%A7%80%EC%9E%A5%EC%82%AC%20%EB%8A%A5%EC%9D%B8%EB%B3%B4%EC%A0%84%EC%8B%A0%EC%A4%91%EB%8F%84%20%EC%84%9C%EC%9A%B8%ED%8A%B9%EB%B3%84%EC%8B%9C%20%EB%8F%99%EC%9E%91%EA%B5%AC%20%ED%98%84%EC%B6%A9%EB%A1%9C%20210%28%EB%8F%99%EC%9E%91%EB%8F%99%29
동작구	동작동	지장사 칠성도	서울특별시 동작구 현충로 210(동작동)	문화유산자료	37.4992854	126.970988	https://map.naver.com/p/search/%EC%A7%80%EC%9E%A5%EC%82%AC%20%EC%B9%A0%EC%84%B1%EB%8F%84%20%EC%84%9C%EC%9A%B8%ED%8A%B9%EB%B3%84%EC%8B%9C%20%EB%8F%99%EC%9E%91%EA%B5%AC%20%ED%98%84%EC%B6%A9%EB%A1%9C%20210%28%EB%8F%99%EC%9E%91%EB%8F%99%29
동작구	동작동	지장사 독성도	서울특별시 동작구 현충로 210(동작동)	문화유산자료	37.4992854	126.970988	https://map.naver.com/p/search/%EC%A7%80%EC%9E%A5%EC%82%AC%20%EB%8F%85%EC%84%B1%EB%8F%84%20%EC%84%9C%EC%9A%B8%ED%8A%B9%EB%B3%84%EC%8B%9C%20%EB%8F%99%EC%9E%91%EA%B5%AC%20%ED%98%84%EC%B6%A9%EB%A1%9C%20210%28%EB%8F%99%EC%9E%91%EB%8F%99%29
용산구	용산동6가	청자 상감모란문 항아리	서울특별시 용산구 서빙고로 137(용산동6가)	국보	37.524087	126.980388	https://map.naver.com/p/search/%EC%B2%AD%EC%9E%90%20%EC%83%81%EA%B0%90%EB%AA%A8%EB%9E%80%EB%AC%B8%20%ED%95%AD%EC%95%84%EB%A6%AC%20%EC%84%9C%EC%9A%B8%ED%8A%B9%EB%B3%84%EC%8B%9C%20%EC%9A%A9%EC%82%B0%EA%B5%AC%20%EC%84%9C%EB%B9%99%EA%B3%A0%EB%A1%9C%20137%28%EC%9A%A9%EC%82%B0%EB%8F%996%EA%B0%80%29
용산구	용산동6가	김천 갈항사지 동?서 삼층석탑	서울특별시 용산구 서빙고로 137(용산동6가)	국보	37.524087	126.980388	https://map.naver.com/p/search/%EA%B9%80%EC%B2%9C%20%EA%B0%88%ED%95%AD%EC%82%AC%EC%A7%80%20%EB%8F%99%3F%EC%84%9C%20%EC%82%BC%EC%B8%B5%EC%84%9D%ED%83%91%20%EC%84%9C%EC%9A%B8%ED%8A%B9%EB%B3%84%EC%8B%9C%20%EC%9A%A9%EC%82%B0%EA%B5%AC%20%EC%84%9C%EB%B9%99%EA%B3%A0%EB%A1%9C%20137%28%EC%9A%A9%EC%82%B0%EB%8F%996%EA%B0%80%29
중구	태평로1가	서울 구 국회의사당	서울특별시 중구 세종대로 125(태평로1가)	국가등록유산	37.567485	126.976592	https://map.naver.com/p/search/%EC%84%9C%EC%9A%B8%20%EA%B5%AC%20%EA%B5%AD%ED%9A%8C%EC%9D%98%EC%82%AC%EB%8B%B9%20%EC%84%9C%EC%9A%B8%ED%8A%B9%EB%B3%84%EC%8B%9C%20%EC%A4%91%EA%B5%AC%20%EC%84%B8%EC%A2%85%EB%8C%80%EB%A1%9C%20125%28%ED%83%9C%ED%8F%89%EB%A1%9C1%EA%B0%80%29
용산구	용산동6가	개성 남계원지 칠층석탑	서울특별시 용산구 서빙고로 137(용산동6가)	국보	37.524087	126.980388	https://map.naver.com/p/search/%EA%B0%9C%EC%84%B1%20%EB%82%A8%EA%B3%84%EC%9B%90%EC%A7%80%20%EC%B9%A0%EC%B8%B5%EC%84%9D%ED%83%91%20%EC%84%9C%EC%9A%B8%ED%8A%B9%EB%B3%84%EC%8B%9C%20%EC%9A%A9%EC%82%B0%EA%B5%AC%20%EC%84%9C%EB%B9%99%EA%B3%A0%EB%A1%9C%20137%28%EC%9A%A9%EC%82%B0%EB%8F%996%EA%B0%80%29
서대문구	대현동	백자 철화포도문 항아리	서울특별시 서대문구 이화여대길 52(대현동)	국보	37.56174	126.947245	https://map.naver.com/p/search/%EB%B0%B1%EC%9E%90%20%EC%B2%A0%ED%99%94%ED%8F%AC%EB%8F%84%EB%AC%B8%20%ED%95%AD%EC%95%84%EB%A6%AC%20%EC%84%9C%EC%9A%B8%ED%8A%B9%EB%B3%84%EC%8B%9C%20%EC%84%9C%EB%8C%80%EB%AC%B8%EA%B5%AC%20%EC%9D%B4%ED%99%94%EC%97%AC%EB%8C%80%EA%B8%B8%2052%28%EB%8C%80%ED%98%84%EB%8F%99%29
용산구	용산동6가	서울 북한산 신라 진흥왕 순수비	서울특별시 용산구 서빙고로 137(용산동6가)	국보	37.524087	126.980388	https://map.naver.com/p/search/%EC%84%9C%EC%9A%B8%20%EB%B6%81%ED%95%9C%EC%82%B0%20%EC%8B%A0%EB%9D%BC%20%EC%A7%84%ED%9D%A5%EC%99%95%20%EC%88%9C%EC%88%98%EB%B9%84%20%EC%84%9C%EC%9A%B8%ED%8A%B9%EB%B3%84%EC%8B%9C%20%EC%9A%A9%EC%82%B0%EA%B5%AC%20%EC%84%9C%EB%B9%99%EA%B3%A0%EB%A1%9C%20137%28%EC%9A%A9%EC%82%B0%EB%8F%996%EA%B0%80%29
용산구	용산동6가	월인석보 권20	서울특별시 용산구 서빙고로 137(용산동6가)	보물	37.524087	126.980388	https://map.naver.com/p/search/%EC%9B%94%EC%9D%B8%EC%84%9D%EB%B3%B4%20%EA%B6%8C20%20%EC%84%9C%EC%9A%B8%ED%8A%B9%EB%B3%84%EC%8B%9C%20%EC%9A%A9%EC%82%B0%EA%B5%AC%20%EC%84%9C%EB%B9%99%EA%B3%A0%EB%A1%9C%20137%28%EC%9A%A9%EC%82%B0%EB%8F%996%EA%B0%80%29
종로구	종로2가	서울 원각사지 십층석탑	서울특별시 종로구 종로 99(종로2가)	국보	37.570613	126.988059	https://map.naver.com/p/search/%EC%84%9C%EC%9A%B8%20%EC%9B%90%EA%B0%81%EC%82%AC%EC%A7%80%20%EC%8B%AD%EC%B8%B5%EC%84%9D%ED%83%91%20%EC%84%9C%EC%9A%B8%ED%8A%B9%EB%B3%84%EC%8B%9C%20%EC%A2%85%EB%A1%9C%EA%B5%AC%20%EC%A2%85%EB%A1%9C%2099%28%EC%A2%85%EB%A1%9C2%EA%B0%80%29
서울특별시		칠장	서울특별시	무형유산	37.56661	126.978388	https://map.naver.com/p/search/%EC%B9%A0%EC%9E%A5%20%EC%84%9C%EC%9A%B8%ED%8A%B9%EB%B3%84%EC%8B%9C
서초구		서울송절주	서울특별시 서초구	무형유산	37.483569	127.032598	https://map.naver.com/p/search/%EC%84%9C%EC%9A%B8%EC%86%A1%EC%A0%88%EC%A3%BC%20%EC%84%9C%EC%9A%B8%ED%8A%B9%EB%B3%84%EC%8B%9C%20%EC%84%9C%EC%B4%88%EA%B5%AC
송파구		송파다리밟기	서울특별시 송파구	무형유산	37.514564	127.105919	https://map.naver.com/p/search/%EC%86%A1%ED%8C%8C%EB%8B%A4%EB%A6%AC%EB%B0%9F%EA%B8%B0%20%EC%84%9C%EC%9A%B8%ED%8A%B9%EB%B3%84%EC%8B%9C%20%EC%86%A1%ED%8C%8C%EA%B5%AC
서울특별시	창덕궁3가|원서동	필장	서울특별시 종로구 창덕궁3가길 10 (원서동, 상원빌라트)	무형유산	37.581003	126.9884249	https://map.naver.com/p/search/%ED%95%84%EC%9E%A5%20%EC%84%9C%EC%9A%B8%ED%8A%B9%EB%B3%84%EC%8B%9C%20%EC%A2%85%EB%A1%9C%EA%B5%AC%20%EC%B0%BD%EB%8D%95%EA%B6%813%EA%B0%80%EA%B8%B8%2010%20%28%EC%9B%90%EC%84%9C%EB%8F%99%2C%20%EC%83%81%EC%9B%90%EB%B9%8C%EB%9D%BC%ED%8A%B8%29
서울특별시		조선장	서울특별시	무형유산	37.56661	126.978388	https://map.naver.com/p/search/%EC%A1%B0%EC%84%A0%EC%9E%A5%20%EC%84%9C%EC%9A%B8%ED%8A%B9%EB%B3%84%EC%8B%9C
서울특별시		장안편사놀이	서울특별시	무형유산	37.56661	126.978388	https://map.naver.com/p/search/%EC%9E%A5%EC%95%88%ED%8E%B8%EC%82%AC%EB%86%80%EC%9D%B4%20%EC%84%9C%EC%9A%B8%ED%8A%B9%EB%B3%84%EC%8B%9C
용산구	용산동6가	청자 사자형뚜껑 향로	서울특별시 용산구 서빙고로 137(용산동6가)	국보	37.524087	126.980388	https://map.naver.com/p/search/%EC%B2%AD%EC%9E%90%20%EC%82%AC%EC%9E%90%ED%98%95%EB%9A%9C%EA%BB%91%20%ED%96%A5%EB%A1%9C%20%EC%84%9C%EC%9A%B8%ED%8A%B9%EB%B3%84%EC%8B%9C%20%EC%9A%A9%EC%82%B0%EA%B5%AC%20%EC%84%9C%EB%B9%99%EA%B3%A0%EB%A1%9C%20137%28%EC%9A%A9%EC%82%B0%EB%8F%996%EA%B0%80%29
성북구	성북동	훈민정음	서울특별시 성북구 성북로 102-11(성북동)	국보	37.594466	126.99622	https://map.naver.com/p/search/%ED%9B%88%EB%AF%BC%EC%A0%95%EC%9D%8C%20%EC%84%9C%EC%9A%B8%ED%8A%B9%EB%B3%84%EC%8B%9C%20%EC%84%B1%EB%B6%81%EA%B5%AC%20%EC%84%B1%EB%B6%81%EB%A1%9C%20102-11%28%EC%84%B1%EB%B6%81%EB%8F%99%29
용산구	용산동6가	금동미륵보살반가사유상	서울특별시 용산구 서빙고로 137(용산동6가)	국보	37.524087	126.980388	https://map.naver.com/p/search/%EA%B8%88%EB%8F%99%EB%AF%B8%EB%A5%B5%EB%B3%B4%EC%82%B4%EB%B0%98%EA%B0%80%EC%82%AC%EC%9C%A0%EC%83%81%20%EC%84%9C%EC%9A%B8%ED%8A%B9%EB%B3%84%EC%8B%9C%20%EC%9A%A9%EC%82%B0%EA%B5%AC%20%EC%84%9C%EB%B9%99%EA%B3%A0%EB%A1%9C%20137%28%EC%9A%A9%EC%82%B0%EB%8F%996%EA%B0%80%29
종로구	와룡동	창덕궁 선원전	서울특별시 종로구 율곡로 99(와룡동)	보물	37.582604	126.991938	https://map.naver.com/p/search/%EC%B0%BD%EB%8D%95%EA%B6%81%20%EC%84%A0%EC%9B%90%EC%A0%84%20%EC%84%9C%EC%9A%B8%ED%8A%B9%EB%B3%84%EC%8B%9C%20%EC%A2%85%EB%A1%9C%EA%B5%AC%20%EC%9C%A8%EA%B3%A1%EB%A1%9C%2099%28%EC%99%80%EB%A3%A1%EB%8F%99%29
용산구	용산동6가	경주 구황동 금제여래입상	서울특별시 용산구 서빙고로 137(용산동6가)	국보	37.524087	126.980388	https://map.naver.com/p/search/%EA%B2%BD%EC%A3%BC%20%EA%B5%AC%ED%99%A9%EB%8F%99%20%EA%B8%88%EC%A0%9C%EC%97%AC%EB%9E%98%EC%9E%85%EC%83%81%20%EC%84%9C%EC%9A%B8%ED%8A%B9%EB%B3%84%EC%8B%9C%20%EC%9A%A9%EC%82%B0%EA%B5%AC%20%EC%84%9C%EB%B9%99%EA%B3%A0%EB%A1%9C%20137%28%EC%9A%A9%EC%82%B0%EB%8F%996%EA%B0%80%29
용산구	용산동6가	경주 감산사 석조아미타여래입상	서울특별시 용산구 서빙고로 137(용산동6가)	국보	37.524087	126.980388	https://map.naver.com/p/search/%EA%B2%BD%EC%A3%BC%20%EA%B0%90%EC%82%B0%EC%82%AC%20%EC%84%9D%EC%A1%B0%EC%95%84%EB%AF%B8%ED%83%80%EC%97%AC%EB%9E%98%EC%9E%85%EC%83%81%20%EC%84%9C%EC%9A%B8%ED%8A%B9%EB%B3%84%EC%8B%9C%20%EC%9A%A9%EC%82%B0%EA%B5%AC%20%EC%84%9C%EB%B9%99%EA%B3%A0%EB%A1%9C%20137%28%EC%9A%A9%EC%82%B0%EB%8F%996%EA%B0%80%29
용산구	한남동	금동신묘명삼존불입상	서울특별시 용산구 이태원로55길 60-16(한남동)	국보	37.538546	126.99881	https://map.naver.com/p/search/%EA%B8%88%EB%8F%99%EC%8B%A0%EB%AC%98%EB%AA%85%EC%82%BC%EC%A1%B4%EB%B6%88%EC%9E%85%EC%83%81%20%EC%84%9C%EC%9A%B8%ED%8A%B9%EB%B3%84%EC%8B%9C%20%EC%9A%A9%EC%82%B0%EA%B5%AC%20%EC%9D%B4%ED%83%9C%EC%9B%90%EB%A1%9C55%EA%B8%B8%2060-16%28%ED%95%9C%EB%82%A8%EB%8F%99%29
용산구	용산동6가	개성 경천사지 십층석탑	서울특별시 용산구 서빙고로 137(용산동6가)	국보	37.524087	126.980388	https://map.naver.com/p/search/%EA%B0%9C%EC%84%B1%20%EA%B2%BD%EC%B2%9C%EC%82%AC%EC%A7%80%20%EC%8B%AD%EC%B8%B5%EC%84%9D%ED%83%91%20%EC%84%9C%EC%9A%B8%ED%8A%B9%EB%B3%84%EC%8B%9C%20%EC%9A%A9%EC%82%B0%EA%B5%AC%20%EC%84%9C%EB%B9%99%EA%B3%A0%EB%A1%9C%20137%28%EC%9A%A9%EC%82%B0%EB%8F%996%EA%B0%80%29
용산구	용산동6가	평양 석암리 금제 띠고리	서울특별시 용산구 서빙고로 137(용산동6가)	국보	37.524087	126.980388	https://map.naver.com/p/search/%ED%8F%89%EC%96%91%20%EC%84%9D%EC%95%94%EB%A6%AC%20%EA%B8%88%EC%A0%9C%20%EB%9D%A0%EA%B3%A0%EB%A6%AC%20%EC%84%9C%EC%9A%B8%ED%8A%B9%EB%B3%84%EC%8B%9C%20%EC%9A%A9%EC%82%B0%EA%B5%AC%20%EC%84%9C%EB%B9%99%EA%B3%A0%EB%A1%9C%20137%28%EC%9A%A9%EC%82%B0%EB%8F%996%EA%B0%80%29
서대문구	신촌동	분쉬의 외과도구	서울특별시 서대문구 연세로 50(신촌동)	국가등록유산	37.567113	126.939029	https://map.naver.com/p/search/%EB%B6%84%EC%89%AC%EC%9D%98%20%EC%99%B8%EA%B3%BC%EB%8F%84%EA%B5%AC%20%EC%84%9C%EC%9A%B8%ED%8A%B9%EB%B3%84%EC%8B%9C%20%EC%84%9C%EB%8C%80%EB%AC%B8%EA%B5%AC%20%EC%97%B0%EC%84%B8%EB%A1%9C%2050%28%EC%8B%A0%EC%B4%8C%EB%8F%99%29
용산구	용산동6가	청자 어룡형 주전자	서울특별시 용산구 서빙고로 137(용산동6가)	국보	37.524087	126.980388	https://map.naver.com/p/search/%EC%B2%AD%EC%9E%90%20%EC%96%B4%EB%A3%A1%ED%98%95%20%EC%A3%BC%EC%A0%84%EC%9E%90%20%EC%84%9C%EC%9A%B8%ED%8A%B9%EB%B3%84%EC%8B%9C%20%EC%9A%A9%EC%82%B0%EA%B5%AC%20%EC%84%9C%EB%B9%99%EA%B3%A0%EB%A1%9C%20137%28%EC%9A%A9%EC%82%B0%EB%8F%996%EA%B0%80%29
용산구	용산동6가	청자 철화양류문 통형 병	서울특별시 용산구 서빙고로 137(용산동6가)	국보	37.524087	126.980388	https://map.naver.com/p/search/%EC%B2%AD%EC%9E%90%20%EC%B2%A0%ED%99%94%EC%96%91%EB%A5%98%EB%AC%B8%20%ED%86%B5%ED%98%95%20%EB%B3%91%20%EC%84%9C%EC%9A%B8%ED%8A%B9%EB%B3%84%EC%8B%9C%20%EC%9A%A9%EC%82%B0%EA%B5%AC%20%EC%84%9C%EB%B9%99%EA%B3%A0%EB%A1%9C%20137%28%EC%9A%A9%EC%82%B0%EB%8F%996%EA%B0%80%29
용산구	용산동6가	녹유골호(부석제외함)	서울특별시 용산구 서빙고로 137(용산동6가)	국보	37.524087	126.980388	https://map.naver.com/p/search/%EB%85%B9%EC%9C%A0%EA%B3%A8%ED%98%B8%28%EB%B6%80%EC%84%9D%EC%A0%9C%EC%99%B8%ED%95%A8%29%20%EC%84%9C%EC%9A%B8%ED%8A%B9%EB%B3%84%EC%8B%9C%20%EC%9A%A9%EC%82%B0%EA%B5%AC%20%EC%84%9C%EB%B9%99%EA%B3%A0%EB%A1%9C%20137%28%EC%9A%A9%EC%82%B0%EB%8F%996%EA%B0%80%29
종로구	홍파동	서울 홍파동 홍난파 가옥	서울특별시 종로구 송월1길 38(홍파동)	국가등록유산	37.571623	126.965094	https://map.naver.com/p/search/%EC%84%9C%EC%9A%B8%20%ED%99%8D%ED%8C%8C%EB%8F%99%20%ED%99%8D%EB%82%9C%ED%8C%8C%20%EA%B0%80%EC%98%A5%20%EC%84%9C%EC%9A%B8%ED%8A%B9%EB%B3%84%EC%8B%9C%20%EC%A2%85%EB%A1%9C%EA%B5%AC%20%EC%86%A1%EC%9B%941%EA%B8%B8%2038%28%ED%99%8D%ED%8C%8C%EB%8F%99%29
용산구	용산동6가	충주 정토사지 홍법국사탑	서울특별시 용산구 서빙고로 137(용산동6가)	국보	37.524087	126.980388	https://map.naver.com/p/search/%EC%B6%A9%EC%A3%BC%20%EC%A0%95%ED%86%A0%EC%82%AC%EC%A7%80%20%ED%99%8D%EB%B2%95%EA%B5%AD%EC%82%AC%ED%83%91%20%EC%84%9C%EC%9A%B8%ED%8A%B9%EB%B3%84%EC%8B%9C%20%EC%9A%A9%EC%82%B0%EA%B5%AC%20%EC%84%9C%EB%B9%99%EA%B3%A0%EB%A1%9C%20137%28%EC%9A%A9%EC%82%B0%EB%8F%996%EA%B0%80%29
성북구	안암동5가	삼국유사 권3~5	서울특별시 성북구 안암로 145(안암동5가)	보물	37.58991	127.031812	https://map.naver.com/p/search/%EC%82%BC%EA%B5%AD%EC%9C%A0%EC%82%AC%20%EA%B6%8C3~5%20%EC%84%9C%EC%9A%B8%ED%8A%B9%EB%B3%84%EC%8B%9C%20%EC%84%B1%EB%B6%81%EA%B5%AC%20%EC%95%88%EC%95%94%EB%A1%9C%20145%28%EC%95%88%EC%95%94%EB%8F%995%EA%B0%80%29
용산구	용산동6가	숙신옹주 가옥허여문기	서울특별시 용산구 서빙고로 137(용산동6가)	보물	37.524087	126.980388	https://map.naver.com/p/search/%EC%88%99%EC%8B%A0%EC%98%B9%EC%A3%BC%20%EA%B0%80%EC%98%A5%ED%97%88%EC%97%AC%EB%AC%B8%EA%B8%B0%20%EC%84%9C%EC%9A%B8%ED%8A%B9%EB%B3%84%EC%8B%9C%20%EC%9A%A9%EC%82%B0%EA%B5%AC%20%EC%84%9C%EB%B9%99%EA%B3%A0%EB%A1%9C%20137%28%EC%9A%A9%EC%82%B0%EB%8F%996%EA%B0%80%29
종로구	원서동	서울 원서동 고희동 가옥	서울특별시 종로구 창덕궁5길 40(원서동)	국가등록유산	37.583139	126.988958	https://map.naver.com/p/search/%EC%84%9C%EC%9A%B8%20%EC%9B%90%EC%84%9C%EB%8F%99%20%EA%B3%A0%ED%9D%AC%EB%8F%99%20%EA%B0%80%EC%98%A5%20%EC%84%9C%EC%9A%B8%ED%8A%B9%EB%B3%84%EC%8B%9C%20%EC%A2%85%EB%A1%9C%EA%B5%AC%20%EC%B0%BD%EB%8D%95%EA%B6%815%EA%B8%B8%2040%28%EC%9B%90%EC%84%9C%EB%8F%99%29
종로구	계동	서울 계동 배렴 가옥	서울특별시 종로구 계동길 89(계동)	국가등록유산	37.581295	126.986669	https://map.naver.com/p/search/%EC%84%9C%EC%9A%B8%20%EA%B3%84%EB%8F%99%20%EB%B0%B0%EB%A0%B4%20%EA%B0%80%EC%98%A5%20%EC%84%9C%EC%9A%B8%ED%8A%B9%EB%B3%84%EC%8B%9C%20%EC%A2%85%EB%A1%9C%EA%B5%AC%20%EA%B3%84%EB%8F%99%EA%B8%B8%2089%28%EA%B3%84%EB%8F%99%29
용산구	용산동6가	청자 상감모란국화문 참외모양 병	서울특별시 용산구 서빙고로 137(용산동6가)	국보	37.524087	126.980388	https://map.naver.com/p/search/%EC%B2%AD%EC%9E%90%20%EC%83%81%EA%B0%90%EB%AA%A8%EB%9E%80%EA%B5%AD%ED%99%94%EB%AC%B8%20%EC%B0%B8%EC%99%B8%EB%AA%A8%EC%96%91%20%EB%B3%91%20%EC%84%9C%EC%9A%B8%ED%8A%B9%EB%B3%84%EC%8B%9C%20%EC%9A%A9%EC%82%B0%EA%B5%AC%20%EC%84%9C%EB%B9%99%EA%B3%A0%EB%A1%9C%20137%28%EC%9A%A9%EC%82%B0%EB%8F%996%EA%B0%80%29
용산구	용산동6가	전 원주 흥법사지 염거화상탑	서울특별시 용산구 서빙고로 137(용산동6가)	국보	37.524087	126.980388	https://map.naver.com/p/search/%EC%A0%84%20%EC%9B%90%EC%A3%BC%20%ED%9D%A5%EB%B2%95%EC%82%AC%EC%A7%80%20%EC%97%BC%EA%B1%B0%ED%99%94%EC%83%81%ED%83%91%20%EC%84%9C%EC%9A%B8%ED%8A%B9%EB%B3%84%EC%8B%9C%20%EC%9A%A9%EC%82%B0%EA%B5%AC%20%EC%84%9C%EB%B9%99%EA%B3%A0%EB%A1%9C%20137%28%EC%9A%A9%EC%82%B0%EB%8F%996%EA%B0%80%29
용산구	용산동6가	이제현 초상	서울특별시 용산구 서빙고로 137(용산동6가)	국보	37.524087	126.980388	https://map.naver.com/p/search/%EC%9D%B4%EC%A0%9C%ED%98%84%20%EC%B4%88%EC%83%81%20%EC%84%9C%EC%9A%B8%ED%8A%B9%EB%B3%84%EC%8B%9C%20%EC%9A%A9%EC%82%B0%EA%B5%AC%20%EC%84%9C%EB%B9%99%EA%B3%A0%EB%A1%9C%20137%28%EC%9A%A9%EC%82%B0%EB%8F%996%EA%B0%80%29
용산구	용산동6가	청자 상감당초문 완	서울특별시 용산구 서빙고로 137(용산동6가)	국보	37.524087	126.980388	https://map.naver.com/p/search/%EC%B2%AD%EC%9E%90%20%EC%83%81%EA%B0%90%EB%8B%B9%EC%B4%88%EB%AC%B8%20%EC%99%84%20%EC%84%9C%EC%9A%B8%ED%8A%B9%EB%B3%84%EC%8B%9C%20%EC%9A%A9%EC%82%B0%EA%B5%AC%20%EC%84%9C%EB%B9%99%EA%B3%A0%EB%A1%9C%20137%28%EC%9A%A9%EC%82%B0%EB%8F%996%EA%B0%80%29
용산구	용산동6가	청자 상감모란문 표주박모양 주전자	서울특별시 용산구 서빙고로 137(용산동6가)	국보	37.524087	126.980388	https://map.naver.com/p/search/%EC%B2%AD%EC%9E%90%20%EC%83%81%EA%B0%90%EB%AA%A8%EB%9E%80%EB%AC%B8%20%ED%91%9C%EC%A3%BC%EB%B0%95%EB%AA%A8%EC%96%91%20%EC%A3%BC%EC%A0%84%EC%9E%90%20%EC%84%9C%EC%9A%B8%ED%8A%B9%EB%B3%84%EC%8B%9C%20%EC%9A%A9%EC%82%B0%EA%B5%AC%20%EC%84%9C%EB%B9%99%EA%B3%A0%EB%A1%9C%20137%28%EC%9A%A9%EC%82%B0%EB%8F%996%EA%B0%80%29
강서구	마곡동	서울 구 양천수리조합 배수펌프장	서울특별시 강서구 양천로 282(마곡동)	국가등록유산	37.571538	126.834929	https://map.naver.com/p/search/%EC%84%9C%EC%9A%B8%20%EA%B5%AC%20%EC%96%91%EC%B2%9C%EC%88%98%EB%A6%AC%EC%A1%B0%ED%95%A9%20%EB%B0%B0%EC%88%98%ED%8E%8C%ED%94%84%EC%9E%A5%20%EC%84%9C%EC%9A%B8%ED%8A%B9%EB%B3%84%EC%8B%9C%20%EA%B0%95%EC%84%9C%EA%B5%AC%20%EC%96%91%EC%B2%9C%EB%A1%9C%20282%28%EB%A7%88%EA%B3%A1%EB%8F%99%29
종로구		기아 경3륜 트럭	서울특별시 종로구 세종대로 198(세종로)	국가등록유산	37.573924	126.977813	https://map.naver.com/p/search/%EA%B8%B0%EC%95%84%20%EA%B2%BD3%EB%A5%9C%20%ED%8A%B8%EB%9F%AD%20%EC%84%9C%EC%9A%B8%ED%8A%B9%EB%B3%84%EC%8B%9C%20%EC%A2%85%EB%A1%9C%EA%B5%AC%20%EC%84%B8%EC%A2%85%EB%8C%80%EB%A1%9C%20198%28%EC%84%B8%EC%A2%85%EB%A1%9C%29
용산구	한남동	금동미륵보살반가사유상	서울특별시 용산구 이태원로55길 60-16(한남동)	국보	37.538546	126.99881	https://map.naver.com/p/search/%EA%B8%88%EB%8F%99%EB%AF%B8%EB%A5%B5%EB%B3%B4%EC%82%B4%EB%B0%98%EA%B0%80%EC%82%AC%EC%9C%A0%EC%83%81%20%EC%84%9C%EC%9A%B8%ED%8A%B9%EB%B3%84%EC%8B%9C%20%EC%9A%A9%EC%82%B0%EA%B5%AC%20%EC%9D%B4%ED%83%9C%EC%9B%90%EB%A1%9C55%EA%B8%B8%2060-16%28%ED%95%9C%EB%82%A8%EB%8F%99%29
용산구	용산동6가	금동연가7년명여래입상	서울특별시 용산구 서빙고로 137(용산동6가)	국보	37.524087	126.980388	https://map.naver.com/p/search/%EA%B8%88%EB%8F%99%EC%97%B0%EA%B0%807%EB%85%84%EB%AA%85%EC%97%AC%EB%9E%98%EC%9E%85%EC%83%81%20%EC%84%9C%EC%9A%B8%ED%8A%B9%EB%B3%84%EC%8B%9C%20%EC%9A%A9%EC%82%B0%EA%B5%AC%20%EC%84%9C%EB%B9%99%EA%B3%A0%EB%A1%9C%20137%28%EC%9A%A9%EC%82%B0%EB%8F%996%EA%B0%80%29
용산구	용산동6가	금동관음보살입상	서울특별시 용산구 서빙고로 137(용산동6가)	국보	37.524087	126.980388	https://map.naver.com/p/search/%EA%B8%88%EB%8F%99%EA%B4%80%EC%9D%8C%EB%B3%B4%EC%82%B4%EC%9E%85%EC%83%81%20%EC%84%9C%EC%9A%B8%ED%8A%B9%EB%B3%84%EC%8B%9C%20%EC%9A%A9%EC%82%B0%EA%B5%AC%20%EC%84%9C%EB%B9%99%EA%B3%A0%EB%A1%9C%20137%28%EC%9A%A9%EC%82%B0%EB%8F%996%EA%B0%80%29
용산구	용산동6가	고려말 화령부 호적 관련 고문서	서울특별시 용산구 서빙고로 137(용산동6가)	국보	37.524087	126.980388	https://map.naver.com/p/search/%EA%B3%A0%EB%A0%A4%EB%A7%90%20%ED%99%94%EB%A0%B9%EB%B6%80%20%ED%98%B8%EC%A0%81%20%EA%B4%80%EB%A0%A8%20%EA%B3%A0%EB%AC%B8%EC%84%9C%20%EC%84%9C%EC%9A%B8%ED%8A%B9%EB%B3%84%EC%8B%9C%20%EC%9A%A9%EC%82%B0%EA%B5%AC%20%EC%84%9C%EB%B9%99%EA%B3%A0%EB%A1%9C%20137%28%EC%9A%A9%EC%82%B0%EB%8F%996%EA%B0%80%29
용산구	용산동6가	서울 삼양동 금동관음보살입상	서울특별시 용산구 서빙고로 137(용산동6가)	국보	37.524087	126.980388	https://map.naver.com/p/search/%EC%84%9C%EC%9A%B8%20%EC%82%BC%EC%96%91%EB%8F%99%20%EA%B8%88%EB%8F%99%EA%B4%80%EC%9D%8C%EB%B3%B4%EC%82%B4%EC%9E%85%EC%83%81%20%EC%84%9C%EC%9A%B8%ED%8A%B9%EB%B3%84%EC%8B%9C%20%EC%9A%A9%EC%82%B0%EA%B5%AC%20%EC%84%9C%EB%B9%99%EA%B3%A0%EB%A1%9C%20137%28%EC%9A%A9%EC%82%B0%EB%8F%996%EA%B0%80%29
종로구	필운동	서울 배화여자고등학교 생활관	서울특별시 종로구 필운대로1길 34(필운동)	국가등록유산	37.579176	126.965892	https://map.naver.com/p/search/%EC%84%9C%EC%9A%B8%20%EB%B0%B0%ED%99%94%EC%97%AC%EC%9E%90%EA%B3%A0%EB%93%B1%ED%95%99%EA%B5%90%20%EC%83%9D%ED%99%9C%EA%B4%80%20%EC%84%9C%EC%9A%B8%ED%8A%B9%EB%B3%84%EC%8B%9C%20%EC%A2%85%EB%A1%9C%EA%B5%AC%20%ED%95%84%EC%9A%B4%EB%8C%80%EB%A1%9C1%EA%B8%B8%2034%28%ED%95%84%EC%9A%B4%EB%8F%99%29
서대문구	신촌동	서울 구 신촌역사	서울특별시 서대문구 신촌역로 30(신촌동)	국가등록유산	37.559505	126.942867	https://map.naver.com/p/search/%EC%84%9C%EC%9A%B8%20%EA%B5%AC%20%EC%8B%A0%EC%B4%8C%EC%97%AD%EC%82%AC%20%EC%84%9C%EC%9A%B8%ED%8A%B9%EB%B3%84%EC%8B%9C%20%EC%84%9C%EB%8C%80%EB%AC%B8%EA%B5%AC%20%EC%8B%A0%EC%B4%8C%EC%97%AD%EB%A1%9C%2030%28%EC%8B%A0%EC%B4%8C%EB%8F%99%29
종로구		창덕궁 대조전 백학도	서울특별시 종로구 효자로 12(세종로)	국가등록유산	37.576668	126.974922	https://map.naver.com/p/search/%EC%B0%BD%EB%8D%95%EA%B6%81%20%EB%8C%80%EC%A1%B0%EC%A0%84%20%EB%B0%B1%ED%95%99%EB%8F%84%20%EC%84%9C%EC%9A%B8%ED%8A%B9%EB%B3%84%EC%8B%9C%20%EC%A2%85%EB%A1%9C%EA%B5%AC%20%ED%9A%A8%EC%9E%90%EB%A1%9C%2012%28%EC%84%B8%EC%A2%85%EB%A1%9C%29
종로구	연건동	대한의원 개원 칙서	서울특별시 종로구 대학로 101(연건동)	국가등록유산	37.580066	126.997235	https://map.naver.com/p/search/%EB%8C%80%ED%95%9C%EC%9D%98%EC%9B%90%20%EA%B0%9C%EC%9B%90%20%EC%B9%99%EC%84%9C%20%EC%84%9C%EC%9A%B8%ED%8A%B9%EB%B3%84%EC%8B%9C%20%EC%A2%85%EB%A1%9C%EA%B5%AC%20%EB%8C%80%ED%95%99%EB%A1%9C%20101%28%EC%97%B0%EA%B1%B4%EB%8F%99%29
중구	남대문로4가	서울 숭례문	서울특별시 중구 세종대로 40(남대문로4가)	국보	37.559722	126.975278	https://map.naver.com/p/search/%EC%84%9C%EC%9A%B8%20%EC%88%AD%EB%A1%80%EB%AC%B8%20%EC%84%9C%EC%9A%B8%ED%8A%B9%EB%B3%84%EC%8B%9C%20%EC%A4%91%EA%B5%AC%20%EC%84%B8%EC%A2%85%EB%8C%80%EB%A1%9C%2040%28%EB%82%A8%EB%8C%80%EB%AC%B8%EB%A1%9C4%EA%B0%80%29
성북구	성북동	청자 기린형뚜껑 향로	서울특별시 성북구 성북로 102-11(성북동)	국보	37.594466	126.99622	https://map.naver.com/p/search/%EC%B2%AD%EC%9E%90%20%EA%B8%B0%EB%A6%B0%ED%98%95%EB%9A%9C%EA%BB%91%20%ED%96%A5%EB%A1%9C%20%EC%84%9C%EC%9A%B8%ED%8A%B9%EB%B3%84%EC%8B%9C%20%EC%84%B1%EB%B6%81%EA%B5%AC%20%EC%84%B1%EB%B6%81%EB%A1%9C%20102-11%28%EC%84%B1%EB%B6%81%EB%8F%99%29
성북구	성북동	청자 상감운학문 매병	서울특별시 성북구 성북로 102-11(성북동)	국보	37.594466	126.99622	https://map.naver.com/p/search/%EC%B2%AD%EC%9E%90%20%EC%83%81%EA%B0%90%EC%9A%B4%ED%95%99%EB%AC%B8%20%EB%A7%A4%EB%B3%91%20%EC%84%9C%EC%9A%B8%ED%8A%B9%EB%B3%84%EC%8B%9C%20%EC%84%B1%EB%B6%81%EA%B5%AC%20%EC%84%B1%EB%B6%81%EB%A1%9C%20102-11%28%EC%84%B1%EB%B6%81%EB%8F%99%29
성북구	성북동	청자 오리모양 연적	서울특별시 성북구 성북로 102-11(성북동)	국보	37.594466	126.99622	https://map.naver.com/p/search/%EC%B2%AD%EC%9E%90%20%EC%98%A4%EB%A6%AC%EB%AA%A8%EC%96%91%20%EC%97%B0%EC%A0%81%20%EC%84%9C%EC%9A%B8%ED%8A%B9%EB%B3%84%EC%8B%9C%20%EC%84%B1%EB%B6%81%EA%B5%AC%20%EC%84%B1%EB%B6%81%EB%A1%9C%20102-11%28%EC%84%B1%EB%B6%81%EB%8F%99%29
성북구	성북동	청자 상감연지원앙문 정병	서울특별시 성북구 성북로 102-11(성북동)	국보	37.594466	126.99622	https://map.naver.com/p/search/%EC%B2%AD%EC%9E%90%20%EC%83%81%EA%B0%90%EC%97%B0%EC%A7%80%EC%9B%90%EC%95%99%EB%AC%B8%20%EC%A0%95%EB%B3%91%20%EC%84%9C%EC%9A%B8%ED%8A%B9%EB%B3%84%EC%8B%9C%20%EC%84%B1%EB%B6%81%EA%B5%AC%20%EC%84%B1%EB%B6%81%EB%A1%9C%20102-11%28%EC%84%B1%EB%B6%81%EB%8F%99%29
성북구	성북동	동국정운 권1, 6	서울특별시 성북구 성북로 102-11(성북동)	국보	37.594466	126.99622	https://map.naver.com/p/search/%EB%8F%99%EA%B5%AD%EC%A0%95%EC%9A%B4%20%EA%B6%8C1%2C%206%20%EC%84%9C%EC%9A%B8%ED%8A%B9%EB%B3%84%EC%8B%9C%20%EC%84%B1%EB%B6%81%EA%B5%AC%20%EC%84%B1%EB%B6%81%EB%A1%9C%20102-11%28%EC%84%B1%EB%B6%81%EB%8F%99%29
성북구	성북동	금동계미명삼존불입상	서울특별시 성북구 성북로 102-11(성북동)	국보	37.594466	126.99622	https://map.naver.com/p/search/%EA%B8%88%EB%8F%99%EA%B3%84%EB%AF%B8%EB%AA%85%EC%82%BC%EC%A1%B4%EB%B6%88%EC%9E%85%EC%83%81%20%EC%84%9C%EC%9A%B8%ED%8A%B9%EB%B3%84%EC%8B%9C%20%EC%84%B1%EB%B6%81%EA%B5%AC%20%EC%84%B1%EB%B6%81%EB%A1%9C%20102-11%28%EC%84%B1%EB%B6%81%EB%8F%99%29
성북구	성북동	금동삼존불감	서울특별시 성북구 성북로 102-11(성북동)	국보	37.594466	126.99622	https://map.naver.com/p/search/%EA%B8%88%EB%8F%99%EC%82%BC%EC%A1%B4%EB%B6%88%EA%B0%90%20%EC%84%9C%EC%9A%B8%ED%8A%B9%EB%B3%84%EC%8B%9C%20%EC%84%B1%EB%B6%81%EA%B5%AC%20%EC%84%B1%EB%B6%81%EB%A1%9C%20102-11%28%EC%84%B1%EB%B6%81%EB%8F%99%29
용산구	용산동6가	경주 구황동 금제여래좌상	서울특별시 용산구 서빙고로 137(용산동6가)	국보	37.524087	126.980388	https://map.naver.com/p/search/%EA%B2%BD%EC%A3%BC%20%EA%B5%AC%ED%99%A9%EB%8F%99%20%EA%B8%88%EC%A0%9C%EC%97%AC%EB%9E%98%EC%A2%8C%EC%83%81%20%EC%84%9C%EC%9A%B8%ED%8A%B9%EB%B3%84%EC%8B%9C%20%EC%9A%A9%EC%82%B0%EA%B5%AC%20%EC%84%9C%EB%B9%99%EA%B3%A0%EB%A1%9C%20137%28%EC%9A%A9%EC%82%B0%EB%8F%996%EA%B0%80%29
용산구	용산동6가	경주 감산사 석조미륵보살입상	서울특별시 용산구 서빙고로 137(용산동6가)	국보	37.524087	126.980388	https://map.naver.com/p/search/%EA%B2%BD%EC%A3%BC%20%EA%B0%90%EC%82%B0%EC%82%AC%20%EC%84%9D%EC%A1%B0%EB%AF%B8%EB%A5%B5%EB%B3%B4%EC%82%B4%EC%9E%85%EC%83%81%20%EC%84%9C%EC%9A%B8%ED%8A%B9%EB%B3%84%EC%8B%9C%20%EC%9A%A9%EC%82%B0%EA%B5%AC%20%EC%84%9C%EB%B9%99%EA%B3%A0%EB%A1%9C%20137%28%EC%9A%A9%EC%82%B0%EB%8F%996%EA%B0%80%29
용산구	용산동6가	묘법연화경 권7	서울특별시 용산구 서빙고로 137(용산동6가)	보물	37.524087	126.980388	https://map.naver.com/p/search/%EB%AC%98%EB%B2%95%EC%97%B0%ED%99%94%EA%B2%BD%20%EA%B6%8C7%20%EC%84%9C%EC%9A%B8%ED%8A%B9%EB%B3%84%EC%8B%9C%20%EC%9A%A9%EC%82%B0%EA%B5%AC%20%EC%84%9C%EB%B9%99%EA%B3%A0%EB%A1%9C%20137%28%EC%9A%A9%EC%82%B0%EB%8F%996%EA%B0%80%29
중구	정동|태평로2가|태평로1가	서울광장 지하배수로	서울특별시  중구 정동 5-8, 태평로2가 17-3, 태평로1가 54-3, 태평로1가 36-4	기념물	37.565566	126.978331	https://map.naver.com/p/search/%EC%84%9C%EC%9A%B8%EA%B4%91%EC%9E%A5%20%EC%A7%80%ED%95%98%EB%B0%B0%EC%88%98%EB%A1%9C%20%EC%84%9C%EC%9A%B8%ED%8A%B9%EB%B3%84%EC%8B%9C%20%20%EC%A4%91%EA%B5%AC%20%EC%A0%95%EB%8F%99%205-8%2C%20%ED%83%9C%ED%8F%89%EB%A1%9C2%EA%B0%80%2017-3%2C%20%ED%83%9C%ED%8F%89%EB%A1%9C1%EA%B0%80%2054-3%2C%20%ED%83%9C%ED%8F%89%EB%A1%9C1%EA%B0%80%2036-4
중구	남대문로2가|남대문로1가	남대문로 지하배수로	서울특별시  중구 남대문로2가 40-1, 남대문로2가 9-9, 남대문로2가 71-7, 남대문로1가 48-9, 남대문로1가	기념물	37.563843	126.997602	https://map.naver.com/p/search/%EB%82%A8%EB%8C%80%EB%AC%B8%EB%A1%9C%20%EC%A7%80%ED%95%98%EB%B0%B0%EC%88%98%EB%A1%9C%20%EC%84%9C%EC%9A%B8%ED%8A%B9%EB%B3%84%EC%8B%9C%20%20%EC%A4%91%EA%B5%AC%20%EB%82%A8%EB%8C%80%EB%AC%B8%EB%A1%9C2%EA%B0%80%2040-1%2C%20%EB%82%A8%EB%8C%80%EB%AC%B8%EB%A1%9C2%EA%B0%80%209-9%2C%20%EB%82%A8%EB%8C%80%EB%AC%B8%EB%A1%9C2%EA%B0%80%2071-7%2C%20%EB%82%A8%EB%8C%80%EB%AC%B8%EB%A1%9C1%EA%B0%80%2048-9%2C%20%EB%82%A8%EB%8C%80%EB%AC%B8%EB%A1%9C1%EA%B0%80
종로구	청운동	인왕산 백운동 계곡	서울특별시 종로구 청운동 6-8 외	자연유산	37.589681	126.966769	https://map.naver.com/p/search/%EC%9D%B8%EC%99%95%EC%82%B0%20%EB%B0%B1%EC%9A%B4%EB%8F%99%20%EA%B3%84%EA%B3%A1%20%EC%84%9C%EC%9A%B8%ED%8A%B9%EB%B3%84%EC%8B%9C%20%EC%A2%85%EB%A1%9C%EA%B5%AC%20%EC%B2%AD%EC%9A%B4%EB%8F%99%206-8%20%EC%99%B8
중구	태평로2가	태평로2가 지하배수로	서울특별시  중구 태평로2가 113-1	기념물	37.5628305939	126.976610196	https://map.naver.com/p/search/%ED%83%9C%ED%8F%89%EB%A1%9C2%EA%B0%80%20%EC%A7%80%ED%95%98%EB%B0%B0%EC%88%98%EB%A1%9C%20%EC%84%9C%EC%9A%B8%ED%8A%B9%EB%B3%84%EC%8B%9C%20%20%EC%A4%91%EA%B5%AC%20%ED%83%9C%ED%8F%89%EB%A1%9C2%EA%B0%80%20113-1
동대문구	전농동	배봉산 보루	서울특별시 동대문구 한천로43길 12-14(전농동)	기념물	37.581212	127.067608	https://map.naver.com/p/search/%EB%B0%B0%EB%B4%89%EC%82%B0%20%EB%B3%B4%EB%A3%A8%20%EC%84%9C%EC%9A%B8%ED%8A%B9%EB%B3%84%EC%8B%9C%20%EB%8F%99%EB%8C%80%EB%AC%B8%EA%B5%AC%20%ED%95%9C%EC%B2%9C%EB%A1%9C43%EA%B8%B8%2012-14%28%EC%A0%84%EB%86%8D%EB%8F%99%29
용산구	서빙고동	서빙고동부군당	서울특별시 용산구 서빙고로59길 3-6(서빙고동)	민속문화유산	37.520469	126.993196	https://map.naver.com/p/search/%EC%84%9C%EB%B9%99%EA%B3%A0%EB%8F%99%EB%B6%80%EA%B5%B0%EB%8B%B9%20%EC%84%9C%EC%9A%B8%ED%8A%B9%EB%B3%84%EC%8B%9C%20%EC%9A%A9%EC%82%B0%EA%B5%AC%20%EC%84%9C%EB%B9%99%EA%B3%A0%EB%A1%9C59%EA%B8%B8%203-6%28%EC%84%9C%EB%B9%99%EA%B3%A0%EB%8F%99%29
중구	예장동	와룡묘	서울특별시 중구 남산공원길 507(예장동)	민속문화유산	37.5546787929	126.986735345	https://map.naver.com/p/search/%EC%99%80%EB%A3%A1%EB%AC%98%20%EC%84%9C%EC%9A%B8%ED%8A%B9%EB%B3%84%EC%8B%9C%20%EC%A4%91%EA%B5%AC%20%EB%82%A8%EC%82%B0%EA%B3%B5%EC%9B%90%EA%B8%B8%20507%28%EC%98%88%EC%9E%A5%EB%8F%99%29
중구	장충동2가	관성묘	서울특별시 중구 동호로30길 2(장충동2가)	민속문화유산	37.560898353	127.003116901	https://map.naver.com/p/search/%EA%B4%80%EC%84%B1%EB%AC%98%20%EC%84%9C%EC%9A%B8%ED%8A%B9%EB%B3%84%EC%8B%9C%20%EC%A4%91%EA%B5%AC%20%EB%8F%99%ED%98%B8%EB%A1%9C30%EA%B8%B8%202%28%EC%9E%A5%EC%B6%A9%EB%8F%992%EA%B0%80%29
성북구	정릉동	장교동한규설가옥	서울특별시 성북구 정릉로9길 64(정릉동)	민속문화유산	37.610761	126.999729	https://map.naver.com/p/search/%EC%9E%A5%EA%B5%90%EB%8F%99%ED%95%9C%EA%B7%9C%EC%84%A4%EA%B0%80%EC%98%A5%20%EC%84%9C%EC%9A%B8%ED%8A%B9%EB%B3%84%EC%8B%9C%20%EC%84%B1%EB%B6%81%EA%B5%AC%20%EC%A0%95%EB%A6%89%EB%A1%9C9%EA%B8%B8%2064%28%EC%A0%95%EB%A6%89%EB%8F%99%29
중구	필동2가	삼청동오위장김춘영가옥	서울특별시 중구 퇴계로34길 28(필동2가)	민속문화유산	37.558455	126.993561	https://map.naver.com/p/search/%EC%82%BC%EC%B2%AD%EB%8F%99%EC%98%A4%EC%9C%84%EC%9E%A5%EA%B9%80%EC%B6%98%EC%98%81%EA%B0%80%EC%98%A5%20%EC%84%9C%EC%9A%B8%ED%8A%B9%EB%B3%84%EC%8B%9C%20%EC%A4%91%EA%B5%AC%20%ED%87%B4%EA%B3%84%EB%A1%9C34%EA%B8%B8%2028%28%ED%95%84%EB%8F%992%EA%B0%80%29
광진구	능동|화양동	도정궁경원당	서울특별시 광진구 능동로 120(화양동)	민속문화유산	37.543888	127.075955	https://map.naver.com/p/search/%EB%8F%84%EC%A0%95%EA%B6%81%EA%B2%BD%EC%9B%90%EB%8B%B9%20%EC%84%9C%EC%9A%B8%ED%8A%B9%EB%B3%84%EC%8B%9C%20%EA%B4%91%EC%A7%84%EA%B5%AC%20%EB%8A%A5%EB%8F%99%EB%A1%9C%20120%28%ED%99%94%EC%96%91%EB%8F%99%29
성북구	성북동	성북동이종석별장	서울특별시 성북구 성북로 131(성북동)	민속문화유산	37.594334	126.994692	https://map.naver.com/p/search/%EC%84%B1%EB%B6%81%EB%8F%99%EC%9D%B4%EC%A2%85%EC%84%9D%EB%B3%84%EC%9E%A5%20%EC%84%9C%EC%9A%B8%ED%8A%B9%EB%B3%84%EC%8B%9C%20%EC%84%B1%EB%B6%81%EA%B5%AC%20%EC%84%B1%EB%B6%81%EB%A1%9C%20131%28%EC%84%B1%EB%B6%81%EB%8F%99%29
성북구	성북동	상허이태준가옥	서울특별시 성북구 성북로26길 8(성북동)	민속문화유산	37.595056	126.994853	https://map.naver.com/p/search/%EC%83%81%ED%97%88%EC%9D%B4%ED%83%9C%EC%A4%80%EA%B0%80%EC%98%A5%20%EC%84%9C%EC%9A%B8%ED%8A%B9%EB%B3%84%EC%8B%9C%20%EC%84%B1%EB%B6%81%EA%B5%AC%20%EC%84%B1%EB%B6%81%EB%A1%9C26%EA%B8%B8%208%28%EC%84%B1%EB%B6%81%EB%8F%99%29
종로구	창의문로5가|부암동	반계 윤웅렬 별장	서울특별시 종로구 창의문로5가길 19(부암동)	민속문화유산	37.5902447753	126.962158737	https://map.naver.com/p/search/%EB%B0%98%EA%B3%84%20%EC%9C%A4%EC%9B%85%EB%A0%AC%20%EB%B3%84%EC%9E%A5%20%EC%84%9C%EC%9A%B8%ED%8A%B9%EB%B3%84%EC%8B%9C%20%EC%A2%85%EB%A1%9C%EA%B5%AC%20%EC%B0%BD%EC%9D%98%EB%AC%B8%EB%A1%9C5%EA%B0%80%EA%B8%B8%2019%28%EB%B6%80%EC%95%94%EB%8F%99%29
종로구	가회동	가회동한씨가옥	서울특별시 종로구 북촌로 46-3(가회동)	민속문화유산	37.58096	126.985806	https://map.naver.com/p/search/%EA%B0%80%ED%9A%8C%EB%8F%99%ED%95%9C%EC%94%A8%EA%B0%80%EC%98%A5%20%EC%84%9C%EC%9A%B8%ED%8A%B9%EB%B3%84%EC%8B%9C%20%EC%A2%85%EB%A1%9C%EA%B5%AC%20%EB%B6%81%EC%B4%8C%EB%A1%9C%2046-3%28%EA%B0%80%ED%9A%8C%EB%8F%99%29
노원구	월계동	월계동각심재	서울특별시 노원구 초안산로7길 20(월계동)	민속문화유산	37.633971	127.050758	https://map.naver.com/p/search/%EC%9B%94%EA%B3%84%EB%8F%99%EA%B0%81%EC%8B%AC%EC%9E%AC%20%EC%84%9C%EC%9A%B8%ED%8A%B9%EB%B3%84%EC%8B%9C%20%EB%85%B8%EC%9B%90%EA%B5%AC%20%EC%B4%88%EC%95%88%EC%82%B0%EB%A1%9C7%EA%B8%B8%2020%28%EC%9B%94%EA%B3%84%EB%8F%99%29
마포구	용강동	용강동정구중가옥	서울특별시 마포구 큰우물로2길 22(용강동)	민속문화유산	37.543093	126.94187	https://map.naver.com/p/search/%EC%9A%A9%EA%B0%95%EB%8F%99%EC%A0%95%EA%B5%AC%EC%A4%91%EA%B0%80%EC%98%A5%20%EC%84%9C%EC%9A%B8%ED%8A%B9%EB%B3%84%EC%8B%9C%20%EB%A7%88%ED%8F%AC%EA%B5%AC%20%ED%81%B0%EC%9A%B0%EB%AC%BC%EB%A1%9C2%EA%B8%B8%2022%28%EC%9A%A9%EA%B0%95%EB%8F%99%29
중구	필동2가	관훈동 민씨 가옥	서울특별시 중구 퇴계로34길 28(필동2가)	민속문화유산	37.5592215925	126.994725957	https://map.naver.com/p/search/%EA%B4%80%ED%9B%88%EB%8F%99%20%EB%AF%BC%EC%94%A8%20%EA%B0%80%EC%98%A5%20%EC%84%9C%EC%9A%B8%ED%8A%B9%EB%B3%84%EC%8B%9C%20%EC%A4%91%EA%B5%AC%20%ED%87%B4%EA%B3%84%EB%A1%9C34%EA%B8%B8%2028%28%ED%95%84%EB%8F%992%EA%B0%80%29
종로구	운니동	운니동 김승현 가옥(운현궁 영로당)	서울특별시 종로구 삼일대로 470(운니동)	민속문화유산	37.5767132208	126.987044788	https://map.naver.com/p/search/%EC%9A%B4%EB%8B%88%EB%8F%99%20%EA%B9%80%EC%8A%B9%ED%98%84%20%EA%B0%80%EC%98%A5%28%EC%9A%B4%ED%98%84%EA%B6%81%20%EC%98%81%EB%A1%9C%EB%8B%B9%29%20%EC%84%9C%EC%9A%B8%ED%8A%B9%EB%B3%84%EC%8B%9C%20%EC%A2%85%EB%A1%9C%EA%B5%AC%20%EC%82%BC%EC%9D%BC%EB%8C%80%EB%A1%9C%20470%28%EC%9A%B4%EB%8B%88%EB%8F%99%29
중구	필동2가	삼각동 도편수 이승업 가옥	서울특별시 중구 퇴계로34길 28(필동2가)	민속문화유산	37.5589549933	126.994473055	https://map.naver.com/p/search/%EC%82%BC%EA%B0%81%EB%8F%99%20%EB%8F%84%ED%8E%B8%EC%88%98%20%EC%9D%B4%EC%8A%B9%EC%97%85%20%EA%B0%80%EC%98%A5%20%EC%84%9C%EC%9A%B8%ED%8A%B9%EB%B3%84%EC%8B%9C%20%EC%A4%91%EA%B5%AC%20%ED%87%B4%EA%B3%84%EB%A1%9C34%EA%B8%B8%2028%28%ED%95%84%EB%8F%992%EA%B0%80%29
종로구	명륜3가	숭보사	서울특별시 종로구 성균관로7길 1(명륜3가)	민속문화유산	37.5865793104	126.996367285	https://map.naver.com/p/search/%EC%88%AD%EB%B3%B4%EC%82%AC%20%EC%84%9C%EC%9A%B8%ED%8A%B9%EB%B3%84%EC%8B%9C%20%EC%A2%85%EB%A1%9C%EA%B5%AC%20%EC%84%B1%EA%B7%A0%EA%B4%80%EB%A1%9C7%EA%B8%B8%201%28%EB%AA%85%EB%A5%9C3%EA%B0%80%29
종로구	가회동	가회동백인제가옥	서울특별시 종로구 북촌로7길 16(가회동)	민속문화유산	37.580445	126.984093	https://map.naver.com/p/search/%EA%B0%80%ED%9A%8C%EB%8F%99%EB%B0%B1%EC%9D%B8%EC%A0%9C%EA%B0%80%EC%98%A5%20%EC%84%9C%EC%9A%B8%ED%8A%B9%EB%B3%84%EC%8B%9C%20%EC%A2%85%EB%A1%9C%EA%B5%AC%20%EB%B6%81%EC%B4%8C%EB%A1%9C7%EA%B8%B8%2016%28%EA%B0%80%ED%9A%8C%EB%8F%99%29
중구	필동2가	제기동해풍부원군윤택영재실	서울 중구 퇴계로34길 28, 일원 (필동2가)	민속문화유산	37.558455	126.993561	https://map.naver.com/p/search/%EC%A0%9C%EA%B8%B0%EB%8F%99%ED%95%B4%ED%92%8D%EB%B6%80%EC%9B%90%EA%B5%B0%EC%9C%A4%ED%83%9D%EC%98%81%EC%9E%AC%EC%8B%A4%20%EC%84%9C%EC%9A%B8%20%EC%A4%91%EA%B5%AC%20%ED%87%B4%EA%B3%84%EB%A1%9C34%EA%B8%B8%2028%2C%20%EC%9D%BC%EC%9B%90%20%28%ED%95%84%EB%8F%992%EA%B0%80%29
용산구	용산동6가	청자 구룡형 주전자	서울특별시 용산구 서빙고로 137(용산동6가)	국보	37.524087	126.980388	https://map.naver.com/p/search/%EC%B2%AD%EC%9E%90%20%EA%B5%AC%EB%A3%A1%ED%98%95%20%EC%A3%BC%EC%A0%84%EC%9E%90%20%EC%84%9C%EC%9A%B8%ED%8A%B9%EB%B3%84%EC%8B%9C%20%EC%9A%A9%EC%82%B0%EA%B5%AC%20%EC%84%9C%EB%B9%99%EA%B3%A0%EB%A1%9C%20137%28%EC%9A%A9%EC%82%B0%EB%8F%996%EA%B0%80%29
용산구	용산동6가	청자 음각연화당초문 매병	서울특별시 용산구 서빙고로 137(용산동6가)	국보	37.524087	126.980388	https://map.naver.com/p/search/%EC%B2%AD%EC%9E%90%20%EC%9D%8C%EA%B0%81%EC%97%B0%ED%99%94%EB%8B%B9%EC%B4%88%EB%AC%B8%20%EB%A7%A4%EB%B3%91%20%EC%84%9C%EC%9A%B8%ED%8A%B9%EB%B3%84%EC%8B%9C%20%EC%9A%A9%EC%82%B0%EA%B5%AC%20%EC%84%9C%EB%B9%99%EA%B3%A0%EB%A1%9C%20137%28%EC%9A%A9%EC%82%B0%EB%8F%996%EA%B0%80%29
용산구	용산동6가	백자 청화투각모란당초문 항아리	서울특별시 용산구 서빙고로 137(용산동6가)	보물	37.524087	126.980388	https://map.naver.com/p/search/%EB%B0%B1%EC%9E%90%20%EC%B2%AD%ED%99%94%ED%88%AC%EA%B0%81%EB%AA%A8%EB%9E%80%EB%8B%B9%EC%B4%88%EB%AC%B8%20%ED%95%AD%EC%95%84%EB%A6%AC%20%EC%84%9C%EC%9A%B8%ED%8A%B9%EB%B3%84%EC%8B%9C%20%EC%9A%A9%EC%82%B0%EA%B5%AC%20%EC%84%9C%EB%B9%99%EA%B3%A0%EB%A1%9C%20137%28%EC%9A%A9%EC%82%B0%EB%8F%996%EA%B0%80%29
종로구	견지동	남양주 수종사 사리탑 사리장엄구	서울특별시 종로구 우정국로 55(견지동)	보물	37.574494	126.982017	https://map.naver.com/p/search/%EB%82%A8%EC%96%91%EC%A3%BC%20%EC%88%98%EC%A2%85%EC%82%AC%20%EC%82%AC%EB%A6%AC%ED%83%91%20%EC%82%AC%EB%A6%AC%EC%9E%A5%EC%97%84%EA%B5%AC%20%EC%84%9C%EC%9A%B8%ED%8A%B9%EB%B3%84%EC%8B%9C%20%EC%A2%85%EB%A1%9C%EA%B5%AC%20%EC%9A%B0%EC%A0%95%EA%B5%AD%EB%A1%9C%2055%28%EA%B2%AC%EC%A7%80%EB%8F%99%29
용산구	용산동6가	감지은니 묘법연화경 권1	서울특별시 용산구 서빙고로 137(용산동6가)	보물	37.524087	126.980388	https://map.naver.com/p/search/%EA%B0%90%EC%A7%80%EC%9D%80%EB%8B%88%20%EB%AC%98%EB%B2%95%EC%97%B0%ED%99%94%EA%B2%BD%20%EA%B6%8C1%20%EC%84%9C%EC%9A%B8%ED%8A%B9%EB%B3%84%EC%8B%9C%20%EC%9A%A9%EC%82%B0%EA%B5%AC%20%EC%84%9C%EB%B9%99%EA%B3%A0%EB%A1%9C%20137%28%EC%9A%A9%EC%82%B0%EB%8F%996%EA%B0%80%29
용산구	용산동6가	감지은니 묘법연화경 권7	서울특별시 용산구 서빙고로 137(용산동6가)	보물	37.524087	126.980388	https://map.naver.com/p/search/%EA%B0%90%EC%A7%80%EC%9D%80%EB%8B%88%20%EB%AC%98%EB%B2%95%EC%97%B0%ED%99%94%EA%B2%BD%20%EA%B6%8C7%20%EC%84%9C%EC%9A%B8%ED%8A%B9%EB%B3%84%EC%8B%9C%20%EC%9A%A9%EC%82%B0%EA%B5%AC%20%EC%84%9C%EB%B9%99%EA%B3%A0%EB%A1%9C%20137%28%EC%9A%A9%EC%82%B0%EB%8F%996%EA%B0%80%29
성북구	안암동5가	분청사기 인화국화문 태항아리	서울특별시 성북구 안암로 145(안암동5가)	국보	37.58991	127.031812	https://map.naver.com/p/search/%EB%B6%84%EC%B2%AD%EC%82%AC%EA%B8%B0%20%EC%9D%B8%ED%99%94%EA%B5%AD%ED%99%94%EB%AC%B8%20%ED%83%9C%ED%95%AD%EC%95%84%EB%A6%AC%20%EC%84%9C%EC%9A%B8%ED%8A%B9%EB%B3%84%EC%8B%9C%20%EC%84%B1%EB%B6%81%EA%B5%AC%20%EC%95%88%EC%95%94%EB%A1%9C%20145%28%EC%95%88%EC%95%94%EB%8F%995%EA%B0%80%29
용산구	용산동6가	분청사기 음각어문 편병	서울특별시 용산구 서빙고로 137(용산동6가)	국보	37.524087	126.980388	https://map.naver.com/p/search/%EB%B6%84%EC%B2%AD%EC%82%AC%EA%B8%B0%20%EC%9D%8C%EA%B0%81%EC%96%B4%EB%AC%B8%20%ED%8E%B8%EB%B3%91%20%EC%84%9C%EC%9A%B8%ED%8A%B9%EB%B3%84%EC%8B%9C%20%EC%9A%A9%EC%82%B0%EA%B5%AC%20%EC%84%9C%EB%B9%99%EA%B3%A0%EB%A1%9C%20137%28%EC%9A%A9%EC%82%B0%EB%8F%996%EA%B0%80%29
종로구	종로6가	서울 흥인지문	서울특별시 종로구 종로 288(종로6가)	보물	37.571137	127.009567	https://map.naver.com/p/search/%EC%84%9C%EC%9A%B8%20%ED%9D%A5%EC%9D%B8%EC%A7%80%EB%AC%B8%20%EC%84%9C%EC%9A%B8%ED%8A%B9%EB%B3%84%EC%8B%9C%20%EC%A2%85%EB%A1%9C%EA%B5%AC%20%EC%A2%85%EB%A1%9C%20288%28%EC%A2%85%EB%A1%9C6%EA%B0%80%29
용산구	용산동6가	옛 보신각 동종	서울특별시 용산구 서빙고로 137(용산동6가)	보물	37.524087	126.980388	https://map.naver.com/p/search/%EC%98%9B%20%EB%B3%B4%EC%8B%A0%EA%B0%81%20%EB%8F%99%EC%A2%85%20%EC%84%9C%EC%9A%B8%ED%8A%B9%EB%B3%84%EC%8B%9C%20%EC%9A%A9%EC%82%B0%EA%B5%AC%20%EC%84%9C%EB%B9%99%EA%B3%A0%EB%A1%9C%20137%28%EC%9A%A9%EC%82%B0%EB%8F%996%EA%B0%80%29
용산구	용산동6가	금령총 금관	서울특별시 용산구 서빙고로 137(용산동6가)	보물	37.524087	126.980388	https://map.naver.com/p/search/%EA%B8%88%EB%A0%B9%EC%B4%9D%20%EA%B8%88%EA%B4%80%20%EC%84%9C%EC%9A%B8%ED%8A%B9%EB%B3%84%EC%8B%9C%20%EC%9A%A9%EC%82%B0%EA%B5%AC%20%EC%84%9C%EB%B9%99%EA%B3%A0%EB%A1%9C%20137%28%EC%9A%A9%EC%82%B0%EB%8F%996%EA%B0%80%29
성북구	성북동	신윤복 필 풍속도 화첩	서울특별시 성북구 성북로 102-11(성북동)	국보	37.594466	126.99622	https://map.naver.com/p/search/%EC%8B%A0%EC%9C%A4%EB%B3%B5%20%ED%95%84%20%ED%92%8D%EC%86%8D%EB%8F%84%20%ED%99%94%EC%B2%A9%20%EC%84%9C%EC%9A%B8%ED%8A%B9%EB%B3%84%EC%8B%9C%20%EC%84%B1%EB%B6%81%EA%B5%AC%20%EC%84%B1%EB%B6%81%EB%A1%9C%20102-11%28%EC%84%B1%EB%B6%81%EB%8F%99%29
용산구	한남동	금동 용두보당	서울특별시 용산구 이태원로55길 60-16(한남동)	국보	37.538546	126.99881	https://map.naver.com/p/search/%EA%B8%88%EB%8F%99%20%EC%9A%A9%EB%91%90%EB%B3%B4%EB%8B%B9%20%EC%84%9C%EC%9A%B8%ED%8A%B9%EB%B3%84%EC%8B%9C%20%EC%9A%A9%EC%82%B0%EA%B5%AC%20%EC%9D%B4%ED%83%9C%EC%9B%90%EB%A1%9C55%EA%B8%B8%2060-16%28%ED%95%9C%EB%82%A8%EB%8F%99%29
용산구	한남동	김홍도 필 군선도 병풍	서울특별시 용산구 이태원로55길 60-16(한남동)	국보	37.538546	126.99881	https://map.naver.com/p/search/%EA%B9%80%ED%99%8D%EB%8F%84%20%ED%95%84%20%EA%B5%B0%EC%84%A0%EB%8F%84%20%EB%B3%91%ED%92%8D%20%EC%84%9C%EC%9A%B8%ED%8A%B9%EB%B3%84%EC%8B%9C%20%EC%9A%A9%EC%82%B0%EA%B5%AC%20%EC%9D%B4%ED%83%9C%EC%9B%90%EB%A1%9C55%EA%B8%B8%2060-16%28%ED%95%9C%EB%82%A8%EB%8F%99%29
동작구	상도동	정문경	서울특별시 동작구 상도로 369(상도동)	국보	37.49669	126.957504	https://map.naver.com/p/search/%EC%A0%95%EB%AC%B8%EA%B2%BD%20%EC%84%9C%EC%9A%B8%ED%8A%B9%EB%B3%84%EC%8B%9C%20%EB%8F%99%EC%9E%91%EA%B5%AC%20%EC%83%81%EB%8F%84%EB%A1%9C%20369%28%EC%83%81%EB%8F%84%EB%8F%99%29
용산구		전 논산 청동방울 일괄	충청남도 부여군 부여읍 금성로 5 국립부여박물관	국보	36.2770507	126.9188969	https://map.naver.com/p/search/%EC%A0%84%20%EB%85%BC%EC%82%B0%20%EC%B2%AD%EB%8F%99%EB%B0%A9%EC%9A%B8%20%EC%9D%BC%EA%B4%84%20%EC%B6%A9%EC%B2%AD%EB%82%A8%EB%8F%84%20%EB%B6%80%EC%97%AC%EA%B5%B0%20%EB%B6%80%EC%97%AC%EC%9D%8D%20%EA%B8%88%EC%84%B1%EB%A1%9C%205%20%EA%B5%AD%EB%A6%BD%EB%B6%80%EC%97%AC%EB%B0%95%EB%AC%BC%EA%B4%80
종로구	종로2가	서울 원각사지 대원각사비	서울특별시 종로구 종로 99(종로2가)	보물	37.571079	126.988635	https://map.naver.com/p/search/%EC%84%9C%EC%9A%B8%20%EC%9B%90%EA%B0%81%EC%82%AC%EC%A7%80%20%EB%8C%80%EC%9B%90%EA%B0%81%EC%82%AC%EB%B9%84%20%EC%84%9C%EC%9A%B8%ED%8A%B9%EB%B3%84%EC%8B%9C%20%EC%A2%85%EB%A1%9C%EA%B5%AC%20%EC%A2%85%EB%A1%9C%2099%28%EC%A2%85%EB%A1%9C2%EA%B0%80%29
강북구	수유동	사인비구 제작 동종 - 서울 화계사 동종	서울특별시 강북구 화계사길 117(수유동)	보물	37.632534	127.007109	https://map.naver.com/p/search/%EC%82%AC%EC%9D%B8%EB%B9%84%EA%B5%AC%20%EC%A0%9C%EC%9E%91%20%EB%8F%99%EC%A2%85%20-%20%EC%84%9C%EC%9A%B8%20%ED%99%94%EA%B3%84%EC%82%AC%20%EB%8F%99%EC%A2%85%20%EC%84%9C%EC%9A%B8%ED%8A%B9%EB%B3%84%EC%8B%9C%20%EA%B0%95%EB%B6%81%EA%B5%AC%20%ED%99%94%EA%B3%84%EC%82%AC%EA%B8%B8%20117%28%EC%88%98%EC%9C%A0%EB%8F%99%29
종로구	명륜3가	서울 문묘 및 성균관&lt;대성전?동무?서무?삼문?명륜당&gt;	서울특별시 종로구 성균관로 25-1(명륜3가)	보물	37.585848	126.99513	https://map.naver.com/p/search/%EC%84%9C%EC%9A%B8%20%EB%AC%B8%EB%AC%98%20%EB%B0%8F%20%EC%84%B1%EA%B7%A0%EA%B4%80%26lt%3B%EB%8C%80%EC%84%B1%EC%A0%84%3F%EB%8F%99%EB%AC%B4%3F%EC%84%9C%EB%AC%B4%3F%EC%82%BC%EB%AC%B8%3F%EB%AA%85%EB%A5%9C%EB%8B%B9%26gt%3B%20%EC%84%9C%EC%9A%B8%ED%8A%B9%EB%B3%84%EC%8B%9C%20%EC%A2%85%EB%A1%9C%EA%B5%AC%20%EC%84%B1%EA%B7%A0%EA%B4%80%EB%A1%9C%2025-1%28%EB%AA%85%EB%A5%9C3%EA%B0%80%29
종로구	숭인동	서울 동관왕묘	서울특별시 종로구 난계로27길 84(숭인동)	보물	37.572816	127.018443	https://map.naver.com/p/search/%EC%84%9C%EC%9A%B8%20%EB%8F%99%EA%B4%80%EC%99%95%EB%AC%98%20%EC%84%9C%EC%9A%B8%ED%8A%B9%EB%B3%84%EC%8B%9C%20%EC%A2%85%EB%A1%9C%EA%B5%AC%20%EB%82%9C%EA%B3%84%EB%A1%9C27%EA%B8%B8%2084%28%EC%88%AD%EC%9D%B8%EB%8F%99%29
용산구	용산동6가	서울 홍제동 오층석탑	서울특별시 용산구 서빙고로 137(용산동6가)	보물	37.524087	126.980388	https://map.naver.com/p/search/%EC%84%9C%EC%9A%B8%20%ED%99%8D%EC%A0%9C%EB%8F%99%20%EC%98%A4%EC%B8%B5%EC%84%9D%ED%83%91%20%EC%84%9C%EC%9A%B8%ED%8A%B9%EB%B3%84%EC%8B%9C%20%EC%9A%A9%EC%82%B0%EA%B5%AC%20%EC%84%9C%EB%B9%99%EA%B3%A0%EB%A1%9C%20137%28%EC%9A%A9%EC%82%B0%EB%8F%996%EA%B0%80%29
종로구	사직동	사직단 대문	서울특별시 종로구 사직로 89(사직동)	보물	37.575398	126.968384	https://map.naver.com/p/search/%EC%82%AC%EC%A7%81%EB%8B%A8%20%EB%8C%80%EB%AC%B8%20%EC%84%9C%EC%9A%B8%ED%8A%B9%EB%B3%84%EC%8B%9C%20%EC%A2%85%EB%A1%9C%EA%B5%AC%20%EC%82%AC%EC%A7%81%EB%A1%9C%2089%28%EC%82%AC%EC%A7%81%EB%8F%99%29
용산구	용산동6가	원주 거돈사지 원공국사탑	서울특별시 용산구 서빙고로 137(용산동6가)	보물	37.524087	126.980388	https://map.naver.com/p/search/%EC%9B%90%EC%A3%BC%20%EA%B1%B0%EB%8F%88%EC%82%AC%EC%A7%80%20%EC%9B%90%EA%B3%B5%EA%B5%AD%EC%82%AC%ED%83%91%20%EC%84%9C%EC%9A%B8%ED%8A%B9%EB%B3%84%EC%8B%9C%20%EC%9A%A9%EC%82%B0%EA%B5%AC%20%EC%84%9C%EB%B9%99%EA%B3%A0%EB%A1%9C%20137%28%EC%9A%A9%EC%82%B0%EB%8F%996%EA%B0%80%29
종로구	견지동	감지은니 묘법연화경 권2, 4, 5, 6	서울특별시 종로구 우정국로 55(견지동)	보물	37.574494	126.982017	https://map.naver.com/p/search/%EA%B0%90%EC%A7%80%EC%9D%80%EB%8B%88%20%EB%AC%98%EB%B2%95%EC%97%B0%ED%99%94%EA%B2%BD%20%EA%B6%8C2%2C%204%2C%205%2C%206%20%EC%84%9C%EC%9A%B8%ED%8A%B9%EB%B3%84%EC%8B%9C%20%EC%A2%85%EB%A1%9C%EA%B5%AC%20%EC%9A%B0%EC%A0%95%EA%B5%AD%EB%A1%9C%2055%28%EA%B2%AC%EC%A7%80%EB%8F%99%29
용산구	용산동6가	감지금니 묘법연화경 권6	서울특별시 용산구 서빙고로 137(용산동6가)	보물	37.524087	126.980388	https://map.naver.com/p/search/%EA%B0%90%EC%A7%80%EA%B8%88%EB%8B%88%20%EB%AC%98%EB%B2%95%EC%97%B0%ED%99%94%EA%B2%BD%20%EA%B6%8C6%20%EC%84%9C%EC%9A%B8%ED%8A%B9%EB%B3%84%EC%8B%9C%20%EC%9A%A9%EC%82%B0%EA%B5%AC%20%EC%84%9C%EB%B9%99%EA%B3%A0%EB%A1%9C%20137%28%EC%9A%A9%EC%82%B0%EB%8F%996%EA%B0%80%29
종로구	견지동	백지묵서 묘법연화경	서울특별시 종로구 우정국로 55(견지동)	보물	37.574494	126.982017	https://map.naver.com/p/search/%EB%B0%B1%EC%A7%80%EB%AC%B5%EC%84%9C%20%EB%AC%98%EB%B2%95%EC%97%B0%ED%99%94%EA%B2%BD%20%EC%84%9C%EC%9A%B8%ED%8A%B9%EB%B3%84%EC%8B%9C%20%EC%A2%85%EB%A1%9C%EA%B5%AC%20%EC%9A%B0%EC%A0%95%EA%B5%AD%EB%A1%9C%2055%28%EA%B2%AC%EC%A7%80%EB%8F%99%29
용산구	용산동6가	여주 고달사지 쌍사자 석등	서울특별시 용산구 서빙고로 137(용산동6가)	보물	37.524087	126.980388	https://map.naver.com/p/search/%EC%97%AC%EC%A3%BC%20%EA%B3%A0%EB%8B%AC%EC%82%AC%EC%A7%80%20%EC%8C%8D%EC%82%AC%EC%9E%90%20%EC%84%9D%EB%93%B1%20%EC%84%9C%EC%9A%B8%ED%8A%B9%EB%B3%84%EC%8B%9C%20%EC%9A%A9%EC%82%B0%EA%B5%AC%20%EC%84%9C%EB%B9%99%EA%B3%A0%EB%A1%9C%20137%28%EC%9A%A9%EC%82%B0%EB%8F%996%EA%B0%80%29
용산구	용산동6가	금동보살입상	서울특별시 용산구 서빙고로 137(용산동6가)	보물	37.524087	126.980388	https://map.naver.com/p/search/%EA%B8%88%EB%8F%99%EB%B3%B4%EC%82%B4%EC%9E%85%EC%83%81%20%EC%84%9C%EC%9A%B8%ED%8A%B9%EB%B3%84%EC%8B%9C%20%EC%9A%A9%EC%82%B0%EA%B5%AC%20%EC%84%9C%EB%B9%99%EA%B3%A0%EB%A1%9C%20137%28%EC%9A%A9%EC%82%B0%EB%8F%996%EA%B0%80%29
은평구	평창동	분청사기 인화문 경주부장흥고명 삼이호	서울특별시 종로구 평창31길 7 (평창동)	유형문화유산	37.6116312	126.9756496	https://map.naver.com/p/search/%EB%B6%84%EC%B2%AD%EC%82%AC%EA%B8%B0%20%EC%9D%B8%ED%99%94%EB%AC%B8%20%EA%B2%BD%EC%A3%BC%EB%B6%80%EC%9E%A5%ED%9D%A5%EA%B3%A0%EB%AA%85%20%EC%82%BC%EC%9D%B4%ED%98%B8%20%EC%84%9C%EC%9A%B8%ED%8A%B9%EB%B3%84%EC%8B%9C%20%EC%A2%85%EB%A1%9C%EA%B5%AC%20%ED%8F%89%EC%B0%BD31%EA%B8%B8%207%20%28%ED%8F%89%EC%B0%BD%EB%8F%99%29
종로구		조선왕조실록 오대산사고본	서울특별시 종로구 효자로 12(세종로)	국보	37.576668	126.974922	https://map.naver.com/p/search/%EC%A1%B0%EC%84%A0%EC%99%95%EC%A1%B0%EC%8B%A4%EB%A1%9D%20%EC%98%A4%EB%8C%80%EC%82%B0%EC%82%AC%EA%B3%A0%EB%B3%B8%20%EC%84%9C%EC%9A%B8%ED%8A%B9%EB%B3%84%EC%8B%9C%20%EC%A2%85%EB%A1%9C%EA%B5%AC%20%ED%9A%A8%EC%9E%90%EB%A1%9C%2012%28%EC%84%B8%EC%A2%85%EB%A1%9C%29
관악구	신림동	비변사등록	서울 관악구 관악로 1,103호 동 서울대학교 규장각한국학연구원 (신림동,서울대학교)	국보	37.45337	126.957168	https://map.naver.com/p/search/%EB%B9%84%EB%B3%80%EC%82%AC%EB%93%B1%EB%A1%9D%20%EC%84%9C%EC%9A%B8%20%EA%B4%80%EC%95%85%EA%B5%AC%20%EA%B4%80%EC%95%85%EB%A1%9C%201%2C103%ED%98%B8%20%EB%8F%99%20%EC%84%9C%EC%9A%B8%EB%8C%80%ED%95%99%EA%B5%90%20%EA%B7%9C%EC%9E%A5%EA%B0%81%ED%95%9C%EA%B5%AD%ED%95%99%EC%97%B0%EA%B5%AC%EC%9B%90%20%28%EC%8B%A0%EB%A6%BC%EB%8F%99%2C%EC%84%9C%EC%9A%B8%EB%8C%80%ED%95%99%EA%B5%90%29
용산구	용산동6가	백자 철화매죽문 항아리	서울특별시 용산구 서빙고로 137(용산동6가)	국보	37.524087	126.980388	https://map.naver.com/p/search/%EB%B0%B1%EC%9E%90%20%EC%B2%A0%ED%99%94%EB%A7%A4%EC%A3%BD%EB%AC%B8%20%ED%95%AD%EC%95%84%EB%A6%AC%20%EC%84%9C%EC%9A%B8%ED%8A%B9%EB%B3%84%EC%8B%9C%20%EC%9A%A9%EC%82%B0%EA%B5%AC%20%EC%84%9C%EB%B9%99%EA%B3%A0%EB%A1%9C%20137%28%EC%9A%A9%EC%82%B0%EB%8F%996%EA%B0%80%29
용산구	용산동6가	백자 청화매조죽문 유개항아리	서울특별시 용산구 서빙고로 137(용산동6가)	국보	37.524087	126.980388	https://map.naver.com/p/search/%EB%B0%B1%EC%9E%90%20%EC%B2%AD%ED%99%94%EB%A7%A4%EC%A1%B0%EC%A3%BD%EB%AC%B8%20%EC%9C%A0%EA%B0%9C%ED%95%AD%EC%95%84%EB%A6%AC%20%EC%84%9C%EC%9A%B8%ED%8A%B9%EB%B3%84%EC%8B%9C%20%EC%9A%A9%EC%82%B0%EA%B5%AC%20%EC%84%9C%EB%B9%99%EA%B3%A0%EB%A1%9C%20137%28%EC%9A%A9%EC%82%B0%EB%8F%996%EA%B0%80%29
관악구	신림동	송조표전총류 권7	서울 관악구 관악로 1,103호 동 서울대학교 규장각한국학연구원 (신림동,서울대학교)	국보	37.45337	126.957168	https://map.naver.com/p/search/%EC%86%A1%EC%A1%B0%ED%91%9C%EC%A0%84%EC%B4%9D%EB%A5%98%20%EA%B6%8C7%20%EC%84%9C%EC%9A%B8%20%EA%B4%80%EC%95%85%EA%B5%AC%20%EA%B4%80%EC%95%85%EB%A1%9C%201%2C103%ED%98%B8%20%EB%8F%99%20%EC%84%9C%EC%9A%B8%EB%8C%80%ED%95%99%EA%B5%90%20%EA%B7%9C%EC%9E%A5%EA%B0%81%ED%95%9C%EA%B5%AD%ED%95%99%EC%97%B0%EA%B5%AC%EC%9B%90%20%28%EC%8B%A0%EB%A6%BC%EB%8F%99%2C%EC%84%9C%EC%9A%B8%EB%8C%80%ED%95%99%EA%B5%90%29
용산구	한남동	진양군 영인정씨묘 출토 유물	서울특별시 용산구 이태원로55길 60-16(한남동)	국보	37.538546	126.99881	https://map.naver.com/p/search/%EC%A7%84%EC%96%91%EA%B5%B0%20%EC%98%81%EC%9D%B8%EC%A0%95%EC%94%A8%EB%AC%98%20%EC%B6%9C%ED%86%A0%20%EC%9C%A0%EB%AC%BC%20%EC%84%9C%EC%9A%B8%ED%8A%B9%EB%B3%84%EC%8B%9C%20%EC%9A%A9%EC%82%B0%EA%B5%AC%20%EC%9D%B4%ED%83%9C%EC%9B%90%EB%A1%9C55%EA%B8%B8%2060-16%28%ED%95%9C%EB%82%A8%EB%8F%99%29
용산구	한남동	금동 수정 장식 촛대	서울특별시 용산구 이태원로55길 60-16(한남동)	국보	37.538546	126.99881	https://map.naver.com/p/search/%EA%B8%88%EB%8F%99%20%EC%88%98%EC%A0%95%20%EC%9E%A5%EC%8B%9D%20%EC%B4%9B%EB%8C%80%20%EC%84%9C%EC%9A%B8%ED%8A%B9%EB%B3%84%EC%8B%9C%20%EC%9A%A9%EC%82%B0%EA%B5%AC%20%EC%9D%B4%ED%83%9C%EC%9B%90%EB%A1%9C55%EA%B8%B8%2060-16%28%ED%95%9C%EB%82%A8%EB%8F%99%29
중구	일산동|식사동	백자 청화‘홍치2년’명 송죽문 항아리	경기도 고양시 일산동구 동국로 32 (식사동) 동국대바이오메디캠퍼스 산학협력관 수장고	국보	37.6777607	126.8069508	https://map.naver.com/p/search/%EB%B0%B1%EC%9E%90%20%EC%B2%AD%ED%99%94%E2%80%98%ED%99%8D%EC%B9%982%EB%85%84%E2%80%99%EB%AA%85%20%EC%86%A1%EC%A3%BD%EB%AC%B8%20%ED%95%AD%EC%95%84%EB%A6%AC%20%EA%B2%BD%EA%B8%B0%EB%8F%84%20%EA%B3%A0%EC%96%91%EC%8B%9C%20%EC%9D%BC%EC%82%B0%EB%8F%99%EA%B5%AC%20%EB%8F%99%EA%B5%AD%EB%A1%9C%2032%20%28%EC%8B%9D%EC%82%AC%EB%8F%99%29%20%EB%8F%99%EA%B5%AD%EB%8C%80%EB%B0%94%EC%9D%B4%EC%98%A4%EB%A9%94%EB%94%94%EC%BA%A0%ED%8D%BC%EC%8A%A4%20%EC%82%B0%ED%95%99%ED%98%91%EB%A0%A5%EA%B4%80%20%EC%88%98%EC%9E%A5%EA%B3%A0
종로구	와룡동	창덕궁 인정문	서울특별시 종로구 율곡로 99(와룡동)	보물	37.582604	126.991938	https://map.naver.com/p/search/%EC%B0%BD%EB%8D%95%EA%B6%81%20%EC%9D%B8%EC%A0%95%EB%AC%B8%20%EC%84%9C%EC%9A%B8%ED%8A%B9%EB%B3%84%EC%8B%9C%20%EC%A2%85%EB%A1%9C%EA%B5%AC%20%EC%9C%A8%EA%B3%A1%EB%A1%9C%2099%28%EC%99%80%EB%A3%A1%EB%8F%99%29
관악구	신림동	조선왕조실록 정족산사고본	서울 관악구 관악로 1,103호 동 서울대학교 규장각한국학연구원 (신림동,서울대학교)	국보	37.45337	126.957168	https://map.naver.com/p/search/%EC%A1%B0%EC%84%A0%EC%99%95%EC%A1%B0%EC%8B%A4%EB%A1%9D%20%EC%A0%95%EC%A1%B1%EC%82%B0%EC%82%AC%EA%B3%A0%EB%B3%B8%20%EC%84%9C%EC%9A%B8%20%EA%B4%80%EC%95%85%EA%B5%AC%20%EA%B4%80%EC%95%85%EB%A1%9C%201%2C103%ED%98%B8%20%EB%8F%99%20%EC%84%9C%EC%9A%B8%EB%8C%80%ED%95%99%EA%B5%90%20%EA%B7%9C%EC%9E%A5%EA%B0%81%ED%95%9C%EA%B5%AD%ED%95%99%EC%97%B0%EA%B5%AC%EC%9B%90%20%28%EC%8B%A0%EB%A6%BC%EB%8F%99%2C%EC%84%9C%EC%9A%B8%EB%8C%80%ED%95%99%EA%B5%90%29
용산구	용산동6가	조선왕조실록 적상산사고본	서울특별시 용산구 서빙고로 137(용산동6가)	국보	37.524087	126.980388	https://map.naver.com/p/search/%EC%A1%B0%EC%84%A0%EC%99%95%EC%A1%B0%EC%8B%A4%EB%A1%9D%20%EC%A0%81%EC%83%81%EC%82%B0%EC%82%AC%EA%B3%A0%EB%B3%B8%20%EC%84%9C%EC%9A%B8%ED%8A%B9%EB%B3%84%EC%8B%9C%20%EC%9A%A9%EC%82%B0%EA%B5%AC%20%EC%84%9C%EB%B9%99%EA%B3%A0%EB%A1%9C%20137%28%EC%9A%A9%EC%82%B0%EB%8F%996%EA%B0%80%29
관악구	신림동	십칠사찬고금통요 권16	서울 관악구 관악로 1,103호 동 서울대학교 규장각한국학연구원 (신림동,서울대학교)	국보	37.45337	126.957168	https://map.naver.com/p/search/%EC%8B%AD%EC%B9%A0%EC%82%AC%EC%B0%AC%EA%B3%A0%EA%B8%88%ED%86%B5%EC%9A%94%20%EA%B6%8C16%20%EC%84%9C%EC%9A%B8%20%EA%B4%80%EC%95%85%EA%B5%AC%20%EA%B4%80%EC%95%85%EB%A1%9C%201%2C103%ED%98%B8%20%EB%8F%99%20%EC%84%9C%EC%9A%B8%EB%8C%80%ED%95%99%EA%B5%90%20%EA%B7%9C%EC%9E%A5%EA%B0%81%ED%95%9C%EA%B5%AD%ED%95%99%EC%97%B0%EA%B5%AC%EC%9B%90%20%28%EC%8B%A0%EB%A6%BC%EB%8F%99%2C%EC%84%9C%EC%9A%B8%EB%8C%80%ED%95%99%EA%B5%90%29
성북구	성북동	동래선생교정북사상절 권4, 5	서울특별시 성북구 성북로 102-11(성북동)	국보	37.594466	126.99622	https://map.naver.com/p/search/%EB%8F%99%EB%9E%98%EC%84%A0%EC%83%9D%EA%B5%90%EC%A0%95%EB%B6%81%EC%82%AC%EC%83%81%EC%A0%88%20%EA%B6%8C4%2C%205%20%EC%84%9C%EC%9A%B8%ED%8A%B9%EB%B3%84%EC%8B%9C%20%EC%84%B1%EB%B6%81%EA%B5%AC%20%EC%84%B1%EB%B6%81%EB%A1%9C%20102-11%28%EC%84%B1%EB%B6%81%EB%8F%99%29
관악구	신림동	조선왕조실록 낙질 및 산엽본	서울특별시 관악구 관악로 1(신림동)	국보	37.464007	126.952239	https://map.naver.com/p/search/%EC%A1%B0%EC%84%A0%EC%99%95%EC%A1%B0%EC%8B%A4%EB%A1%9D%20%EB%82%99%EC%A7%88%20%EB%B0%8F%20%EC%82%B0%EC%97%BD%EB%B3%B8%20%EC%84%9C%EC%9A%B8%ED%8A%B9%EB%B3%84%EC%8B%9C%20%EA%B4%80%EC%95%85%EA%B5%AC%20%EA%B4%80%EC%95%85%EB%A1%9C%201%28%EC%8B%A0%EB%A6%BC%EB%8F%99%29
강남구	압구정동	청자 퇴화점문 나한좌상	서울특별시 강남구 압구정로 403(압구정동, 한양아파트) 81동 702호	국보	37.529976	127.041789	https://map.naver.com/p/search/%EC%B2%AD%EC%9E%90%20%ED%87%B4%ED%99%94%EC%A0%90%EB%AC%B8%20%EB%82%98%ED%95%9C%EC%A2%8C%EC%83%81%20%EC%84%9C%EC%9A%B8%ED%8A%B9%EB%B3%84%EC%8B%9C%20%EA%B0%95%EB%82%A8%EA%B5%AC%20%EC%95%95%EA%B5%AC%EC%A0%95%EB%A1%9C%20403%28%EC%95%95%EA%B5%AC%EC%A0%95%EB%8F%99%2C%20%ED%95%9C%EC%96%91%EC%95%84%ED%8C%8C%ED%8A%B8%29%2081%EB%8F%99%20702%ED%98%B8
서초구	한남동	청자 동화연화문 표주박모양 주전자	서울특별시 용산구 이태원로55길 60-16(한남동)	국보	37.538546	126.99881	https://map.naver.com/p/search/%EC%B2%AD%EC%9E%90%20%EB%8F%99%ED%99%94%EC%97%B0%ED%99%94%EB%AC%B8%20%ED%91%9C%EC%A3%BC%EB%B0%95%EB%AA%A8%EC%96%91%20%EC%A3%BC%EC%A0%84%EC%9E%90%20%EC%84%9C%EC%9A%B8%ED%8A%B9%EB%B3%84%EC%8B%9C%20%EC%9A%A9%EC%82%B0%EA%B5%AC%20%EC%9D%B4%ED%83%9C%EC%9B%90%EB%A1%9C55%EA%B8%B8%2060-16%28%ED%95%9C%EB%82%A8%EB%8F%99%29
용산구	용산동6가	금동보살삼존입상	서울특별시 용산구 서빙고로 137(용산동6가)	국보	37.524087	126.980388	https://map.naver.com/p/search/%EA%B8%88%EB%8F%99%EB%B3%B4%EC%82%B4%EC%82%BC%EC%A1%B4%EC%9E%85%EC%83%81%20%EC%84%9C%EC%9A%B8%ED%8A%B9%EB%B3%84%EC%8B%9C%20%EC%9A%A9%EC%82%B0%EA%B5%AC%20%EC%84%9C%EB%B9%99%EA%B3%A0%EB%A1%9C%20137%28%EC%9A%A9%EC%82%B0%EB%8F%996%EA%B0%80%29
관악구	신림동	일성록	서울 관악구 관악로 1,103호 동 서울대학교 규장각한국학연구원 (신림동,서울대학교)	국보	37.45337	126.957168	https://map.naver.com/p/search/%EC%9D%BC%EC%84%B1%EB%A1%9D%20%EC%84%9C%EC%9A%B8%20%EA%B4%80%EC%95%85%EA%B5%AC%20%EA%B4%80%EC%95%85%EB%A1%9C%201%2C103%ED%98%B8%20%EB%8F%99%20%EC%84%9C%EC%9A%B8%EB%8C%80%ED%95%99%EA%B5%90%20%EA%B7%9C%EC%9E%A5%EA%B0%81%ED%95%9C%EA%B5%AD%ED%95%99%EC%97%B0%EA%B5%AC%EC%9B%90%20%28%EC%8B%A0%EB%A6%BC%EB%8F%99%2C%EC%84%9C%EC%9A%B8%EB%8C%80%ED%95%99%EA%B5%90%29
용산구	용산동6가	무령왕비 금제 관식	서울특별시 용산구 서빙고로 137(용산동6가)	국보	37.524087	126.980388	https://map.naver.com/p/search/%EB%AC%B4%EB%A0%B9%EC%99%95%EB%B9%84%20%EA%B8%88%EC%A0%9C%20%EA%B4%80%EC%8B%9D%20%EC%84%9C%EC%9A%B8%ED%8A%B9%EB%B3%84%EC%8B%9C%20%EC%9A%A9%EC%82%B0%EA%B5%AC%20%EC%84%9C%EB%B9%99%EA%B3%A0%EB%A1%9C%20137%28%EC%9A%A9%EC%82%B0%EB%8F%996%EA%B0%80%29
용산구	용산동6가	윤봉길의사 유품	서울특별시 용산구 서빙고로 137(용산동6가)	보물	37.524087	126.980388	https://map.naver.com/p/search/%EC%9C%A4%EB%B4%89%EA%B8%B8%EC%9D%98%EC%82%AC%20%EC%9C%A0%ED%92%88%20%EC%84%9C%EC%9A%B8%ED%8A%B9%EB%B3%84%EC%8B%9C%20%EC%9A%A9%EC%82%B0%EA%B5%AC%20%EC%84%9C%EB%B9%99%EA%B3%A0%EB%A1%9C%20137%28%EC%9A%A9%EC%82%B0%EB%8F%996%EA%B0%80%29
용산구	용산동6가	청자 인물형 주전자	서울특별시 용산구 서빙고로 137(용산동6가)	국보	37.524087	126.980388	https://map.naver.com/p/search/%EC%B2%AD%EC%9E%90%20%EC%9D%B8%EB%AC%BC%ED%98%95%20%EC%A3%BC%EC%A0%84%EC%9E%90%20%EC%84%9C%EC%9A%B8%ED%8A%B9%EB%B3%84%EC%8B%9C%20%EC%9A%A9%EC%82%B0%EA%B5%AC%20%EC%84%9C%EB%B9%99%EA%B3%A0%EB%A1%9C%20137%28%EC%9A%A9%EC%82%B0%EB%8F%996%EA%B0%80%29
용산구	한남동	청자 양각죽절문 병	서울특별시 용산구 이태원로55길 60-16(한남동)	국보	37.538546	126.99881	https://map.naver.com/p/search/%EC%B2%AD%EC%9E%90%20%EC%96%91%EA%B0%81%EC%A3%BD%EC%A0%88%EB%AC%B8%20%EB%B3%91%20%EC%84%9C%EC%9A%B8%ED%8A%B9%EB%B3%84%EC%8B%9C%20%EC%9A%A9%EC%82%B0%EA%B5%AC%20%EC%9D%B4%ED%83%9C%EC%9B%90%EB%A1%9C55%EA%B8%B8%2060-16%28%ED%95%9C%EB%82%A8%EB%8F%99%29
용산구	한남동	청동 은입사 봉황문 합	서울특별시 용산구 이태원로55길 60-16(한남동)	국보	37.538546	126.99881	https://map.naver.com/p/search/%EC%B2%AD%EB%8F%99%20%EC%9D%80%EC%9E%85%EC%82%AC%20%EB%B4%89%ED%99%A9%EB%AC%B8%20%ED%95%A9%20%EC%84%9C%EC%9A%B8%ED%8A%B9%EB%B3%84%EC%8B%9C%20%EC%9A%A9%EC%82%B0%EA%B5%AC%20%EC%9D%B4%ED%83%9C%EC%9B%90%EB%A1%9C55%EA%B8%B8%2060-16%28%ED%95%9C%EB%82%A8%EB%8F%99%29
송파구	풍납1동	서울 풍납동 토성	서울특별시 송파구 풍납1동 72-1번지 외	사적	37.539695	127.120629	https://map.naver.com/p/search/%EC%84%9C%EC%9A%B8%20%ED%92%8D%EB%82%A9%EB%8F%99%20%ED%86%A0%EC%84%B1%20%EC%84%9C%EC%9A%B8%ED%8A%B9%EB%B3%84%EC%8B%9C%20%EC%86%A1%ED%8C%8C%EA%B5%AC%20%ED%92%8D%EB%82%A91%EB%8F%99%2072-1%EB%B2%88%EC%A7%80%20%EC%99%B8
서초구	반포동	십칠사찬고금통요 권17	서울특별시 서초구 반포대로 201(반포동)	국보	37.49743	127.003102	https://map.naver.com/p/search/%EC%8B%AD%EC%B9%A0%EC%82%AC%EC%B0%AC%EA%B3%A0%EA%B8%88%ED%86%B5%EC%9A%94%20%EA%B6%8C17%20%EC%84%9C%EC%9A%B8%ED%8A%B9%EB%B3%84%EC%8B%9C%20%EC%84%9C%EC%B4%88%EA%B5%AC%20%EB%B0%98%ED%8F%AC%EB%8C%80%EB%A1%9C%20201%28%EB%B0%98%ED%8F%AC%EB%8F%99%29
중구	태평로1가	동래선생교정북사상절 권6	서울특별시 중구 세종대로 136(태평로1가) 신한은행 파이낸스 센터	국보	37.568443	126.977744	https://map.naver.com/p/search/%EB%8F%99%EB%9E%98%EC%84%A0%EC%83%9D%EA%B5%90%EC%A0%95%EB%B6%81%EC%82%AC%EC%83%81%EC%A0%88%20%EA%B6%8C6%20%EC%84%9C%EC%9A%B8%ED%8A%B9%EB%B3%84%EC%8B%9C%20%EC%A4%91%EA%B5%AC%20%EC%84%B8%EC%A2%85%EB%8C%80%EB%A1%9C%20136%28%ED%83%9C%ED%8F%89%EB%A1%9C1%EA%B0%80%29%20%EC%8B%A0%ED%95%9C%EC%9D%80%ED%96%89%20%ED%8C%8C%EC%9D%B4%EB%82%B8%EC%8A%A4%20%EC%84%BC%ED%84%B0
용산구	용산동6가	백자 상감연화당초문 대접	서울특별시 용산구 서빙고로 137(용산동6가)	국보	37.524087	126.980388	https://map.naver.com/p/search/%EB%B0%B1%EC%9E%90%20%EC%83%81%EA%B0%90%EC%97%B0%ED%99%94%EB%8B%B9%EC%B4%88%EB%AC%B8%20%EB%8C%80%EC%A0%91%20%EC%84%9C%EC%9A%B8%ED%8A%B9%EB%B3%84%EC%8B%9C%20%EC%9A%A9%EC%82%B0%EA%B5%AC%20%EC%84%9C%EB%B9%99%EA%B3%A0%EB%A1%9C%20137%28%EC%9A%A9%EC%82%B0%EB%8F%996%EA%B0%80%29
용산구	용산동6가	경주 부부총 금귀걸이	서울특별시 용산구 서빙고로 137(용산동6가)	국보	37.524087	126.980388	https://map.naver.com/p/search/%EA%B2%BD%EC%A3%BC%20%EB%B6%80%EB%B6%80%EC%B4%9D%20%EA%B8%88%EA%B7%80%EA%B1%B8%EC%9D%B4%20%EC%84%9C%EC%9A%B8%ED%8A%B9%EB%B3%84%EC%8B%9C%20%EC%9A%A9%EC%82%B0%EA%B5%AC%20%EC%84%9C%EB%B9%99%EA%B3%A0%EB%A1%9C%20137%28%EC%9A%A9%EC%82%B0%EB%8F%996%EA%B0%80%29
용산구	용산동6가	도기 기마인물형 명기	서울특별시 용산구 서빙고로 137(용산동6가)	국보	37.524087	126.980388	https://map.naver.com/p/search/%EB%8F%84%EA%B8%B0%20%EA%B8%B0%EB%A7%88%EC%9D%B8%EB%AC%BC%ED%98%95%20%EB%AA%85%EA%B8%B0%20%EC%84%9C%EC%9A%B8%ED%8A%B9%EB%B3%84%EC%8B%9C%20%EC%9A%A9%EC%82%B0%EA%B5%AC%20%EC%84%9C%EB%B9%99%EA%B3%A0%EB%A1%9C%20137%28%EC%9A%A9%EC%82%B0%EB%8F%996%EA%B0%80%29
서대문구	신촌동	알렌의 검안경	서울특별시 서대문구 연세로 50(신촌동)	국가등록유산	37.567113	126.939029	https://map.naver.com/p/search/%EC%95%8C%EB%A0%8C%EC%9D%98%20%EA%B2%80%EC%95%88%EA%B2%BD%20%EC%84%9C%EC%9A%B8%ED%8A%B9%EB%B3%84%EC%8B%9C%20%EC%84%9C%EB%8C%80%EB%AC%B8%EA%B5%AC%20%EC%97%B0%EC%84%B8%EB%A1%9C%2050%28%EC%8B%A0%EC%B4%8C%EB%8F%99%29
용산구	용산동6가	청동 은입사 포류수금문 정병	서울특별시 용산구 서빙고로 137(용산동6가)	국보	37.524087	126.980388	https://map.naver.com/p/search/%EC%B2%AD%EB%8F%99%20%EC%9D%80%EC%9E%85%EC%82%AC%20%ED%8F%AC%EB%A5%98%EC%88%98%EA%B8%88%EB%AC%B8%20%EC%A0%95%EB%B3%91%20%EC%84%9C%EC%9A%B8%ED%8A%B9%EB%B3%84%EC%8B%9C%20%EC%9A%A9%EC%82%B0%EA%B5%AC%20%EC%84%9C%EB%B9%99%EA%B3%A0%EB%A1%9C%20137%28%EC%9A%A9%EC%82%B0%EB%8F%996%EA%B0%80%29
용산구	용산동6가	백자 철화포도원숭이문 항아리	서울특별시 용산구 서빙고로 137(용산동6가)	국보	37.524087	126.980388	https://map.naver.com/p/search/%EB%B0%B1%EC%9E%90%20%EC%B2%A0%ED%99%94%ED%8F%AC%EB%8F%84%EC%9B%90%EC%88%AD%EC%9D%B4%EB%AC%B8%20%ED%95%AD%EC%95%84%EB%A6%AC%20%EC%84%9C%EC%9A%B8%ED%8A%B9%EB%B3%84%EC%8B%9C%20%EC%9A%A9%EC%82%B0%EA%B5%AC%20%EC%84%9C%EB%B9%99%EA%B3%A0%EB%A1%9C%20137%28%EC%9A%A9%EC%82%B0%EB%8F%996%EA%B0%80%29
용산구	용산동6가	청자 참외모양 병	서울특별시 용산구 서빙고로 137(용산동6가)	국보	37.524087	126.980388	https://map.naver.com/p/search/%EC%B2%AD%EC%9E%90%20%EC%B0%B8%EC%99%B8%EB%AA%A8%EC%96%91%20%EB%B3%91%20%EC%84%9C%EC%9A%B8%ED%8A%B9%EB%B3%84%EC%8B%9C%20%EC%9A%A9%EC%82%B0%EA%B5%AC%20%EC%84%9C%EB%B9%99%EA%B3%A0%EB%A1%9C%20137%28%EC%9A%A9%EC%82%B0%EB%8F%996%EA%B0%80%29
용산구	용산동6가	청자 투각칠보문뚜껑 향로	서울특별시 용산구 서빙고로 137(용산동6가)	국보	37.524087	126.980388	https://map.naver.com/p/search/%EC%B2%AD%EC%9E%90%20%ED%88%AC%EA%B0%81%EC%B9%A0%EB%B3%B4%EB%AC%B8%EB%9A%9C%EA%BB%91%20%ED%96%A5%EB%A1%9C%20%EC%84%9C%EC%9A%B8%ED%8A%B9%EB%B3%84%EC%8B%9C%20%EC%9A%A9%EC%82%B0%EA%B5%AC%20%EC%84%9C%EB%B9%99%EA%B3%A0%EB%A1%9C%20137%28%EC%9A%A9%EC%82%B0%EB%8F%996%EA%B0%80%29
중구	태평로1가	구 서울특별시청사	서울특별시 중구 세종대로 110(태평로1가)	국가등록유산	37.56661	126.978388	https://map.naver.com/p/search/%EA%B5%AC%20%EC%84%9C%EC%9A%B8%ED%8A%B9%EB%B3%84%EC%8B%9C%EC%B2%AD%EC%82%AC%20%EC%84%9C%EC%9A%B8%ED%8A%B9%EB%B3%84%EC%8B%9C%20%EC%A4%91%EA%B5%AC%20%EC%84%B8%EC%A2%85%EB%8C%80%EB%A1%9C%20110%28%ED%83%9C%ED%8F%89%EB%A1%9C1%EA%B0%80%29
성북구	성북동	백자 박산형뚜껑 향로	서울특별시 성북구 성북로 102-11(성북동)	보물	37.594466	126.99622	https://map.naver.com/p/search/%EB%B0%B1%EC%9E%90%20%EB%B0%95%EC%82%B0%ED%98%95%EB%9A%9C%EA%BB%91%20%ED%96%A5%EB%A1%9C%20%EC%84%9C%EC%9A%B8%ED%8A%B9%EB%B3%84%EC%8B%9C%20%EC%84%B1%EB%B6%81%EA%B5%AC%20%EC%84%B1%EB%B6%81%EB%A1%9C%20102-11%28%EC%84%B1%EB%B6%81%EB%8F%99%29
용산구	용산동6가	강세황 필 도산서원도	서울특별시 용산구 서빙고로 137(용산동6가)	보물	37.524087	126.980388	https://map.naver.com/p/search/%EA%B0%95%EC%84%B8%ED%99%A9%20%ED%95%84%20%EB%8F%84%EC%82%B0%EC%84%9C%EC%9B%90%EB%8F%84%20%EC%84%9C%EC%9A%B8%ED%8A%B9%EB%B3%84%EC%8B%9C%20%EC%9A%A9%EC%82%B0%EA%B5%AC%20%EC%84%9C%EB%B9%99%EA%B3%A0%EB%A1%9C%20137%28%EC%9A%A9%EC%82%B0%EB%8F%996%EA%B0%80%29
서초구	반포동	석보상절 권6, 9, 13, 19	서울특별시 서초구 반포대로 201(반포동)	보물	37.49743	127.003102	https://map.naver.com/p/search/%EC%84%9D%EB%B3%B4%EC%83%81%EC%A0%88%20%EA%B6%8C6%2C%209%2C%2013%2C%2019%20%EC%84%9C%EC%9A%B8%ED%8A%B9%EB%B3%84%EC%8B%9C%20%EC%84%9C%EC%B4%88%EA%B5%AC%20%EB%B0%98%ED%8F%AC%EB%8C%80%EB%A1%9C%20201%28%EB%B0%98%ED%8F%AC%EB%8F%99%29
중구	필동|필동3가	석보상절 권23, 24	서울특별시 중구 필동로1길 30(필동3가)	보물	37.558258	127.000187	https://map.naver.com/p/search/%EC%84%9D%EB%B3%B4%EC%83%81%EC%A0%88%20%EA%B6%8C23%2C%2024%20%EC%84%9C%EC%9A%B8%ED%8A%B9%EB%B3%84%EC%8B%9C%20%EC%A4%91%EA%B5%AC%20%ED%95%84%EB%8F%99%EB%A1%9C1%EA%B8%B8%2030%28%ED%95%84%EB%8F%993%EA%B0%80%29
용산구	용산동6가	석보상절 권11	서울특별시 용산구 서빙고로 137(용산동6가)	보물	37.524087	126.980388	https://map.naver.com/p/search/%EC%84%9D%EB%B3%B4%EC%83%81%EC%A0%88%20%EA%B6%8C11%20%EC%84%9C%EC%9A%B8%ED%8A%B9%EB%B3%84%EC%8B%9C%20%EC%9A%A9%EC%82%B0%EA%B5%AC%20%EC%84%9C%EB%B9%99%EA%B3%A0%EB%A1%9C%20137%28%EC%9A%A9%EC%82%B0%EB%8F%996%EA%B0%80%29
용산구	용산동6가	김홍도 필 풍속도 화첩	서울특별시 용산구 서빙고로 137(용산동6가)	보물	37.524087	126.980388	https://map.naver.com/p/search/%EA%B9%80%ED%99%8D%EB%8F%84%20%ED%95%84%20%ED%92%8D%EC%86%8D%EB%8F%84%20%ED%99%94%EC%B2%A9%20%EC%84%9C%EC%9A%B8%ED%8A%B9%EB%B3%84%EC%8B%9C%20%EC%9A%A9%EC%82%B0%EA%B5%AC%20%EC%84%9C%EB%B9%99%EA%B3%A0%EB%A1%9C%20137%28%EC%9A%A9%EC%82%B0%EB%8F%996%EA%B0%80%29
성북구	성북동	금보	서울특별시 성북구 성북로 102-11(성북동)	보물	37.594466	126.99622	https://map.naver.com/p/search/%EA%B8%88%EB%B3%B4%20%EC%84%9C%EC%9A%B8%ED%8A%B9%EB%B3%84%EC%8B%9C%20%EC%84%B1%EB%B6%81%EA%B5%AC%20%EC%84%B1%EB%B6%81%EB%A1%9C%20102-11%28%EC%84%B1%EB%B6%81%EB%8F%99%29
성북구	성북동	분청사기 박지철채화문 병	서울특별시 성북구 성북로 102-11(성북동)	보물	37.594466	126.99622	https://map.naver.com/p/search/%EB%B6%84%EC%B2%AD%EC%82%AC%EA%B8%B0%20%EB%B0%95%EC%A7%80%EC%B2%A0%EC%B1%84%ED%99%94%EB%AC%B8%20%EB%B3%91%20%EC%84%9C%EC%9A%B8%ED%8A%B9%EB%B3%84%EC%8B%9C%20%EC%84%B1%EB%B6%81%EA%B5%AC%20%EC%84%B1%EB%B6%81%EB%A1%9C%20102-11%28%EC%84%B1%EB%B6%81%EB%8F%99%29
용산구	용산동6가	하남 하사창동 철조석가여래좌상	서울특별시 용산구 서빙고로 137(용산동6가)	보물	37.524087	126.980388	https://map.naver.com/p/search/%ED%95%98%EB%82%A8%20%ED%95%98%EC%82%AC%EC%B0%BD%EB%8F%99%20%EC%B2%A0%EC%A1%B0%EC%84%9D%EA%B0%80%EC%97%AC%EB%9E%98%EC%A2%8C%EC%83%81%20%EC%84%9C%EC%9A%B8%ED%8A%B9%EB%B3%84%EC%8B%9C%20%EC%9A%A9%EC%82%B0%EA%B5%AC%20%EC%84%9C%EB%B9%99%EA%B3%A0%EB%A1%9C%20137%28%EC%9A%A9%EC%82%B0%EB%8F%996%EA%B0%80%29
용산구	용산동6가	부여 외리 문양전 일괄	서울특별시 용산구 서빙고로 137(용산동6가)	보물	37.524087	126.980388	https://map.naver.com/p/search/%EB%B6%80%EC%97%AC%20%EC%99%B8%EB%A6%AC%20%EB%AC%B8%EC%96%91%EC%A0%84%20%EC%9D%BC%EA%B4%84%20%EC%84%9C%EC%9A%B8%ED%8A%B9%EB%B3%84%EC%8B%9C%20%EC%9A%A9%EC%82%B0%EA%B5%AC%20%EC%84%9C%EB%B9%99%EA%B3%A0%EB%A1%9C%20137%28%EC%9A%A9%EC%82%B0%EB%8F%996%EA%B0%80%29
용산구	용산동6가	창원 봉림사지 진경대사탑	서울특별시 용산구 서빙고로 137(용산동6가)	보물	37.524087	126.980388	https://map.naver.com/p/search/%EC%B0%BD%EC%9B%90%20%EB%B4%89%EB%A6%BC%EC%82%AC%EC%A7%80%20%EC%A7%84%EA%B2%BD%EB%8C%80%EC%82%AC%ED%83%91%20%EC%84%9C%EC%9A%B8%ED%8A%B9%EB%B3%84%EC%8B%9C%20%EC%9A%A9%EC%82%B0%EA%B5%AC%20%EC%84%9C%EB%B9%99%EA%B3%A0%EB%A1%9C%20137%28%EC%9A%A9%EC%82%B0%EB%8F%996%EA%B0%80%29
용산구	용산동6가	창원 봉림사지 진경대사탑비	서울특별시 용산구 서빙고로 137(용산동6가)	보물	37.524087	126.980388	https://map.naver.com/p/search/%EC%B0%BD%EC%9B%90%20%EB%B4%89%EB%A6%BC%EC%82%AC%EC%A7%80%20%EC%A7%84%EA%B2%BD%EB%8C%80%EC%82%AC%ED%83%91%EB%B9%84%20%EC%84%9C%EC%9A%B8%ED%8A%B9%EB%B3%84%EC%8B%9C%20%EC%9A%A9%EC%82%B0%EA%B5%AC%20%EC%84%9C%EB%B9%99%EA%B3%A0%EB%A1%9C%20137%28%EC%9A%A9%EC%82%B0%EB%8F%996%EA%B0%80%29
용산구	한남동	청자 쌍사자형 베개	서울특별시 용산구 이태원로55길 60-16(한남동)	보물	37.538546	126.99881	https://map.naver.com/p/search/%EC%B2%AD%EC%9E%90%20%EC%8C%8D%EC%82%AC%EC%9E%90%ED%98%95%20%EB%B2%A0%EA%B0%9C%20%EC%84%9C%EC%9A%B8%ED%8A%B9%EB%B3%84%EC%8B%9C%20%EC%9A%A9%EC%82%B0%EA%B5%AC%20%EC%9D%B4%ED%83%9C%EC%9B%90%EB%A1%9C55%EA%B8%B8%2060-16%28%ED%95%9C%EB%82%A8%EB%8F%99%29
용산구	용산동6가	원주 흥법사지 진공대사탑 및 석관	서울특별시 용산구 서빙고로 137(용산동6가)	보물	37.524087	126.980388	https://map.naver.com/p/search/%EC%9B%90%EC%A3%BC%20%ED%9D%A5%EB%B2%95%EC%82%AC%EC%A7%80%20%EC%A7%84%EA%B3%B5%EB%8C%80%EC%82%AC%ED%83%91%20%EB%B0%8F%20%EC%84%9D%EA%B4%80%20%EC%84%9C%EC%9A%B8%ED%8A%B9%EB%B3%84%EC%8B%9C%20%EC%9A%A9%EC%82%B0%EA%B5%AC%20%EC%84%9C%EB%B9%99%EA%B3%A0%EB%A1%9C%20137%28%EC%9A%A9%EC%82%B0%EB%8F%996%EA%B0%80%29
종로구	와룡동	창덕궁 돈화문	서울특별시 종로구 율곡로 99(와룡동)	보물	37.582604	126.991938	https://map.naver.com/p/search/%EC%B0%BD%EB%8D%95%EA%B6%81%20%EB%8F%88%ED%99%94%EB%AC%B8%20%EC%84%9C%EC%9A%B8%ED%8A%B9%EB%B3%84%EC%8B%9C%20%EC%A2%85%EB%A1%9C%EA%B5%AC%20%EC%9C%A8%EA%B3%A1%EB%A1%9C%2099%28%EC%99%80%EB%A3%A1%EB%8F%99%29
종로구	와룡동	창경궁 홍화문	서울특별시 종로구 창경궁로 185(와룡동)	보물	37.577624	126.993842	https://map.naver.com/p/search/%EC%B0%BD%EA%B2%BD%EA%B6%81%20%ED%99%8D%ED%99%94%EB%AC%B8%20%EC%84%9C%EC%9A%B8%ED%8A%B9%EB%B3%84%EC%8B%9C%20%EC%A2%85%EB%A1%9C%EA%B5%AC%20%EC%B0%BD%EA%B2%BD%EA%B6%81%EB%A1%9C%20185%28%EC%99%80%EB%A3%A1%EB%8F%99%29
종로구	와룡동	창경궁 명정문 및 행각	서울특별시 종로구 창경궁로 185(와룡동)	보물	37.577624	126.993842	https://map.naver.com/p/search/%EC%B0%BD%EA%B2%BD%EA%B6%81%20%EB%AA%85%EC%A0%95%EB%AC%B8%20%EB%B0%8F%20%ED%96%89%EA%B0%81%20%EC%84%9C%EC%9A%B8%ED%8A%B9%EB%B3%84%EC%8B%9C%20%EC%A2%85%EB%A1%9C%EA%B5%AC%20%EC%B0%BD%EA%B2%BD%EA%B6%81%EB%A1%9C%20185%28%EC%99%80%EB%A3%A1%EB%8F%99%29
종로구	견지동	호국지장사 불복장 저고리	서울특별시 종로구 우정국로 55(견지동)	민속문화유산	37.573521	126.978835	https://map.naver.com/p/search/%ED%98%B8%EA%B5%AD%EC%A7%80%EC%9E%A5%EC%82%AC%20%EB%B6%88%EB%B3%B5%EC%9E%A5%20%EC%A0%80%EA%B3%A0%EB%A6%AC%20%EC%84%9C%EC%9A%B8%ED%8A%B9%EB%B3%84%EC%8B%9C%20%EC%A2%85%EB%A1%9C%EA%B5%AC%20%EC%9A%B0%EC%A0%95%EA%B5%AD%EB%A1%9C%2055%28%EA%B2%AC%EC%A7%80%EB%8F%99%29
성동구	성동|옥수동	미타사 관음전 천수관음보살도	서울특별시 성동구 독서당로40길 21(옥수동)	유형문화유산	37.563456	127.036821	https://map.naver.com/p/search/%EB%AF%B8%ED%83%80%EC%82%AC%20%EA%B4%80%EC%9D%8C%EC%A0%84%20%EC%B2%9C%EC%88%98%EA%B4%80%EC%9D%8C%EB%B3%B4%EC%82%B4%EB%8F%84%20%EC%84%9C%EC%9A%B8%ED%8A%B9%EB%B3%84%EC%8B%9C%20%EC%84%B1%EB%8F%99%EA%B5%AC%20%EB%8F%85%EC%84%9C%EB%8B%B9%EB%A1%9C40%EA%B8%B8%2021%28%EC%98%A5%EC%88%98%EB%8F%99%29
종로구	와룡동	창경궁 옥천교	서울특별시 종로구 창경궁로 185(와룡동)	보물	37.577624	126.993842	https://map.naver.com/p/search/%EC%B0%BD%EA%B2%BD%EA%B6%81%20%EC%98%A5%EC%B2%9C%EA%B5%90%20%EC%84%9C%EC%9A%B8%ED%8A%B9%EB%B3%84%EC%8B%9C%20%EC%A2%85%EB%A1%9C%EA%B5%AC%20%EC%B0%BD%EA%B2%BD%EA%B6%81%EB%A1%9C%20185%28%EC%99%80%EB%A3%A1%EB%8F%99%29
종로구	견지동	천안 광덕사 고려사경	서울특별시 종로구 우정국로 55(견지동) 조계사	보물	37.574494	126.982017	https://map.naver.com/p/search/%EC%B2%9C%EC%95%88%20%EA%B4%91%EB%8D%95%EC%82%AC%20%EA%B3%A0%EB%A0%A4%EC%82%AC%EA%B2%BD%20%EC%84%9C%EC%9A%B8%ED%8A%B9%EB%B3%84%EC%8B%9C%20%EC%A2%85%EB%A1%9C%EA%B5%AC%20%EC%9A%B0%EC%A0%95%EA%B5%AD%EB%A1%9C%2055%28%EA%B2%AC%EC%A7%80%EB%8F%99%29%20%EC%A1%B0%EA%B3%84%EC%82%AC
노원구	공릉동	부산진순절도	서울특별시 노원구 화랑로 574(공릉동)	보물	37.627244	127.103326	https://map.naver.com/p/search/%EB%B6%80%EC%82%B0%EC%A7%84%EC%88%9C%EC%A0%88%EB%8F%84%20%EC%84%9C%EC%9A%B8%ED%8A%B9%EB%B3%84%EC%8B%9C%20%EB%85%B8%EC%9B%90%EA%B5%AC%20%ED%99%94%EB%9E%91%EB%A1%9C%20574%28%EA%B3%B5%EB%A6%89%EB%8F%99%29
노원구	공릉동	동래부순절도	서울특별시 노원구 화랑로 574(공릉동)	보물	37.627244	127.103326	https://map.naver.com/p/search/%EB%8F%99%EB%9E%98%EB%B6%80%EC%88%9C%EC%A0%88%EB%8F%84%20%EC%84%9C%EC%9A%B8%ED%8A%B9%EB%B3%84%EC%8B%9C%20%EB%85%B8%EC%9B%90%EA%B5%AC%20%ED%99%94%EB%9E%91%EB%A1%9C%20574%28%EA%B3%B5%EB%A6%89%EB%8F%99%29
용산구	용산동6가	김정희 종가 유물	서울특별시 용산구 서빙고로 137(용산동6가)	보물	37.524087	126.980388	https://map.naver.com/p/search/%EA%B9%80%EC%A0%95%ED%9D%AC%20%EC%A2%85%EA%B0%80%20%EC%9C%A0%EB%AC%BC%20%EC%84%9C%EC%9A%B8%ED%8A%B9%EB%B3%84%EC%8B%9C%20%EC%9A%A9%EC%82%B0%EA%B5%AC%20%EC%84%9C%EB%B9%99%EA%B3%A0%EB%A1%9C%20137%28%EC%9A%A9%EC%82%B0%EB%8F%996%EA%B0%80%29
서대문구	충정로2가	주역천견록	서울특별시 서대문구 충정로9길 10-10(충정로2가)	보물	37.565017	126.964891	https://map.naver.com/p/search/%EC%A3%BC%EC%97%AD%EC%B2%9C%EA%B2%AC%EB%A1%9D%20%EC%84%9C%EC%9A%B8%ED%8A%B9%EB%B3%84%EC%8B%9C%20%EC%84%9C%EB%8C%80%EB%AC%B8%EA%B5%AC%20%EC%B6%A9%EC%A0%95%EB%A1%9C9%EA%B8%B8%2010-10%28%EC%B6%A9%EC%A0%95%EB%A1%9C2%EA%B0%80%29
서대문구	충정로2가	시용향악보	서울특별시 서대문구 충정로9길 10-10(충정로2가)	보물	37.565017	126.964891	https://map.naver.com/p/search/%EC%8B%9C%EC%9A%A9%ED%96%A5%EC%95%85%EB%B3%B4%20%EC%84%9C%EC%9A%B8%ED%8A%B9%EB%B3%84%EC%8B%9C%20%EC%84%9C%EB%8C%80%EB%AC%B8%EA%B5%AC%20%EC%B6%A9%EC%A0%95%EB%A1%9C9%EA%B8%B8%2010-10%28%EC%B6%A9%EC%A0%95%EB%A1%9C2%EA%B0%80%29
서대문구	충정로2가	자치통감강목 권19의하	서울특별시 서대문구 충정로9길 10-10(충정로2가)	보물	37.565017	126.964891	https://map.naver.com/p/search/%EC%9E%90%EC%B9%98%ED%86%B5%EA%B0%90%EA%B0%95%EB%AA%A9%20%EA%B6%8C19%EC%9D%98%ED%95%98%20%EC%84%9C%EC%9A%B8%ED%8A%B9%EB%B3%84%EC%8B%9C%20%EC%84%9C%EB%8C%80%EB%AC%B8%EA%B5%AC%20%EC%B6%A9%EC%A0%95%EB%A1%9C9%EA%B8%B8%2010-10%28%EC%B6%A9%EC%A0%95%EB%A1%9C2%EA%B0%80%29
용산구	한남동	도기 배모양 명기	서울특별시 용산구 이태원로55길 60-16(한남동)	보물	37.538546	126.99881	https://map.naver.com/p/search/%EB%8F%84%EA%B8%B0%20%EB%B0%B0%EB%AA%A8%EC%96%91%20%EB%AA%85%EA%B8%B0%20%EC%84%9C%EC%9A%B8%ED%8A%B9%EB%B3%84%EC%8B%9C%20%EC%9A%A9%EC%82%B0%EA%B5%AC%20%EC%9D%B4%ED%83%9C%EC%9B%90%EB%A1%9C55%EA%B8%B8%2060-16%28%ED%95%9C%EB%82%A8%EB%8F%99%29
용산구	한남동	도기 신발모양 명기	서울특별시 용산구 이태원로55길 60-16 (한남동)	보물	37.538546	126.99881	https://map.naver.com/p/search/%EB%8F%84%EA%B8%B0%20%EC%8B%A0%EB%B0%9C%EB%AA%A8%EC%96%91%20%EB%AA%85%EA%B8%B0%20%EC%84%9C%EC%9A%B8%ED%8A%B9%EB%B3%84%EC%8B%9C%20%EC%9A%A9%EC%82%B0%EA%B5%AC%20%EC%9D%B4%ED%83%9C%EC%9B%90%EB%A1%9C55%EA%B8%B8%2060-16%20%28%ED%95%9C%EB%82%A8%EB%8F%99%29
용산구	한남동	금귀걸이	서울특별시 용산구 이태원로55길 60-16(한남동)	보물	37.538546	126.99881	https://map.naver.com/p/search/%EA%B8%88%EA%B7%80%EA%B1%B8%EC%9D%B4%20%EC%84%9C%EC%9A%B8%ED%8A%B9%EB%B3%84%EC%8B%9C%20%EC%9A%A9%EC%82%B0%EA%B5%AC%20%EC%9D%B4%ED%83%9C%EC%9B%90%EB%A1%9C55%EA%B8%B8%2060-16%28%ED%95%9C%EB%82%A8%EB%8F%99%29
용산구	한남동	청자 상감운학모란국화문 매병	서울특별시 용산구 이태원로55길 60-16(한남동)	보물	37.538546	126.99881	https://map.naver.com/p/search/%EC%B2%AD%EC%9E%90%20%EC%83%81%EA%B0%90%EC%9A%B4%ED%95%99%EB%AA%A8%EB%9E%80%EA%B5%AD%ED%99%94%EB%AC%B8%20%EB%A7%A4%EB%B3%91%20%EC%84%9C%EC%9A%B8%ED%8A%B9%EB%B3%84%EC%8B%9C%20%EC%9A%A9%EC%82%B0%EA%B5%AC%20%EC%9D%B4%ED%83%9C%EC%9B%90%EB%A1%9C55%EA%B8%B8%2060-16%28%ED%95%9C%EB%82%A8%EB%8F%99%29
용산구	용산동6가	채화칠기	서울특별시 용산구 서빙고로 137(용산동6가) 국립중앙박물관	보물	37.524087	126.980388	https://map.naver.com/p/search/%EC%B1%84%ED%99%94%EC%B9%A0%EA%B8%B0%20%EC%84%9C%EC%9A%B8%ED%8A%B9%EB%B3%84%EC%8B%9C%20%EC%9A%A9%EC%82%B0%EA%B5%AC%20%EC%84%9C%EB%B9%99%EA%B3%A0%EB%A1%9C%20137%28%EC%9A%A9%EC%82%B0%EB%8F%996%EA%B0%80%29%20%EA%B5%AD%EB%A6%BD%EC%A4%91%EC%95%99%EB%B0%95%EB%AC%BC%EA%B4%80
용산구	용산동6가	청동 진솔선예백장 인장	서울특별시 용산구 서빙고로 137(용산동6가)	보물	37.524087	126.980388	https://map.naver.com/p/search/%EC%B2%AD%EB%8F%99%20%EC%A7%84%EC%86%94%EC%84%A0%EC%98%88%EB%B0%B1%EC%9E%A5%20%EC%9D%B8%EC%9E%A5%20%EC%84%9C%EC%9A%B8%ED%8A%B9%EB%B3%84%EC%8B%9C%20%EC%9A%A9%EC%82%B0%EA%B5%AC%20%EC%84%9C%EB%B9%99%EA%B3%A0%EB%A1%9C%20137%28%EC%9A%A9%EC%82%B0%EB%8F%996%EA%B0%80%29
강남구		안중근의사 유묵 - 백인당중유태화	서울특별시 강남구 도산대로59길 15	보물	37.524833	127.041979	https://map.naver.com/p/search/%EC%95%88%EC%A4%91%EA%B7%BC%EC%9D%98%EC%82%AC%20%EC%9C%A0%EB%AC%B5%20-%20%EB%B0%B1%EC%9D%B8%EB%8B%B9%EC%A4%91%EC%9C%A0%ED%83%9C%ED%99%94%20%EC%84%9C%EC%9A%B8%ED%8A%B9%EB%B3%84%EC%8B%9C%20%EA%B0%95%EB%82%A8%EA%B5%AC%20%EB%8F%84%EC%82%B0%EB%8C%80%EB%A1%9C59%EA%B8%B8%2015
서대문구	충정로2가	주범망경	서울특별시 서대문구 충정로9길 10-10(충정로2가) 현담문고	보물	37.565017	126.964891	https://map.naver.com/p/search/%EC%A3%BC%EB%B2%94%EB%A7%9D%EA%B2%BD%20%EC%84%9C%EC%9A%B8%ED%8A%B9%EB%B3%84%EC%8B%9C%20%EC%84%9C%EB%8C%80%EB%AC%B8%EA%B5%AC%20%EC%B6%A9%EC%A0%95%EB%A1%9C9%EA%B8%B8%2010-10%28%EC%B6%A9%EC%A0%95%EB%A1%9C2%EA%B0%80%29%20%ED%98%84%EB%8B%B4%EB%AC%B8%EA%B3%A0
용산구	용산동6가	금동약사여래입상	서울특별시 용산구 서빙고로 137(용산동6가)	보물	37.524087	126.980388	https://map.naver.com/p/search/%EA%B8%88%EB%8F%99%EC%95%BD%EC%82%AC%EC%97%AC%EB%9E%98%EC%9E%85%EC%83%81%20%EC%84%9C%EC%9A%B8%ED%8A%B9%EB%B3%84%EC%8B%9C%20%EC%9A%A9%EC%82%B0%EA%B5%AC%20%EC%84%9C%EB%B9%99%EA%B3%A0%EB%A1%9C%20137%28%EC%9A%A9%EC%82%B0%EB%8F%996%EA%B0%80%29
용산구	용산동6가	청자 양각갈대기러기문 정병	서울특별시 용산구 서빙고로 137(용산동6가)	보물	37.524087	126.980388	https://map.naver.com/p/search/%EC%B2%AD%EC%9E%90%20%EC%96%91%EA%B0%81%EA%B0%88%EB%8C%80%EA%B8%B0%EB%9F%AC%EA%B8%B0%EB%AC%B8%20%EC%A0%95%EB%B3%91%20%EC%84%9C%EC%9A%B8%ED%8A%B9%EB%B3%84%EC%8B%9C%20%EC%9A%A9%EC%82%B0%EA%B5%AC%20%EC%84%9C%EB%B9%99%EA%B3%A0%EB%A1%9C%20137%28%EC%9A%A9%EC%82%B0%EB%8F%996%EA%B0%80%29
용산구	용산동6가	백자 상감모란문 매병	서울특별시 용산구 서빙고로 137(용산동6가)	보물	37.524087	126.980388	https://map.naver.com/p/search/%EB%B0%B1%EC%9E%90%20%EC%83%81%EA%B0%90%EB%AA%A8%EB%9E%80%EB%AC%B8%20%EB%A7%A4%EB%B3%91%20%EC%84%9C%EC%9A%B8%ED%8A%B9%EB%B3%84%EC%8B%9C%20%EC%9A%A9%EC%82%B0%EA%B5%AC%20%EC%84%9C%EB%B9%99%EA%B3%A0%EB%A1%9C%20137%28%EC%9A%A9%EC%82%B0%EB%8F%996%EA%B0%80%29
용산구	용산동6가	금동여래입상	서울특별시 용산구 서빙고로 137(용산동6가)	보물	37.524087	126.980388	https://map.naver.com/p/search/%EA%B8%88%EB%8F%99%EC%97%AC%EB%9E%98%EC%9E%85%EC%83%81%20%EC%84%9C%EC%9A%B8%ED%8A%B9%EB%B3%84%EC%8B%9C%20%EC%9A%A9%EC%82%B0%EA%B5%AC%20%EC%84%9C%EB%B9%99%EA%B3%A0%EB%A1%9C%20137%28%EC%9A%A9%EC%82%B0%EB%8F%996%EA%B0%80%29
성북구	성북동	청자 상감포도동자문 매병	서울특별시 성북구 성북로 102-11(성북동)	보물	37.594466	126.99622	https://map.naver.com/p/search/%EC%B2%AD%EC%9E%90%20%EC%83%81%EA%B0%90%ED%8F%AC%EB%8F%84%EB%8F%99%EC%9E%90%EB%AC%B8%20%EB%A7%A4%EB%B3%91%20%EC%84%9C%EC%9A%B8%ED%8A%B9%EB%B3%84%EC%8B%9C%20%EC%84%B1%EB%B6%81%EA%B5%AC%20%EC%84%B1%EB%B6%81%EB%A1%9C%20102-11%28%EC%84%B1%EB%B6%81%EB%8F%99%29
종로구	견지동	봉은사 청동 은입사 향완	서울특별시 종로구 우정국로 55(견지동)	보물	37.574494	126.982017	https://map.naver.com/p/search/%EB%B4%89%EC%9D%80%EC%82%AC%20%EC%B2%AD%EB%8F%99%20%EC%9D%80%EC%9E%85%EC%82%AC%20%ED%96%A5%EC%99%84%20%EC%84%9C%EC%9A%B8%ED%8A%B9%EB%B3%84%EC%8B%9C%20%EC%A2%85%EB%A1%9C%EA%B5%AC%20%EC%9A%B0%EC%A0%95%EA%B5%AD%EB%A1%9C%2055%28%EA%B2%AC%EC%A7%80%EB%8F%99%29
용산구	용산동6가	부여 군수리 석조여래좌상	서울특별시 용산구 서빙고로 137(용산동6가)	보물	37.524087	126.980388	https://map.naver.com/p/search/%EB%B6%80%EC%97%AC%20%EA%B5%B0%EC%88%98%EB%A6%AC%20%EC%84%9D%EC%A1%B0%EC%97%AC%EB%9E%98%EC%A2%8C%EC%83%81%20%EC%84%9C%EC%9A%B8%ED%8A%B9%EB%B3%84%EC%8B%9C%20%EC%9A%A9%EC%82%B0%EA%B5%AC%20%EC%84%9C%EB%B9%99%EA%B3%A0%EB%A1%9C%20137%28%EC%9A%A9%EC%82%B0%EB%8F%996%EA%B0%80%29
용산구	용산동6가	청자 철채퇴화삼엽문 매병	서울특별시 용산구 서빙고로 137(용산동6가)	보물	37.524087	126.980388	https://map.naver.com/p/search/%EC%B2%AD%EC%9E%90%20%EC%B2%A0%EC%B1%84%ED%87%B4%ED%99%94%EC%82%BC%EC%97%BD%EB%AC%B8%20%EB%A7%A4%EB%B3%91%20%EC%84%9C%EC%9A%B8%ED%8A%B9%EB%B3%84%EC%8B%9C%20%EC%9A%A9%EC%82%B0%EA%B5%AC%20%EC%84%9C%EB%B9%99%EA%B3%A0%EB%A1%9C%20137%28%EC%9A%A9%EC%82%B0%EB%8F%996%EA%B0%80%29
용산구	용산동6가	청자 음각모란 상감보자기문 유개매병	서울특별시 용산구 서빙고로 137(용산동6가)	보물	37.524087	126.980388	https://map.naver.com/p/search/%EC%B2%AD%EC%9E%90%20%EC%9D%8C%EA%B0%81%EB%AA%A8%EB%9E%80%20%EC%83%81%EA%B0%90%EB%B3%B4%EC%9E%90%EA%B8%B0%EB%AC%B8%20%EC%9C%A0%EA%B0%9C%EB%A7%A4%EB%B3%91%20%EC%84%9C%EC%9A%B8%ED%8A%B9%EB%B3%84%EC%8B%9C%20%EC%9A%A9%EC%82%B0%EA%B5%AC%20%EC%84%9C%EB%B9%99%EA%B3%A0%EB%A1%9C%20137%28%EC%9A%A9%EC%82%B0%EB%8F%996%EA%B0%80%29
용산구	용산동6가	청자 상감동채모란문 매병	서울특별시 용산구 서빙고로 137(용산동6가)	보물	37.524087	126.980388	https://map.naver.com/p/search/%EC%B2%AD%EC%9E%90%20%EC%83%81%EA%B0%90%EB%8F%99%EC%B1%84%EB%AA%A8%EB%9E%80%EB%AC%B8%20%EB%A7%A4%EB%B3%91%20%EC%84%9C%EC%9A%B8%ED%8A%B9%EB%B3%84%EC%8B%9C%20%EC%9A%A9%EC%82%B0%EA%B5%AC%20%EC%84%9C%EB%B9%99%EA%B3%A0%EB%A1%9C%20137%28%EC%9A%A9%EC%82%B0%EB%8F%996%EA%B0%80%29
용산구	용산동6가	분청사기 상감어문 매병	서울특별시 용산구 서빙고로 137(용산동6가)	보물	37.524087	126.980388	https://map.naver.com/p/search/%EB%B6%84%EC%B2%AD%EC%82%AC%EA%B8%B0%20%EC%83%81%EA%B0%90%EC%96%B4%EB%AC%B8%20%EB%A7%A4%EB%B3%91%20%EC%84%9C%EC%9A%B8%ED%8A%B9%EB%B3%84%EC%8B%9C%20%EC%9A%A9%EC%82%B0%EA%B5%AC%20%EC%84%9C%EB%B9%99%EA%B3%A0%EB%A1%9C%20137%28%EC%9A%A9%EC%82%B0%EB%8F%996%EA%B0%80%29
용산구	용산동6가	강현 초상	서울특별시 용산구 서빙고로 137(용산동6가)	보물	37.524087	126.980388	https://map.naver.com/p/search/%EA%B0%95%ED%98%84%20%EC%B4%88%EC%83%81%20%EC%84%9C%EC%9A%B8%ED%8A%B9%EB%B3%84%EC%8B%9C%20%EC%9A%A9%EC%82%B0%EA%B5%AC%20%EC%84%9C%EB%B9%99%EA%B3%A0%EB%A1%9C%20137%28%EC%9A%A9%EC%82%B0%EB%8F%996%EA%B0%80%29
성북구	성북동	분청사기 상감모란문 반합	서울특별시 성북구 성북로 102-11(성북동)	보물	37.594466	126.99622	https://map.naver.com/p/search/%EB%B6%84%EC%B2%AD%EC%82%AC%EA%B8%B0%20%EC%83%81%EA%B0%90%EB%AA%A8%EB%9E%80%EB%AC%B8%20%EB%B0%98%ED%95%A9%20%EC%84%9C%EC%9A%B8%ED%8A%B9%EB%B3%84%EC%8B%9C%20%EC%84%B1%EB%B6%81%EA%B5%AC%20%EC%84%B1%EB%B6%81%EB%A1%9C%20102-11%28%EC%84%B1%EB%B6%81%EB%8F%99%29
성북구	성북동	청자 상감국화모란당초문 모자합	서울특별시 성북구 성북로 102-11(성북동)	보물	37.594466	126.99622	https://map.naver.com/p/search/%EC%B2%AD%EC%9E%90%20%EC%83%81%EA%B0%90%EA%B5%AD%ED%99%94%EB%AA%A8%EB%9E%80%EB%8B%B9%EC%B4%88%EB%AC%B8%20%EB%AA%A8%EC%9E%90%ED%95%A9%20%EC%84%9C%EC%9A%B8%ED%8A%B9%EB%B3%84%EC%8B%9C%20%EC%84%B1%EB%B6%81%EA%B5%AC%20%EC%84%B1%EB%B6%81%EB%A1%9C%20102-11%28%EC%84%B1%EB%B6%81%EB%8F%99%29
용산구	용산동6가	원주 영전사지 보제존자탑	서울특별시 용산구 서빙고로 137(용산동6가)	보물	37.524087	126.980388	https://map.naver.com/p/search/%EC%9B%90%EC%A3%BC%20%EC%98%81%EC%A0%84%EC%82%AC%EC%A7%80%20%EB%B3%B4%EC%A0%9C%EC%A1%B4%EC%9E%90%ED%83%91%20%EC%84%9C%EC%9A%B8%ED%8A%B9%EB%B3%84%EC%8B%9C%20%EC%9A%A9%EC%82%B0%EA%B5%AC%20%EC%84%9C%EB%B9%99%EA%B3%A0%EB%A1%9C%20137%28%EC%9A%A9%EC%82%B0%EB%8F%996%EA%B0%80%29
용산구	용산동6가	충주 정토사지 홍법국사탑비	서울특별시 용산구 서빙고로 137(용산동6가)	보물	37.524087	126.980388	https://map.naver.com/p/search/%EC%B6%A9%EC%A3%BC%20%EC%A0%95%ED%86%A0%EC%82%AC%EC%A7%80%20%ED%99%8D%EB%B2%95%EA%B5%AD%EC%82%AC%ED%83%91%EB%B9%84%20%EC%84%9C%EC%9A%B8%ED%8A%B9%EB%B3%84%EC%8B%9C%20%EC%9A%A9%EC%82%B0%EA%B5%AC%20%EC%84%9C%EB%B9%99%EA%B3%A0%EB%A1%9C%20137%28%EC%9A%A9%EC%82%B0%EB%8F%996%EA%B0%80%29
서대문구	대현동	전 양평 보리사지 대경대사탑	서울특별시 서대문구 이화여대길 52(대현동)	보물	37.562566	126.947459	https://map.naver.com/p/search/%EC%A0%84%20%EC%96%91%ED%8F%89%20%EB%B3%B4%EB%A6%AC%EC%82%AC%EC%A7%80%20%EB%8C%80%EA%B2%BD%EB%8C%80%EC%82%AC%ED%83%91%20%EC%84%9C%EC%9A%B8%ED%8A%B9%EB%B3%84%EC%8B%9C%20%EC%84%9C%EB%8C%80%EB%AC%B8%EA%B5%AC%20%EC%9D%B4%ED%99%94%EC%97%AC%EB%8C%80%EA%B8%B8%2052%28%EB%8C%80%ED%98%84%EB%8F%99%29
서대문구	대현동	감지은니 묘법연화경 권7	서울특별시 서대문구 이화여대길 52(대현동)	보물	37.56174	126.947245	https://map.naver.com/p/search/%EA%B0%90%EC%A7%80%EC%9D%80%EB%8B%88%20%EB%AC%98%EB%B2%95%EC%97%B0%ED%99%94%EA%B2%BD%20%EA%B6%8C7%20%EC%84%9C%EC%9A%B8%ED%8A%B9%EB%B3%84%EC%8B%9C%20%EC%84%9C%EB%8C%80%EB%AC%B8%EA%B5%AC%20%EC%9D%B4%ED%99%94%EC%97%AC%EB%8C%80%EA%B8%B8%2052%28%EB%8C%80%ED%98%84%EB%8F%99%29
용산구	용산동6가	제천 월광사지 원랑선사탑비	서울특별시 용산구 서빙고로 137(용산동6가)	보물	37.524087	126.980388	https://map.naver.com/p/search/%EC%A0%9C%EC%B2%9C%20%EC%9B%94%EA%B4%91%EC%82%AC%EC%A7%80%20%EC%9B%90%EB%9E%91%EC%84%A0%EC%82%AC%ED%83%91%EB%B9%84%20%EC%84%9C%EC%9A%B8%ED%8A%B9%EB%B3%84%EC%8B%9C%20%EC%9A%A9%EC%82%B0%EA%B5%AC%20%EC%84%9C%EB%B9%99%EA%B3%A0%EB%A1%9C%20137%28%EC%9A%A9%EC%82%B0%EB%8F%996%EA%B0%80%29
용산구	용산동6가	양평 보리사지 대경대사탑비	서울특별시 용산구 서빙고로 137(용산동6가)	보물	37.524087	126.980388	https://map.naver.com/p/search/%EC%96%91%ED%8F%89%20%EB%B3%B4%EB%A6%AC%EC%82%AC%EC%A7%80%20%EB%8C%80%EA%B2%BD%EB%8C%80%EC%82%AC%ED%83%91%EB%B9%84%20%EC%84%9C%EC%9A%B8%ED%8A%B9%EB%B3%84%EC%8B%9C%20%EC%9A%A9%EC%82%B0%EA%B5%AC%20%EC%84%9C%EB%B9%99%EA%B3%A0%EB%A1%9C%20137%28%EC%9A%A9%EC%82%B0%EB%8F%996%EA%B0%80%29
중구	누상동	서울 한양도성	서울특별시 종로구 옥인6길 26-17(누상동)	사적	37.580105	126.963687	https://map.naver.com/p/search/%EC%84%9C%EC%9A%B8%20%ED%95%9C%EC%96%91%EB%8F%84%EC%84%B1%20%EC%84%9C%EC%9A%B8%ED%8A%B9%EB%B3%84%EC%8B%9C%20%EC%A2%85%EB%A1%9C%EA%B5%AC%20%EC%98%A5%EC%9D%B86%EA%B8%B8%2026-17%28%EB%88%84%EC%83%81%EB%8F%99%29
용산구	한남동	대구 비산동 청동기 일괄 - 검 및 칼집 부속	서울특별시 용산구 이태원로55길 60-16(한남동)	국보	37.538546	126.99881	https://map.naver.com/p/search/%EB%8C%80%EA%B5%AC%20%EB%B9%84%EC%82%B0%EB%8F%99%20%EC%B2%AD%EB%8F%99%EA%B8%B0%20%EC%9D%BC%EA%B4%84%20-%20%EA%B2%80%20%EB%B0%8F%20%EC%B9%BC%EC%A7%91%20%EB%B6%80%EC%86%8D%20%EC%84%9C%EC%9A%B8%ED%8A%B9%EB%B3%84%EC%8B%9C%20%EC%9A%A9%EC%82%B0%EA%B5%AC%20%EC%9D%B4%ED%83%9C%EC%9B%90%EB%A1%9C55%EA%B8%B8%2060-16%28%ED%95%9C%EB%82%A8%EB%8F%99%29
용산구	한남동	전 고령 금관 및 장신구 일괄	서울특별시 용산구 이태원로55길 60-16(한남동)	국보	37.538546	126.99881	https://map.naver.com/p/search/%EC%A0%84%20%EA%B3%A0%EB%A0%B9%20%EA%B8%88%EA%B4%80%20%EB%B0%8F%20%EC%9E%A5%EC%8B%A0%EA%B5%AC%20%EC%9D%BC%EA%B4%84%20%EC%84%9C%EC%9A%B8%ED%8A%B9%EB%B3%84%EC%8B%9C%20%EC%9A%A9%EC%82%B0%EA%B5%AC%20%EC%9D%B4%ED%83%9C%EC%9B%90%EB%A1%9C55%EA%B8%B8%2060-16%28%ED%95%9C%EB%82%A8%EB%8F%99%29
용산구	한남동	나전 화문 동경	서울특별시 용산구 이태원로55길 60-16(한남동)	국보	37.538546	126.99881	https://map.naver.com/p/search/%EB%82%98%EC%A0%84%20%ED%99%94%EB%AC%B8%20%EB%8F%99%EA%B2%BD%20%EC%84%9C%EC%9A%B8%ED%8A%B9%EB%B3%84%EC%8B%9C%20%EC%9A%A9%EC%82%B0%EA%B5%AC%20%EC%9D%B4%ED%83%9C%EC%9B%90%EB%A1%9C55%EA%B8%B8%2060-16%28%ED%95%9C%EB%82%A8%EB%8F%99%29
광진구	능동|화양동	동국정운	서울특별시 광진구 능동로 120(화양동)	국보	37.543888	127.075955	https://map.naver.com/p/search/%EB%8F%99%EA%B5%AD%EC%A0%95%EC%9A%B4%20%EC%84%9C%EC%9A%B8%ED%8A%B9%EB%B3%84%EC%8B%9C%20%EA%B4%91%EC%A7%84%EA%B5%AC%20%EB%8A%A5%EB%8F%99%EB%A1%9C%20120%28%ED%99%94%EC%96%91%EB%8F%99%29
용산구	용산동6가	귀면 청동로	서울특별시 용산구 서빙고로 137(용산동6가)	국보	37.524087	126.980388	https://map.naver.com/p/search/%EA%B7%80%EB%A9%B4%20%EC%B2%AD%EB%8F%99%EB%A1%9C%20%EC%84%9C%EC%9A%B8%ED%8A%B9%EB%B3%84%EC%8B%9C%20%EC%9A%A9%EC%82%B0%EA%B5%AC%20%EC%84%9C%EB%B9%99%EA%B3%A0%EB%A1%9C%20137%28%EC%9A%A9%EC%82%B0%EB%8F%996%EA%B0%80%29
종로구	구기동	서울 북한산 구기동 마애여래좌상	서울 종로구 구기동 산2-1번지	보물	37.626996	126.959478	https://map.naver.com/p/search/%EC%84%9C%EC%9A%B8%20%EB%B6%81%ED%95%9C%EC%82%B0%20%EA%B5%AC%EA%B8%B0%EB%8F%99%20%EB%A7%88%EC%95%A0%EC%97%AC%EB%9E%98%EC%A2%8C%EC%83%81%20%EC%84%9C%EC%9A%B8%20%EC%A2%85%EB%A1%9C%EA%B5%AC%20%EA%B5%AC%EA%B8%B0%EB%8F%99%20%EC%82%B02-1%EB%B2%88%EC%A7%80
종로구	신영동	서울 장의사지 당간지주	서울특별시 종로구 세검정로9길 1(신영동)	보물	37.603414	126.961022	https://map.naver.com/p/search/%EC%84%9C%EC%9A%B8%20%EC%9E%A5%EC%9D%98%EC%82%AC%EC%A7%80%20%EB%8B%B9%EA%B0%84%EC%A7%80%EC%A3%BC%20%EC%84%9C%EC%9A%B8%ED%8A%B9%EB%B3%84%EC%8B%9C%20%EC%A2%85%EB%A1%9C%EA%B5%AC%20%EC%84%B8%EA%B2%80%EC%A0%95%EB%A1%9C9%EA%B8%B8%201%28%EC%8B%A0%EC%98%81%EB%8F%99%29
서대문구	대현동	백자 철화운룡문 항아리	서울특별시 서대문구 이화여대길 52(대현동)	보물	37.56174	126.947245	https://map.naver.com/p/search/%EB%B0%B1%EC%9E%90%20%EC%B2%A0%ED%99%94%EC%9A%B4%EB%A3%A1%EB%AC%B8%20%ED%95%AD%EC%95%84%EB%A6%AC%20%EC%84%9C%EC%9A%B8%ED%8A%B9%EB%B3%84%EC%8B%9C%20%EC%84%9C%EB%8C%80%EB%AC%B8%EA%B5%AC%20%EC%9D%B4%ED%99%94%EC%97%AC%EB%8C%80%EA%B8%B8%2052%28%EB%8C%80%ED%98%84%EB%8F%99%29
용산구	용산동6가	승자총통	서울특별시 용산구 서빙고로 137(용산동6가)	보물	37.524087	126.980388	https://map.naver.com/p/search/%EC%8A%B9%EC%9E%90%EC%B4%9D%ED%86%B5%20%EC%84%9C%EC%9A%B8%ED%8A%B9%EB%B3%84%EC%8B%9C%20%EC%9A%A9%EC%82%B0%EA%B5%AC%20%EC%84%9C%EB%B9%99%EA%B3%A0%EB%A1%9C%20137%28%EC%9A%A9%EC%82%B0%EB%8F%996%EA%B0%80%29
종로구	안국동	자수 사계분경도	서울특별시 종로구 율곡로3길 4 (안국동) 서울공예박물관	보물	37.5768611	126.9835871	https://map.naver.com/p/search/%EC%9E%90%EC%88%98%20%EC%82%AC%EA%B3%84%EB%B6%84%EA%B2%BD%EB%8F%84%20%EC%84%9C%EC%9A%B8%ED%8A%B9%EB%B3%84%EC%8B%9C%20%EC%A2%85%EB%A1%9C%EA%B5%AC%20%EC%9C%A8%EA%B3%A1%EB%A1%9C3%EA%B8%B8%204%20%28%EC%95%88%EA%B5%AD%EB%8F%99%29%20%EC%84%9C%EC%9A%B8%EA%B3%B5%EC%98%88%EB%B0%95%EB%AC%BC%EA%B4%80
종로구	안국동	자수가사	서울특별시 종로구 율곡로3길 4 (안국동) 서울공예박물관	보물	37.5768586	126.983587	https://map.naver.com/p/search/%EC%9E%90%EC%88%98%EA%B0%80%EC%82%AC%20%EC%84%9C%EC%9A%B8%ED%8A%B9%EB%B3%84%EC%8B%9C%20%EC%A2%85%EB%A1%9C%EA%B5%AC%20%EC%9C%A8%EA%B3%A1%EB%A1%9C3%EA%B8%B8%204%20%28%EC%95%88%EA%B5%AD%EB%8F%99%29%20%EC%84%9C%EC%9A%B8%EA%B3%B5%EC%98%88%EB%B0%95%EB%AC%BC%EA%B4%80
은평구	진관동	서울 삼천사지 마애여래입상	서울 은평구 진관동 산51번지	보물	37.626605	126.937731	https://map.naver.com/p/search/%EC%84%9C%EC%9A%B8%20%EC%82%BC%EC%B2%9C%EC%82%AC%EC%A7%80%20%EB%A7%88%EC%95%A0%EC%97%AC%EB%9E%98%EC%9E%85%EC%83%81%20%EC%84%9C%EC%9A%B8%20%EC%9D%80%ED%8F%89%EA%B5%AC%20%EC%A7%84%EA%B4%80%EB%8F%99%20%EC%82%B051%EB%B2%88%EC%A7%80
동작구	상도동	안중근의사 유묵 - 장부수사심여철의사임위기사운	서울특별시 동작구 상도로 369(상도동)	보물	37.49669	126.957504	https://map.naver.com/p/search/%EC%95%88%EC%A4%91%EA%B7%BC%EC%9D%98%EC%82%AC%20%EC%9C%A0%EB%AC%B5%20-%20%EC%9E%A5%EB%B6%80%EC%88%98%EC%82%AC%EC%8B%AC%EC%97%AC%EC%B2%A0%EC%9D%98%EC%82%AC%EC%9E%84%EC%9C%84%EA%B8%B0%EC%82%AC%EC%9A%B4%20%EC%84%9C%EC%9A%B8%ED%8A%B9%EB%B3%84%EC%8B%9C%20%EB%8F%99%EC%9E%91%EA%B5%AC%20%EC%83%81%EB%8F%84%EB%A1%9C%20369%28%EC%83%81%EB%8F%84%EB%8F%99%29
용산구	한남동	안중근의사 유묵 - 인지당	서울특별시 용산구 이태원로55길 60-16(한남동)	보물	37.538546	126.99881	https://map.naver.com/p/search/%EC%95%88%EC%A4%91%EA%B7%BC%EC%9D%98%EC%82%AC%20%EC%9C%A0%EB%AC%B5%20-%20%EC%9D%B8%EC%A7%80%EB%8B%B9%20%EC%84%9C%EC%9A%B8%ED%8A%B9%EB%B3%84%EC%8B%9C%20%EC%9A%A9%EC%82%B0%EA%B5%AC%20%EC%9D%B4%ED%83%9C%EC%9B%90%EB%A1%9C55%EA%B8%B8%2060-16%28%ED%95%9C%EB%82%A8%EB%8F%99%29
광진구	광장동	안중근의사 유묵 - 인내	서울특별시 광진구 아차산로 635(광장동)	보물	37.550529	127.106565	https://map.naver.com/p/search/%EC%95%88%EC%A4%91%EA%B7%BC%EC%9D%98%EC%82%AC%20%EC%9C%A0%EB%AC%B5%20-%20%EC%9D%B8%EB%82%B4%20%EC%84%9C%EC%9A%B8%ED%8A%B9%EB%B3%84%EC%8B%9C%20%EA%B4%91%EC%A7%84%EA%B5%AC%20%EC%95%84%EC%B0%A8%EC%82%B0%EB%A1%9C%20635%28%EA%B4%91%EC%9E%A5%EB%8F%99%29
서대문구	신촌동	봉업사명 청동북	서울특별시 서대문구 연세로 50(신촌동)	보물	37.567113	126.939029	https://map.naver.com/p/search/%EB%B4%89%EC%97%85%EC%82%AC%EB%AA%85%20%EC%B2%AD%EB%8F%99%EB%B6%81%20%EC%84%9C%EC%9A%B8%ED%8A%B9%EB%B3%84%EC%8B%9C%20%EC%84%9C%EB%8C%80%EB%AC%B8%EA%B5%AC%20%EC%97%B0%EC%84%B8%EB%A1%9C%2050%28%EC%8B%A0%EC%B4%8C%EB%8F%99%29
성북구	성북동	문경 오층석탑	서울특별시 성북구 성북로 102-11(성북동)	보물	37.594466	126.99622	https://map.naver.com/p/search/%EB%AC%B8%EA%B2%BD%20%EC%98%A4%EC%B8%B5%EC%84%9D%ED%83%91%20%EC%84%9C%EC%9A%B8%ED%8A%B9%EB%B3%84%EC%8B%9C%20%EC%84%B1%EB%B6%81%EA%B5%AC%20%EC%84%B1%EB%B6%81%EB%A1%9C%20102-11%28%EC%84%B1%EB%B6%81%EB%8F%99%29
용산구	한남동	퇴우이선생진적	서울특별시 용산구 이태원로55길 60-16(한남동)	보물	37.538655	126.999003	https://map.naver.com/p/search/%ED%87%B4%EC%9A%B0%EC%9D%B4%EC%84%A0%EC%83%9D%EC%A7%84%EC%A0%81%20%EC%84%9C%EC%9A%B8%ED%8A%B9%EB%B3%84%EC%8B%9C%20%EC%9A%A9%EC%82%B0%EA%B5%AC%20%EC%9D%B4%ED%83%9C%EC%9B%90%EB%A1%9C55%EA%B8%B8%2060-16%28%ED%95%9C%EB%82%A8%EB%8F%99%29
용산구	용산동6가	강민첨 초상	서울특별시 용산구 서빙고로 137(용산동6가)	보물	37.524087	126.980388	https://map.naver.com/p/search/%EA%B0%95%EB%AF%BC%EC%B2%A8%20%EC%B4%88%EC%83%81%20%EC%84%9C%EC%9A%B8%ED%8A%B9%EB%B3%84%EC%8B%9C%20%EC%9A%A9%EC%82%B0%EA%B5%AC%20%EC%84%9C%EB%B9%99%EA%B3%A0%EB%A1%9C%20137%28%EC%9A%A9%EC%82%B0%EB%8F%996%EA%B0%80%29
용산구	용산동6가	강세황 초상	서울특별시 용산구 서빙고로 137(용산동6가)	보물	37.524087	126.980388	https://map.naver.com/p/search/%EA%B0%95%EC%84%B8%ED%99%A9%20%EC%B4%88%EC%83%81%20%EC%84%9C%EC%9A%B8%ED%8A%B9%EB%B3%84%EC%8B%9C%20%EC%9A%A9%EC%82%B0%EA%B5%AC%20%EC%84%9C%EB%B9%99%EA%B3%A0%EB%A1%9C%20137%28%EC%9A%A9%EC%82%B0%EB%8F%996%EA%B0%80%29
종로구	견지동	석씨원류응화사적 목판	서울특별시 종로구 우정국로 55(견지동)	보물	37.574494	126.982017	https://map.naver.com/p/search/%EC%84%9D%EC%94%A8%EC%9B%90%EB%A5%98%EC%9D%91%ED%99%94%EC%82%AC%EC%A0%81%20%EB%AA%A9%ED%8C%90%20%EC%84%9C%EC%9A%B8%ED%8A%B9%EB%B3%84%EC%8B%9C%20%EC%A2%85%EB%A1%9C%EA%B5%AC%20%EC%9A%B0%EC%A0%95%EA%B5%AD%EB%A1%9C%2055%28%EA%B2%AC%EC%A7%80%EB%8F%99%29
용산구	용산동6가	허목 수고본	서울특별시 용산구 서빙고로 137(용산동6가)	보물	37.524087	126.980388	https://map.naver.com/p/search/%ED%97%88%EB%AA%A9%20%EC%88%98%EA%B3%A0%EB%B3%B8%20%EC%84%9C%EC%9A%B8%ED%8A%B9%EB%B3%84%EC%8B%9C%20%EC%9A%A9%EC%82%B0%EA%B5%AC%20%EC%84%9C%EB%B9%99%EA%B3%A0%EB%A1%9C%20137%28%EC%9A%A9%EC%82%B0%EB%8F%996%EA%B0%80%29
성북구	안암동5가	허목 전서 함취당	서울특별시 성북구 안암로 145(안암동5가)	보물	37.588703	127.035148	https://map.naver.com/p/search/%ED%97%88%EB%AA%A9%20%EC%A0%84%EC%84%9C%20%ED%95%A8%EC%B7%A8%EB%8B%B9%20%EC%84%9C%EC%9A%B8%ED%8A%B9%EB%B3%84%EC%8B%9C%20%EC%84%B1%EB%B6%81%EA%B5%AC%20%EC%95%88%EC%95%94%EB%A1%9C%20145%28%EC%95%88%EC%95%94%EB%8F%995%EA%B0%80%29
중구	동호로20가|장충동1가|장충동	백자 청화매조죽문 병	서울특별시 중구 동호로20가길 38 (장충동1가, 장충동 라임카운티) 지하수장고	보물	37.5599473	127.0067818	https://map.naver.com/p/search/%EB%B0%B1%EC%9E%90%20%EC%B2%AD%ED%99%94%EB%A7%A4%EC%A1%B0%EC%A3%BD%EB%AC%B8%20%EB%B3%91%20%EC%84%9C%EC%9A%B8%ED%8A%B9%EB%B3%84%EC%8B%9C%20%EC%A4%91%EA%B5%AC%20%EB%8F%99%ED%98%B8%EB%A1%9C20%EA%B0%80%EA%B8%B8%2038%20%28%EC%9E%A5%EC%B6%A9%EB%8F%991%EA%B0%80%2C%20%EC%9E%A5%EC%B6%A9%EB%8F%99%20%EB%9D%BC%EC%9E%84%EC%B9%B4%EC%9A%B4%ED%8B%B0%29%20%EC%A7%80%ED%95%98%EC%88%98%EC%9E%A5%EA%B3%A0
강서구	마곡동	김덕원묘 출토 의복 일괄	서울특별시 강서구 마곡중앙로 33 (마곡동, 마곡엠밸리 14단지) 1411동 102호	보물	37.557156	126.824942	https://map.naver.com/p/search/%EA%B9%80%EB%8D%95%EC%9B%90%EB%AC%98%20%EC%B6%9C%ED%86%A0%20%EC%9D%98%EB%B3%B5%20%EC%9D%BC%EA%B4%84%20%EC%84%9C%EC%9A%B8%ED%8A%B9%EB%B3%84%EC%8B%9C%20%EA%B0%95%EC%84%9C%EA%B5%AC%20%EB%A7%88%EA%B3%A1%EC%A4%91%EC%95%99%EB%A1%9C%2033%20%28%EB%A7%88%EA%B3%A1%EB%8F%99%2C%20%EB%A7%88%EA%B3%A1%EC%97%A0%EB%B0%B8%EB%A6%AC%2014%EB%8B%A8%EC%A7%80%29%201411%EB%8F%99%20102%ED%98%B8
중구	태평로1가	대방광불화엄경 진본 권4	서울특별시 중구 세종대로 136(태평로1가) 신한 파이낸스 센터	보물	37.568443	126.977744	https://map.naver.com/p/search/%EB%8C%80%EB%B0%A9%EA%B4%91%EB%B6%88%ED%99%94%EC%97%84%EA%B2%BD%20%EC%A7%84%EB%B3%B8%20%EA%B6%8C4%20%EC%84%9C%EC%9A%B8%ED%8A%B9%EB%B3%84%EC%8B%9C%20%EC%A4%91%EA%B5%AC%20%EC%84%B8%EC%A2%85%EB%8C%80%EB%A1%9C%20136%28%ED%83%9C%ED%8F%89%EB%A1%9C1%EA%B0%80%29%20%EC%8B%A0%ED%95%9C%20%ED%8C%8C%EC%9D%B4%EB%82%B8%EC%8A%A4%20%EC%84%BC%ED%84%B0
중구	태평로1가	대방광불화엄경 진본 권28	서울특별시 중구 세종대로 136(태평로1가) 신한 파이낸스 센터	보물	37.568443	126.977744	https://map.naver.com/p/search/%EB%8C%80%EB%B0%A9%EA%B4%91%EB%B6%88%ED%99%94%EC%97%84%EA%B2%BD%20%EC%A7%84%EB%B3%B8%20%EA%B6%8C28%20%EC%84%9C%EC%9A%B8%ED%8A%B9%EB%B3%84%EC%8B%9C%20%EC%A4%91%EA%B5%AC%20%EC%84%B8%EC%A2%85%EB%8C%80%EB%A1%9C%20136%28%ED%83%9C%ED%8F%89%EB%A1%9C1%EA%B0%80%29%20%EC%8B%A0%ED%95%9C%20%ED%8C%8C%EC%9D%B4%EB%82%B8%EC%8A%A4%20%EC%84%BC%ED%84%B0
중구		대방광불화엄경 주본 권66	서울 중구	보물			https://map.naver.com/p/search/%EB%8C%80%EB%B0%A9%EA%B4%91%EB%B6%88%ED%99%94%EC%97%84%EA%B2%BD%20%EC%A3%BC%EB%B3%B8%20%EA%B6%8C66%20%EC%84%9C%EC%9A%B8%20%EC%A4%91%EA%B5%AC
중구	태평로1가	대방광불화엄경 주본 권17, 52	서울특별시 중구 세종대로 136(태평로1가) 신한 파이낸스 센터	보물	37.568443	126.977744	https://map.naver.com/p/search/%EB%8C%80%EB%B0%A9%EA%B4%91%EB%B6%88%ED%99%94%EC%97%84%EA%B2%BD%20%EC%A3%BC%EB%B3%B8%20%EA%B6%8C17%2C%2052%20%EC%84%9C%EC%9A%B8%ED%8A%B9%EB%B3%84%EC%8B%9C%20%EC%A4%91%EA%B5%AC%20%EC%84%B8%EC%A2%85%EB%8C%80%EB%A1%9C%20136%28%ED%83%9C%ED%8F%89%EB%A1%9C1%EA%B0%80%29%20%EC%8B%A0%ED%95%9C%20%ED%8C%8C%EC%9D%B4%EB%82%B8%EC%8A%A4%20%EC%84%BC%ED%84%B0
중구	태평로1가	대방광불화엄경 정원본 권7	서울특별시 중구 세종대로 136(태평로1가) 신한 파이낸스 센터	보물	37.568443	126.977744	https://map.naver.com/p/search/%EB%8C%80%EB%B0%A9%EA%B4%91%EB%B6%88%ED%99%94%EC%97%84%EA%B2%BD%20%EC%A0%95%EC%9B%90%EB%B3%B8%20%EA%B6%8C7%20%EC%84%9C%EC%9A%B8%ED%8A%B9%EB%B3%84%EC%8B%9C%20%EC%A4%91%EA%B5%AC%20%EC%84%B8%EC%A2%85%EB%8C%80%EB%A1%9C%20136%28%ED%83%9C%ED%8F%89%EB%A1%9C1%EA%B0%80%29%20%EC%8B%A0%ED%95%9C%20%ED%8C%8C%EC%9D%B4%EB%82%B8%EC%8A%A4%20%EC%84%BC%ED%84%B0
중구	태평로1가	대방광불화엄경 주본 권6	서울특별시 중구 세종대로 136(태평로1가) 신한 파이낸스 센터	보물	37.568443	126.977744	https://map.naver.com/p/search/%EB%8C%80%EB%B0%A9%EA%B4%91%EB%B6%88%ED%99%94%EC%97%84%EA%B2%BD%20%EC%A3%BC%EB%B3%B8%20%EA%B6%8C6%20%EC%84%9C%EC%9A%B8%ED%8A%B9%EB%B3%84%EC%8B%9C%20%EC%A4%91%EA%B5%AC%20%EC%84%B8%EC%A2%85%EB%8C%80%EB%A1%9C%20136%28%ED%83%9C%ED%8F%89%EB%A1%9C1%EA%B0%80%29%20%EC%8B%A0%ED%95%9C%20%ED%8C%8C%EC%9D%B4%EB%82%B8%EC%8A%A4%20%EC%84%BC%ED%84%B0
용산구	용산동6가	불정심관세음보살대다라니경	서울특별시 용산구 서빙고로 137(용산동6가)	보물	37.524087	126.980388	https://map.naver.com/p/search/%EB%B6%88%EC%A0%95%EC%8B%AC%EA%B4%80%EC%84%B8%EC%9D%8C%EB%B3%B4%EC%82%B4%EB%8C%80%EB%8B%A4%EB%9D%BC%EB%8B%88%EA%B2%BD%20%EC%84%9C%EC%9A%B8%ED%8A%B9%EB%B3%84%EC%8B%9C%20%EC%9A%A9%EC%82%B0%EA%B5%AC%20%EC%84%9C%EB%B9%99%EA%B3%A0%EB%A1%9C%20137%28%EC%9A%A9%EC%82%B0%EB%8F%996%EA%B0%80%29
용산구	용산동6가	묘법연화경	서울특별시 용산구 서빙고로 137(용산동6가)	보물	37.524087	126.980388	https://map.naver.com/p/search/%EB%AC%98%EB%B2%95%EC%97%B0%ED%99%94%EA%B2%BD%20%EC%84%9C%EC%9A%B8%ED%8A%B9%EB%B3%84%EC%8B%9C%20%EC%9A%A9%EC%82%B0%EA%B5%AC%20%EC%84%9C%EB%B9%99%EA%B3%A0%EB%A1%9C%20137%28%EC%9A%A9%EC%82%B0%EB%8F%996%EA%B0%80%29
용산구	용산동6가	불조삼경	서울특별시 용산구 서빙고로 137(용산동6가)	보물	37.524087	126.980388	https://map.naver.com/p/search/%EB%B6%88%EC%A1%B0%EC%82%BC%EA%B2%BD%20%EC%84%9C%EC%9A%B8%ED%8A%B9%EB%B3%84%EC%8B%9C%20%EC%9A%A9%EC%82%B0%EA%B5%AC%20%EC%84%9C%EB%B9%99%EA%B3%A0%EB%A1%9C%20137%28%EC%9A%A9%EC%82%B0%EB%8F%996%EA%B0%80%29
중구	태평로1가	금강반야바라밀경	서울특별시 중구 세종대로 136(태평로1가) 신한 파이낸스 센터	보물	37.568443	126.977744	https://map.naver.com/p/search/%EA%B8%88%EA%B0%95%EB%B0%98%EC%95%BC%EB%B0%94%EB%9D%BC%EB%B0%80%EA%B2%BD%20%EC%84%9C%EC%9A%B8%ED%8A%B9%EB%B3%84%EC%8B%9C%20%EC%A4%91%EA%B5%AC%20%EC%84%B8%EC%A2%85%EB%8C%80%EB%A1%9C%20136%28%ED%83%9C%ED%8F%89%EB%A1%9C1%EA%B0%80%29%20%EC%8B%A0%ED%95%9C%20%ED%8C%8C%EC%9D%B4%EB%82%B8%EC%8A%A4%20%EC%84%BC%ED%84%B0
용산구	용산동6가	안중근의사 유묵 - 용공난용연포기재	서울특별시 용산구 서빙고로 137(용산동6가)	보물	37.524087	126.980388	https://map.naver.com/p/search/%EC%95%88%EC%A4%91%EA%B7%BC%EC%9D%98%EC%82%AC%20%EC%9C%A0%EB%AC%B5%20-%20%EC%9A%A9%EA%B3%B5%EB%82%9C%EC%9A%A9%EC%97%B0%ED%8F%AC%EA%B8%B0%EC%9E%AC%20%EC%84%9C%EC%9A%B8%ED%8A%B9%EB%B3%84%EC%8B%9C%20%EC%9A%A9%EC%82%B0%EA%B5%AC%20%EC%84%9C%EB%B9%99%EA%B3%A0%EB%A1%9C%20137%28%EC%9A%A9%EC%82%B0%EB%8F%996%EA%B0%80%29
마포구	상수동	안중근의사 유묵 - 오노봉위필삼상작연지청천일장지사아복중시	서울특별시 마포구 와우산로 94(상수동)	보물	37.551224	126.92554	https://map.naver.com/p/search/%EC%95%88%EC%A4%91%EA%B7%BC%EC%9D%98%EC%82%AC%20%EC%9C%A0%EB%AC%B5%20-%20%EC%98%A4%EB%85%B8%EB%B4%89%EC%9C%84%ED%95%84%EC%82%BC%EC%83%81%EC%9E%91%EC%97%B0%EC%A7%80%EC%B2%AD%EC%B2%9C%EC%9D%BC%EC%9E%A5%EC%A7%80%EC%82%AC%EC%95%84%EB%B3%B5%EC%A4%91%EC%8B%9C%20%EC%84%9C%EC%9A%B8%ED%8A%B9%EB%B3%84%EC%8B%9C%20%EB%A7%88%ED%8F%AC%EA%B5%AC%20%EC%99%80%EC%9A%B0%EC%82%B0%EB%A1%9C%2094%28%EC%83%81%EC%88%98%EB%8F%99%29
동작구	상도동	안중근의사 유묵 - 인무원려난성대업	서울특별시 동작구 상도로 369(상도동)	보물	37.49669	126.957504	https://map.naver.com/p/search/%EC%95%88%EC%A4%91%EA%B7%BC%EC%9D%98%EC%82%AC%20%EC%9C%A0%EB%AC%B5%20-%20%EC%9D%B8%EB%AC%B4%EC%9B%90%EB%A0%A4%EB%82%9C%EC%84%B1%EB%8C%80%EC%97%85%20%EC%84%9C%EC%9A%B8%ED%8A%B9%EB%B3%84%EC%8B%9C%20%EB%8F%99%EC%9E%91%EA%B5%AC%20%EC%83%81%EB%8F%84%EB%A1%9C%20369%28%EC%83%81%EB%8F%84%EB%8F%99%29
용산구	용산동6가	전 고령 일괄 유물	서울특별시 용산구 서빙고로 137(용산동6가)	보물	37.524087	126.980388	https://map.naver.com/p/search/%EC%A0%84%20%EA%B3%A0%EB%A0%B9%20%EC%9D%BC%EA%B4%84%20%EC%9C%A0%EB%AC%BC%20%EC%84%9C%EC%9A%B8%ED%8A%B9%EB%B3%84%EC%8B%9C%20%EC%9A%A9%EC%82%B0%EA%B5%AC%20%EC%84%9C%EB%B9%99%EA%B3%A0%EB%A1%9C%20137%28%EC%9A%A9%EC%82%B0%EB%8F%996%EA%B0%80%29
서대문구	충정로2가	시천견록 및 서천견록	서울특별시 서대문구 충정로9길 10-10(충정로2가)	보물	37.565017	126.964891	https://map.naver.com/p/search/%EC%8B%9C%EC%B2%9C%EA%B2%AC%EB%A1%9D%20%EB%B0%8F%20%EC%84%9C%EC%B2%9C%EA%B2%AC%EB%A1%9D%20%EC%84%9C%EC%9A%B8%ED%8A%B9%EB%B3%84%EC%8B%9C%20%EC%84%9C%EB%8C%80%EB%AC%B8%EA%B5%AC%20%EC%B6%A9%EC%A0%95%EB%A1%9C9%EA%B8%B8%2010-10%28%EC%B6%A9%EC%A0%95%EB%A1%9C2%EA%B0%80%29
용산구	한남동	분청사기 상감‘정통5년’명 어문 반형 묘지	서울특별시 용산구 이태원로55길 60-16(한남동)	보물	37.538546	126.99881	https://map.naver.com/p/search/%EB%B6%84%EC%B2%AD%EC%82%AC%EA%B8%B0%20%EC%83%81%EA%B0%90%E2%80%98%EC%A0%95%ED%86%B55%EB%85%84%E2%80%99%EB%AA%85%20%EC%96%B4%EB%AC%B8%20%EB%B0%98%ED%98%95%20%EB%AC%98%EC%A7%80%20%EC%84%9C%EC%9A%B8%ED%8A%B9%EB%B3%84%EC%8B%9C%20%EC%9A%A9%EC%82%B0%EA%B5%AC%20%EC%9D%B4%ED%83%9C%EC%9B%90%EB%A1%9C55%EA%B8%B8%2060-16%28%ED%95%9C%EB%82%A8%EB%8F%99%29
서대문구	충정로2가	인천안목	서울특별시 서대문구 충정로9길 10-10(충정로2가)	보물	37.565017	126.964891	https://map.naver.com/p/search/%EC%9D%B8%EC%B2%9C%EC%95%88%EB%AA%A9%20%EC%84%9C%EC%9A%B8%ED%8A%B9%EB%B3%84%EC%8B%9C%20%EC%84%9C%EB%8C%80%EB%AC%B8%EA%B5%AC%20%EC%B6%A9%EC%A0%95%EB%A1%9C9%EA%B8%B8%2010-10%28%EC%B6%A9%EC%A0%95%EB%A1%9C2%EA%B0%80%29
중구	일산동|식사동	안중근의사 유묵 - 일일부독서구중생형극	경기도 고양시 일산동구 동국로 32 (식사동) 동국대바이오메디캠퍼스 산학협력관 수장고	보물	37.6777607	126.8069508	https://map.naver.com/p/search/%EC%95%88%EC%A4%91%EA%B7%BC%EC%9D%98%EC%82%AC%20%EC%9C%A0%EB%AC%B5%20-%20%EC%9D%BC%EC%9D%BC%EB%B6%80%EB%8F%85%EC%84%9C%EA%B5%AC%EC%A4%91%EC%83%9D%ED%98%95%EA%B7%B9%20%EA%B2%BD%EA%B8%B0%EB%8F%84%20%EA%B3%A0%EC%96%91%EC%8B%9C%20%EC%9D%BC%EC%82%B0%EB%8F%99%EA%B5%AC%20%EB%8F%99%EA%B5%AD%EB%A1%9C%2032%20%28%EC%8B%9D%EC%82%AC%EB%8F%99%29%20%EB%8F%99%EA%B5%AD%EB%8C%80%EB%B0%94%EC%9D%B4%EC%98%A4%EB%A9%94%EB%94%94%EC%BA%A0%ED%8D%BC%EC%8A%A4%20%EC%82%B0%ED%95%99%ED%98%91%EB%A0%A5%EA%B4%80%20%EC%88%98%EC%9E%A5%EA%B3%A0
종로구		안중근의사 유묵 - 치악의악식자부족여의	서울특별시 종로구 청와대로 1(세종로)	보물	37.586458	126.974838	https://map.naver.com/p/search/%EC%95%88%EC%A4%91%EA%B7%BC%EC%9D%98%EC%82%AC%20%EC%9C%A0%EB%AC%B5%20-%20%EC%B9%98%EC%95%85%EC%9D%98%EC%95%85%EC%8B%9D%EC%9E%90%EB%B6%80%EC%A1%B1%EC%97%AC%EC%9D%98%20%EC%84%9C%EC%9A%B8%ED%8A%B9%EB%B3%84%EC%8B%9C%20%EC%A2%85%EB%A1%9C%EA%B5%AC%20%EC%B2%AD%EC%99%80%EB%8C%80%EB%A1%9C%201%28%EC%84%B8%EC%A2%85%EB%A1%9C%29
성북구	성북동	괴산 외사리 승탑	서울특별시 성북구 성북로 102-11(성북동)	보물	37.594466	126.99622	https://map.naver.com/p/search/%EA%B4%B4%EC%82%B0%20%EC%99%B8%EC%82%AC%EB%A6%AC%20%EC%8A%B9%ED%83%91%20%EC%84%9C%EC%9A%B8%ED%8A%B9%EB%B3%84%EC%8B%9C%20%EC%84%B1%EB%B6%81%EA%B5%AC%20%EC%84%B1%EB%B6%81%EB%A1%9C%20102-11%28%EC%84%B1%EB%B6%81%EB%8F%99%29
성북구	성북동	허목 전서 한간문 등	서울특별시 성북구 선잠로 34-3(성북동, 브라운 메이) 302호	보물	37.5894	127.016749	https://map.naver.com/p/search/%ED%97%88%EB%AA%A9%20%EC%A0%84%EC%84%9C%20%ED%95%9C%EA%B0%84%EB%AC%B8%20%EB%93%B1%20%EC%84%9C%EC%9A%B8%ED%8A%B9%EB%B3%84%EC%8B%9C%20%EC%84%B1%EB%B6%81%EA%B5%AC%20%EC%84%A0%EC%9E%A0%EB%A1%9C%2034-3%28%EC%84%B1%EB%B6%81%EB%8F%99%2C%20%EB%B8%8C%EB%9D%BC%EC%9A%B4%20%EB%A9%94%EC%9D%B4%29%20302%ED%98%B8
용산구	한남동	안중근의사 유묵 - 연년세세화상사세세연년인부동	서울특별시 용산구 이태원로55길 60-16(한남동)	보물	37.538546	126.99881	https://map.naver.com/p/search/%EC%95%88%EC%A4%91%EA%B7%BC%EC%9D%98%EC%82%AC%20%EC%9C%A0%EB%AC%B5%20-%20%EC%97%B0%EB%85%84%EC%84%B8%EC%84%B8%ED%99%94%EC%83%81%EC%82%AC%EC%84%B8%EC%84%B8%EC%97%B0%EB%85%84%EC%9D%B8%EB%B6%80%EB%8F%99%20%EC%84%9C%EC%9A%B8%ED%8A%B9%EB%B3%84%EC%8B%9C%20%EC%9A%A9%EC%82%B0%EA%B5%AC%20%EC%9D%B4%ED%83%9C%EC%9B%90%EB%A1%9C55%EA%B8%B8%2060-16%28%ED%95%9C%EB%82%A8%EB%8F%99%29
동작구	상도동	안중근의사 유묵 - 동양대세사묘현유지남아기안면화국미성유강개정략부개진가련	서울특별시 동작구 상도로 369(상도동)	보물	37.49669	126.957504	https://map.naver.com/p/search/%EC%95%88%EC%A4%91%EA%B7%BC%EC%9D%98%EC%82%AC%20%EC%9C%A0%EB%AC%B5%20-%20%EB%8F%99%EC%96%91%EB%8C%80%EC%84%B8%EC%82%AC%EB%AC%98%ED%98%84%EC%9C%A0%EC%A7%80%EB%82%A8%EC%95%84%EA%B8%B0%EC%95%88%EB%A9%B4%ED%99%94%EA%B5%AD%EB%AF%B8%EC%84%B1%EC%9C%A0%EA%B0%95%EA%B0%9C%EC%A0%95%EB%9E%B5%EB%B6%80%EA%B0%9C%EC%A7%84%EA%B0%80%EB%A0%A8%20%EC%84%9C%EC%9A%B8%ED%8A%B9%EB%B3%84%EC%8B%9C%20%EB%8F%99%EC%9E%91%EA%B5%AC%20%EC%83%81%EB%8F%84%EB%A1%9C%20369%28%EC%83%81%EB%8F%84%EB%8F%99%29
동작구	상도동	안중근의사 유묵 - 제일강산	서울특별시 동작구 상도로 369(상도동)	보물	37.49669	126.957504	https://map.naver.com/p/search/%EC%95%88%EC%A4%91%EA%B7%BC%EC%9D%98%EC%82%AC%20%EC%9C%A0%EB%AC%B5%20-%20%EC%A0%9C%EC%9D%BC%EA%B0%95%EC%82%B0%20%EC%84%9C%EC%9A%B8%ED%8A%B9%EB%B3%84%EC%8B%9C%20%EB%8F%99%EC%9E%91%EA%B5%AC%20%EC%83%81%EB%8F%84%EB%A1%9C%20369%28%EC%83%81%EB%8F%84%EB%8F%99%29
서대문구	대현동	청자 투각고리문 의자	서울특별시 서대문구 이화여대길 52(대현동)	보물	37.56174	126.947245	https://map.naver.com/p/search/%EC%B2%AD%EC%9E%90%20%ED%88%AC%EA%B0%81%EA%B3%A0%EB%A6%AC%EB%AC%B8%20%EC%9D%98%EC%9E%90%20%EC%84%9C%EC%9A%B8%ED%8A%B9%EB%B3%84%EC%8B%9C%20%EC%84%9C%EB%8C%80%EB%AC%B8%EA%B5%AC%20%EC%9D%B4%ED%99%94%EC%97%AC%EB%8C%80%EA%B8%B8%2052%28%EB%8C%80%ED%98%84%EB%8F%99%29
성북구	안암동5가	홍무정운역훈 권3~16	서울특별시 성북구 안암로 145(안암동5가)	보물	37.58991	127.031812	https://map.naver.com/p/search/%ED%99%8D%EB%AC%B4%EC%A0%95%EC%9A%B4%EC%97%AD%ED%9B%88%20%EA%B6%8C3~16%20%EC%84%9C%EC%9A%B8%ED%8A%B9%EB%B3%84%EC%8B%9C%20%EC%84%B1%EB%B6%81%EA%B5%AC%20%EC%95%88%EC%95%94%EB%A1%9C%20145%28%EC%95%88%EC%95%94%EB%8F%995%EA%B0%80%29
중구	태평로1가	삼국유사 권2	서울특별시 중구 세종대로 136(태평로1가) 신한은행 파이낸스 센터	보물	37.568443	126.977744	https://map.naver.com/p/search/%EC%82%BC%EA%B5%AD%EC%9C%A0%EC%82%AC%20%EA%B6%8C2%20%EC%84%9C%EC%9A%B8%ED%8A%B9%EB%B3%84%EC%8B%9C%20%EC%A4%91%EA%B5%AC%20%EC%84%B8%EC%A2%85%EB%8C%80%EB%A1%9C%20136%28%ED%83%9C%ED%8F%89%EB%A1%9C1%EA%B0%80%29%20%EC%8B%A0%ED%95%9C%EC%9D%80%ED%96%89%20%ED%8C%8C%EC%9D%B4%EB%82%B8%EC%8A%A4%20%EC%84%BC%ED%84%B0
광진구	능동|화양동	이이 남매 화회문기	서울특별시 광진구 능동로 120(화양동)	보물	37.543888	127.075955	https://map.naver.com/p/search/%EC%9D%B4%EC%9D%B4%20%EB%82%A8%EB%A7%A4%20%ED%99%94%ED%9A%8C%EB%AC%B8%EA%B8%B0%20%EC%84%9C%EC%9A%B8%ED%8A%B9%EB%B3%84%EC%8B%9C%20%EA%B4%91%EC%A7%84%EA%B5%AC%20%EB%8A%A5%EB%8F%99%EB%A1%9C%20120%28%ED%99%94%EC%96%91%EB%8F%99%29
용산구	용산동6가	도기 녹유 탁잔	서울특별시 용산구 서빙고로 137(용산동6가)	보물	37.524087	126.980388	https://map.naver.com/p/search/%EB%8F%84%EA%B8%B0%20%EB%85%B9%EC%9C%A0%20%ED%83%81%EC%9E%94%20%EC%84%9C%EC%9A%B8%ED%8A%B9%EB%B3%84%EC%8B%9C%20%EC%9A%A9%EC%82%B0%EA%B5%AC%20%EC%84%9C%EB%B9%99%EA%B3%A0%EB%A1%9C%20137%28%EC%9A%A9%EC%82%B0%EB%8F%996%EA%B0%80%29
용산구	용산동6가	경주 노서동 금팔찌	서울특별시 용산구 서빙고로 137(용산동6가)	보물	37.524087	126.980388	https://map.naver.com/p/search/%EA%B2%BD%EC%A3%BC%20%EB%85%B8%EC%84%9C%EB%8F%99%20%EA%B8%88%ED%8C%94%EC%B0%8C%20%EC%84%9C%EC%9A%B8%ED%8A%B9%EB%B3%84%EC%8B%9C%20%EC%9A%A9%EC%82%B0%EA%B5%AC%20%EC%84%9C%EB%B9%99%EA%B3%A0%EB%A1%9C%20137%28%EC%9A%A9%EC%82%B0%EB%8F%996%EA%B0%80%29
용산구	용산동6가	경주 노서동 금귀걸이	서울특별시 용산구 서빙고로 137(용산동6가)	보물	37.524087	126.980388	https://map.naver.com/p/search/%EA%B2%BD%EC%A3%BC%20%EB%85%B8%EC%84%9C%EB%8F%99%20%EA%B8%88%EA%B7%80%EA%B1%B8%EC%9D%B4%20%EC%84%9C%EC%9A%B8%ED%8A%B9%EB%B3%84%EC%8B%9C%20%EC%9A%A9%EC%82%B0%EA%B5%AC%20%EC%84%9C%EB%B9%99%EA%B3%A0%EB%A1%9C%20137%28%EC%9A%A9%EC%82%B0%EB%8F%996%EA%B0%80%29
용산구	용산동6가	경주 노서동 금목걸이	서울특별시 용산구 서빙고로 137(용산동6가)	보물	37.524087	126.980388	https://map.naver.com/p/search/%EA%B2%BD%EC%A3%BC%20%EB%85%B8%EC%84%9C%EB%8F%99%20%EA%B8%88%EB%AA%A9%EA%B1%B8%EC%9D%B4%20%EC%84%9C%EC%9A%B8%ED%8A%B9%EB%B3%84%EC%8B%9C%20%EC%9A%A9%EC%82%B0%EA%B5%AC%20%EC%84%9C%EB%B9%99%EA%B3%A0%EB%A1%9C%20137%28%EC%9A%A9%EC%82%B0%EB%8F%996%EA%B0%80%29
동대문구	청량리동	대불정여래밀인수증요의제보살만행수능엄경(언해) 권7,8,9,10	서울특별시 동대문구 회기로 56(청량리동)	보물	37.591001	127.042714	https://map.naver.com/p/search/%EB%8C%80%EB%B6%88%EC%A0%95%EC%97%AC%EB%9E%98%EB%B0%80%EC%9D%B8%EC%88%98%EC%A6%9D%EC%9A%94%EC%9D%98%EC%A0%9C%EB%B3%B4%EC%82%B4%EB%A7%8C%ED%96%89%EC%88%98%EB%8A%A5%EC%97%84%EA%B2%BD%28%EC%96%B8%ED%95%B4%29%20%EA%B6%8C7%2C8%2C9%2C10%20%EC%84%9C%EC%9A%B8%ED%8A%B9%EB%B3%84%EC%8B%9C%20%EB%8F%99%EB%8C%80%EB%AC%B8%EA%B5%AC%20%ED%9A%8C%EA%B8%B0%EB%A1%9C%2056%28%EC%B2%AD%EB%9F%89%EB%A6%AC%EB%8F%99%29
서대문구	충정로2가	대불정여래밀인수증요의제보살만행수능엄경(언해) 권2, 3, 4, 6, 7, 8, 9, 10	서울특별시 서대문구 충정로9길 10-10(충정로2가)	보물	37.565017	126.964891	https://map.naver.com/p/search/%EB%8C%80%EB%B6%88%EC%A0%95%EC%97%AC%EB%9E%98%EB%B0%80%EC%9D%B8%EC%88%98%EC%A6%9D%EC%9A%94%EC%9D%98%EC%A0%9C%EB%B3%B4%EC%82%B4%EB%A7%8C%ED%96%89%EC%88%98%EB%8A%A5%EC%97%84%EA%B2%BD%28%EC%96%B8%ED%95%B4%29%20%EA%B6%8C2%2C%203%2C%204%2C%206%2C%207%2C%208%2C%209%2C%2010%20%EC%84%9C%EC%9A%B8%ED%8A%B9%EB%B3%84%EC%8B%9C%20%EC%84%9C%EB%8C%80%EB%AC%B8%EA%B5%AC%20%EC%B6%A9%EC%A0%95%EB%A1%9C9%EA%B8%B8%2010-10%28%EC%B6%A9%EC%A0%95%EB%A1%9C2%EA%B0%80%29
관악구	신림동	대불정여래밀인수증요의제보살만행수능엄경(언해)	서울 관악구 관악로 1,103호 동 서울대학교 규장각한국학연구원 (신림동,서울대학교)	보물	37.45337	126.957168	https://map.naver.com/p/search/%EB%8C%80%EB%B6%88%EC%A0%95%EC%97%AC%EB%9E%98%EB%B0%80%EC%9D%B8%EC%88%98%EC%A6%9D%EC%9A%94%EC%9D%98%EC%A0%9C%EB%B3%B4%EC%82%B4%EB%A7%8C%ED%96%89%EC%88%98%EB%8A%A5%EC%97%84%EA%B2%BD%28%EC%96%B8%ED%95%B4%29%20%EC%84%9C%EC%9A%B8%20%EA%B4%80%EC%95%85%EA%B5%AC%20%EA%B4%80%EC%95%85%EB%A1%9C%201%2C103%ED%98%B8%20%EB%8F%99%20%EC%84%9C%EC%9A%B8%EB%8C%80%ED%95%99%EA%B5%90%20%EA%B7%9C%EC%9E%A5%EA%B0%81%ED%95%9C%EA%B5%AD%ED%95%99%EC%97%B0%EA%B5%AC%EC%9B%90%20%28%EC%8B%A0%EB%A6%BC%EB%8F%99%2C%EC%84%9C%EC%9A%B8%EB%8C%80%ED%95%99%EA%B5%90%29
서대문구	충정로2가	묘법연화경 권4~7	서울특별시 서대문구 충정로9길 10-10(충정로2가)	보물	37.565017	126.964891	https://map.naver.com/p/search/%EB%AC%98%EB%B2%95%EC%97%B0%ED%99%94%EA%B2%BD%20%EA%B6%8C4~7%20%EC%84%9C%EC%9A%B8%ED%8A%B9%EB%B3%84%EC%8B%9C%20%EC%84%9C%EB%8C%80%EB%AC%B8%EA%B5%AC%20%EC%B6%A9%EC%A0%95%EB%A1%9C9%EA%B8%B8%2010-10%28%EC%B6%A9%EC%A0%95%EB%A1%9C2%EA%B0%80%29
중구	태평로1가	대불정여래밀인수증요의제보살만행수능엄경 권6~10	서울특별시 중구 세종대로 136(태평로1가) 신한은행 파이낸스 센터	보물	37.568443	126.977744	https://map.naver.com/p/search/%EB%8C%80%EB%B6%88%EC%A0%95%EC%97%AC%EB%9E%98%EB%B0%80%EC%9D%B8%EC%88%98%EC%A6%9D%EC%9A%94%EC%9D%98%EC%A0%9C%EB%B3%B4%EC%82%B4%EB%A7%8C%ED%96%89%EC%88%98%EB%8A%A5%EC%97%84%EA%B2%BD%20%EA%B6%8C6~10%20%EC%84%9C%EC%9A%B8%ED%8A%B9%EB%B3%84%EC%8B%9C%20%EC%A4%91%EA%B5%AC%20%EC%84%B8%EC%A2%85%EB%8C%80%EB%A1%9C%20136%28%ED%83%9C%ED%8F%89%EB%A1%9C1%EA%B0%80%29%20%EC%8B%A0%ED%95%9C%EC%9D%80%ED%96%89%20%ED%8C%8C%EC%9D%B4%EB%82%B8%EC%8A%A4%20%EC%84%BC%ED%84%B0
용산구	용산동6가	선림보훈	서울특별시 용산구 서빙고로 137(용산동6가)	보물	37.524087	126.980388	https://map.naver.com/p/search/%EC%84%A0%EB%A6%BC%EB%B3%B4%ED%9B%88%20%EC%84%9C%EC%9A%B8%ED%8A%B9%EB%B3%84%EC%8B%9C%20%EC%9A%A9%EC%82%B0%EA%B5%AC%20%EC%84%9C%EB%B9%99%EA%B3%A0%EB%A1%9C%20137%28%EC%9A%A9%EC%82%B0%EB%8F%996%EA%B0%80%29
용산구	용산동6가	불설대보부모은중경	서울특별시 용산구 서빙고로 137(용산동6가)	보물	37.524087	126.980388	https://map.naver.com/p/search/%EB%B6%88%EC%84%A4%EB%8C%80%EB%B3%B4%EB%B6%80%EB%AA%A8%EC%9D%80%EC%A4%91%EA%B2%BD%20%EC%84%9C%EC%9A%B8%ED%8A%B9%EB%B3%84%EC%8B%9C%20%EC%9A%A9%EC%82%B0%EA%B5%AC%20%EC%84%9C%EB%B9%99%EA%B3%A0%EB%A1%9C%20137%28%EC%9A%A9%EC%82%B0%EB%8F%996%EA%B0%80%29
서대문구	충정로2가	동인지문사육 권13~15	서울특별시 서대문구 충정로9길 10-10(충정로2가)	보물	37.565017	126.964891	https://map.naver.com/p/search/%EB%8F%99%EC%9D%B8%EC%A7%80%EB%AC%B8%EC%82%AC%EC%9C%A1%20%EA%B6%8C13~15%20%EC%84%9C%EC%9A%B8%ED%8A%B9%EB%B3%84%EC%8B%9C%20%EC%84%9C%EB%8C%80%EB%AC%B8%EA%B5%AC%20%EC%B6%A9%EC%A0%95%EB%A1%9C9%EA%B8%B8%2010-10%28%EC%B6%A9%EC%A0%95%EB%A1%9C2%EA%B0%80%29
중구	필동|필동3가	금강반야경소론찬요조현록	서울특별시 중구 필동로1길 30(필동3가)	보물	37.558258	127.000187	https://map.naver.com/p/search/%EA%B8%88%EA%B0%95%EB%B0%98%EC%95%BC%EA%B2%BD%EC%86%8C%EB%A1%A0%EC%B0%AC%EC%9A%94%EC%A1%B0%ED%98%84%EB%A1%9D%20%EC%84%9C%EC%9A%B8%ED%8A%B9%EB%B3%84%EC%8B%9C%20%EC%A4%91%EA%B5%AC%20%ED%95%84%EB%8F%99%EB%A1%9C1%EA%B8%B8%2030%28%ED%95%84%EB%8F%993%EA%B0%80%29
중구	일산동|식사동	감지은니 보살선계경 권8	경기도 고양시 일산동구 동국로 32 (식사동) 동국대바이오메디캠퍼스 산학협력관 수장고	보물	37.6777607	126.8069508	https://map.naver.com/p/search/%EA%B0%90%EC%A7%80%EC%9D%80%EB%8B%88%20%EB%B3%B4%EC%82%B4%EC%84%A0%EA%B3%84%EA%B2%BD%20%EA%B6%8C8%20%EA%B2%BD%EA%B8%B0%EB%8F%84%20%EA%B3%A0%EC%96%91%EC%8B%9C%20%EC%9D%BC%EC%82%B0%EB%8F%99%EA%B5%AC%20%EB%8F%99%EA%B5%AD%EB%A1%9C%2032%20%28%EC%8B%9D%EC%82%AC%EB%8F%99%29%20%EB%8F%99%EA%B5%AD%EB%8C%80%EB%B0%94%EC%9D%B4%EC%98%A4%EB%A9%94%EB%94%94%EC%BA%A0%ED%8D%BC%EC%8A%A4%20%EC%82%B0%ED%95%99%ED%98%91%EB%A0%A5%EA%B4%80%20%EC%88%98%EC%9E%A5%EA%B3%A0
중구	일산동|식사동	정조 필 파초도	경기도 고양시 일산동구 동국로 32 (식사동) 동국대바이오메디캠퍼스 산학협력관 수장고	보물	37.6777607	126.8069508	https://map.naver.com/p/search/%EC%A0%95%EC%A1%B0%20%ED%95%84%20%ED%8C%8C%EC%B4%88%EB%8F%84%20%EA%B2%BD%EA%B8%B0%EB%8F%84%20%EA%B3%A0%EC%96%91%EC%8B%9C%20%EC%9D%BC%EC%82%B0%EB%8F%99%EA%B5%AC%20%EB%8F%99%EA%B5%AD%EB%A1%9C%2032%20%28%EC%8B%9D%EC%82%AC%EB%8F%99%29%20%EB%8F%99%EA%B5%AD%EB%8C%80%EB%B0%94%EC%9D%B4%EC%98%A4%EB%A9%94%EB%94%94%EC%BA%A0%ED%8D%BC%EC%8A%A4%20%EC%82%B0%ED%95%99%ED%98%91%EB%A0%A5%EA%B4%80%20%EC%88%98%EC%9E%A5%EA%B3%A0
마포구	신수동	월인석보 권1~2	서울특별시 마포구 백범로 35(신수동)	보물	37.551713	126.941063	https://map.naver.com/p/search/%EC%9B%94%EC%9D%B8%EC%84%9D%EB%B3%B4%20%EA%B6%8C1~2%20%EC%84%9C%EC%9A%B8%ED%8A%B9%EB%B3%84%EC%8B%9C%20%EB%A7%88%ED%8F%AC%EA%B5%AC%20%EB%B0%B1%EB%B2%94%EB%A1%9C%2035%28%EC%8B%A0%EC%88%98%EB%8F%99%29
중구	필동|필동3가	월인석보 권7, 8	서울특별시 중구 필동로1길 30(필동3가)	보물	37.558258	127.000187	https://map.naver.com/p/search/%EC%9B%94%EC%9D%B8%EC%84%9D%EB%B3%B4%20%EA%B6%8C7%2C%208%20%EC%84%9C%EC%9A%B8%ED%8A%B9%EB%B3%84%EC%8B%9C%20%EC%A4%91%EA%B5%AC%20%ED%95%84%EB%8F%99%EB%A1%9C1%EA%B8%B8%2030%28%ED%95%84%EB%8F%993%EA%B0%80%29
용산구	용산동6가	월인석보 권9, 10	서울특별시 용산구 서빙고로 139(용산동6가)	보물	37.521182	126.980919	https://map.naver.com/p/search/%EC%9B%94%EC%9D%B8%EC%84%9D%EB%B3%B4%20%EA%B6%8C9%2C%2010%20%EC%84%9C%EC%9A%B8%ED%8A%B9%EB%B3%84%EC%8B%9C%20%EC%9A%A9%EC%82%B0%EA%B5%AC%20%EC%84%9C%EB%B9%99%EA%B3%A0%EB%A1%9C%20139%28%EC%9A%A9%EC%82%B0%EB%8F%996%EA%B0%80%29
서대문구	신촌동	월인석보 권13, 14	서울특별시 서대문구 연세로 50(신촌동)	보물	37.567113	126.939029	https://map.naver.com/p/search/%EC%9B%94%EC%9D%B8%EC%84%9D%EB%B3%B4%20%EA%B6%8C13%2C%2014%20%EC%84%9C%EC%9A%B8%ED%8A%B9%EB%B3%84%EC%8B%9C%20%EC%84%9C%EB%8C%80%EB%AC%B8%EA%B5%AC%20%EC%97%B0%EC%84%B8%EB%A1%9C%2050%28%EC%8B%A0%EC%B4%8C%EB%8F%99%29
용산구	용산동6가	월인석보 권21	서울특별시 용산구 서빙고로 137(용산동6가)	보물	37.524087	126.980388	https://map.naver.com/p/search/%EC%9B%94%EC%9D%B8%EC%84%9D%EB%B3%B4%20%EA%B6%8C21%20%EC%84%9C%EC%9A%B8%ED%8A%B9%EB%B3%84%EC%8B%9C%20%EC%9A%A9%EC%82%B0%EA%B5%AC%20%EC%84%9C%EB%B9%99%EA%B3%A0%EB%A1%9C%20137%28%EC%9A%A9%EC%82%B0%EB%8F%996%EA%B0%80%29
종로구	평창동	월인석보 권22	서울특별시 종로구 평창44길 14(평창동)	보물	37.573521	126.978835	https://map.naver.com/p/search/%EC%9B%94%EC%9D%B8%EC%84%9D%EB%B3%B4%20%EA%B6%8C22%20%EC%84%9C%EC%9A%B8%ED%8A%B9%EB%B3%84%EC%8B%9C%20%EC%A2%85%EB%A1%9C%EA%B5%AC%20%ED%8F%89%EC%B0%BD44%EA%B8%B8%2014%28%ED%8F%89%EC%B0%BD%EB%8F%99%29
종로구	평창동	월인석보 권23	서울특별시 종로구 평창44길 14(평창동)	보물	37.573521	126.978835	https://map.naver.com/p/search/%EC%9B%94%EC%9D%B8%EC%84%9D%EB%B3%B4%20%EA%B6%8C23%20%EC%84%9C%EC%9A%B8%ED%8A%B9%EB%B3%84%EC%8B%9C%20%EC%A2%85%EB%A1%9C%EA%B5%AC%20%ED%8F%89%EC%B0%BD44%EA%B8%B8%2014%28%ED%8F%89%EC%B0%BD%EB%8F%99%29
용산구	한남동	김시 필 동자견려도	서울특별시 용산구 이태원로55길 60-16(한남동)	보물	37.538546	126.99881	https://map.naver.com/p/search/%EA%B9%80%EC%8B%9C%20%ED%95%84%20%EB%8F%99%EC%9E%90%EA%B2%AC%EB%A0%A4%EB%8F%84%20%EC%84%9C%EC%9A%B8%ED%8A%B9%EB%B3%84%EC%8B%9C%20%EC%9A%A9%EC%82%B0%EA%B5%AC%20%EC%9D%B4%ED%83%9C%EC%9B%90%EB%A1%9C55%EA%B8%B8%2060-16%28%ED%95%9C%EB%82%A8%EB%8F%99%29
성북구	솔샘로15가|정릉동	서울 경국사 목각아미타여래설법상	서울특별시 성북구 솔샘로15가길 52-6(정릉동)	보물	37.614192	127.002165	https://map.naver.com/p/search/%EC%84%9C%EC%9A%B8%20%EA%B2%BD%EA%B5%AD%EC%82%AC%20%EB%AA%A9%EA%B0%81%EC%95%84%EB%AF%B8%ED%83%80%EC%97%AC%EB%9E%98%EC%84%A4%EB%B2%95%EC%83%81%20%EC%84%9C%EC%9A%B8%ED%8A%B9%EB%B3%84%EC%8B%9C%20%EC%84%B1%EB%B6%81%EA%B5%AC%20%EC%86%94%EC%83%98%EB%A1%9C15%EA%B0%80%EA%B8%B8%2052-6%28%EC%A0%95%EB%A6%89%EB%8F%99%29
관악구	신림동	감지은니 대방광불화엄경 정원본 권34	서울특별시 관악구 남부순환로152길 53(신림동)	보물	37.480982	126.918218	https://map.naver.com/p/search/%EA%B0%90%EC%A7%80%EC%9D%80%EB%8B%88%20%EB%8C%80%EB%B0%A9%EA%B4%91%EB%B6%88%ED%99%94%EC%97%84%EA%B2%BD%20%EC%A0%95%EC%9B%90%EB%B3%B8%20%EA%B6%8C34%20%EC%84%9C%EC%9A%B8%ED%8A%B9%EB%B3%84%EC%8B%9C%20%EA%B4%80%EC%95%85%EA%B5%AC%20%EB%82%A8%EB%B6%80%EC%88%9C%ED%99%98%EB%A1%9C152%EA%B8%B8%2053%28%EC%8B%A0%EB%A6%BC%EB%8F%99%29
관악구	신림동	감지금니 대방광불화엄경입불사의해탈경계보현행원품	서울특별시 관악구 남부순환로152길 53(신림동)	보물	37.480982	126.918218	https://map.naver.com/p/search/%EA%B0%90%EC%A7%80%EA%B8%88%EB%8B%88%20%EB%8C%80%EB%B0%A9%EA%B4%91%EB%B6%88%ED%99%94%EC%97%84%EA%B2%BD%EC%9E%85%EB%B6%88%EC%82%AC%EC%9D%98%ED%95%B4%ED%83%88%EA%B2%BD%EA%B3%84%EB%B3%B4%ED%98%84%ED%96%89%EC%9B%90%ED%92%88%20%EC%84%9C%EC%9A%B8%ED%8A%B9%EB%B3%84%EC%8B%9C%20%EA%B4%80%EC%95%85%EA%B5%AC%20%EB%82%A8%EB%B6%80%EC%88%9C%ED%99%98%EB%A1%9C152%EA%B8%B8%2053%28%EC%8B%A0%EB%A6%BC%EB%8F%99%29
관악구	신림동	상지금니 대방광원각수다라요의경	서울특별시 관악구 남부순환로152길 53(신림동)	보물	37.480982	126.918218	https://map.naver.com/p/search/%EC%83%81%EC%A7%80%EA%B8%88%EB%8B%88%20%EB%8C%80%EB%B0%A9%EA%B4%91%EC%9B%90%EA%B0%81%EC%88%98%EB%8B%A4%EB%9D%BC%EC%9A%94%EC%9D%98%EA%B2%BD%20%EC%84%9C%EC%9A%B8%ED%8A%B9%EB%B3%84%EC%8B%9C%20%EA%B4%80%EC%95%85%EA%B5%AC%20%EB%82%A8%EB%B6%80%EC%88%9C%ED%99%98%EB%A1%9C152%EA%B8%B8%2053%28%EC%8B%A0%EB%A6%BC%EB%8F%99%29
중구	필동|필동3가	몽산화상법어약록(언해)	서울특별시 중구 필동로1길 30(필동3가)	보물	37.558258	127.000187	https://map.naver.com/p/search/%EB%AA%BD%EC%82%B0%ED%99%94%EC%83%81%EB%B2%95%EC%96%B4%EC%95%BD%EB%A1%9D%28%EC%96%B8%ED%95%B4%29%20%EC%84%9C%EC%9A%B8%ED%8A%B9%EB%B3%84%EC%8B%9C%20%EC%A4%91%EA%B5%AC%20%ED%95%84%EB%8F%99%EB%A1%9C1%EA%B8%B8%2030%28%ED%95%84%EB%8F%993%EA%B0%80%29
서초구	잠원동	몽산화상법어약록(언해)	서울특별시 서초구 강남대로91길 16(잠원동)	보물	37.512181	127.019821	https://map.naver.com/p/search/%EB%AA%BD%EC%82%B0%ED%99%94%EC%83%81%EB%B2%95%EC%96%B4%EC%95%BD%EB%A1%9D%28%EC%96%B8%ED%95%B4%29%20%EC%84%9C%EC%9A%B8%ED%8A%B9%EB%B3%84%EC%8B%9C%20%EC%84%9C%EC%B4%88%EA%B5%AC%20%EA%B0%95%EB%82%A8%EB%8C%80%EB%A1%9C91%EA%B8%B8%2016%28%EC%9E%A0%EC%9B%90%EB%8F%99%29
관악구	신림동	몽산화상법어약록(언해)	서울특별시 관악구 남부순환로152길 53(신림동)	보물	37.480982	126.918218	https://map.naver.com/p/search/%EB%AA%BD%EC%82%B0%ED%99%94%EC%83%81%EB%B2%95%EC%96%B4%EC%95%BD%EB%A1%9D%28%EC%96%B8%ED%95%B4%29%20%EC%84%9C%EC%9A%B8%ED%8A%B9%EB%B3%84%EC%8B%9C%20%EA%B4%80%EC%95%85%EA%B5%AC%20%EB%82%A8%EB%B6%80%EC%88%9C%ED%99%98%EB%A1%9C152%EA%B8%B8%2053%28%EC%8B%A0%EB%A6%BC%EB%8F%99%29
용산구	용산동6가	몽산화상법어약록(언해)	서울특별시 용산구 서빙고로 137(용산동6가)	보물	37.524087	126.980388	https://map.naver.com/p/search/%EB%AA%BD%EC%82%B0%ED%99%94%EC%83%81%EB%B2%95%EC%96%B4%EC%95%BD%EB%A1%9D%28%EC%96%B8%ED%95%B4%29%20%EC%84%9C%EC%9A%B8%ED%8A%B9%EB%B3%84%EC%8B%9C%20%EC%9A%A9%EC%82%B0%EA%B5%AC%20%EC%84%9C%EB%B9%99%EA%B3%A0%EB%A1%9C%20137%28%EC%9A%A9%EC%82%B0%EB%8F%996%EA%B0%80%29
동대문구	청량리동	몽산화상법어약록(언해)	서울특별시 동대문구 회기로 56(청량리동)	보물	37.591001	127.042714	https://map.naver.com/p/search/%EB%AA%BD%EC%82%B0%ED%99%94%EC%83%81%EB%B2%95%EC%96%B4%EC%95%BD%EB%A1%9D%28%EC%96%B8%ED%95%B4%29%20%EC%84%9C%EC%9A%B8%ED%8A%B9%EB%B3%84%EC%8B%9C%20%EB%8F%99%EB%8C%80%EB%AC%B8%EA%B5%AC%20%ED%9A%8C%EA%B8%B0%EB%A1%9C%2056%28%EC%B2%AD%EB%9F%89%EB%A6%AC%EB%8F%99%29
관악구	신림동	목우자수심결(언해)	서울 관악구 관악로 1,103호 동 서울대학교 규장각한국학연구원 (신림동,서울대학교)	보물	37.45337	126.957168	https://map.naver.com/p/search/%EB%AA%A9%EC%9A%B0%EC%9E%90%EC%88%98%EC%8B%AC%EA%B2%B0%28%EC%96%B8%ED%95%B4%29%20%EC%84%9C%EC%9A%B8%20%EA%B4%80%EC%95%85%EA%B5%AC%20%EA%B4%80%EC%95%85%EB%A1%9C%201%2C103%ED%98%B8%20%EB%8F%99%20%EC%84%9C%EC%9A%B8%EB%8C%80%ED%95%99%EA%B5%90%20%EA%B7%9C%EC%9E%A5%EA%B0%81%ED%95%9C%EA%B5%AD%ED%95%99%EC%97%B0%EA%B5%AC%EC%9B%90%20%28%EC%8B%A0%EB%A6%BC%EB%8F%99%2C%EC%84%9C%EC%9A%B8%EB%8C%80%ED%95%99%EA%B5%90%29
관악구	신림동	반야바라밀다심경약소(언해)	서울 관악구 관악로 1,103호 동 서울대학교 규장각한국학연구원 (신림동,서울대학교)	보물	37.45337	126.957168	https://map.naver.com/p/search/%EB%B0%98%EC%95%BC%EB%B0%94%EB%9D%BC%EB%B0%80%EB%8B%A4%EC%8B%AC%EA%B2%BD%EC%95%BD%EC%86%8C%28%EC%96%B8%ED%95%B4%29%20%EC%84%9C%EC%9A%B8%20%EA%B4%80%EC%95%85%EA%B5%AC%20%EA%B4%80%EC%95%85%EB%A1%9C%201%2C103%ED%98%B8%20%EB%8F%99%20%EC%84%9C%EC%9A%B8%EB%8C%80%ED%95%99%EA%B5%90%20%EA%B7%9C%EC%9E%A5%EA%B0%81%ED%95%9C%EA%B5%AD%ED%95%99%EC%97%B0%EA%B5%AC%EC%9B%90%20%28%EC%8B%A0%EB%A6%BC%EB%8F%99%2C%EC%84%9C%EC%9A%B8%EB%8C%80%ED%95%99%EA%B5%90%29
동대문구	청량리동	금강경삼가해 권1, 5	서울특별시 동대문구 회기로 56(청량리동)	보물	37.591001	127.042714	https://map.naver.com/p/search/%EA%B8%88%EA%B0%95%EA%B2%BD%EC%82%BC%EA%B0%80%ED%95%B4%20%EA%B6%8C1%2C%205%20%EC%84%9C%EC%9A%B8%ED%8A%B9%EB%B3%84%EC%8B%9C%20%EB%8F%99%EB%8C%80%EB%AC%B8%EA%B5%AC%20%ED%9A%8C%EA%B8%B0%EB%A1%9C%2056%28%EC%B2%AD%EB%9F%89%EB%A6%AC%EB%8F%99%29
관악구		금강경삼가해 권2, 3, 4, 5	서울특별시 관악구 관악로 1,103호 동 서울특별시대학교 규장각한국학연구원	보물	37.464007	126.952239	https://map.naver.com/p/search/%EA%B8%88%EA%B0%95%EA%B2%BD%EC%82%BC%EA%B0%80%ED%95%B4%20%EA%B6%8C2%2C%203%2C%204%2C%205%20%EC%84%9C%EC%9A%B8%ED%8A%B9%EB%B3%84%EC%8B%9C%20%EA%B4%80%EC%95%85%EA%B5%AC%20%EA%B4%80%EC%95%85%EB%A1%9C%201%2C103%ED%98%B8%20%EB%8F%99%20%EC%84%9C%EC%9A%B8%ED%8A%B9%EB%B3%84%EC%8B%9C%EB%8C%80%ED%95%99%EA%B5%90%20%EA%B7%9C%EC%9E%A5%EA%B0%81%ED%95%9C%EA%B5%AD%ED%95%99%EC%97%B0%EA%B5%AC%EC%9B%90
중구	필동|필동3가	선종영가집(언해)	서울특별시 중구 필동로1길 30(필동3가)	보물	37.558258	127.000187	https://map.naver.com/p/search/%EC%84%A0%EC%A2%85%EC%98%81%EA%B0%80%EC%A7%91%28%EC%96%B8%ED%95%B4%29%20%EC%84%9C%EC%9A%B8%ED%8A%B9%EB%B3%84%EC%8B%9C%20%EC%A4%91%EA%B5%AC%20%ED%95%84%EB%8F%99%EB%A1%9C1%EA%B8%B8%2030%28%ED%95%84%EB%8F%993%EA%B0%80%29
중구	신당동	금강반야바라밀경	서울특별시 중구 다산로 177(신당동) 우리은행 청구역점 (신당동)	보물	37.559473	127.012993	https://map.naver.com/p/search/%EA%B8%88%EA%B0%95%EB%B0%98%EC%95%BC%EB%B0%94%EB%9D%BC%EB%B0%80%EA%B2%BD%20%EC%84%9C%EC%9A%B8%ED%8A%B9%EB%B3%84%EC%8B%9C%20%EC%A4%91%EA%B5%AC%20%EB%8B%A4%EC%82%B0%EB%A1%9C%20177%28%EC%8B%A0%EB%8B%B9%EB%8F%99%29%20%EC%9A%B0%EB%A6%AC%EC%9D%80%ED%96%89%20%EC%B2%AD%EA%B5%AC%EC%97%AD%EC%A0%90%20%28%EC%8B%A0%EB%8B%B9%EB%8F%99%29
용산구	용산동6가	환두대도	서울특별시 용산구 서빙고로 137(용산동6가)	보물	37.524087	126.980388	https://map.naver.com/p/search/%ED%99%98%EB%91%90%EB%8C%80%EB%8F%84%20%EC%84%9C%EC%9A%B8%ED%8A%B9%EB%B3%84%EC%8B%9C%20%EC%9A%A9%EC%82%B0%EA%B5%AC%20%EC%84%9C%EB%B9%99%EA%B3%A0%EB%A1%9C%20137%28%EC%9A%A9%EC%82%B0%EB%8F%996%EA%B0%80%29
용산구	한남동	금동 자물쇠 일괄	서울특별시 용산구 이태원로55길 60-16(한남동)	보물	37.538546	126.99881	https://map.naver.com/p/search/%EA%B8%88%EB%8F%99%20%EC%9E%90%EB%AC%BC%EC%87%A0%20%EC%9D%BC%EA%B4%84%20%EC%84%9C%EC%9A%B8%ED%8A%B9%EB%B3%84%EC%8B%9C%20%EC%9A%A9%EC%82%B0%EA%B5%AC%20%EC%9D%B4%ED%83%9C%EC%9B%90%EB%A1%9C55%EA%B8%B8%2060-16%28%ED%95%9C%EB%82%A8%EB%8F%99%29
용산구	한남동	청동 은입사 포류수금문 향완	서울특별시 용산구 이태원로55길 60-16(한남동)	보물	37.538546	126.99881	https://map.naver.com/p/search/%EC%B2%AD%EB%8F%99%20%EC%9D%80%EC%9E%85%EC%82%AC%20%ED%8F%AC%EB%A5%98%EC%88%98%EA%B8%88%EB%AC%B8%20%ED%96%A5%EC%99%84%20%EC%84%9C%EC%9A%B8%ED%8A%B9%EB%B3%84%EC%8B%9C%20%EC%9A%A9%EC%82%B0%EA%B5%AC%20%EC%9D%B4%ED%83%9C%EC%9B%90%EB%A1%9C55%EA%B8%B8%2060-16%28%ED%95%9C%EB%82%A8%EB%8F%99%29
중구	태평로1가	장승법수	서울특별시 중구 세종대로 136(태평로1가) 신한 파이낸스 센터	보물	37.568443	126.977744	https://map.naver.com/p/search/%EC%9E%A5%EC%8A%B9%EB%B2%95%EC%88%98%20%EC%84%9C%EC%9A%B8%ED%8A%B9%EB%B3%84%EC%8B%9C%20%EC%A4%91%EA%B5%AC%20%EC%84%B8%EC%A2%85%EB%8C%80%EB%A1%9C%20136%28%ED%83%9C%ED%8F%89%EB%A1%9C1%EA%B0%80%29%20%EC%8B%A0%ED%95%9C%20%ED%8C%8C%EC%9D%B4%EB%82%B8%EC%8A%A4%20%EC%84%BC%ED%84%B0
중구	태평로1가	설곡시고	서울특별시 중구 세종대로 136(태평로1가) 신한은행 파이낸스 센터	보물	37.568443	126.977744	https://map.naver.com/p/search/%EC%84%A4%EA%B3%A1%EC%8B%9C%EA%B3%A0%20%EC%84%9C%EC%9A%B8%ED%8A%B9%EB%B3%84%EC%8B%9C%20%EC%A4%91%EA%B5%AC%20%EC%84%B8%EC%A2%85%EB%8C%80%EB%A1%9C%20136%28%ED%83%9C%ED%8F%89%EB%A1%9C1%EA%B0%80%29%20%EC%8B%A0%ED%95%9C%EC%9D%80%ED%96%89%20%ED%8C%8C%EC%9D%B4%EB%82%B8%EC%8A%A4%20%EC%84%BC%ED%84%B0
성북구	안암동5가	동인지문사육 권1~6	서울특별시 성북구 안암로 145(안암동5가)	보물	37.58991	127.031812	https://map.naver.com/p/search/%EB%8F%99%EC%9D%B8%EC%A7%80%EB%AC%B8%EC%82%AC%EC%9C%A1%20%EA%B6%8C1~6%20%EC%84%9C%EC%9A%B8%ED%8A%B9%EB%B3%84%EC%8B%9C%20%EC%84%B1%EB%B6%81%EA%B5%AC%20%EC%95%88%EC%95%94%EB%A1%9C%20145%28%EC%95%88%EC%95%94%EB%8F%995%EA%B0%80%29
서초구	반포동	동인지문사육 권10~12	서울특별시 서초구 반포대로 201(반포동)	보물	37.49743	127.003102	https://map.naver.com/p/search/%EB%8F%99%EC%9D%B8%EC%A7%80%EB%AC%B8%EC%82%AC%EC%9C%A1%20%EA%B6%8C10~12%20%EC%84%9C%EC%9A%B8%ED%8A%B9%EB%B3%84%EC%8B%9C%20%EC%84%9C%EC%B4%88%EA%B5%AC%20%EB%B0%98%ED%8F%AC%EB%8C%80%EB%A1%9C%20201%28%EB%B0%98%ED%8F%AC%EB%8F%99%29
용산구	용산동6가	나옹화상어록 및 나옹화상가송	서울특별시 용산구 서빙고로 137(용산동6가)	보물	37.524087	126.980388	https://map.naver.com/p/search/%EB%82%98%EC%98%B9%ED%99%94%EC%83%81%EC%96%B4%EB%A1%9D%20%EB%B0%8F%20%EB%82%98%EC%98%B9%ED%99%94%EC%83%81%EA%B0%80%EC%86%A1%20%EC%84%9C%EC%9A%B8%ED%8A%B9%EB%B3%84%EC%8B%9C%20%EC%9A%A9%EC%82%B0%EA%B5%AC%20%EC%84%9C%EB%B9%99%EA%B3%A0%EB%A1%9C%20137%28%EC%9A%A9%EC%82%B0%EB%8F%996%EA%B0%80%29
종로구	구기동	장승법수	서울특별시 종로구 진흥로22나길 77 (구기동)	보물	37.6066703	126.9541096	https://map.naver.com/p/search/%EC%9E%A5%EC%8A%B9%EB%B2%95%EC%88%98%20%EC%84%9C%EC%9A%B8%ED%8A%B9%EB%B3%84%EC%8B%9C%20%EC%A2%85%EB%A1%9C%EA%B5%AC%20%EC%A7%84%ED%9D%A5%EB%A1%9C22%EB%82%98%EA%B8%B8%2077%20%28%EA%B5%AC%EA%B8%B0%EB%8F%99%29
중구	태평로1가	삼국사기 권44~50	서울특별시 중구 세종대로 136(태평로1가) 신한은행 파이낸스 센터	보물	37.568443	126.977744	https://map.naver.com/p/search/%EC%82%BC%EA%B5%AD%EC%82%AC%EA%B8%B0%20%EA%B6%8C44~50%20%EC%84%9C%EC%9A%B8%ED%8A%B9%EB%B3%84%EC%8B%9C%20%EC%A4%91%EA%B5%AC%20%EC%84%B8%EC%A2%85%EB%8C%80%EB%A1%9C%20136%28%ED%83%9C%ED%8F%89%EB%A1%9C1%EA%B0%80%29%20%EC%8B%A0%ED%95%9C%EC%9D%80%ED%96%89%20%ED%8C%8C%EC%9D%B4%EB%82%B8%EC%8A%A4%20%EC%84%BC%ED%84%B0
서대문구	신촌동	정명경집해관중소 권3~4	서울특별시 서대문구 연세로 50(신촌동)	보물	37.567113	126.939029	https://map.naver.com/p/search/%EC%A0%95%EB%AA%85%EA%B2%BD%EC%A7%91%ED%95%B4%EA%B4%80%EC%A4%91%EC%86%8C%20%EA%B6%8C3~4%20%EC%84%9C%EC%9A%B8%ED%8A%B9%EB%B3%84%EC%8B%9C%20%EC%84%9C%EB%8C%80%EB%AC%B8%EA%B5%AC%20%EC%97%B0%EC%84%B8%EB%A1%9C%2050%28%EC%8B%A0%EC%B4%8C%EB%8F%99%29
용산구	용산동6가	대불정여래밀인수증요의제보살만행수능엄경 권6~10	서울특별시 용산구 서빙고로 137(용산동6가)	보물	37.524087	126.980388	https://map.naver.com/p/search/%EB%8C%80%EB%B6%88%EC%A0%95%EC%97%AC%EB%9E%98%EB%B0%80%EC%9D%B8%EC%88%98%EC%A6%9D%EC%9A%94%EC%9D%98%EC%A0%9C%EB%B3%B4%EC%82%B4%EB%A7%8C%ED%96%89%EC%88%98%EB%8A%A5%EC%97%84%EA%B2%BD%20%EA%B6%8C6~10%20%EC%84%9C%EC%9A%B8%ED%8A%B9%EB%B3%84%EC%8B%9C%20%EC%9A%A9%EC%82%B0%EA%B5%AC%20%EC%84%9C%EB%B9%99%EA%B3%A0%EB%A1%9C%20137%28%EC%9A%A9%EC%82%B0%EB%8F%996%EA%B0%80%29
중구	태평로1가	호법론	서울특별시 중구 세종대로 136(태평로1가) 신한 파이낸스 센터	보물	37.568443	126.977744	https://map.naver.com/p/search/%ED%98%B8%EB%B2%95%EB%A1%A0%20%EC%84%9C%EC%9A%B8%ED%8A%B9%EB%B3%84%EC%8B%9C%20%EC%A4%91%EA%B5%AC%20%EC%84%B8%EC%A2%85%EB%8C%80%EB%A1%9C%20136%28%ED%83%9C%ED%8F%89%EB%A1%9C1%EA%B0%80%29%20%EC%8B%A0%ED%95%9C%20%ED%8C%8C%EC%9D%B4%EB%82%B8%EC%8A%A4%20%EC%84%BC%ED%84%B0
용산구	용산동6가	장승법수	서울특별시 용산구 서빙고로 137(용산동6가)	보물	37.524087	126.980388	https://map.naver.com/p/search/%EC%9E%A5%EC%8A%B9%EB%B2%95%EC%88%98%20%EC%84%9C%EC%9A%B8%ED%8A%B9%EB%B3%84%EC%8B%9C%20%EC%9A%A9%EC%82%B0%EA%B5%AC%20%EC%84%9C%EB%B9%99%EA%B3%A0%EB%A1%9C%20137%28%EC%9A%A9%EC%82%B0%EB%8F%996%EA%B0%80%29
성북구	안암동5가	중용주자혹문	서울특별시 성북구 안암로 145(안암동5가) 중앙도서관	보물	37.5894	127.016749	https://map.naver.com/p/search/%EC%A4%91%EC%9A%A9%EC%A3%BC%EC%9E%90%ED%98%B9%EB%AC%B8%20%EC%84%9C%EC%9A%B8%ED%8A%B9%EB%B3%84%EC%8B%9C%20%EC%84%B1%EB%B6%81%EA%B5%AC%20%EC%95%88%EC%95%94%EB%A1%9C%20145%28%EC%95%88%EC%95%94%EB%8F%995%EA%B0%80%29%20%EC%A4%91%EC%95%99%EB%8F%84%EC%84%9C%EA%B4%80
중구	태평로1가	중용주자혹문	서울특별시 중구 세종대로 136(태평로1가) 신한은행 파이낸스 센터	보물	37.568443	126.977744	https://map.naver.com/p/search/%EC%A4%91%EC%9A%A9%EC%A3%BC%EC%9E%90%ED%98%B9%EB%AC%B8%20%EC%84%9C%EC%9A%B8%ED%8A%B9%EB%B3%84%EC%8B%9C%20%EC%A4%91%EA%B5%AC%20%EC%84%B8%EC%A2%85%EB%8C%80%EB%A1%9C%20136%28%ED%83%9C%ED%8F%89%EB%A1%9C1%EA%B0%80%29%20%EC%8B%A0%ED%95%9C%EC%9D%80%ED%96%89%20%ED%8C%8C%EC%9D%B4%EB%82%B8%EC%8A%A4%20%EC%84%BC%ED%84%B0
용산구	용산동6가	불설장수멸죄호제동자경	서울특별시 용산구 서빙고로 137(용산동6가)	보물	37.524087	126.980388	https://map.naver.com/p/search/%EB%B6%88%EC%84%A4%EC%9E%A5%EC%88%98%EB%A9%B8%EC%A3%84%ED%98%B8%EC%A0%9C%EB%8F%99%EC%9E%90%EA%B2%BD%20%EC%84%9C%EC%9A%B8%ED%8A%B9%EB%B3%84%EC%8B%9C%20%EC%9A%A9%EC%82%B0%EA%B5%AC%20%EC%84%9C%EB%B9%99%EA%B3%A0%EB%A1%9C%20137%28%EC%9A%A9%EC%82%B0%EB%8F%996%EA%B0%80%29
중구	태평로1가	급암선생시집	서울특별시 중구 세종대로 136(태평로1가) 신한은행 파이낸스 센터	보물	37.568443	126.977744	https://map.naver.com/p/search/%EA%B8%89%EC%95%94%EC%84%A0%EC%83%9D%EC%8B%9C%EC%A7%91%20%EC%84%9C%EC%9A%B8%ED%8A%B9%EB%B3%84%EC%8B%9C%20%EC%A4%91%EA%B5%AC%20%EC%84%B8%EC%A2%85%EB%8C%80%EB%A1%9C%20136%28%ED%83%9C%ED%8F%89%EB%A1%9C1%EA%B0%80%29%20%EC%8B%A0%ED%95%9C%EC%9D%80%ED%96%89%20%ED%8C%8C%EC%9D%B4%EB%82%B8%EC%8A%A4%20%EC%84%BC%ED%84%B0
성북구	안암동5가	동인지문사육 권1~3, 4~6, 10~12, 13~15	서울특별시 성북구 안암로 145(안암동5가)	보물	37.58991	127.031812	https://map.naver.com/p/search/%EB%8F%99%EC%9D%B8%EC%A7%80%EB%AC%B8%EC%82%AC%EC%9C%A1%20%EA%B6%8C1~3%2C%204~6%2C%2010~12%2C%2013~15%20%EC%84%9C%EC%9A%B8%ED%8A%B9%EB%B3%84%EC%8B%9C%20%EC%84%B1%EB%B6%81%EA%B5%AC%20%EC%95%88%EC%95%94%EB%A1%9C%20145%28%EC%95%88%EC%95%94%EB%8F%995%EA%B0%80%29
성북구	안암동5가	동인지문사육 권7~9	서울특별시 성북구 안암로 145(안암동5가)	보물	37.58991	127.031812	https://map.naver.com/p/search/%EB%8F%99%EC%9D%B8%EC%A7%80%EB%AC%B8%EC%82%AC%EC%9C%A1%20%EA%B6%8C7~9%20%EC%84%9C%EC%9A%B8%ED%8A%B9%EB%B3%84%EC%8B%9C%20%EC%84%B1%EB%B6%81%EA%B5%AC%20%EC%95%88%EC%95%94%EB%A1%9C%20145%28%EC%95%88%EC%95%94%EB%8F%995%EA%B0%80%29
중구	필동|필동3가	원각류해 권3	서울특별시 중구 필동로1길 30(필동3가) 도서관	보물	37.558258	127.000187	https://map.naver.com/p/search/%EC%9B%90%EA%B0%81%EB%A5%98%ED%95%B4%20%EA%B6%8C3%20%EC%84%9C%EC%9A%B8%ED%8A%B9%EB%B3%84%EC%8B%9C%20%EC%A4%91%EA%B5%AC%20%ED%95%84%EB%8F%99%EB%A1%9C1%EA%B8%B8%2030%28%ED%95%84%EB%8F%993%EA%B0%80%29%20%EB%8F%84%EC%84%9C%EA%B4%80
중구	필동|필동3가	금강반야바라밀경	서울특별시 중구 필동로1길 30(필동3가) 도서관	보물	37.559304	126.99856	https://map.naver.com/p/search/%EA%B8%88%EA%B0%95%EB%B0%98%EC%95%BC%EB%B0%94%EB%9D%BC%EB%B0%80%EA%B2%BD%20%EC%84%9C%EC%9A%B8%ED%8A%B9%EB%B3%84%EC%8B%9C%20%EC%A4%91%EA%B5%AC%20%ED%95%84%EB%8F%99%EB%A1%9C1%EA%B8%B8%2030%28%ED%95%84%EB%8F%993%EA%B0%80%29%20%EB%8F%84%EC%84%9C%EA%B4%80
중구	일산동|식사동	전 대구 동화사 비로암 삼층석탑 납석사리호	경기도 고양시 일산동구 동국로 32 (식사동) 동국대바이오메디캠퍼스 산학협력관 수장고	보물	37.6777607	126.8069508	https://map.naver.com/p/search/%EC%A0%84%20%EB%8C%80%EA%B5%AC%20%EB%8F%99%ED%99%94%EC%82%AC%20%EB%B9%84%EB%A1%9C%EC%95%94%20%EC%82%BC%EC%B8%B5%EC%84%9D%ED%83%91%20%EB%82%A9%EC%84%9D%EC%82%AC%EB%A6%AC%ED%98%B8%20%EA%B2%BD%EA%B8%B0%EB%8F%84%20%EA%B3%A0%EC%96%91%EC%8B%9C%20%EC%9D%BC%EC%82%B0%EB%8F%99%EA%B5%AC%20%EB%8F%99%EA%B5%AD%EB%A1%9C%2032%20%28%EC%8B%9D%EC%82%AC%EB%8F%99%29%20%EB%8F%99%EA%B5%AD%EB%8C%80%EB%B0%94%EC%9D%B4%EC%98%A4%EB%A9%94%EB%94%94%EC%BA%A0%ED%8D%BC%EC%8A%A4%20%EC%82%B0%ED%95%99%ED%98%91%EB%A0%A5%EA%B4%80%20%EC%88%98%EC%9E%A5%EA%B3%A0
중구	일산동|식사동	삼존불비상	경기도 고양시 일산동구 동국로 32 (식사동) 동국대바이오메디캠퍼스 산학협력관 수장고	보물	37.6777607	126.8069508	https://map.naver.com/p/search/%EC%82%BC%EC%A1%B4%EB%B6%88%EB%B9%84%EC%83%81%20%EA%B2%BD%EA%B8%B0%EB%8F%84%20%EA%B3%A0%EC%96%91%EC%8B%9C%20%EC%9D%BC%EC%82%B0%EB%8F%99%EA%B5%AC%20%EB%8F%99%EA%B5%AD%EB%A1%9C%2032%20%28%EC%8B%9D%EC%82%AC%EB%8F%99%29%20%EB%8F%99%EA%B5%AD%EB%8C%80%EB%B0%94%EC%9D%B4%EC%98%A4%EB%A9%94%EB%94%94%EC%BA%A0%ED%8D%BC%EC%8A%A4%20%EC%82%B0%ED%95%99%ED%98%91%EB%A0%A5%EA%B4%80%20%EC%88%98%EC%9E%A5%EA%B3%A0
중구	일산동|식사동	정조 필 국화도	경기도 고양시 일산동구 동국로 32 (식사동) 동국대바이오메디캠퍼스 산학협력관 수장고	보물	37.6777607	126.8069508	https://map.naver.com/p/search/%EC%A0%95%EC%A1%B0%20%ED%95%84%20%EA%B5%AD%ED%99%94%EB%8F%84%20%EA%B2%BD%EA%B8%B0%EB%8F%84%20%EA%B3%A0%EC%96%91%EC%8B%9C%20%EC%9D%BC%EC%82%B0%EB%8F%99%EA%B5%AC%20%EB%8F%99%EA%B5%AD%EB%A1%9C%2032%20%28%EC%8B%9D%EC%82%AC%EB%8F%99%29%20%EB%8F%99%EA%B5%AD%EB%8C%80%EB%B0%94%EC%9D%B4%EC%98%A4%EB%A9%94%EB%94%94%EC%BA%A0%ED%8D%BC%EC%8A%A4%20%EC%82%B0%ED%95%99%ED%98%91%EB%A0%A5%EA%B4%80%20%EC%88%98%EC%9E%A5%EA%B3%A0
종로구		비격진천뢰	서울특별시 종로구 효자로 12(세종로)	보물	37.576668	126.974922	https://map.naver.com/p/search/%EB%B9%84%EA%B2%A9%EC%A7%84%EC%B2%9C%EB%A2%B0%20%EC%84%9C%EC%9A%B8%ED%8A%B9%EB%B3%84%EC%8B%9C%20%EC%A2%85%EB%A1%9C%EA%B5%AC%20%ED%9A%A8%EC%9E%90%EB%A1%9C%2012%28%EC%84%B8%EC%A2%85%EB%A1%9C%29
용산구	용산동6가	이상좌 불화첩	서울특별시 용산구 서빙고로 137(용산동6가)	보물	37.524087	126.980388	https://map.naver.com/p/search/%EC%9D%B4%EC%83%81%EC%A2%8C%20%EB%B6%88%ED%99%94%EC%B2%A9%20%EC%84%9C%EC%9A%B8%ED%8A%B9%EB%B3%84%EC%8B%9C%20%EC%9A%A9%EC%82%B0%EA%B5%AC%20%EC%84%9C%EB%B9%99%EA%B3%A0%EB%A1%9C%20137%28%EC%9A%A9%EC%82%B0%EB%8F%996%EA%B0%80%29
용산구	용산동6가	황남대총 북분 유리잔	서울특별시 용산구 서빙고로 137(용산동6가)	보물	37.524087	126.980388	https://map.naver.com/p/search/%ED%99%A9%EB%82%A8%EB%8C%80%EC%B4%9D%20%EB%B6%81%EB%B6%84%20%EC%9C%A0%EB%A6%AC%EC%9E%94%20%EC%84%9C%EC%9A%B8%ED%8A%B9%EB%B3%84%EC%8B%9C%20%EC%9A%A9%EC%82%B0%EA%B5%AC%20%EC%84%9C%EB%B9%99%EA%B3%A0%EB%A1%9C%20137%28%EC%9A%A9%EC%82%B0%EB%8F%996%EA%B0%80%29
용산구	용산동6가	황남대총 북분 은잔	서울특별시 용산구 서빙고로 137(용산동6가)	보물	37.524087	126.980388	https://map.naver.com/p/search/%ED%99%A9%EB%82%A8%EB%8C%80%EC%B4%9D%20%EB%B6%81%EB%B6%84%20%EC%9D%80%EC%9E%94%20%EC%84%9C%EC%9A%B8%ED%8A%B9%EB%B3%84%EC%8B%9C%20%EC%9A%A9%EC%82%B0%EA%B5%AC%20%EC%84%9C%EB%B9%99%EA%B3%A0%EB%A1%9C%20137%28%EC%9A%A9%EC%82%B0%EB%8F%996%EA%B0%80%29
용산구	용산동6가	황남대총 남분 금제 허리띠	서울특별시 용산구 서빙고로 137(용산동6가)	보물	37.524087	126.980388	https://map.naver.com/p/search/%ED%99%A9%EB%82%A8%EB%8C%80%EC%B4%9D%20%EB%82%A8%EB%B6%84%20%EA%B8%88%EC%A0%9C%20%ED%97%88%EB%A6%AC%EB%9D%A0%20%EC%84%9C%EC%9A%B8%ED%8A%B9%EB%B3%84%EC%8B%9C%20%EC%9A%A9%EC%82%B0%EA%B5%AC%20%EC%84%9C%EB%B9%99%EA%B3%A0%EB%A1%9C%20137%28%EC%9A%A9%EC%82%B0%EB%8F%996%EA%B0%80%29
용산구	용산동6가	황남대총 남분 금제 관식	서울특별시 용산구 서빙고로 137(용산동6가)	보물	37.524087	126.980388	https://map.naver.com/p/search/%ED%99%A9%EB%82%A8%EB%8C%80%EC%B4%9D%20%EB%82%A8%EB%B6%84%20%EA%B8%88%EC%A0%9C%20%EA%B4%80%EC%8B%9D%20%EC%84%9C%EC%9A%B8%ED%8A%B9%EB%B3%84%EC%8B%9C%20%EC%9A%A9%EC%82%B0%EA%B5%AC%20%EC%84%9C%EB%B9%99%EA%B3%A0%EB%A1%9C%20137%28%EC%9A%A9%EC%82%B0%EB%8F%996%EA%B0%80%29
서대문구	대현동	기사계첩	서울특별시 서대문구 이화여대길 52(대현동)	보물	37.56174	126.947245	https://map.naver.com/p/search/%EA%B8%B0%EC%82%AC%EA%B3%84%EC%B2%A9%20%EC%84%9C%EC%9A%B8%ED%8A%B9%EB%B3%84%EC%8B%9C%20%EC%84%9C%EB%8C%80%EB%AC%B8%EA%B5%AC%20%EC%9D%B4%ED%99%94%EC%97%AC%EB%8C%80%EA%B8%B8%2052%28%EB%8C%80%ED%98%84%EB%8F%99%29
서대문구	충정로2가	선종영가집	서울특별시 서대문구 충정로9길 10-10(충정로2가)	보물	37.565017	126.964891	https://map.naver.com/p/search/%EC%84%A0%EC%A2%85%EC%98%81%EA%B0%80%EC%A7%91%20%EC%84%9C%EC%9A%B8%ED%8A%B9%EB%B3%84%EC%8B%9C%20%EC%84%9C%EB%8C%80%EB%AC%B8%EA%B5%AC%20%EC%B6%A9%EC%A0%95%EB%A1%9C9%EA%B8%B8%2010-10%28%EC%B6%A9%EC%A0%95%EB%A1%9C2%EA%B0%80%29
서대문구	대현동	고구려 평양성 석편	서울특별시 서대문구 이화여대길 52(대현동)	보물	37.56174	126.947245	https://map.naver.com/p/search/%EA%B3%A0%EA%B5%AC%EB%A0%A4%20%ED%8F%89%EC%96%91%EC%84%B1%20%EC%84%9D%ED%8E%B8%20%EC%84%9C%EC%9A%B8%ED%8A%B9%EB%B3%84%EC%8B%9C%20%EC%84%9C%EB%8C%80%EB%AC%B8%EA%B5%AC%20%EC%9D%B4%ED%99%94%EC%97%AC%EB%8C%80%EA%B8%B8%2052%28%EB%8C%80%ED%98%84%EB%8F%99%29
서대문구	대현동	백자 청화송죽인물문 항아리	서울특별시 서대문구 이화여대길 52(대현동)	보물	37.56174	126.947245	https://map.naver.com/p/search/%EB%B0%B1%EC%9E%90%20%EC%B2%AD%ED%99%94%EC%86%A1%EC%A3%BD%EC%9D%B8%EB%AC%BC%EB%AC%B8%20%ED%95%AD%EC%95%84%EB%A6%AC%20%EC%84%9C%EC%9A%B8%ED%8A%B9%EB%B3%84%EC%8B%9C%20%EC%84%9C%EB%8C%80%EB%AC%B8%EA%B5%AC%20%EC%9D%B4%ED%99%94%EC%97%AC%EB%8C%80%EA%B8%B8%2052%28%EB%8C%80%ED%98%84%EB%8F%99%29
성북구	돈암동	대동여지도	서울특별시 성북구 보문로34다길 2(돈암동) 박물관	보물	37.5894	127.016749	https://map.naver.com/p/search/%EB%8C%80%EB%8F%99%EC%97%AC%EC%A7%80%EB%8F%84%20%EC%84%9C%EC%9A%B8%ED%8A%B9%EB%B3%84%EC%8B%9C%20%EC%84%B1%EB%B6%81%EA%B5%AC%20%EB%B3%B4%EB%AC%B8%EB%A1%9C34%EB%8B%A4%EA%B8%B8%202%28%EB%8F%88%EC%95%94%EB%8F%99%29%20%EB%B0%95%EB%AC%BC%EA%B4%80
중구	필동|필동3가	제왕운기	서울특별시 중구 필동로1길 30(필동3가) 도서관	보물	37.573521	126.978835	https://map.naver.com/p/search/%EC%A0%9C%EC%99%95%EC%9A%B4%EA%B8%B0%20%EC%84%9C%EC%9A%B8%ED%8A%B9%EB%B3%84%EC%8B%9C%20%EC%A4%91%EA%B5%AC%20%ED%95%84%EB%8F%99%EB%A1%9C1%EA%B8%B8%2030%28%ED%95%84%EB%8F%993%EA%B0%80%29%20%EB%8F%84%EC%84%9C%EA%B4%80
중구	정동	서울 정동교회	서울특별시 중구 정동길 46(정동)	사적	37.565502	126.972397	https://map.naver.com/p/search/%EC%84%9C%EC%9A%B8%20%EC%A0%95%EB%8F%99%EA%B5%90%ED%9A%8C%20%EC%84%9C%EC%9A%B8%ED%8A%B9%EB%B3%84%EC%8B%9C%20%EC%A4%91%EA%B5%AC%20%EC%A0%95%EB%8F%99%EA%B8%B8%2046%28%EC%A0%95%EB%8F%99%29
종로구	와룡동	창덕궁 대조전	서울특별시 종로구 율곡로 99(와룡동)	보물	37.582604	126.991938	https://map.naver.com/p/search/%EC%B0%BD%EB%8D%95%EA%B6%81%20%EB%8C%80%EC%A1%B0%EC%A0%84%20%EC%84%9C%EC%9A%B8%ED%8A%B9%EB%B3%84%EC%8B%9C%20%EC%A2%85%EB%A1%9C%EA%B5%AC%20%EC%9C%A8%EA%B3%A1%EB%A1%9C%2099%28%EC%99%80%EB%A3%A1%EB%8F%99%29
중구	정동	덕수궁 중화전 및 중화문	서울특별시 중구 세종대로 99(정동)	보물	37.566095	126.974915	https://map.naver.com/p/search/%EB%8D%95%EC%88%98%EA%B6%81%20%EC%A4%91%ED%99%94%EC%A0%84%20%EB%B0%8F%20%EC%A4%91%ED%99%94%EB%AC%B8%20%EC%84%9C%EC%9A%B8%ED%8A%B9%EB%B3%84%EC%8B%9C%20%EC%A4%91%EA%B5%AC%20%EC%84%B8%EC%A2%85%EB%8C%80%EB%A1%9C%2099%28%EC%A0%95%EB%8F%99%29
동대문구	청량리동	서울 청계천 수표	서울특별시 동대문구 회기로 56(청량리동)	보물	37.591001	127.042714	https://map.naver.com/p/search/%EC%84%9C%EC%9A%B8%20%EC%B2%AD%EA%B3%84%EC%B2%9C%20%EC%88%98%ED%91%9C%20%EC%84%9C%EC%9A%B8%ED%8A%B9%EB%B3%84%EC%8B%9C%20%EB%8F%99%EB%8C%80%EB%AC%B8%EA%B5%AC%20%ED%9A%8C%EA%B8%B0%EB%A1%9C%2056%28%EC%B2%AD%EB%9F%89%EB%A6%AC%EB%8F%99%29
종로구		신법 지평일구	서울특별시 종로구 효자로 12(세종로)	보물	37.576668	126.974922	https://map.naver.com/p/search/%EC%8B%A0%EB%B2%95%20%EC%A7%80%ED%8F%89%EC%9D%BC%EA%B5%AC%20%EC%84%9C%EC%9A%B8%ED%8A%B9%EB%B3%84%EC%8B%9C%20%EC%A2%85%EB%A1%9C%EA%B5%AC%20%ED%9A%A8%EC%9E%90%EB%A1%9C%2012%28%EC%84%B8%EC%A2%85%EB%A1%9C%29
용산구	용산동6가	조흡 고신왕지	서울특별시 용산구 서빙고로 137(용산동6가)	보물	37.524087	126.980388	https://map.naver.com/p/search/%EC%A1%B0%ED%9D%A1%20%EA%B3%A0%EC%8B%A0%EC%99%95%EC%A7%80%20%EC%84%9C%EC%9A%B8%ED%8A%B9%EB%B3%84%EC%8B%9C%20%EC%9A%A9%EC%82%B0%EA%B5%AC%20%EC%84%9C%EB%B9%99%EA%B3%A0%EB%A1%9C%20137%28%EC%9A%A9%EC%82%B0%EB%8F%996%EA%B0%80%29
중구	정동	덕수궁 함녕전	서울특별시 중구 세종대로 99(정동)	보물	37.566095	126.974915	https://map.naver.com/p/search/%EB%8D%95%EC%88%98%EA%B6%81%20%ED%95%A8%EB%85%95%EC%A0%84%20%EC%84%9C%EC%9A%B8%ED%8A%B9%EB%B3%84%EC%8B%9C%20%EC%A4%91%EA%B5%AC%20%EC%84%B8%EC%A2%85%EB%8C%80%EB%A1%9C%2099%28%EC%A0%95%EB%8F%99%29
종로구		복각천상열차분야지도 각석	서울특별시 종로구 효자로 12(세종로)	보물	37.576668	126.974922	https://map.naver.com/p/search/%EB%B3%B5%EA%B0%81%EC%B2%9C%EC%83%81%EC%97%B4%EC%B0%A8%EB%B6%84%EC%95%BC%EC%A7%80%EB%8F%84%20%EA%B0%81%EC%84%9D%20%EC%84%9C%EC%9A%B8%ED%8A%B9%EB%B3%84%EC%8B%9C%20%EC%A2%85%EB%A1%9C%EA%B5%AC%20%ED%9A%A8%EC%9E%90%EB%A1%9C%2012%28%EC%84%B8%EC%A2%85%EB%A1%9C%29
종로구		간평일구?혼개일구	서울특별시 종로구 효자로 12(세종로)	보물	37.576668	126.974922	https://map.naver.com/p/search/%EA%B0%84%ED%8F%89%EC%9D%BC%EA%B5%AC%3F%ED%98%BC%EA%B0%9C%EC%9D%BC%EA%B5%AC%20%EC%84%9C%EC%9A%B8%ED%8A%B9%EB%B3%84%EC%8B%9C%20%EC%A2%85%EB%A1%9C%EA%B5%AC%20%ED%9A%A8%EC%9E%90%EB%A1%9C%2012%28%EC%84%B8%EC%A2%85%EB%A1%9C%29
노원구	공릉동	세총통	서울특별시 노원구 화랑로 574(공릉동) 육군박물관	보물	37.627244	127.103326	https://map.naver.com/p/search/%EC%84%B8%EC%B4%9D%ED%86%B5%20%EC%84%9C%EC%9A%B8%ED%8A%B9%EB%B3%84%EC%8B%9C%20%EB%85%B8%EC%9B%90%EA%B5%AC%20%ED%99%94%EB%9E%91%EB%A1%9C%20574%28%EA%B3%B5%EB%A6%89%EB%8F%99%29%20%EC%9C%A1%EA%B5%B0%EB%B0%95%EB%AC%BC%EA%B4%80
종로구		앙부일구	서울특별시 종로구 효자로 12(세종로)	보물	37.576668	126.974922	https://map.naver.com/p/search/%EC%95%99%EB%B6%80%EC%9D%BC%EA%B5%AC%20%EC%84%9C%EC%9A%B8%ED%8A%B9%EB%B3%84%EC%8B%9C%20%EC%A2%85%EB%A1%9C%EA%B5%AC%20%ED%9A%A8%EC%9E%90%EB%A1%9C%2012%28%EC%84%B8%EC%A2%85%EB%A1%9C%29
종로구	와룡동	창경궁 풍기대	서울특별시 종로구 창경궁로 185(와룡동)	보물	37.577624	126.993842	https://map.naver.com/p/search/%EC%B0%BD%EA%B2%BD%EA%B6%81%20%ED%92%8D%EA%B8%B0%EB%8C%80%20%EC%84%9C%EC%9A%B8%ED%8A%B9%EB%B3%84%EC%8B%9C%20%EC%A2%85%EB%A1%9C%EA%B5%AC%20%EC%B0%BD%EA%B2%BD%EA%B6%81%EB%A1%9C%20185%28%EC%99%80%EB%A3%A1%EB%8F%99%29
종로구	신문로2가	대동여지도	서울특별시 종로구 새문안로 55(신문로2가)	보물	37.570143	126.970438	https://map.naver.com/p/search/%EB%8C%80%EB%8F%99%EC%97%AC%EC%A7%80%EB%8F%84%20%EC%84%9C%EC%9A%B8%ED%8A%B9%EB%B3%84%EC%8B%9C%20%EC%A2%85%EB%A1%9C%EA%B5%AC%20%EC%83%88%EB%AC%B8%EC%95%88%EB%A1%9C%2055%28%EC%8B%A0%EB%AC%B8%EB%A1%9C2%EA%B0%80%29
종로구	와룡동	창경궁 관천대	서울특별시 종로구 창경궁로 185(와룡동)	보물	37.577624	126.993842	https://map.naver.com/p/search/%EC%B0%BD%EA%B2%BD%EA%B6%81%20%EA%B4%80%EC%B2%9C%EB%8C%80%20%EC%84%9C%EC%9A%B8%ED%8A%B9%EB%B3%84%EC%8B%9C%20%EC%A2%85%EB%A1%9C%EA%B5%AC%20%EC%B0%BD%EA%B2%BD%EA%B6%81%EB%A1%9C%20185%28%EC%99%80%EB%A3%A1%EB%8F%99%29
성북구	안암동5가	수선전도 목판	서울특별시 성북구 안암로 145(안암동5가)	보물	37.58991	127.031812	https://map.naver.com/p/search/%EC%88%98%EC%84%A0%EC%A0%84%EB%8F%84%20%EB%AA%A9%ED%8C%90%20%EC%84%9C%EC%9A%B8%ED%8A%B9%EB%B3%84%EC%8B%9C%20%EC%84%B1%EB%B6%81%EA%B5%AC%20%EC%95%88%EC%95%94%EB%A1%9C%20145%28%EC%95%88%EC%95%94%EB%8F%995%EA%B0%80%29
관악구		차승자총통	서울특별시 관악구 관악로 1 서울대학교 박물관	보물	37.46448	126.95225	https://map.naver.com/p/search/%EC%B0%A8%EC%8A%B9%EC%9E%90%EC%B4%9D%ED%86%B5%20%EC%84%9C%EC%9A%B8%ED%8A%B9%EB%B3%84%EC%8B%9C%20%EA%B4%80%EC%95%85%EA%B5%AC%20%EA%B4%80%EC%95%85%EB%A1%9C%201%20%EC%84%9C%EC%9A%B8%EB%8C%80%ED%95%99%EA%B5%90%20%EB%B0%95%EB%AC%BC%EA%B4%80
종로구		소총통	서울특별시 종로구 효자로 12(세종로)	보물	37.576668	126.974922	https://map.naver.com/p/search/%EC%86%8C%EC%B4%9D%ED%86%B5%20%EC%84%9C%EC%9A%B8%ED%8A%B9%EB%B3%84%EC%8B%9C%20%EC%A2%85%EB%A1%9C%EA%B5%AC%20%ED%9A%A8%EC%9E%90%EB%A1%9C%2012%28%EC%84%B8%EC%A2%85%EB%A1%9C%29
용산구	한남동	지장도	서울특별시 용산구 이태원로55길 60-16(한남동)	보물	37.538546	126.99881	https://map.naver.com/p/search/%EC%A7%80%EC%9E%A5%EB%8F%84%20%EC%84%9C%EC%9A%B8%ED%8A%B9%EB%B3%84%EC%8B%9C%20%EC%9A%A9%EC%82%B0%EA%B5%AC%20%EC%9D%B4%ED%83%9C%EC%9B%90%EB%A1%9C55%EA%B8%B8%2060-16%28%ED%95%9C%EB%82%A8%EB%8F%99%29
용산구	한남동	백자 청화운룡문 병	서울특별시 용산구 이태원로55길 60-16(한남동)	보물	37.538546	126.99881	https://map.naver.com/p/search/%EB%B0%B1%EC%9E%90%20%EC%B2%AD%ED%99%94%EC%9A%B4%EB%A3%A1%EB%AC%B8%20%EB%B3%91%20%EC%84%9C%EC%9A%B8%ED%8A%B9%EB%B3%84%EC%8B%9C%20%EC%9A%A9%EC%82%B0%EA%B5%AC%20%EC%9D%B4%ED%83%9C%EC%9B%90%EB%A1%9C55%EA%B8%B8%2060-16%28%ED%95%9C%EB%82%A8%EB%8F%99%29
용산구	한남동	백자 청화잉어문 항아리	서울특별시 용산구 이태원로55길 60-16(한남동)	보물	37.538546	126.99881	https://map.naver.com/p/search/%EB%B0%B1%EC%9E%90%20%EC%B2%AD%ED%99%94%EC%9E%89%EC%96%B4%EB%AC%B8%20%ED%95%AD%EC%95%84%EB%A6%AC%20%EC%84%9C%EC%9A%B8%ED%8A%B9%EB%B3%84%EC%8B%9C%20%EC%9A%A9%EC%82%B0%EA%B5%AC%20%EC%9D%B4%ED%83%9C%EC%9B%90%EB%A1%9C55%EA%B8%B8%2060-16%28%ED%95%9C%EB%82%A8%EB%8F%99%29
종로구		경복궁 아미산 굴뚝	서울특별시 종로구 사직로 161(세종로)	보물	37.581565	126.978931	https://map.naver.com/p/search/%EA%B2%BD%EB%B3%B5%EA%B6%81%20%EC%95%84%EB%AF%B8%EC%82%B0%20%EA%B5%B4%EB%9A%9D%20%EC%84%9C%EC%9A%B8%ED%8A%B9%EB%B3%84%EC%8B%9C%20%EC%A2%85%EB%A1%9C%EA%B5%AC%20%EC%82%AC%EC%A7%81%EB%A1%9C%20161%28%EC%84%B8%EC%A2%85%EB%A1%9C%29
노원구	공릉동	불랑기자포	서울특별시 노원구 화랑로 574(공릉동) 사서함 77-1호 육군박물관	보물	37.627244	127.103326	https://map.naver.com/p/search/%EB%B6%88%EB%9E%91%EA%B8%B0%EC%9E%90%ED%8F%AC%20%EC%84%9C%EC%9A%B8%ED%8A%B9%EB%B3%84%EC%8B%9C%20%EB%85%B8%EC%9B%90%EA%B5%AC%20%ED%99%94%EB%9E%91%EB%A1%9C%20574%28%EA%B3%B5%EB%A6%89%EB%8F%99%29%20%EC%82%AC%EC%84%9C%ED%95%A8%2077-1%ED%98%B8%20%EC%9C%A1%EA%B5%B0%EB%B0%95%EB%AC%BC%EA%B4%80
용산구	한남동	김홍도 필 병진년 화첩	서울특별시 용산구 이태원로55길 60-16(한남동)	보물	37.538546	126.99881	https://map.naver.com/p/search/%EA%B9%80%ED%99%8D%EB%8F%84%20%ED%95%84%20%EB%B3%91%EC%A7%84%EB%85%84%20%ED%99%94%EC%B2%A9%20%EC%84%9C%EC%9A%B8%ED%8A%B9%EB%B3%84%EC%8B%9C%20%EC%9A%A9%EC%82%B0%EA%B5%AC%20%EC%9D%B4%ED%83%9C%EC%9B%90%EB%A1%9C55%EA%B8%B8%2060-16%28%ED%95%9C%EB%82%A8%EB%8F%99%29
종로구		경복궁 근정문 및 행각	서울특별시 종로구 삼청로 37(세종로)	보물	37.581565	126.978931	https://map.naver.com/p/search/%EA%B2%BD%EB%B3%B5%EA%B6%81%20%EA%B7%BC%EC%A0%95%EB%AC%B8%20%EB%B0%8F%20%ED%96%89%EA%B0%81%20%EC%84%9C%EC%9A%B8%ED%8A%B9%EB%B3%84%EC%8B%9C%20%EC%A2%85%EB%A1%9C%EA%B5%AC%20%EC%82%BC%EC%B2%AD%EB%A1%9C%2037%28%EC%84%B8%EC%A2%85%EB%A1%9C%29
서초구	반포동	민간 목활자 및 인쇄용구	서울특별시 서초구 반포대로 201(반포동)	보물	37.49743	127.003102	https://map.naver.com/p/search/%EB%AF%BC%EA%B0%84%20%EB%AA%A9%ED%99%9C%EC%9E%90%20%EB%B0%8F%20%EC%9D%B8%EC%87%84%EC%9A%A9%EA%B5%AC%20%EC%84%9C%EC%9A%B8%ED%8A%B9%EB%B3%84%EC%8B%9C%20%EC%84%9C%EC%B4%88%EA%B5%AC%20%EB%B0%98%ED%8F%AC%EB%8C%80%EB%A1%9C%20201%28%EB%B0%98%ED%8F%AC%EB%8F%99%29
관악구		이기룡 필 남지기로회도	서울특별시 관악구 관악로 1 서울대학교 박물관	보물	37.464446	126.952266	https://map.naver.com/p/search/%EC%9D%B4%EA%B8%B0%EB%A3%A1%20%ED%95%84%20%EB%82%A8%EC%A7%80%EA%B8%B0%EB%A1%9C%ED%9A%8C%EB%8F%84%20%EC%84%9C%EC%9A%B8%ED%8A%B9%EB%B3%84%EC%8B%9C%20%EA%B4%80%EC%95%85%EA%B5%AC%20%EA%B4%80%EC%95%85%EB%A1%9C%201%20%EC%84%9C%EC%9A%B8%EB%8C%80%ED%95%99%EA%B5%90%20%EB%B0%95%EB%AC%BC%EA%B4%80
서대문구	충정로2가	종문원상집	서울특별시 서대문구 충정로9길 10-10(충정로2가)	보물	37.565017	126.964891	https://map.naver.com/p/search/%EC%A2%85%EB%AC%B8%EC%9B%90%EC%83%81%EC%A7%91%20%EC%84%9C%EC%9A%B8%ED%8A%B9%EB%B3%84%EC%8B%9C%20%EC%84%9C%EB%8C%80%EB%AC%B8%EA%B5%AC%20%EC%B6%A9%EC%A0%95%EB%A1%9C9%EA%B8%B8%2010-10%28%EC%B6%A9%EC%A0%95%EB%A1%9C2%EA%B0%80%29
용산구	한남동	금동용두토수	서울특별시 용산구 이태원로55길 60-16(한남동)	보물	37.538546	126.99881	https://map.naver.com/p/search/%EA%B8%88%EB%8F%99%EC%9A%A9%EB%91%90%ED%86%A0%EC%88%98%20%EC%84%9C%EC%9A%B8%ED%8A%B9%EB%B3%84%EC%8B%9C%20%EC%9A%A9%EC%82%B0%EA%B5%AC%20%EC%9D%B4%ED%83%9C%EC%9B%90%EB%A1%9C55%EA%B8%B8%2060-16%28%ED%95%9C%EB%82%A8%EB%8F%99%29
용산구	한남동	분청사기 철화어문 항아리	서울특별시 용산구 이태원로55길 60-16(한남동)	보물	37.538546	126.99881	https://map.naver.com/p/search/%EB%B6%84%EC%B2%AD%EC%82%AC%EA%B8%B0%20%EC%B2%A0%ED%99%94%EC%96%B4%EB%AC%B8%20%ED%95%AD%EC%95%84%EB%A6%AC%20%EC%84%9C%EC%9A%B8%ED%8A%B9%EB%B3%84%EC%8B%9C%20%EC%9A%A9%EC%82%B0%EA%B5%AC%20%EC%9D%B4%ED%83%9C%EC%9B%90%EB%A1%9C55%EA%B8%B8%2060-16%28%ED%95%9C%EB%82%A8%EB%8F%99%29
중구	동호로20가|장충동1가|장충동	백자 상감모란잎문 편병	서울특별시 중구 동호로20가길 38 (장충동1가, 장충동 라임카운티) 지하수장고	보물	37.5599473	127.0067818	https://map.naver.com/p/search/%EB%B0%B1%EC%9E%90%20%EC%83%81%EA%B0%90%EB%AA%A8%EB%9E%80%EC%9E%8E%EB%AC%B8%20%ED%8E%B8%EB%B3%91%20%EC%84%9C%EC%9A%B8%ED%8A%B9%EB%B3%84%EC%8B%9C%20%EC%A4%91%EA%B5%AC%20%EB%8F%99%ED%98%B8%EB%A1%9C20%EA%B0%80%EA%B8%B8%2038%20%28%EC%9E%A5%EC%B6%A9%EB%8F%991%EA%B0%80%2C%20%EC%9E%A5%EC%B6%A9%EB%8F%99%20%EB%9D%BC%EC%9E%84%EC%B9%B4%EC%9A%B4%ED%8B%B0%29%20%EC%A7%80%ED%95%98%EC%88%98%EC%9E%A5%EA%B3%A0
관악구	신림동	백자 반합	서울특별시 관악구 남부순환로152길 53(신림동)	보물	37.480982	126.918218	https://map.naver.com/p/search/%EB%B0%B1%EC%9E%90%20%EB%B0%98%ED%95%A9%20%EC%84%9C%EC%9A%B8%ED%8A%B9%EB%B3%84%EC%8B%9C%20%EA%B4%80%EC%95%85%EA%B5%AC%20%EB%82%A8%EB%B6%80%EC%88%9C%ED%99%98%EB%A1%9C152%EA%B8%B8%2053%28%EC%8B%A0%EB%A6%BC%EB%8F%99%29
관악구	신림동	백자 상감모란문 병	서울특별시 관악구 남부순환로152길 53(신림동)	보물	37.480982	126.918218	https://map.naver.com/p/search/%EB%B0%B1%EC%9E%90%20%EC%83%81%EA%B0%90%EB%AA%A8%EB%9E%80%EB%AC%B8%20%EB%B3%91%20%EC%84%9C%EC%9A%B8%ED%8A%B9%EB%B3%84%EC%8B%9C%20%EA%B4%80%EC%95%85%EA%B5%AC%20%EB%82%A8%EB%B6%80%EC%88%9C%ED%99%98%EB%A1%9C152%EA%B8%B8%2053%28%EC%8B%A0%EB%A6%BC%EB%8F%99%29
종로구		경복궁 자경전 십장생굴뚝	서울특별시 종로구 삼청로 37(세종로)	보물	37.581565	126.978931	https://map.naver.com/p/search/%EA%B2%BD%EB%B3%B5%EA%B6%81%20%EC%9E%90%EA%B2%BD%EC%A0%84%20%EC%8B%AD%EC%9E%A5%EC%83%9D%EA%B5%B4%EB%9A%9D%20%EC%84%9C%EC%9A%B8%ED%8A%B9%EB%B3%84%EC%8B%9C%20%EC%A2%85%EB%A1%9C%EA%B5%AC%20%EC%82%BC%EC%B2%AD%EB%A1%9C%2037%28%EC%84%B8%EC%A2%85%EB%A1%9C%29
관악구		독서당계회도	서울특별시 관악구 관악로 1 서울대학교 박물관	보물	37.464458	126.95225	https://map.naver.com/p/search/%EB%8F%85%EC%84%9C%EB%8B%B9%EA%B3%84%ED%9A%8C%EB%8F%84%20%EC%84%9C%EC%9A%B8%ED%8A%B9%EB%B3%84%EC%8B%9C%20%EA%B4%80%EC%95%85%EA%B5%AC%20%EA%B4%80%EC%95%85%EB%A1%9C%201%20%EC%84%9C%EC%9A%B8%EB%8C%80%ED%95%99%EA%B5%90%20%EB%B0%95%EB%AC%BC%EA%B4%80
용산구	용산동6가	성세창 제시 미원계회도	서울특별시 용산구 서빙고로 137(용산동6가)	보물	37.524087	126.980388	https://map.naver.com/p/search/%EC%84%B1%EC%84%B8%EC%B0%BD%20%EC%A0%9C%EC%8B%9C%20%EB%AF%B8%EC%9B%90%EA%B3%84%ED%9A%8C%EB%8F%84%20%EC%84%9C%EC%9A%B8%ED%8A%B9%EB%B3%84%EC%8B%9C%20%EC%9A%A9%EC%82%B0%EA%B5%AC%20%EC%84%9C%EB%B9%99%EA%B3%A0%EB%A1%9C%20137%28%EC%9A%A9%EC%82%B0%EB%8F%996%EA%B0%80%29
용산구	용산동6가	성세창 제시 하관계회도	서울특별시 용산구 서빙고로 137(용산동6가)	보물	37.524087	126.980388	https://map.naver.com/p/search/%EC%84%B1%EC%84%B8%EC%B0%BD%20%EC%A0%9C%EC%8B%9C%20%ED%95%98%EA%B4%80%EA%B3%84%ED%9A%8C%EB%8F%84%20%EC%84%9C%EC%9A%B8%ED%8A%B9%EB%B3%84%EC%8B%9C%20%EC%9A%A9%EC%82%B0%EA%B5%AC%20%EC%84%9C%EB%B9%99%EA%B3%A0%EB%A1%9C%20137%28%EC%9A%A9%EC%82%B0%EB%8F%996%EA%B0%80%29
용산구	용산동6가	호조낭관계회도	서울특별시 용산구 서빙고로 137(용산동6가)	보물	37.524087	126.980388	https://map.naver.com/p/search/%ED%98%B8%EC%A1%B0%EB%82%AD%EA%B4%80%EA%B3%84%ED%9A%8C%EB%8F%84%20%EC%84%9C%EC%9A%B8%ED%8A%B9%EB%B3%84%EC%8B%9C%20%EC%9A%A9%EC%82%B0%EA%B5%AC%20%EC%84%9C%EB%B9%99%EA%B3%A0%EB%A1%9C%20137%28%EC%9A%A9%EC%82%B0%EB%8F%996%EA%B0%80%29
종로구		경복궁 자경전	서울특별시 종로구 삼청로 37(세종로)	보물	37.581565	126.978931	https://map.naver.com/p/search/%EA%B2%BD%EB%B3%B5%EA%B6%81%20%EC%9E%90%EA%B2%BD%EC%A0%84%20%EC%84%9C%EC%9A%B8%ED%8A%B9%EB%B3%84%EC%8B%9C%20%EC%A2%85%EB%A1%9C%EA%B5%AC%20%EC%82%BC%EC%B2%AD%EB%A1%9C%2037%28%EC%84%B8%EC%A2%85%EB%A1%9C%29
용산구	용산동6가	연정계회도	서울특별시 용산구 서빙고로 137(용산동6가)	보물	37.524087	126.980388	https://map.naver.com/p/search/%EC%97%B0%EC%A0%95%EA%B3%84%ED%9A%8C%EB%8F%84%20%EC%84%9C%EC%9A%B8%ED%8A%B9%EB%B3%84%EC%8B%9C%20%EC%9A%A9%EC%82%B0%EA%B5%AC%20%EC%84%9C%EB%B9%99%EA%B3%A0%EB%A1%9C%20137%28%EC%9A%A9%EC%82%B0%EB%8F%996%EA%B0%80%29
관악구	신림동	상교정본자비도량참법 권1~3	서울특별시 관악구 남부순환로152길 53(신림동)	보물	37.480982	126.918218	https://map.naver.com/p/search/%EC%83%81%EA%B5%90%EC%A0%95%EB%B3%B8%EC%9E%90%EB%B9%84%EB%8F%84%EB%9F%89%EC%B0%B8%EB%B2%95%20%EA%B6%8C1~3%20%EC%84%9C%EC%9A%B8%ED%8A%B9%EB%B3%84%EC%8B%9C%20%EA%B4%80%EC%95%85%EA%B5%AC%20%EB%82%A8%EB%B6%80%EC%88%9C%ED%99%98%EB%A1%9C152%EA%B8%B8%2053%28%EC%8B%A0%EB%A6%BC%EB%8F%99%29
종로구	평창동	금강반야바라밀경	서울특별시 종로구 평창44길 14(평창동)	보물	37.573521	126.978835	https://map.naver.com/p/search/%EA%B8%88%EA%B0%95%EB%B0%98%EC%95%BC%EB%B0%94%EB%9D%BC%EB%B0%80%EA%B2%BD%20%EC%84%9C%EC%9A%B8%ED%8A%B9%EB%B3%84%EC%8B%9C%20%EC%A2%85%EB%A1%9C%EA%B5%AC%20%ED%8F%89%EC%B0%BD44%EA%B8%B8%2014%28%ED%8F%89%EC%B0%BD%EB%8F%99%29
관악구	신림동	곤여전도 목판	서울특별시 관악구 관악로 1(신림동)	보물	37.464007	126.952239	https://map.naver.com/p/search/%EA%B3%A4%EC%97%AC%EC%A0%84%EB%8F%84%20%EB%AA%A9%ED%8C%90%20%EC%84%9C%EC%9A%B8%ED%8A%B9%EB%B3%84%EC%8B%9C%20%EA%B4%80%EC%95%85%EA%B5%AC%20%EA%B4%80%EC%95%85%EB%A1%9C%201%28%EC%8B%A0%EB%A6%BC%EB%8F%99%29
동작구	상도동	지구의	서울특별시 동작구 상도로 369(상도동)	보물	37.49669	126.957504	https://map.naver.com/p/search/%EC%A7%80%EA%B5%AC%EC%9D%98%20%EC%84%9C%EC%9A%B8%ED%8A%B9%EB%B3%84%EC%8B%9C%20%EB%8F%99%EC%9E%91%EA%B5%AC%20%EC%83%81%EB%8F%84%EB%A1%9C%20369%28%EC%83%81%EB%8F%84%EB%8F%99%29
용산구	용산동6가	황자총통	서울특별시 용산구 서빙고로 137(용산동6가)	보물	37.524087	126.980388	https://map.naver.com/p/search/%ED%99%A9%EC%9E%90%EC%B4%9D%ED%86%B5%20%EC%84%9C%EC%9A%B8%ED%8A%B9%EB%B3%84%EC%8B%9C%20%EC%9A%A9%EC%82%B0%EA%B5%AC%20%EC%84%9C%EB%B9%99%EA%B3%A0%EB%A1%9C%20137%28%EC%9A%A9%EC%82%B0%EB%8F%996%EA%B0%80%29
용산구	용산동6가	감지금니 대반야바라밀다경 권175	서울특별시 용산구 서빙고로 137(용산동6가)	보물	37.524087	126.980388	https://map.naver.com/p/search/%EA%B0%90%EC%A7%80%EA%B8%88%EB%8B%88%20%EB%8C%80%EB%B0%98%EC%95%BC%EB%B0%94%EB%9D%BC%EB%B0%80%EB%8B%A4%EA%B2%BD%20%EA%B6%8C175%20%EC%84%9C%EC%9A%B8%ED%8A%B9%EB%B3%84%EC%8B%9C%20%EC%9A%A9%EC%82%B0%EA%B5%AC%20%EC%84%9C%EB%B9%99%EA%B3%A0%EB%A1%9C%20137%28%EC%9A%A9%EC%82%B0%EB%8F%996%EA%B0%80%29
서대문구	충정로2가	영가진각대사증도가	서울특별시 서대문구 충정로9길 10-10(충정로2가)	보물	37.565017	126.964891	https://map.naver.com/p/search/%EC%98%81%EA%B0%80%EC%A7%84%EA%B0%81%EB%8C%80%EC%82%AC%EC%A6%9D%EB%8F%84%EA%B0%80%20%EC%84%9C%EC%9A%B8%ED%8A%B9%EB%B3%84%EC%8B%9C%20%EC%84%9C%EB%8C%80%EB%AC%B8%EA%B5%AC%20%EC%B6%A9%EC%A0%95%EB%A1%9C9%EA%B8%B8%2010-10%28%EC%B6%A9%EC%A0%95%EB%A1%9C2%EA%B0%80%29
서대문구	충정로2가	주인왕호국반야경 권1~4	서울특별시 서대문구 충정로9길 10-10(충정로2가)	보물	37.565017	126.964891	https://map.naver.com/p/search/%EC%A3%BC%EC%9D%B8%EC%99%95%ED%98%B8%EA%B5%AD%EB%B0%98%EC%95%BC%EA%B2%BD%20%EA%B6%8C1~4%20%EC%84%9C%EC%9A%B8%ED%8A%B9%EB%B3%84%EC%8B%9C%20%EC%84%9C%EB%8C%80%EB%AC%B8%EA%B5%AC%20%EC%B6%A9%EC%A0%95%EB%A1%9C9%EA%B8%B8%2010-10%28%EC%B6%A9%EC%A0%95%EB%A1%9C2%EA%B0%80%29
서대문구	충정로2가	대방광불화엄경소 권42	서울특별시 서대문구 충정로9길 10-10(충정로2가)	보물	37.565017	126.964891	https://map.naver.com/p/search/%EB%8C%80%EB%B0%A9%EA%B4%91%EB%B6%88%ED%99%94%EC%97%84%EA%B2%BD%EC%86%8C%20%EA%B6%8C42%20%EC%84%9C%EC%9A%B8%ED%8A%B9%EB%B3%84%EC%8B%9C%20%EC%84%9C%EB%8C%80%EB%AC%B8%EA%B5%AC%20%EC%B6%A9%EC%A0%95%EB%A1%9C9%EA%B8%B8%2010-10%28%EC%B6%A9%EC%A0%95%EB%A1%9C2%EA%B0%80%29
서대문구	충정로2가	대방광불화엄경소 권28~30, 권100~102	서울특별시 서대문구 충정로9길 10-10(충정로2가)	보물	37.565017	126.964891	https://map.naver.com/p/search/%EB%8C%80%EB%B0%A9%EA%B4%91%EB%B6%88%ED%99%94%EC%97%84%EA%B2%BD%EC%86%8C%20%EA%B6%8C28~30%2C%20%EA%B6%8C100~102%20%EC%84%9C%EC%9A%B8%ED%8A%B9%EB%B3%84%EC%8B%9C%20%EC%84%9C%EB%8C%80%EB%AC%B8%EA%B5%AC%20%EC%B6%A9%EC%A0%95%EB%A1%9C9%EA%B8%B8%2010-10%28%EC%B6%A9%EC%A0%95%EB%A1%9C2%EA%B0%80%29
서대문구	충정로2가	대방광원각약소주경 권상	서울특별시 서대문구 충정로9길 10-10(충정로2가) 현담문고	보물	37.565017	126.964891	https://map.naver.com/p/search/%EB%8C%80%EB%B0%A9%EA%B4%91%EC%9B%90%EA%B0%81%EC%95%BD%EC%86%8C%EC%A3%BC%EA%B2%BD%20%EA%B6%8C%EC%83%81%20%EC%84%9C%EC%9A%B8%ED%8A%B9%EB%B3%84%EC%8B%9C%20%EC%84%9C%EB%8C%80%EB%AC%B8%EA%B5%AC%20%EC%B6%A9%EC%A0%95%EB%A1%9C9%EA%B8%B8%2010-10%28%EC%B6%A9%EC%A0%95%EB%A1%9C2%EA%B0%80%29%20%ED%98%84%EB%8B%B4%EB%AC%B8%EA%B3%A0
종로구	와룡동	창덕궁 희정당	서울특별시 종로구 율곡로 99(와룡동)	보물	37.582604	126.991938	https://map.naver.com/p/search/%EC%B0%BD%EB%8D%95%EA%B6%81%20%ED%9D%AC%EC%A0%95%EB%8B%B9%20%EC%84%9C%EC%9A%B8%ED%8A%B9%EB%B3%84%EC%8B%9C%20%EC%A2%85%EB%A1%9C%EA%B5%AC%20%EC%9C%A8%EA%B3%A1%EB%A1%9C%2099%28%EC%99%80%EB%A3%A1%EB%8F%99%29
동작구	송월동	관상감 측우대	서울특별시 종로구 송월길 52 (송월동) 국립기상박물관	보물	37.5713736	126.9659039	https://map.naver.com/p/search/%EA%B4%80%EC%83%81%EA%B0%90%20%EC%B8%A1%EC%9A%B0%EB%8C%80%20%EC%84%9C%EC%9A%B8%ED%8A%B9%EB%B3%84%EC%8B%9C%20%EC%A2%85%EB%A1%9C%EA%B5%AC%20%EC%86%A1%EC%9B%94%EA%B8%B8%2052%20%28%EC%86%A1%EC%9B%94%EB%8F%99%29%20%EA%B5%AD%EB%A6%BD%EA%B8%B0%EC%83%81%EB%B0%95%EB%AC%BC%EA%B4%80
관악구		곤여만국전도	서울특별시 관악구 관악로 1 서울대학교 박물관	보물	37.464446	126.95225	https://map.naver.com/p/search/%EA%B3%A4%EC%97%AC%EB%A7%8C%EA%B5%AD%EC%A0%84%EB%8F%84%20%EC%84%9C%EC%9A%B8%ED%8A%B9%EB%B3%84%EC%8B%9C%20%EA%B4%80%EC%95%85%EA%B5%AC%20%EA%B4%80%EC%95%85%EB%A1%9C%201%20%EC%84%9C%EC%9A%B8%EB%8C%80%ED%95%99%EA%B5%90%20%EB%B0%95%EB%AC%BC%EA%B4%80
관악구	신림동	감지은니 대방광불화엄경 주본 권37	서울특별시 관악구 남부순환로152길 53, 호림박물관 (신림동,호림박물관)	보물	37.481129	126.91837	https://map.naver.com/p/search/%EA%B0%90%EC%A7%80%EC%9D%80%EB%8B%88%20%EB%8C%80%EB%B0%A9%EA%B4%91%EB%B6%88%ED%99%94%EC%97%84%EA%B2%BD%20%EC%A3%BC%EB%B3%B8%20%EA%B6%8C37%20%EC%84%9C%EC%9A%B8%ED%8A%B9%EB%B3%84%EC%8B%9C%20%EA%B4%80%EC%95%85%EA%B5%AC%20%EB%82%A8%EB%B6%80%EC%88%9C%ED%99%98%EB%A1%9C152%EA%B8%B8%2053%2C%20%ED%98%B8%EB%A6%BC%EB%B0%95%EB%AC%BC%EA%B4%80%20%28%EC%8B%A0%EB%A6%BC%EB%8F%99%2C%ED%98%B8%EB%A6%BC%EB%B0%95%EB%AC%BC%EA%B4%80%29
관악구	신림동	감지은니 대방광불화엄경 주본 권5~6	서울특별시 관악구 남부순환로152길 53(신림동)	보물	37.480982	126.918218	https://map.naver.com/p/search/%EA%B0%90%EC%A7%80%EC%9D%80%EB%8B%88%20%EB%8C%80%EB%B0%A9%EA%B4%91%EB%B6%88%ED%99%94%EC%97%84%EA%B2%BD%20%EC%A3%BC%EB%B3%B8%20%EA%B6%8C5~6%20%EC%84%9C%EC%9A%B8%ED%8A%B9%EB%B3%84%EC%8B%9C%20%EA%B4%80%EC%95%85%EA%B5%AC%20%EB%82%A8%EB%B6%80%EC%88%9C%ED%99%98%EB%A1%9C152%EA%B8%B8%2053%28%EC%8B%A0%EB%A6%BC%EB%8F%99%29
관악구	신림동	감지금니 대불정여래밀인수증요의제보살만행수능엄경 권7	서울특별시 관악구 남부순환로152길 53(신림동)	보물	37.480982	126.918218	https://map.naver.com/p/search/%EA%B0%90%EC%A7%80%EA%B8%88%EB%8B%88%20%EB%8C%80%EB%B6%88%EC%A0%95%EC%97%AC%EB%9E%98%EB%B0%80%EC%9D%B8%EC%88%98%EC%A6%9D%EC%9A%94%EC%9D%98%EC%A0%9C%EB%B3%B4%EC%82%B4%EB%A7%8C%ED%96%89%EC%88%98%EB%8A%A5%EC%97%84%EA%B2%BD%20%EA%B6%8C7%20%EC%84%9C%EC%9A%B8%ED%8A%B9%EB%B3%84%EC%8B%9C%20%EA%B4%80%EC%95%85%EA%B5%AC%20%EB%82%A8%EB%B6%80%EC%88%9C%ED%99%98%EB%A1%9C152%EA%B8%B8%2053%28%EC%8B%A0%EB%A6%BC%EB%8F%99%29
종로구	평창동	남명천화상송증도가	서울특별시 종로구 평창44길 15(평창동)	보물	37.573521	126.978835	https://map.naver.com/p/search/%EB%82%A8%EB%AA%85%EC%B2%9C%ED%99%94%EC%83%81%EC%86%A1%EC%A6%9D%EB%8F%84%EA%B0%80%20%EC%84%9C%EC%9A%B8%ED%8A%B9%EB%B3%84%EC%8B%9C%20%EC%A2%85%EB%A1%9C%EA%B5%AC%20%ED%8F%89%EC%B0%BD44%EA%B8%B8%2015%28%ED%8F%89%EC%B0%BD%EB%8F%99%29
용산구	용산동6가	대불정여래밀인수증요의제보살만행수능엄경	서울특별시 용산구 용산동6가 168-6 국립중앙박물관	보물	37.524087	126.980388	https://map.naver.com/p/search/%EB%8C%80%EB%B6%88%EC%A0%95%EC%97%AC%EB%9E%98%EB%B0%80%EC%9D%B8%EC%88%98%EC%A6%9D%EC%9A%94%EC%9D%98%EC%A0%9C%EB%B3%B4%EC%82%B4%EB%A7%8C%ED%96%89%EC%88%98%EB%8A%A5%EC%97%84%EA%B2%BD%20%EC%84%9C%EC%9A%B8%ED%8A%B9%EB%B3%84%EC%8B%9C%20%EC%9A%A9%EC%82%B0%EA%B5%AC%20%EC%9A%A9%EC%82%B0%EB%8F%996%EA%B0%80%20168-6%20%EA%B5%AD%EB%A6%BD%EC%A4%91%EC%95%99%EB%B0%95%EB%AC%BC%EA%B4%80
중구	태평로1가	대불정여래밀인수증요의제보살만행수능엄경(언해) 권1	서울특별시 중구 세종대로 136(태평로1가) 신한은행 파이낸스 센터	보물	37.568443	126.977744	https://map.naver.com/p/search/%EB%8C%80%EB%B6%88%EC%A0%95%EC%97%AC%EB%9E%98%EB%B0%80%EC%9D%B8%EC%88%98%EC%A6%9D%EC%9A%94%EC%9D%98%EC%A0%9C%EB%B3%B4%EC%82%B4%EB%A7%8C%ED%96%89%EC%88%98%EB%8A%A5%EC%97%84%EA%B2%BD%28%EC%96%B8%ED%95%B4%29%20%EA%B6%8C1%20%EC%84%9C%EC%9A%B8%ED%8A%B9%EB%B3%84%EC%8B%9C%20%EC%A4%91%EA%B5%AC%20%EC%84%B8%EC%A2%85%EB%8C%80%EB%A1%9C%20136%28%ED%83%9C%ED%8F%89%EB%A1%9C1%EA%B0%80%29%20%EC%8B%A0%ED%95%9C%EC%9D%80%ED%96%89%20%ED%8C%8C%EC%9D%B4%EB%82%B8%EC%8A%A4%20%EC%84%BC%ED%84%B0
관악구	신림동	대불정여래밀인수증요의제보살만행수능엄경(언해) 권2, 5	서울특별시 관악구 관악로 1(신림동)	보물	37.464007	126.952239	https://map.naver.com/p/search/%EB%8C%80%EB%B6%88%EC%A0%95%EC%97%AC%EB%9E%98%EB%B0%80%EC%9D%B8%EC%88%98%EC%A6%9D%EC%9A%94%EC%9D%98%EC%A0%9C%EB%B3%B4%EC%82%B4%EB%A7%8C%ED%96%89%EC%88%98%EB%8A%A5%EC%97%84%EA%B2%BD%28%EC%96%B8%ED%95%B4%29%20%EA%B6%8C2%2C%205%20%EC%84%9C%EC%9A%B8%ED%8A%B9%EB%B3%84%EC%8B%9C%20%EA%B4%80%EC%95%85%EA%B5%AC%20%EA%B4%80%EC%95%85%EB%A1%9C%201%28%EC%8B%A0%EB%A6%BC%EB%8F%99%29
중구	필동|필동3가	대불정여래밀인수증요의제보살만행수능엄경(언해) 권7, 8	서울특별시 중구 필동로1길 30(필동3가)	보물	37.558258	127.000187	https://map.naver.com/p/search/%EB%8C%80%EB%B6%88%EC%A0%95%EC%97%AC%EB%9E%98%EB%B0%80%EC%9D%B8%EC%88%98%EC%A6%9D%EC%9A%94%EC%9D%98%EC%A0%9C%EB%B3%B4%EC%82%B4%EB%A7%8C%ED%96%89%EC%88%98%EB%8A%A5%EC%97%84%EA%B2%BD%28%EC%96%B8%ED%95%B4%29%20%EA%B6%8C7%2C%208%20%EC%84%9C%EC%9A%B8%ED%8A%B9%EB%B3%84%EC%8B%9C%20%EC%A4%91%EA%B5%AC%20%ED%95%84%EB%8F%99%EB%A1%9C1%EA%B8%B8%2030%28%ED%95%84%EB%8F%993%EA%B0%80%29
관악구	신림동	백자 태항아리 및 태지석	서울특별시 관악구 남부순환로152길 53(신림동)	보물	37.480982	126.918218	https://map.naver.com/p/search/%EB%B0%B1%EC%9E%90%20%ED%83%9C%ED%95%AD%EC%95%84%EB%A6%AC%20%EB%B0%8F%20%ED%83%9C%EC%A7%80%EC%84%9D%20%EC%84%9C%EC%9A%B8%ED%8A%B9%EB%B3%84%EC%8B%9C%20%EA%B4%80%EC%95%85%EA%B5%AC%20%EB%82%A8%EB%B6%80%EC%88%9C%ED%99%98%EB%A1%9C152%EA%B8%B8%2053%28%EC%8B%A0%EB%A6%BC%EB%8F%99%29
관악구	신림동	대방광원각약소주경 권하의2	서울특별시 관악구 남부순환로152길 53(신림동)	보물	37.480982	126.918218	https://map.naver.com/p/search/%EB%8C%80%EB%B0%A9%EA%B4%91%EC%9B%90%EA%B0%81%EC%95%BD%EC%86%8C%EC%A3%BC%EA%B2%BD%20%EA%B6%8C%ED%95%98%EC%9D%982%20%EC%84%9C%EC%9A%B8%ED%8A%B9%EB%B3%84%EC%8B%9C%20%EA%B4%80%EC%95%85%EA%B5%AC%20%EB%82%A8%EB%B6%80%EC%88%9C%ED%99%98%EB%A1%9C152%EA%B8%B8%2053%28%EC%8B%A0%EB%A6%BC%EB%8F%99%29
종로구	평창동	상교정본자비도량참법 권6?10	서울특별시 종로구 평창13길 8(평창동)	보물	37.608503	126.964745	https://map.naver.com/p/search/%EC%83%81%EA%B5%90%EC%A0%95%EB%B3%B8%EC%9E%90%EB%B9%84%EB%8F%84%EB%9F%89%EC%B0%B8%EB%B2%95%20%EA%B6%8C6%3F10%20%EC%84%9C%EC%9A%B8%ED%8A%B9%EB%B3%84%EC%8B%9C%20%EC%A2%85%EB%A1%9C%EA%B5%AC%20%ED%8F%89%EC%B0%BD13%EA%B8%B8%208%28%ED%8F%89%EC%B0%BD%EB%8F%99%29
은평구	응암동	묘법연화경 권4~7	서울특별시 은평구 은평로20나길 5-23(응암동)	보물	37.597254	126.93323	https://map.naver.com/p/search/%EB%AC%98%EB%B2%95%EC%97%B0%ED%99%94%EA%B2%BD%20%EA%B6%8C4~7%20%EC%84%9C%EC%9A%B8%ED%8A%B9%EB%B3%84%EC%8B%9C%20%EC%9D%80%ED%8F%89%EA%B5%AC%20%EC%9D%80%ED%8F%89%EB%A1%9C20%EB%82%98%EA%B8%B8%205-23%28%EC%9D%91%EC%95%94%EB%8F%99%29
용산구	용산동6가	삼현수간	서울특별시 용산구 서빙고로 137(용산동6가)	보물	37.524087	126.980388	https://map.naver.com/p/search/%EC%82%BC%ED%98%84%EC%88%98%EA%B0%84%20%EC%84%9C%EC%9A%B8%ED%8A%B9%EB%B3%84%EC%8B%9C%20%EC%9A%A9%EC%82%B0%EA%B5%AC%20%EC%84%9C%EB%B9%99%EA%B3%A0%EB%A1%9C%20137%28%EC%9A%A9%EC%82%B0%EB%8F%996%EA%B0%80%29
용산구	한남동	청자 상감모란양류문 주전자 및 승반	서울특별시 용산구 이태원로55길 60-16(한남동)	보물	37.538546	126.99881	https://map.naver.com/p/search/%EC%B2%AD%EC%9E%90%20%EC%83%81%EA%B0%90%EB%AA%A8%EB%9E%80%EC%96%91%EB%A5%98%EB%AC%B8%20%EC%A3%BC%EC%A0%84%EC%9E%90%20%EB%B0%8F%20%EC%8A%B9%EB%B0%98%20%EC%84%9C%EC%9A%B8%ED%8A%B9%EB%B3%84%EC%8B%9C%20%EC%9A%A9%EC%82%B0%EA%B5%AC%20%EC%9D%B4%ED%83%9C%EC%9B%90%EB%A1%9C55%EA%B8%B8%2060-16%28%ED%95%9C%EB%82%A8%EB%8F%99%29
용산구	한남동	청자 퇴화화문 주전자 및 승반	서울특별시 용산구 이태원로55길 60-16(한남동)	보물	37.538546	126.99881	https://map.naver.com/p/search/%EC%B2%AD%EC%9E%90%20%ED%87%B4%ED%99%94%ED%99%94%EB%AC%B8%20%EC%A3%BC%EC%A0%84%EC%9E%90%20%EB%B0%8F%20%EC%8A%B9%EB%B0%98%20%EC%84%9C%EC%9A%B8%ED%8A%B9%EB%B3%84%EC%8B%9C%20%EC%9A%A9%EC%82%B0%EA%B5%AC%20%EC%9D%B4%ED%83%9C%EC%9B%90%EB%A1%9C55%EA%B8%B8%2060-16%28%ED%95%9C%EB%82%A8%EB%8F%99%29
용산구	한남동	분청사기 상감모란문 항아리	서울특별시 용산구 이태원로55길 60-16(한남동)	보물	37.538546	126.99881	https://map.naver.com/p/search/%EB%B6%84%EC%B2%AD%EC%82%AC%EA%B8%B0%20%EC%83%81%EA%B0%90%EB%AA%A8%EB%9E%80%EB%AC%B8%20%ED%95%AD%EC%95%84%EB%A6%AC%20%EC%84%9C%EC%9A%B8%ED%8A%B9%EB%B3%84%EC%8B%9C%20%EC%9A%A9%EC%82%B0%EA%B5%AC%20%EC%9D%B4%ED%83%9C%EC%9B%90%EB%A1%9C55%EA%B8%B8%2060-16%28%ED%95%9C%EB%82%A8%EB%8F%99%29
용산구	한강로2가	수월관음도	서울특별시 용산구 한강대로 100(한강로2가)	보물	37.528791	126.968674	https://map.naver.com/p/search/%EC%88%98%EC%9B%94%EA%B4%80%EC%9D%8C%EB%8F%84%20%EC%84%9C%EC%9A%B8%ED%8A%B9%EB%B3%84%EC%8B%9C%20%EC%9A%A9%EC%82%B0%EA%B5%AC%20%ED%95%9C%EA%B0%95%EB%8C%80%EB%A1%9C%20100%28%ED%95%9C%EA%B0%95%EB%A1%9C2%EA%B0%80%29
용산구	용산동6가	분청사기 상감‘정통13년’명 묘지 및 분청사기 일괄	서울특별시 용산구 서빙고로 137(용산동6가)	보물	37.524087	126.980388	https://map.naver.com/p/search/%EB%B6%84%EC%B2%AD%EC%82%AC%EA%B8%B0%20%EC%83%81%EA%B0%90%E2%80%98%EC%A0%95%ED%86%B513%EB%85%84%E2%80%99%EB%AA%85%20%EB%AC%98%EC%A7%80%20%EB%B0%8F%20%EB%B6%84%EC%B2%AD%EC%82%AC%EA%B8%B0%20%EC%9D%BC%EA%B4%84%20%EC%84%9C%EC%9A%B8%ED%8A%B9%EB%B3%84%EC%8B%9C%20%EC%9A%A9%EC%82%B0%EA%B5%AC%20%EC%84%9C%EB%B9%99%EA%B3%A0%EB%A1%9C%20137%28%EC%9A%A9%EC%82%B0%EB%8F%996%EA%B0%80%29
용산구	한남동	화성행행도 병풍	서울특별시 용산구 이태원로55길 60-16(한남동)	보물	37.538546	126.99881	https://map.naver.com/p/search/%ED%99%94%EC%84%B1%ED%96%89%ED%96%89%EB%8F%84%20%EB%B3%91%ED%92%8D%20%EC%84%9C%EC%9A%B8%ED%8A%B9%EB%B3%84%EC%8B%9C%20%EC%9A%A9%EC%82%B0%EA%B5%AC%20%EC%9D%B4%ED%83%9C%EC%9B%90%EB%A1%9C55%EA%B8%B8%2060-16%28%ED%95%9C%EB%82%A8%EB%8F%99%29
중구	일산동|식사동	봉수당진찬도	경기도 고양시 일산동구 동국로 32 (식사동) 동국대바이오메디캠퍼스 산학협력관 수장고	보물	37.6777607	126.8069508	https://map.naver.com/p/search/%EB%B4%89%EC%88%98%EB%8B%B9%EC%A7%84%EC%B0%AC%EB%8F%84%20%EA%B2%BD%EA%B8%B0%EB%8F%84%20%EA%B3%A0%EC%96%91%EC%8B%9C%20%EC%9D%BC%EC%82%B0%EB%8F%99%EA%B5%AC%20%EB%8F%99%EA%B5%AD%EB%A1%9C%2032%20%28%EC%8B%9D%EC%82%AC%EB%8F%99%29%20%EB%8F%99%EA%B5%AD%EB%8C%80%EB%B0%94%EC%9D%B4%EC%98%A4%EB%A9%94%EB%94%94%EC%BA%A0%ED%8D%BC%EC%8A%A4%20%EC%82%B0%ED%95%99%ED%98%91%EB%A0%A5%EA%B4%80%20%EC%88%98%EC%9E%A5%EA%B3%A0
종로구		일월반도도 병풍	서울특별시 종로구 효자로 12(세종로)	보물	37.576668	126.974922	https://map.naver.com/p/search/%EC%9D%BC%EC%9B%94%EB%B0%98%EB%8F%84%EB%8F%84%20%EB%B3%91%ED%92%8D%20%EC%84%9C%EC%9A%B8%ED%8A%B9%EB%B3%84%EC%8B%9C%20%EC%A2%85%EB%A1%9C%EA%B5%AC%20%ED%9A%A8%EC%9E%90%EB%A1%9C%2012%28%EC%84%B8%EC%A2%85%EB%A1%9C%29
용산구	용산동6가	정사신 참석 계회도 일괄	서울특별시 용산구 서빙고로 137(용산동6가)	보물	37.524087	126.980388	https://map.naver.com/p/search/%EC%A0%95%EC%82%AC%EC%8B%A0%20%EC%B0%B8%EC%84%9D%20%EA%B3%84%ED%9A%8C%EB%8F%84%20%EC%9D%BC%EA%B4%84%20%EC%84%9C%EC%9A%B8%ED%8A%B9%EB%B3%84%EC%8B%9C%20%EC%9A%A9%EC%82%B0%EA%B5%AC%20%EC%84%9C%EB%B9%99%EA%B3%A0%EB%A1%9C%20137%28%EC%9A%A9%EC%82%B0%EB%8F%996%EA%B0%80%29
종로구	청운동	백자 달항아리	서울특별시 종로구 자하문로36길 16-5(청운동, 인텔빌라) A동 7호	보물	37.573521	126.978835	https://map.naver.com/p/search/%EB%B0%B1%EC%9E%90%20%EB%8B%AC%ED%95%AD%EC%95%84%EB%A6%AC%20%EC%84%9C%EC%9A%B8%ED%8A%B9%EB%B3%84%EC%8B%9C%20%EC%A2%85%EB%A1%9C%EA%B5%AC%20%EC%9E%90%ED%95%98%EB%AC%B8%EB%A1%9C36%EA%B8%B8%2016-5%28%EC%B2%AD%EC%9A%B4%EB%8F%99%2C%20%EC%9D%B8%ED%85%94%EB%B9%8C%EB%9D%BC%29%20A%EB%8F%99%207%ED%98%B8
용산구	한강로2가	백자 달항아리	서울특별시 용산구 한강대로 100(한강로2가)	보물	37.528791	126.968674	https://map.naver.com/p/search/%EB%B0%B1%EC%9E%90%20%EB%8B%AC%ED%95%AD%EC%95%84%EB%A6%AC%20%EC%84%9C%EC%9A%B8%ED%8A%B9%EB%B3%84%EC%8B%9C%20%EC%9A%A9%EC%82%B0%EA%B5%AC%20%ED%95%9C%EA%B0%95%EB%8C%80%EB%A1%9C%20100%28%ED%95%9C%EA%B0%95%EB%A1%9C2%EA%B0%80%29
관악구	신림동	청자 상감‘덕천’명 연화양류문 매병	서울특별시 관악구 남부순환로152길 53(신림동)	보물	37.480982	126.918218	https://map.naver.com/p/search/%EC%B2%AD%EC%9E%90%20%EC%83%81%EA%B0%90%E2%80%98%EB%8D%95%EC%B2%9C%E2%80%99%EB%AA%85%20%EC%97%B0%ED%99%94%EC%96%91%EB%A5%98%EB%AC%B8%20%EB%A7%A4%EB%B3%91%20%EC%84%9C%EC%9A%B8%ED%8A%B9%EB%B3%84%EC%8B%9C%20%EA%B4%80%EC%95%85%EA%B5%AC%20%EB%82%A8%EB%B6%80%EC%88%9C%ED%99%98%EB%A1%9C152%EA%B8%B8%2053%28%EC%8B%A0%EB%A6%BC%EB%8F%99%29
관악구	신림동	분청사기 상감파도어문 병	서울특별시 관악구 남부순환로152길 53(신림동)	보물	37.480982	126.918218	https://map.naver.com/p/search/%EB%B6%84%EC%B2%AD%EC%82%AC%EA%B8%B0%20%EC%83%81%EA%B0%90%ED%8C%8C%EB%8F%84%EC%96%B4%EB%AC%B8%20%EB%B3%91%20%EC%84%9C%EC%9A%B8%ED%8A%B9%EB%B3%84%EC%8B%9C%20%EA%B4%80%EC%95%85%EA%B5%AC%20%EB%82%A8%EB%B6%80%EC%88%9C%ED%99%98%EB%A1%9C152%EA%B8%B8%2053%28%EC%8B%A0%EB%A6%BC%EB%8F%99%29
종로구	신문로2가	용비어천가 권3, 4	서울특별시 종로구 새문안로 55(신문로2가)	보물	37.570143	126.970438	https://map.naver.com/p/search/%EC%9A%A9%EB%B9%84%EC%96%B4%EC%B2%9C%EA%B0%80%20%EA%B6%8C3%2C%204%20%EC%84%9C%EC%9A%B8%ED%8A%B9%EB%B3%84%EC%8B%9C%20%EC%A2%85%EB%A1%9C%EA%B5%AC%20%EC%83%88%EB%AC%B8%EC%95%88%EB%A1%9C%2055%28%EC%8B%A0%EB%AC%B8%EB%A1%9C2%EA%B0%80%29
관악구	신림동	용비어천가 권1~2	서울 관악구 관악로 1,103호 동 서울대학교 규장각한국학연구원 (신림동,서울대학교)	보물	37.45337	126.957168	https://map.naver.com/p/search/%EC%9A%A9%EB%B9%84%EC%96%B4%EC%B2%9C%EA%B0%80%20%EA%B6%8C1~2%20%EC%84%9C%EC%9A%B8%20%EA%B4%80%EC%95%85%EA%B5%AC%20%EA%B4%80%EC%95%85%EB%A1%9C%201%2C103%ED%98%B8%20%EB%8F%99%20%EC%84%9C%EC%9A%B8%EB%8C%80%ED%95%99%EA%B5%90%20%EA%B7%9C%EC%9E%A5%EA%B0%81%ED%95%9C%EA%B5%AD%ED%95%99%EC%97%B0%EA%B5%AC%EC%9B%90%20%28%EC%8B%A0%EB%A6%BC%EB%8F%99%2C%EC%84%9C%EC%9A%B8%EB%8C%80%ED%95%99%EA%B5%90%29
용산구	용산동6가	강이오 초상	서울특별시 용산구 서빙고로 137(용산동6가)	보물	37.524087	126.980388	https://map.naver.com/p/search/%EA%B0%95%EC%9D%B4%EC%98%A4%20%EC%B4%88%EC%83%81%20%EC%84%9C%EC%9A%B8%ED%8A%B9%EB%B3%84%EC%8B%9C%20%EC%9A%A9%EC%82%B0%EA%B5%AC%20%EC%84%9C%EB%B9%99%EA%B3%A0%EB%A1%9C%20137%28%EC%9A%A9%EC%82%B0%EB%8F%996%EA%B0%80%29
종로구	견지동	김시습 초상	서울특별시 종로구 우정국로 55(견지동)	보물	37.574494	126.982017	https://map.naver.com/p/search/%EA%B9%80%EC%8B%9C%EC%8A%B5%20%EC%B4%88%EC%83%81%20%EC%84%9C%EC%9A%B8%ED%8A%B9%EB%B3%84%EC%8B%9C%20%EC%A2%85%EB%A1%9C%EA%B5%AC%20%EC%9A%B0%EC%A0%95%EA%B5%AD%EB%A1%9C%2055%28%EA%B2%AC%EC%A7%80%EB%8F%99%29
용산구	용산동6가	이광사 초상	서울특별시 용산구 서빙고로 137(용산동6가)	보물	37.524087	126.980388	https://map.naver.com/p/search/%EC%9D%B4%EA%B4%91%EC%82%AC%20%EC%B4%88%EC%83%81%20%EC%84%9C%EC%9A%B8%ED%8A%B9%EB%B3%84%EC%8B%9C%20%EC%9A%A9%EC%82%B0%EA%B5%AC%20%EC%84%9C%EB%B9%99%EA%B3%A0%EB%A1%9C%20137%28%EC%9A%A9%EC%82%B0%EB%8F%996%EA%B0%80%29
용산구	용산동6가	서직수 초상	서울특별시 용산구 서빙고로 137(용산동6가)	보물	37.524087	126.980388	https://map.naver.com/p/search/%EC%84%9C%EC%A7%81%EC%88%98%20%EC%B4%88%EC%83%81%20%EC%84%9C%EC%9A%B8%ED%8A%B9%EB%B3%84%EC%8B%9C%20%EC%9A%A9%EC%82%B0%EA%B5%AC%20%EC%84%9C%EB%B9%99%EA%B3%A0%EB%A1%9C%20137%28%EC%9A%A9%EC%82%B0%EB%8F%996%EA%B0%80%29
종로구		철종어진	서울특별시 종로구 효자로 12(세종로)	보물	37.576668	126.974922	https://map.naver.com/p/search/%EC%B2%A0%EC%A2%85%EC%96%B4%EC%A7%84%20%EC%84%9C%EC%9A%B8%ED%8A%B9%EB%B3%84%EC%8B%9C%20%EC%A2%85%EB%A1%9C%EA%B5%AC%20%ED%9A%A8%EC%9E%90%EB%A1%9C%2012%28%EC%84%B8%EC%A2%85%EB%A1%9C%29
용산구	한남동	오재순 초상	서울특별시 용산구 이태원로55길 60-16(한남동)	보물	37.538546	126.99881	https://map.naver.com/p/search/%EC%98%A4%EC%9E%AC%EC%88%9C%20%EC%B4%88%EC%83%81%20%EC%84%9C%EC%9A%B8%ED%8A%B9%EB%B3%84%EC%8B%9C%20%EC%9A%A9%EC%82%B0%EA%B5%AC%20%EC%9D%B4%ED%83%9C%EC%9B%90%EB%A1%9C55%EA%B8%B8%2060-16%28%ED%95%9C%EB%82%A8%EB%8F%99%29
용산구	용산동6가	윤급 초상	서울특별시 용산구 서빙고로 137(용산동6가)	보물	37.524087	126.980388	https://map.naver.com/p/search/%EC%9C%A4%EA%B8%89%20%EC%B4%88%EC%83%81%20%EC%84%9C%EC%9A%B8%ED%8A%B9%EB%B3%84%EC%8B%9C%20%EC%9A%A9%EC%82%B0%EA%B5%AC%20%EC%84%9C%EB%B9%99%EA%B3%A0%EB%A1%9C%20137%28%EC%9A%A9%EC%82%B0%EB%8F%996%EA%B0%80%29
서대문구	신촌동	초조본 수용삼수요행법	서울특별시 서대문구 연세로 50(신촌동)	보물	37.567113	126.939029	https://map.naver.com/p/search/%EC%B4%88%EC%A1%B0%EB%B3%B8%20%EC%88%98%EC%9A%A9%EC%82%BC%EC%88%98%EC%9A%94%ED%96%89%EB%B2%95%20%EC%84%9C%EC%9A%B8%ED%8A%B9%EB%B3%84%EC%8B%9C%20%EC%84%9C%EB%8C%80%EB%AC%B8%EA%B5%AC%20%EC%97%B0%EC%84%B8%EB%A1%9C%2050%28%EC%8B%A0%EC%B4%8C%EB%8F%99%29
종로구	신문로2가	영조 기로연?수작연도 병풍	서울특별시 종로구 새문안로 55(신문로2가)	보물	37.570143	126.970438	https://map.naver.com/p/search/%EC%98%81%EC%A1%B0%20%EA%B8%B0%EB%A1%9C%EC%97%B0%3F%EC%88%98%EC%9E%91%EC%97%B0%EB%8F%84%20%EB%B3%91%ED%92%8D%20%EC%84%9C%EC%9A%B8%ED%8A%B9%EB%B3%84%EC%8B%9C%20%EC%A2%85%EB%A1%9C%EA%B5%AC%20%EC%83%88%EB%AC%B8%EC%95%88%EB%A1%9C%2055%28%EC%8B%A0%EB%AC%B8%EB%A1%9C2%EA%B0%80%29
서초구	반포동	서북피아양계만리일람지도	서울특별시 서초구 반포대로 201(반포동)	보물	37.49743	127.003102	https://map.naver.com/p/search/%EC%84%9C%EB%B6%81%ED%94%BC%EC%95%84%EC%96%91%EA%B3%84%EB%A7%8C%EB%A6%AC%EC%9D%BC%EB%9E%8C%EC%A7%80%EB%8F%84%20%EC%84%9C%EC%9A%B8%ED%8A%B9%EB%B3%84%EC%8B%9C%20%EC%84%9C%EC%B4%88%EA%B5%AC%20%EB%B0%98%ED%8F%AC%EB%8C%80%EB%A1%9C%20201%28%EB%B0%98%ED%8F%AC%EB%8F%99%29
관악구	신림동	서북피아양계만리일람지도	서울 관악구 관악로 1,103동 서울대학교 규장각한국학연구원 (신림동,서울대학교)	보물	37.45337	126.957168	https://map.naver.com/p/search/%EC%84%9C%EB%B6%81%ED%94%BC%EC%95%84%EC%96%91%EA%B3%84%EB%A7%8C%EB%A6%AC%EC%9D%BC%EB%9E%8C%EC%A7%80%EB%8F%84%20%EC%84%9C%EC%9A%B8%20%EA%B4%80%EC%95%85%EA%B5%AC%20%EA%B4%80%EC%95%85%EB%A1%9C%201%2C103%EB%8F%99%20%EC%84%9C%EC%9A%B8%EB%8C%80%ED%95%99%EA%B5%90%20%EA%B7%9C%EC%9E%A5%EA%B0%81%ED%95%9C%EA%B5%AD%ED%95%99%EC%97%B0%EA%B5%AC%EC%9B%90%20%28%EC%8B%A0%EB%A6%BC%EB%8F%99%2C%EC%84%9C%EC%9A%B8%EB%8C%80%ED%95%99%EA%B5%90%29
서대문구	신촌동	봉래유묵	서울특별시 서대문구 연세로 50(신촌동)	보물	37.567113	126.939029	https://map.naver.com/p/search/%EB%B4%89%EB%9E%98%EC%9C%A0%EB%AC%B5%20%EC%84%9C%EC%9A%B8%ED%8A%B9%EB%B3%84%EC%8B%9C%20%EC%84%9C%EB%8C%80%EB%AC%B8%EA%B5%AC%20%EC%97%B0%EC%84%B8%EB%A1%9C%2050%28%EC%8B%A0%EC%B4%8C%EB%8F%99%29
관악구	신림동	청자 표주박모양 주전자	서울 관악구 남부순환로152길 53, 호림박물관 (신림동,호림박물관)	보물	37.480982	126.918218	https://map.naver.com/p/search/%EC%B2%AD%EC%9E%90%20%ED%91%9C%EC%A3%BC%EB%B0%95%EB%AA%A8%EC%96%91%20%EC%A3%BC%EC%A0%84%EC%9E%90%20%EC%84%9C%EC%9A%B8%20%EA%B4%80%EC%95%85%EA%B5%AC%20%EB%82%A8%EB%B6%80%EC%88%9C%ED%99%98%EB%A1%9C152%EA%B8%B8%2053%2C%20%ED%98%B8%EB%A6%BC%EB%B0%95%EB%AC%BC%EA%B4%80%20%28%EC%8B%A0%EB%A6%BC%EB%8F%99%2C%ED%98%B8%EB%A6%BC%EB%B0%95%EB%AC%BC%EA%B4%80%29
관악구	신림동	분청사기 상감모란양류문 병	서울 관악구 남부순환로152길 53, 호림박물관 (신림동,호림박물관)	보물	37.480982	126.918218	https://map.naver.com/p/search/%EB%B6%84%EC%B2%AD%EC%82%AC%EA%B8%B0%20%EC%83%81%EA%B0%90%EB%AA%A8%EB%9E%80%EC%96%91%EB%A5%98%EB%AC%B8%20%EB%B3%91%20%EC%84%9C%EC%9A%B8%20%EA%B4%80%EC%95%85%EA%B5%AC%20%EB%82%A8%EB%B6%80%EC%88%9C%ED%99%98%EB%A1%9C152%EA%B8%B8%2053%2C%20%ED%98%B8%EB%A6%BC%EB%B0%95%EB%AC%BC%EA%B4%80%20%28%EC%8B%A0%EB%A6%BC%EB%8F%99%2C%ED%98%B8%EB%A6%BC%EB%B0%95%EB%AC%BC%EA%B4%80%29
용산구	한강로2가	감지은니 대방광불화엄경	서울특별시 용산구 한강대로 100(한강로2가)	보물	37.528791	126.968674	https://map.naver.com/p/search/%EA%B0%90%EC%A7%80%EC%9D%80%EB%8B%88%20%EB%8C%80%EB%B0%A9%EA%B4%91%EB%B6%88%ED%99%94%EC%97%84%EA%B2%BD%20%EC%84%9C%EC%9A%B8%ED%8A%B9%EB%B3%84%EC%8B%9C%20%EC%9A%A9%EC%82%B0%EA%B5%AC%20%ED%95%9C%EA%B0%95%EB%8C%80%EB%A1%9C%20100%28%ED%95%9C%EA%B0%95%EB%A1%9C2%EA%B0%80%29
은평구	구산동	서울 수국사 목조아미타여래좌상 및 복장유물	서울특별시 은평구 서오릉로23길 8-5(구산동)	보물	37.615803	126.905415	https://map.naver.com/p/search/%EC%84%9C%EC%9A%B8%20%EC%88%98%EA%B5%AD%EC%82%AC%20%EB%AA%A9%EC%A1%B0%EC%95%84%EB%AF%B8%ED%83%80%EC%97%AC%EB%9E%98%EC%A2%8C%EC%83%81%20%EB%B0%8F%20%EB%B3%B5%EC%9E%A5%EC%9C%A0%EB%AC%BC%20%EC%84%9C%EC%9A%B8%ED%8A%B9%EB%B3%84%EC%8B%9C%20%EC%9D%80%ED%8F%89%EA%B5%AC%20%EC%84%9C%EC%98%A4%EB%A6%89%EB%A1%9C23%EA%B8%B8%208-5%28%EA%B5%AC%EC%82%B0%EB%8F%99%29
용산구	용산동6가	대동여지도 목판	서울특별시 용산구 서빙고로 137(용산동6가)	보물	37.524087	126.980388	https://map.naver.com/p/search/%EB%8C%80%EB%8F%99%EC%97%AC%EC%A7%80%EB%8F%84%20%EB%AA%A9%ED%8C%90%20%EC%84%9C%EC%9A%B8%ED%8A%B9%EB%B3%84%EC%8B%9C%20%EC%9A%A9%EC%82%B0%EA%B5%AC%20%EC%84%9C%EB%B9%99%EA%B3%A0%EB%A1%9C%20137%28%EC%9A%A9%EC%82%B0%EB%8F%996%EA%B0%80%29
관악구	신림동	해서지도	서울 관악구 관악로 1,103동 서울대학교 규장각한국학연구원 (신림동,서울대학교)	보물	37.464007	126.952239	https://map.naver.com/p/search/%ED%95%B4%EC%84%9C%EC%A7%80%EB%8F%84%20%EC%84%9C%EC%9A%B8%20%EA%B4%80%EC%95%85%EA%B5%AC%20%EA%B4%80%EC%95%85%EB%A1%9C%201%2C103%EB%8F%99%20%EC%84%9C%EC%9A%B8%EB%8C%80%ED%95%99%EA%B5%90%20%EA%B7%9C%EC%9E%A5%EA%B0%81%ED%95%9C%EA%B5%AD%ED%95%99%EC%97%B0%EA%B5%AC%EC%9B%90%20%28%EC%8B%A0%EB%A6%BC%EB%8F%99%2C%EC%84%9C%EC%9A%B8%EB%8C%80%ED%95%99%EA%B5%90%29
관악구	신림동	호남지도	서울 관악구 관악로 1,103동 서울대학교 규장각한국학연구원 (신림동,서울대학교)	보물	37.45337	126.957168	https://map.naver.com/p/search/%ED%98%B8%EB%82%A8%EC%A7%80%EB%8F%84%20%EC%84%9C%EC%9A%B8%20%EA%B4%80%EC%95%85%EA%B5%AC%20%EA%B4%80%EC%95%85%EB%A1%9C%201%2C103%EB%8F%99%20%EC%84%9C%EC%9A%B8%EB%8C%80%ED%95%99%EA%B5%90%20%EA%B7%9C%EC%9E%A5%EA%B0%81%ED%95%9C%EA%B5%AD%ED%95%99%EC%97%B0%EA%B5%AC%EC%9B%90%20%28%EC%8B%A0%EB%A6%BC%EB%8F%99%2C%EC%84%9C%EC%9A%B8%EB%8C%80%ED%95%99%EA%B5%90%29
서초구	반포동	청구도	서울특별시 서초구 반포대로 201(반포동)	보물	37.49743	127.003102	https://map.naver.com/p/search/%EC%B2%AD%EA%B5%AC%EB%8F%84%20%EC%84%9C%EC%9A%B8%ED%8A%B9%EB%B3%84%EC%8B%9C%20%EC%84%9C%EC%B4%88%EA%B5%AC%20%EB%B0%98%ED%8F%AC%EB%8C%80%EB%A1%9C%20201%28%EB%B0%98%ED%8F%AC%EB%8F%99%29
종로구	신문로2가	천하여지도	서울특별시 종로구 새문안로 55(신문로2가)	보물	37.570143	126.970438	https://map.naver.com/p/search/%EC%B2%9C%ED%95%98%EC%97%AC%EC%A7%80%EB%8F%84%20%EC%84%9C%EC%9A%B8%ED%8A%B9%EB%B3%84%EC%8B%9C%20%EC%A2%85%EB%A1%9C%EA%B5%AC%20%EC%83%88%EB%AC%B8%EC%95%88%EB%A1%9C%2055%28%EC%8B%A0%EB%AC%B8%EB%A1%9C2%EA%B0%80%29
종로구	신문로2가	조선팔도고금총람도	서울특별시 종로구 새문안로 55(신문로2가)	보물	37.570143	126.970438	https://map.naver.com/p/search/%EC%A1%B0%EC%84%A0%ED%8C%94%EB%8F%84%EA%B3%A0%EA%B8%88%EC%B4%9D%EB%9E%8C%EB%8F%84%20%EC%84%9C%EC%9A%B8%ED%8A%B9%EB%B3%84%EC%8B%9C%20%EC%A2%85%EB%A1%9C%EA%B5%AC%20%EC%83%88%EB%AC%B8%EC%95%88%EB%A1%9C%2055%28%EC%8B%A0%EB%AC%B8%EB%A1%9C2%EA%B0%80%29
종로구	신문로2가	대불정여래밀인수증요의제보살만행수능엄경	서울특별시 종로구 새문안로 55(신문로2가)	보물	37.570143	126.970438	https://map.naver.com/p/search/%EB%8C%80%EB%B6%88%EC%A0%95%EC%97%AC%EB%9E%98%EB%B0%80%EC%9D%B8%EC%88%98%EC%A6%9D%EC%9A%94%EC%9D%98%EC%A0%9C%EB%B3%B4%EC%82%B4%EB%A7%8C%ED%96%89%EC%88%98%EB%8A%A5%EC%97%84%EA%B2%BD%20%EC%84%9C%EC%9A%B8%ED%8A%B9%EB%B3%84%EC%8B%9C%20%EC%A2%85%EB%A1%9C%EA%B5%AC%20%EC%83%88%EB%AC%B8%EC%95%88%EB%A1%9C%2055%28%EC%8B%A0%EB%AC%B8%EB%A1%9C2%EA%B0%80%29
종로구		대한제국 고종 황제어새	서울특별시 종로구 효자로 12(세종로)	보물	37.576668	126.974922	https://map.naver.com/p/search/%EB%8C%80%ED%95%9C%EC%A0%9C%EA%B5%AD%20%EA%B3%A0%EC%A2%85%20%ED%99%A9%EC%A0%9C%EC%96%B4%EC%83%88%20%EC%84%9C%EC%9A%B8%ED%8A%B9%EB%B3%84%EC%8B%9C%20%EC%A2%85%EB%A1%9C%EA%B5%AC%20%ED%9A%A8%EC%9E%90%EB%A1%9C%2012%28%EC%84%B8%EC%A2%85%EB%A1%9C%29
마포구	신수동	양사언 초서	서울특별시 마포구 백범로 35(신수동)	보물	37.551713	126.941063	https://map.naver.com/p/search/%EC%96%91%EC%82%AC%EC%96%B8%20%EC%B4%88%EC%84%9C%20%EC%84%9C%EC%9A%B8%ED%8A%B9%EB%B3%84%EC%8B%9C%20%EB%A7%88%ED%8F%AC%EA%B5%AC%20%EB%B0%B1%EB%B2%94%EB%A1%9C%2035%28%EC%8B%A0%EC%88%98%EB%8F%99%29
용산구	용산동6가	김현성 필적	서울특별시 용산구 서빙고로 137(용산동6가)	보물	37.524087	126.980388	https://map.naver.com/p/search/%EA%B9%80%ED%98%84%EC%84%B1%20%ED%95%84%EC%A0%81%20%EC%84%9C%EC%9A%B8%ED%8A%B9%EB%B3%84%EC%8B%9C%20%EC%9A%A9%EC%82%B0%EA%B5%AC%20%EC%84%9C%EB%B9%99%EA%B3%A0%EB%A1%9C%20137%28%EC%9A%A9%EC%82%B0%EB%8F%996%EA%B0%80%29
종로구	견지동	초조본 불설가섭부불반열반경	서울특별시 종로구 우정국로 55(견지동)	보물	37.574494	126.982017	https://map.naver.com/p/search/%EC%B4%88%EC%A1%B0%EB%B3%B8%20%EB%B6%88%EC%84%A4%EA%B0%80%EC%84%AD%EB%B6%80%EB%B6%88%EB%B0%98%EC%97%B4%EB%B0%98%EA%B2%BD%20%EC%84%9C%EC%9A%B8%ED%8A%B9%EB%B3%84%EC%8B%9C%20%EC%A2%85%EB%A1%9C%EA%B5%AC%20%EC%9A%B0%EC%A0%95%EA%B5%AD%EB%A1%9C%2055%28%EA%B2%AC%EC%A7%80%EB%8F%99%29
성북구	안암동5가	서울 개운사 목조아미타여래좌상 및 발원문	서울특별시 성북구 안암동5가 157-3	보물	37.589681	127.029079	https://map.naver.com/p/search/%EC%84%9C%EC%9A%B8%20%EA%B0%9C%EC%9A%B4%EC%82%AC%20%EB%AA%A9%EC%A1%B0%EC%95%84%EB%AF%B8%ED%83%80%EC%97%AC%EB%9E%98%EC%A2%8C%EC%83%81%20%EB%B0%8F%20%EB%B0%9C%EC%9B%90%EB%AC%B8%20%EC%84%9C%EC%9A%B8%ED%8A%B9%EB%B3%84%EC%8B%9C%20%EC%84%B1%EB%B6%81%EA%B5%AC%20%EC%95%88%EC%95%94%EB%8F%995%EA%B0%80%20157-3
종로구	견지동	서울 개운사 목조아미타여래좌상 복장전적	서울특별시 종로구 우정국로 55(견지동) 조계사	보물	37.574494	126.982017	https://map.naver.com/p/search/%EC%84%9C%EC%9A%B8%20%EA%B0%9C%EC%9A%B4%EC%82%AC%20%EB%AA%A9%EC%A1%B0%EC%95%84%EB%AF%B8%ED%83%80%EC%97%AC%EB%9E%98%EC%A2%8C%EC%83%81%20%EB%B3%B5%EC%9E%A5%EC%A0%84%EC%A0%81%20%EC%84%9C%EC%9A%B8%ED%8A%B9%EB%B3%84%EC%8B%9C%20%EC%A2%85%EB%A1%9C%EA%B5%AC%20%EC%9A%B0%EC%A0%95%EA%B5%AD%EB%A1%9C%2055%28%EA%B2%AC%EC%A7%80%EB%8F%99%29%20%EC%A1%B0%EA%B3%84%EC%82%AC
종로구		이형 좌명원종공신녹권 및 함	서울특별시 종로구 효자로 12(세종로)	보물	37.576668	126.974922	https://map.naver.com/p/search/%EC%9D%B4%ED%98%95%20%EC%A2%8C%EB%AA%85%EC%9B%90%EC%A2%85%EA%B3%B5%EC%8B%A0%EB%85%B9%EA%B6%8C%20%EB%B0%8F%20%ED%95%A8%20%EC%84%9C%EC%9A%B8%ED%8A%B9%EB%B3%84%EC%8B%9C%20%EC%A2%85%EB%A1%9C%EA%B5%AC%20%ED%9A%A8%EC%9E%90%EB%A1%9C%2012%28%EC%84%B8%EC%A2%85%EB%A1%9C%29
관악구	신림동	도성도	서울 관악구 관악로 1,103동 서울대학교 규장각한국학연구원 (신림동,서울대학교)	보물	37.45337	126.957168	https://map.naver.com/p/search/%EB%8F%84%EC%84%B1%EB%8F%84%20%EC%84%9C%EC%9A%B8%20%EA%B4%80%EC%95%85%EA%B5%AC%20%EA%B4%80%EC%95%85%EB%A1%9C%201%2C103%EB%8F%99%20%EC%84%9C%EC%9A%B8%EB%8C%80%ED%95%99%EA%B5%90%20%EA%B7%9C%EC%9E%A5%EA%B0%81%ED%95%9C%EA%B5%AD%ED%95%99%EC%97%B0%EA%B5%AC%EC%9B%90%20%28%EC%8B%A0%EB%A6%BC%EB%8F%99%2C%EC%84%9C%EC%9A%B8%EB%8C%80%ED%95%99%EA%B5%90%29
용산구	용산동6가	대승기신론의기 권상, 하	서울특별시 용산구 서빙고로 137(용산동6가)	보물	37.524087	126.980388	https://map.naver.com/p/search/%EB%8C%80%EC%8A%B9%EA%B8%B0%EC%8B%A0%EB%A1%A0%EC%9D%98%EA%B8%B0%20%EA%B6%8C%EC%83%81%2C%20%ED%95%98%20%EC%84%9C%EC%9A%B8%ED%8A%B9%EB%B3%84%EC%8B%9C%20%EC%9A%A9%EC%82%B0%EA%B5%AC%20%EC%84%9C%EB%B9%99%EA%B3%A0%EB%A1%9C%20137%28%EC%9A%A9%EC%82%B0%EB%8F%996%EA%B0%80%29
강남구	신사동	상지은니 대방광불화엄경 주본 권4	서울 강남구 언주로 827, 코리아나화장박물관 (신사동,코리아나아트센타)	보물	37.524048	127.0328	https://map.naver.com/p/search/%EC%83%81%EC%A7%80%EC%9D%80%EB%8B%88%20%EB%8C%80%EB%B0%A9%EA%B4%91%EB%B6%88%ED%99%94%EC%97%84%EA%B2%BD%20%EC%A3%BC%EB%B3%B8%20%EA%B6%8C4%20%EC%84%9C%EC%9A%B8%20%EA%B0%95%EB%82%A8%EA%B5%AC%20%EC%96%B8%EC%A3%BC%EB%A1%9C%20827%2C%20%EC%BD%94%EB%A6%AC%EC%95%84%EB%82%98%ED%99%94%EC%9E%A5%EB%B0%95%EB%AC%BC%EA%B4%80%20%28%EC%8B%A0%EC%82%AC%EB%8F%99%2C%EC%BD%94%EB%A6%AC%EC%95%84%EB%82%98%EC%95%84%ED%8A%B8%EC%84%BC%ED%83%80%29
용산구	용산동6가	윤순거 초서 무이구곡가	서울특별시 용산구 서빙고로 137(용산동6가)	보물	37.524087	126.980388	https://map.naver.com/p/search/%EC%9C%A4%EC%88%9C%EA%B1%B0%20%EC%B4%88%EC%84%9C%20%EB%AC%B4%EC%9D%B4%EA%B5%AC%EA%B3%A1%EA%B0%80%20%EC%84%9C%EC%9A%B8%ED%8A%B9%EB%B3%84%EC%8B%9C%20%EC%9A%A9%EC%82%B0%EA%B5%AC%20%EC%84%9C%EB%B9%99%EA%B3%A0%EB%A1%9C%20137%28%EC%9A%A9%EC%82%B0%EB%8F%996%EA%B0%80%29
용산구	용산동6가	윤순 필적 고시서축	서울특별시 용산구 서빙고로 137(용산동6가)	보물	37.524087	126.980388	https://map.naver.com/p/search/%EC%9C%A4%EC%88%9C%20%ED%95%84%EC%A0%81%20%EA%B3%A0%EC%8B%9C%EC%84%9C%EC%B6%95%20%EC%84%9C%EC%9A%B8%ED%8A%B9%EB%B3%84%EC%8B%9C%20%EC%9A%A9%EC%82%B0%EA%B5%AC%20%EC%84%9C%EB%B9%99%EA%B3%A0%EB%A1%9C%20137%28%EC%9A%A9%EC%82%B0%EB%8F%996%EA%B0%80%29
용산구	용산동6가	이광사 행서 화기	서울특별시 용산구 서빙고로 137(용산동6가)	보물	37.524087	126.980388	https://map.naver.com/p/search/%EC%9D%B4%EA%B4%91%EC%82%AC%20%ED%96%89%EC%84%9C%20%ED%99%94%EA%B8%B0%20%EC%84%9C%EC%9A%B8%ED%8A%B9%EB%B3%84%EC%8B%9C%20%EC%9A%A9%EC%82%B0%EA%B5%AC%20%EC%84%9C%EB%B9%99%EA%B3%A0%EB%A1%9C%20137%28%EC%9A%A9%EC%82%B0%EB%8F%996%EA%B0%80%29
용산구	용산동6가	재조본 경률이상 권8	서울특별시 용산구 서빙고로 137(용산동6가)	보물	37.524087	126.980388	https://map.naver.com/p/search/%EC%9E%AC%EC%A1%B0%EB%B3%B8%20%EA%B2%BD%EB%A5%A0%EC%9D%B4%EC%83%81%20%EA%B6%8C8%20%EC%84%9C%EC%9A%B8%ED%8A%B9%EB%B3%84%EC%8B%9C%20%EC%9A%A9%EC%82%B0%EA%B5%AC%20%EC%84%9C%EB%B9%99%EA%B3%A0%EB%A1%9C%20137%28%EC%9A%A9%EC%82%B0%EB%8F%996%EA%B0%80%29
용산구	용산동6가	이광사 필적 원교법첩	서울특별시 용산구 서빙고로 137(용산동6가)	보물	37.524087	126.980388	https://map.naver.com/p/search/%EC%9D%B4%EA%B4%91%EC%82%AC%20%ED%95%84%EC%A0%81%20%EC%9B%90%EA%B5%90%EB%B2%95%EC%B2%A9%20%EC%84%9C%EC%9A%B8%ED%8A%B9%EB%B3%84%EC%8B%9C%20%EC%9A%A9%EC%82%B0%EA%B5%AC%20%EC%84%9C%EB%B9%99%EA%B3%A0%EB%A1%9C%20137%28%EC%9A%A9%EC%82%B0%EB%8F%996%EA%B0%80%29
종로구	신교동	송문흠 예서 경재잠	서울특별시 종로구 필운대로11길 22(신교동)	보물	37.573521	126.978835	https://map.naver.com/p/search/%EC%86%A1%EB%AC%B8%ED%9D%A0%20%EC%98%88%EC%84%9C%20%EA%B2%BD%EC%9E%AC%EC%9E%A0%20%EC%84%9C%EC%9A%B8%ED%8A%B9%EB%B3%84%EC%8B%9C%20%EC%A2%85%EB%A1%9C%EA%B5%AC%20%ED%95%84%EC%9A%B4%EB%8C%80%EB%A1%9C11%EA%B8%B8%2022%28%EC%8B%A0%EA%B5%90%EB%8F%99%29
종로구	청운동	이한진 전예 경산전팔쌍절첩	서울특별시 종로구 자하문로36길 16-5(청운동, 인텔빌라) 인텔빌라 A동 7호	보물	37.573521	126.978835	https://map.naver.com/p/search/%EC%9D%B4%ED%95%9C%EC%A7%84%20%EC%A0%84%EC%98%88%20%EA%B2%BD%EC%82%B0%EC%A0%84%ED%8C%94%EC%8C%8D%EC%A0%88%EC%B2%A9%20%EC%84%9C%EC%9A%B8%ED%8A%B9%EB%B3%84%EC%8B%9C%20%EC%A2%85%EB%A1%9C%EA%B5%AC%20%EC%9E%90%ED%95%98%EB%AC%B8%EB%A1%9C36%EA%B8%B8%2016-5%28%EC%B2%AD%EC%9A%B4%EB%8F%99%2C%20%EC%9D%B8%ED%85%94%EB%B9%8C%EB%9D%BC%29%20%EC%9D%B8%ED%85%94%EB%B9%8C%EB%9D%BC%20A%EB%8F%99%207%ED%98%B8
용산구	용산동6가	김정희 해서 묵소거사자찬	서울특별시 용산구 서빙고로 137(용산동6가)	보물	37.524087	126.980388	https://map.naver.com/p/search/%EA%B9%80%EC%A0%95%ED%9D%AC%20%ED%95%B4%EC%84%9C%20%EB%AC%B5%EC%86%8C%EA%B1%B0%EC%82%AC%EC%9E%90%EC%B0%AC%20%EC%84%9C%EC%9A%B8%ED%8A%B9%EB%B3%84%EC%8B%9C%20%EC%9A%A9%EC%82%B0%EA%B5%AC%20%EC%84%9C%EB%B9%99%EA%B3%A0%EB%A1%9C%20137%28%EC%9A%A9%EC%82%B0%EB%8F%996%EA%B0%80%29
종로구	견지동	공주 동학사 목조석가여래삼불좌상 복장전적	서울특별시 종로구 우정국로 55(견지동)	보물	37.574494	126.982017	https://map.naver.com/p/search/%EA%B3%B5%EC%A3%BC%20%EB%8F%99%ED%95%99%EC%82%AC%20%EB%AA%A9%EC%A1%B0%EC%84%9D%EA%B0%80%EC%97%AC%EB%9E%98%EC%82%BC%EB%B6%88%EC%A2%8C%EC%83%81%20%EB%B3%B5%EC%9E%A5%EC%A0%84%EC%A0%81%20%EC%84%9C%EC%9A%B8%ED%8A%B9%EB%B3%84%EC%8B%9C%20%EC%A2%85%EB%A1%9C%EA%B5%AC%20%EC%9A%B0%EC%A0%95%EA%B5%AD%EB%A1%9C%2055%28%EA%B2%AC%EC%A7%80%EB%8F%99%29
중구	회현동1가	양휘산법	서울특별시 중구 소공로 35(회현동1가, 남산 롯데캐슬) 아이리스 102동 2105호	보물	37.558263	126.981919	https://map.naver.com/p/search/%EC%96%91%ED%9C%98%EC%82%B0%EB%B2%95%20%EC%84%9C%EC%9A%B8%ED%8A%B9%EB%B3%84%EC%8B%9C%20%EC%A4%91%EA%B5%AC%20%EC%86%8C%EA%B3%B5%EB%A1%9C%2035%28%ED%9A%8C%ED%98%84%EB%8F%991%EA%B0%80%2C%20%EB%82%A8%EC%82%B0%20%EB%A1%AF%EB%8D%B0%EC%BA%90%EC%8A%AC%29%20%EC%95%84%EC%9D%B4%EB%A6%AC%EC%8A%A4%20102%EB%8F%99%202105%ED%98%B8
종로구	신문로2가	진실주집	서울특별시 종로구 새문안로 55(신문로2가)	보물	37.570143	126.970438	https://map.naver.com/p/search/%EC%A7%84%EC%8B%A4%EC%A3%BC%EC%A7%91%20%EC%84%9C%EC%9A%B8%ED%8A%B9%EB%B3%84%EC%8B%9C%20%EC%A2%85%EB%A1%9C%EA%B5%AC%20%EC%83%88%EB%AC%B8%EC%95%88%EB%A1%9C%2055%28%EC%8B%A0%EB%AC%B8%EB%A1%9C2%EA%B0%80%29
강남구	삼성동	서울 봉은사 목조석가여래삼불좌상	서울특별시 강남구 봉은사로 531(삼성동)	보물	37.515826	127.057735	https://map.naver.com/p/search/%EC%84%9C%EC%9A%B8%20%EB%B4%89%EC%9D%80%EC%82%AC%20%EB%AA%A9%EC%A1%B0%EC%84%9D%EA%B0%80%EC%97%AC%EB%9E%98%EC%82%BC%EB%B6%88%EC%A2%8C%EC%83%81%20%EC%84%9C%EC%9A%B8%ED%8A%B9%EB%B3%84%EC%8B%9C%20%EA%B0%95%EB%82%A8%EA%B5%AC%20%EB%B4%89%EC%9D%80%EC%82%AC%EB%A1%9C%20531%28%EC%82%BC%EC%84%B1%EB%8F%99%29
용산구	용산동6가	농경문 청동기	서울특별시 용산구 서빙고로 137(용산동6가)	보물	37.524087	126.980388	https://map.naver.com/p/search/%EB%86%8D%EA%B2%BD%EB%AC%B8%20%EC%B2%AD%EB%8F%99%EA%B8%B0%20%EC%84%9C%EC%9A%B8%ED%8A%B9%EB%B3%84%EC%8B%9C%20%EC%9A%A9%EC%82%B0%EA%B5%AC%20%EC%84%9C%EB%B9%99%EA%B3%A0%EB%A1%9C%20137%28%EC%9A%A9%EC%82%B0%EB%8F%996%EA%B0%80%29
용산구	용산동6가	봉화 태자사 낭공대사탑비	서울특별시 용산구 서빙고로 137(용산동6가)	보물	37.524087	126.980388	https://map.naver.com/p/search/%EB%B4%89%ED%99%94%20%ED%83%9C%EC%9E%90%EC%82%AC%20%EB%82%AD%EA%B3%B5%EB%8C%80%EC%82%AC%ED%83%91%EB%B9%84%20%EC%84%9C%EC%9A%B8%ED%8A%B9%EB%B3%84%EC%8B%9C%20%EC%9A%A9%EC%82%B0%EA%B5%AC%20%EC%84%9C%EB%B9%99%EA%B3%A0%EB%A1%9C%20137%28%EC%9A%A9%EC%82%B0%EB%8F%996%EA%B0%80%29
용산구	용산동6가	경주 호우총 출토 청동 ‘광개토대왕’명 호우	서울특별시 용산구 서빙고로 137(용산동6가)	보물	37.524087	126.980388	https://map.naver.com/p/search/%EA%B2%BD%EC%A3%BC%20%ED%98%B8%EC%9A%B0%EC%B4%9D%20%EC%B6%9C%ED%86%A0%20%EC%B2%AD%EB%8F%99%20%E2%80%98%EA%B4%91%EA%B0%9C%ED%86%A0%EB%8C%80%EC%99%95%E2%80%99%EB%AA%85%20%ED%98%B8%EC%9A%B0%20%EC%84%9C%EC%9A%B8%ED%8A%B9%EB%B3%84%EC%8B%9C%20%EC%9A%A9%EC%82%B0%EA%B5%AC%20%EC%84%9C%EB%B9%99%EA%B3%A0%EB%A1%9C%20137%28%EC%9A%A9%EC%82%B0%EB%8F%996%EA%B0%80%29
용산구	용산동6가	재조본 유가사지론 권20	서울특별시 용산구 서빙고로 139(용산동6가)	보물	37.521182	126.980919	https://map.naver.com/p/search/%EC%9E%AC%EC%A1%B0%EB%B3%B8%20%EC%9C%A0%EA%B0%80%EC%82%AC%EC%A7%80%EB%A1%A0%20%EA%B6%8C20%20%EC%84%9C%EC%9A%B8%ED%8A%B9%EB%B3%84%EC%8B%9C%20%EC%9A%A9%EC%82%B0%EA%B5%AC%20%EC%84%9C%EB%B9%99%EA%B3%A0%EB%A1%9C%20139%28%EC%9A%A9%EC%82%B0%EB%8F%996%EA%B0%80%29
종로구	청운동	서울 창의문	서울특별시 종로구 창의문로 42(청운동)	보물	37.591357	126.971833	https://map.naver.com/p/search/%EC%84%9C%EC%9A%B8%20%EC%B0%BD%EC%9D%98%EB%AC%B8%20%EC%84%9C%EC%9A%B8%ED%8A%B9%EB%B3%84%EC%8B%9C%20%EC%A2%85%EB%A1%9C%EA%B5%AC%20%EC%B0%BD%EC%9D%98%EB%AC%B8%EB%A1%9C%2042%28%EC%B2%AD%EC%9A%B4%EB%8F%99%29
서초구	서초동	대불정여래밀인수증요의제보살만행수능엄경	서울특별시 서초구 법원로3길 19(서초동)	보물	37.49305	127.00844	https://map.naver.com/p/search/%EB%8C%80%EB%B6%88%EC%A0%95%EC%97%AC%EB%9E%98%EB%B0%80%EC%9D%B8%EC%88%98%EC%A6%9D%EC%9A%94%EC%9D%98%EC%A0%9C%EB%B3%B4%EC%82%B4%EB%A7%8C%ED%96%89%EC%88%98%EB%8A%A5%EC%97%84%EA%B2%BD%20%EC%84%9C%EC%9A%B8%ED%8A%B9%EB%B3%84%EC%8B%9C%20%EC%84%9C%EC%B4%88%EA%B5%AC%20%EB%B2%95%EC%9B%90%EB%A1%9C3%EA%B8%B8%2019%28%EC%84%9C%EC%B4%88%EB%8F%99%29
성북구	돈암동	서울 흥천사 금동천수관음보살좌상	서울특별시 성북구 흥천사길 29(돈암동)	보물	37.597961	127.008131	https://map.naver.com/p/search/%EC%84%9C%EC%9A%B8%20%ED%9D%A5%EC%B2%9C%EC%82%AC%20%EA%B8%88%EB%8F%99%EC%B2%9C%EC%88%98%EA%B4%80%EC%9D%8C%EB%B3%B4%EC%82%B4%EC%A2%8C%EC%83%81%20%EC%84%9C%EC%9A%B8%ED%8A%B9%EB%B3%84%EC%8B%9C%20%EC%84%B1%EB%B6%81%EA%B5%AC%20%ED%9D%A5%EC%B2%9C%EC%82%AC%EA%B8%B8%2029%28%EB%8F%88%EC%95%94%EB%8F%99%29
강서구	가양동	주역참동계	서울특별시 강서구 양천로47길 36(가양동)	보물	37.572227	126.838459	https://map.naver.com/p/search/%EC%A3%BC%EC%97%AD%EC%B0%B8%EB%8F%99%EA%B3%84%20%EC%84%9C%EC%9A%B8%ED%8A%B9%EB%B3%84%EC%8B%9C%20%EA%B0%95%EC%84%9C%EA%B5%AC%20%EC%96%91%EC%B2%9C%EB%A1%9C47%EA%B8%B8%2036%28%EA%B0%80%EC%96%91%EB%8F%99%29
용산구	한남동	백자 철화매죽문 항아리	서울특별시 용산구 이태원로55길 60-16(한남동)	보물	37.538546	126.99881	https://map.naver.com/p/search/%EB%B0%B1%EC%9E%90%20%EC%B2%A0%ED%99%94%EB%A7%A4%EC%A3%BD%EB%AC%B8%20%ED%95%AD%EC%95%84%EB%A6%AC%20%EC%84%9C%EC%9A%B8%ED%8A%B9%EB%B3%84%EC%8B%9C%20%EC%9A%A9%EC%82%B0%EA%B5%AC%20%EC%9D%B4%ED%83%9C%EC%9B%90%EB%A1%9C55%EA%B8%B8%2060-16%28%ED%95%9C%EB%82%A8%EB%8F%99%29
용산구	용산동6가	백자 달항아리	서울특별시 용산구 서빙고로 137(용산동6가)	보물	37.524087	126.980388	https://map.naver.com/p/search/%EB%B0%B1%EC%9E%90%20%EB%8B%AC%ED%95%AD%EC%95%84%EB%A6%AC%20%EC%84%9C%EC%9A%B8%ED%8A%B9%EB%B3%84%EC%8B%9C%20%EC%9A%A9%EC%82%B0%EA%B5%AC%20%EC%84%9C%EB%B9%99%EA%B3%A0%EB%A1%9C%20137%28%EC%9A%A9%EC%82%B0%EB%8F%996%EA%B0%80%29
서대문구	신촌동	조선왕조의궤	서울특별시 서대문구 연세로 50(신촌동)	보물	37.567113	126.939029	https://map.naver.com/p/search/%EC%A1%B0%EC%84%A0%EC%99%95%EC%A1%B0%EC%9D%98%EA%B6%A4%20%EC%84%9C%EC%9A%B8%ED%8A%B9%EB%B3%84%EC%8B%9C%20%EC%84%9C%EB%8C%80%EB%AC%B8%EA%B5%AC%20%EC%97%B0%EC%84%B8%EB%A1%9C%2050%28%EC%8B%A0%EC%B4%8C%EB%8F%99%29
종로구	신문로2가	조선왕조의궤	서울특별시 종로구 새문안로 55(신문로2가)	보물	37.570143	126.970438	https://map.naver.com/p/search/%EC%A1%B0%EC%84%A0%EC%99%95%EC%A1%B0%EC%9D%98%EA%B6%A4%20%EC%84%9C%EC%9A%B8%ED%8A%B9%EB%B3%84%EC%8B%9C%20%EC%A2%85%EB%A1%9C%EA%B5%AC%20%EC%83%88%EB%AC%B8%EC%95%88%EB%A1%9C%2055%28%EC%8B%A0%EB%AC%B8%EB%A1%9C2%EA%B0%80%29
서대문구	대현동	조선왕조의궤	서울특별시 서대문구 이화여대길 52(대현동)	보물	37.56174	126.947245	https://map.naver.com/p/search/%EC%A1%B0%EC%84%A0%EC%99%95%EC%A1%B0%EC%9D%98%EA%B6%A4%20%EC%84%9C%EC%9A%B8%ED%8A%B9%EB%B3%84%EC%8B%9C%20%EC%84%9C%EB%8C%80%EB%AC%B8%EA%B5%AC%20%EC%9D%B4%ED%99%94%EC%97%AC%EB%8C%80%EA%B8%B8%2052%28%EB%8C%80%ED%98%84%EB%8F%99%29
성북구	성북동	정선 필 청풍계도	서울특별시 성북구 성북로 102-11(성북동)	보물	37.594466	126.99622	https://map.naver.com/p/search/%EC%A0%95%EC%84%A0%20%ED%95%84%20%EC%B2%AD%ED%92%8D%EA%B3%84%EB%8F%84%20%EC%84%9C%EC%9A%B8%ED%8A%B9%EB%B3%84%EC%8B%9C%20%EC%84%B1%EB%B6%81%EA%B5%AC%20%EC%84%B1%EB%B6%81%EB%A1%9C%20102-11%28%EC%84%B1%EB%B6%81%EB%8F%99%29
성북구	성북동	정선 필 여산초당도	서울특별시 성북구 성북로 102-11(성북동)	보물	37.594466	126.99622	https://map.naver.com/p/search/%EC%A0%95%EC%84%A0%20%ED%95%84%20%EC%97%AC%EC%82%B0%EC%B4%88%EB%8B%B9%EB%8F%84%20%EC%84%9C%EC%9A%B8%ED%8A%B9%EB%B3%84%EC%8B%9C%20%EC%84%B1%EB%B6%81%EA%B5%AC%20%EC%84%B1%EB%B6%81%EB%A1%9C%20102-11%28%EC%84%B1%EB%B6%81%EB%8F%99%29
성북구	성북동	김홍도 필 마상청앵도	서울특별시 성북구 성북로 102-11(성북동)	보물	37.594466	126.99622	https://map.naver.com/p/search/%EA%B9%80%ED%99%8D%EB%8F%84%20%ED%95%84%20%EB%A7%88%EC%83%81%EC%B2%AD%EC%95%B5%EB%8F%84%20%EC%84%9C%EC%9A%B8%ED%8A%B9%EB%B3%84%EC%8B%9C%20%EC%84%B1%EB%B6%81%EA%B5%AC%20%EC%84%B1%EB%B6%81%EB%A1%9C%20102-11%28%EC%84%B1%EB%B6%81%EB%8F%99%29
성북구	성북동	백자 사옹원인	서울특별시 성북구 성북로 102-11(성북동)	보물	37.594466	126.99622	https://map.naver.com/p/search/%EB%B0%B1%EC%9E%90%20%EC%82%AC%EC%98%B9%EC%9B%90%EC%9D%B8%20%EC%84%9C%EC%9A%B8%ED%8A%B9%EB%B3%84%EC%8B%9C%20%EC%84%B1%EB%B6%81%EA%B5%AC%20%EC%84%B1%EB%B6%81%EB%A1%9C%20102-11%28%EC%84%B1%EB%B6%81%EB%8F%99%29
종로구		경주 방형대좌 석조여래좌상	서울특별시 종로구 청와대로 1(세종로)	보물	37.58627	126.9766	https://map.naver.com/p/search/%EA%B2%BD%EC%A3%BC%20%EB%B0%A9%ED%98%95%EB%8C%80%EC%A2%8C%20%EC%84%9D%EC%A1%B0%EC%97%AC%EB%9E%98%EC%A2%8C%EC%83%81%20%EC%84%9C%EC%9A%B8%ED%8A%B9%EB%B3%84%EC%8B%9C%20%EC%A2%85%EB%A1%9C%EA%B5%AC%20%EC%B2%AD%EC%99%80%EB%8C%80%EB%A1%9C%201%28%EC%84%B8%EC%A2%85%EB%A1%9C%29
성북구	성북동	김정희 필 침계	서울특별시 성북구 성북로 102-11(성북동)	보물	37.594466	126.99622	https://map.naver.com/p/search/%EA%B9%80%EC%A0%95%ED%9D%AC%20%ED%95%84%20%EC%B9%A8%EA%B3%84%20%EC%84%9C%EC%9A%B8%ED%8A%B9%EB%B3%84%EC%8B%9C%20%EC%84%B1%EB%B6%81%EA%B5%AC%20%EC%84%B1%EB%B6%81%EB%A1%9C%20102-11%28%EC%84%B1%EB%B6%81%EB%8F%99%29
용산구	용산동6가	감지은니 범망경보살계품	서울특별시 용산구 서빙고로 137(용산동6가)	보물	37.524087	126.980388	https://map.naver.com/p/search/%EA%B0%90%EC%A7%80%EC%9D%80%EB%8B%88%20%EB%B2%94%EB%A7%9D%EA%B2%BD%EB%B3%B4%EC%82%B4%EA%B3%84%ED%92%88%20%EC%84%9C%EC%9A%B8%ED%8A%B9%EB%B3%84%EC%8B%9C%20%EC%9A%A9%EC%82%B0%EA%B5%AC%20%EC%84%9C%EB%B9%99%EA%B3%A0%EB%A1%9C%20137%28%EC%9A%A9%EC%82%B0%EB%8F%996%EA%B0%80%29
용산구	용산동6가	경주 황오동 금귀걸이	서울특별시 용산구 서빙고로 137(용산동6가)	보물	37.524087	126.980388	https://map.naver.com/p/search/%EA%B2%BD%EC%A3%BC%20%ED%99%A9%EC%98%A4%EB%8F%99%20%EA%B8%88%EA%B7%80%EA%B1%B8%EC%9D%B4%20%EC%84%9C%EC%9A%B8%ED%8A%B9%EB%B3%84%EC%8B%9C%20%EC%9A%A9%EC%82%B0%EA%B5%AC%20%EC%84%9C%EB%B9%99%EA%B3%A0%EB%A1%9C%20137%28%EC%9A%A9%EC%82%B0%EB%8F%996%EA%B0%80%29
용산구	용산동6가	고려 천수관음보살도	서울특별시 용산구 서빙고로 137(용산동6가)	보물	37.524087	126.980388	https://map.naver.com/p/search/%EA%B3%A0%EB%A0%A4%20%EC%B2%9C%EC%88%98%EA%B4%80%EC%9D%8C%EB%B3%B4%EC%82%B4%EB%8F%84%20%EC%84%9C%EC%9A%B8%ED%8A%B9%EB%B3%84%EC%8B%9C%20%EC%9A%A9%EC%82%B0%EA%B5%AC%20%EC%84%9C%EB%B9%99%EA%B3%A0%EB%A1%9C%20137%28%EC%9A%A9%EC%82%B0%EB%8F%996%EA%B0%80%29
종로구	견지동	군위 인각사 출토 공양구 일괄	서울특별시 종로구 우정국로 55(견지동)	보물	37.574494	126.982017	https://map.naver.com/p/search/%EA%B5%B0%EC%9C%84%20%EC%9D%B8%EA%B0%81%EC%82%AC%20%EC%B6%9C%ED%86%A0%20%EA%B3%B5%EC%96%91%EA%B5%AC%20%EC%9D%BC%EA%B4%84%20%EC%84%9C%EC%9A%B8%ED%8A%B9%EB%B3%84%EC%8B%9C%20%EC%A2%85%EB%A1%9C%EA%B5%AC%20%EC%9A%B0%EC%A0%95%EA%B5%AD%EB%A1%9C%2055%28%EA%B2%AC%EC%A7%80%EB%8F%99%29
서초구	방배동	신간유편역거삼장문선대책 권5?6	서울특별시 서초구 동광로 89-5(방배동, 방배3차이편한세상) 105동 103호	보물	37.494328	126.991752	https://map.naver.com/p/search/%EC%8B%A0%EA%B0%84%EC%9C%A0%ED%8E%B8%EC%97%AD%EA%B1%B0%EC%82%BC%EC%9E%A5%EB%AC%B8%EC%84%A0%EB%8C%80%EC%B1%85%20%EA%B6%8C5%3F6%20%EC%84%9C%EC%9A%B8%ED%8A%B9%EB%B3%84%EC%8B%9C%20%EC%84%9C%EC%B4%88%EA%B5%AC%20%EB%8F%99%EA%B4%91%EB%A1%9C%2089-5%28%EB%B0%A9%EB%B0%B0%EB%8F%99%2C%20%EB%B0%A9%EB%B0%B03%EC%B0%A8%EC%9D%B4%ED%8E%B8%ED%95%9C%EC%84%B8%EC%83%81%29%20105%EB%8F%99%20103%ED%98%B8
용산구	용산동6가	김정희 필 세한도	서울특별시 용산구 서빙고로 137(용산동6가)	국보	37.524087	126.980388	https://map.naver.com/p/search/%EA%B9%80%EC%A0%95%ED%9D%AC%20%ED%95%84%20%EC%84%B8%ED%95%9C%EB%8F%84%20%EC%84%9C%EC%9A%B8%ED%8A%B9%EB%B3%84%EC%8B%9C%20%EC%9A%A9%EC%82%B0%EA%B5%AC%20%EC%84%9C%EB%B9%99%EA%B3%A0%EB%A1%9C%20137%28%EC%9A%A9%EC%82%B0%EB%8F%996%EA%B0%80%29
용산구	용산동6가	황남대총 북분 금관	서울특별시 용산구 서빙고로 137(용산동6가)	국보	37.524087	126.980388	https://map.naver.com/p/search/%ED%99%A9%EB%82%A8%EB%8C%80%EC%B4%9D%20%EB%B6%81%EB%B6%84%20%EA%B8%88%EA%B4%80%20%EC%84%9C%EC%9A%B8%ED%8A%B9%EB%B3%84%EC%8B%9C%20%EC%9A%A9%EC%82%B0%EA%B5%AC%20%EC%84%9C%EB%B9%99%EA%B3%A0%EB%A1%9C%20137%28%EC%9A%A9%EC%82%B0%EB%8F%996%EA%B0%80%29
용산구	용산동6가	경주 98호 남분 유리병 및 잔	서울특별시 용산구 서빙고로 137(용산동6가)	국보	37.524087	126.980388	https://map.naver.com/p/search/%EA%B2%BD%EC%A3%BC%2098%ED%98%B8%20%EB%82%A8%EB%B6%84%20%EC%9C%A0%EB%A6%AC%EB%B3%91%20%EB%B0%8F%20%EC%9E%94%20%EC%84%9C%EC%9A%B8%ED%8A%B9%EB%B3%84%EC%8B%9C%20%EC%9A%A9%EC%82%B0%EA%B5%AC%20%EC%84%9C%EB%B9%99%EA%B3%A0%EB%A1%9C%20137%28%EC%9A%A9%EC%82%B0%EB%8F%996%EA%B0%80%29
용산구	한남동	신라백지묵서 대방광불화엄경 주본 권1~10, 44~50	서울특별시 용산구 이태원로55길 60-16(한남동)	국보	37.538546	126.99881	https://map.naver.com/p/search/%EC%8B%A0%EB%9D%BC%EB%B0%B1%EC%A7%80%EB%AC%B5%EC%84%9C%20%EB%8C%80%EB%B0%A9%EA%B4%91%EB%B6%88%ED%99%94%EC%97%84%EA%B2%BD%20%EC%A3%BC%EB%B3%B8%20%EA%B6%8C1~10%2C%2044~50%20%EC%84%9C%EC%9A%B8%ED%8A%B9%EB%B3%84%EC%8B%9C%20%EC%9A%A9%EC%82%B0%EA%B5%AC%20%EC%9D%B4%ED%83%9C%EC%9B%90%EB%A1%9C55%EA%B8%B8%2060-16%28%ED%95%9C%EB%82%A8%EB%8F%99%29
중구	태평로1가	대방광불화엄경 주본 권36	서울특별시 중구 세종대로 136(태평로1가) 신한은행 파이낸스 센터	국보	37.568443	126.977744	https://map.naver.com/p/search/%EB%8C%80%EB%B0%A9%EA%B4%91%EB%B6%88%ED%99%94%EC%97%84%EA%B2%BD%20%EC%A3%BC%EB%B3%B8%20%EA%B6%8C36%20%EC%84%9C%EC%9A%B8%ED%8A%B9%EB%B3%84%EC%8B%9C%20%EC%A4%91%EA%B5%AC%20%EC%84%B8%EC%A2%85%EB%8C%80%EB%A1%9C%20136%28%ED%83%9C%ED%8F%89%EB%A1%9C1%EA%B0%80%29%20%EC%8B%A0%ED%95%9C%EC%9D%80%ED%96%89%20%ED%8C%8C%EC%9D%B4%EB%82%B8%EC%8A%A4%20%EC%84%BC%ED%84%B0
관악구	신림동	백지묵서 묘법연화경	서울특별시 관악구 남부순환로152길 53(신림동)	국보	37.480982	126.918218	https://map.naver.com/p/search/%EB%B0%B1%EC%A7%80%EB%AC%B5%EC%84%9C%20%EB%AC%98%EB%B2%95%EC%97%B0%ED%99%94%EA%B2%BD%20%EC%84%9C%EC%9A%B8%ED%8A%B9%EB%B3%84%EC%8B%9C%20%EA%B4%80%EC%95%85%EA%B5%AC%20%EB%82%A8%EB%B6%80%EC%88%9C%ED%99%98%EB%A1%9C152%EA%B8%B8%2053%28%EC%8B%A0%EB%A6%BC%EB%8F%99%29
중구	필동|필동3가	대불정여래밀인수증요의제보살만행수능엄경(언해)	서울특별시 중구 필동로1길 30(필동3가)	국보	37.558258	127.000187	https://map.naver.com/p/search/%EB%8C%80%EB%B6%88%EC%A0%95%EC%97%AC%EB%9E%98%EB%B0%80%EC%9D%B8%EC%88%98%EC%A6%9D%EC%9A%94%EC%9D%98%EC%A0%9C%EB%B3%B4%EC%82%B4%EB%A7%8C%ED%96%89%EC%88%98%EB%8A%A5%EC%97%84%EA%B2%BD%28%EC%96%B8%ED%95%B4%29%20%EC%84%9C%EC%9A%B8%ED%8A%B9%EB%B3%84%EC%8B%9C%20%EC%A4%91%EA%B5%AC%20%ED%95%84%EB%8F%99%EB%A1%9C1%EA%B8%B8%2030%28%ED%95%84%EB%8F%993%EA%B0%80%29
용산구	한남동	금동탑	서울특별시 용산구 이태원로55길 60-16(한남동)	국보	37.538546	126.99881	https://map.naver.com/p/search/%EA%B8%88%EB%8F%99%ED%83%91%20%EC%84%9C%EC%9A%B8%ED%8A%B9%EB%B3%84%EC%8B%9C%20%EC%9A%A9%EC%82%B0%EA%B5%AC%20%EC%9D%B4%ED%83%9C%EC%9B%90%EB%A1%9C55%EA%B8%B8%2060-16%28%ED%95%9C%EB%82%A8%EB%8F%99%29
용산구	한남동	흥왕사명 청동 은입사 향완	서울특별시 용산구 이태원로55길 60-16(한남동)	국보	37.538546	126.99881	https://map.naver.com/p/search/%ED%9D%A5%EC%99%95%EC%82%AC%EB%AA%85%20%EC%B2%AD%EB%8F%99%20%EC%9D%80%EC%9E%85%EC%82%AC%20%ED%96%A5%EC%99%84%20%EC%84%9C%EC%9A%B8%ED%8A%B9%EB%B3%84%EC%8B%9C%20%EC%9A%A9%EC%82%B0%EA%B5%AC%20%EC%9D%B4%ED%83%9C%EC%9B%90%EB%A1%9C55%EA%B8%B8%2060-16%28%ED%95%9C%EB%82%A8%EB%8F%99%29
용산구	한남동	감지은니 대방광불화엄경 정원본 권31	서울특별시 용산구 이태원로55길 60-16(한남동)	국보	37.538546	126.99881	https://map.naver.com/p/search/%EA%B0%90%EC%A7%80%EC%9D%80%EB%8B%88%20%EB%8C%80%EB%B0%A9%EA%B4%91%EB%B6%88%ED%99%94%EC%97%84%EA%B2%BD%20%EC%A0%95%EC%9B%90%EB%B3%B8%20%EA%B6%8C31%20%EC%84%9C%EC%9A%B8%ED%8A%B9%EB%B3%84%EC%8B%9C%20%EC%9A%A9%EC%82%B0%EA%B5%AC%20%EC%9D%B4%ED%83%9C%EC%9B%90%EB%A1%9C55%EA%B8%B8%2060-16%28%ED%95%9C%EB%82%A8%EB%8F%99%29
용산구	용산동6가	정선 필 인왕제색도	서울특별시 용산구 서빙고로 137(용산동6가)	국보	37.524087	126.980388	https://map.naver.com/p/search/%EC%A0%95%EC%84%A0%20%ED%95%84%20%EC%9D%B8%EC%99%95%EC%A0%9C%EC%83%89%EB%8F%84%20%EC%84%9C%EC%9A%B8%ED%8A%B9%EB%B3%84%EC%8B%9C%20%EC%9A%A9%EC%82%B0%EA%B5%AC%20%EC%84%9C%EB%B9%99%EA%B3%A0%EB%A1%9C%20137%28%EC%9A%A9%EC%82%B0%EB%8F%996%EA%B0%80%29
용산구	한남동	정선 필 금강전도	서울특별시 용산구 이태원로55길 60-16(한남동)	국보	37.538546	126.99881	https://map.naver.com/p/search/%EC%A0%95%EC%84%A0%20%ED%95%84%20%EA%B8%88%EA%B0%95%EC%A0%84%EB%8F%84%20%EC%84%9C%EC%9A%B8%ED%8A%B9%EB%B3%84%EC%8B%9C%20%EC%9A%A9%EC%82%B0%EA%B5%AC%20%EC%9D%B4%ED%83%9C%EC%9B%90%EB%A1%9C55%EA%B8%B8%2060-16%28%ED%95%9C%EB%82%A8%EB%8F%99%29
용산구	한남동	아미타삼존도	서울특별시 용산구 이태원로55길 60-16(한남동)	국보	37.538546	126.99881	https://map.naver.com/p/search/%EC%95%84%EB%AF%B8%ED%83%80%EC%82%BC%EC%A1%B4%EB%8F%84%20%EC%84%9C%EC%9A%B8%ED%8A%B9%EB%B3%84%EC%8B%9C%20%EC%9A%A9%EC%82%B0%EA%B5%AC%20%EC%9D%B4%ED%83%9C%EC%9B%90%EB%A1%9C55%EA%B8%B8%2060-16%28%ED%95%9C%EB%82%A8%EB%8F%99%29
용산구	한남동	백자 청화매죽문 항아리	서울특별시 용산구 이태원로55길 60-16(한남동)	국보	37.538546	126.99881	https://map.naver.com/p/search/%EB%B0%B1%EC%9E%90%20%EC%B2%AD%ED%99%94%EB%A7%A4%EC%A3%BD%EB%AC%B8%20%ED%95%AD%EC%95%84%EB%A6%AC%20%EC%84%9C%EC%9A%B8%ED%8A%B9%EB%B3%84%EC%8B%9C%20%EC%9A%A9%EC%82%B0%EA%B5%AC%20%EC%9D%B4%ED%83%9C%EC%9B%90%EB%A1%9C55%EA%B8%B8%2060-16%28%ED%95%9C%EB%82%A8%EB%8F%99%29
관악구	신림동	백자 청화매죽문 유개항아리	서울특별시 관악구 남부순환로152길 53(신림동)	국보	37.480982	126.918218	https://map.naver.com/p/search/%EB%B0%B1%EC%9E%90%20%EC%B2%AD%ED%99%94%EB%A7%A4%EC%A3%BD%EB%AC%B8%20%EC%9C%A0%EA%B0%9C%ED%95%AD%EC%95%84%EB%A6%AC%20%EC%84%9C%EC%9A%B8%ED%8A%B9%EB%B3%84%EC%8B%9C%20%EA%B4%80%EC%95%85%EA%B5%AC%20%EB%82%A8%EB%B6%80%EC%88%9C%ED%99%98%EB%A1%9C152%EA%B8%B8%2053%28%EC%8B%A0%EB%A6%BC%EB%8F%99%29
종로구	와룡동	창덕궁 인정전	서울특별시 종로구 율곡로 99(와룡동)	국보	37.582604	126.991938	https://map.naver.com/p/search/%EC%B0%BD%EB%8D%95%EA%B6%81%20%EC%9D%B8%EC%A0%95%EC%A0%84%20%EC%84%9C%EC%9A%B8%ED%8A%B9%EB%B3%84%EC%8B%9C%20%EC%A2%85%EB%A1%9C%EA%B5%AC%20%EC%9C%A8%EA%B3%A1%EB%A1%9C%2099%28%EC%99%80%EB%A3%A1%EB%8F%99%29
용산구	용산동6가	초조본 현양성교론 권11	서울특별시 용산구 서빙고로 137(용산동6가)	국보	37.524087	126.980388	https://map.naver.com/p/search/%EC%B4%88%EC%A1%B0%EB%B3%B8%20%ED%98%84%EC%96%91%EC%84%B1%EA%B5%90%EB%A1%A0%20%EA%B6%8C11%20%EC%84%9C%EC%9A%B8%ED%8A%B9%EB%B3%84%EC%8B%9C%20%EC%9A%A9%EC%82%B0%EA%B5%AC%20%EC%84%9C%EB%B9%99%EA%B3%A0%EB%A1%9C%20137%28%EC%9A%A9%EC%82%B0%EB%8F%996%EA%B0%80%29
종로구	와룡동	창경궁 명정전	서울특별시 종로구 창경궁로 185(와룡동)	국보	37.577624	126.993842	https://map.naver.com/p/search/%EC%B0%BD%EA%B2%BD%EA%B6%81%20%EB%AA%85%EC%A0%95%EC%A0%84%20%EC%84%9C%EC%9A%B8%ED%8A%B9%EB%B3%84%EC%8B%9C%20%EC%A2%85%EB%A1%9C%EA%B5%AC%20%EC%B0%BD%EA%B2%BD%EA%B6%81%EB%A1%9C%20185%28%EC%99%80%EB%A3%A1%EB%8F%99%29
종로구	훈정동	종묘 정전	서울특별시 종로구 종로 157(훈정동)	국보	37.573136	126.994885	https://map.naver.com/p/search/%EC%A2%85%EB%AC%98%20%EC%A0%95%EC%A0%84%20%EC%84%9C%EC%9A%B8%ED%8A%B9%EB%B3%84%EC%8B%9C%20%EC%A2%85%EB%A1%9C%EA%B5%AC%20%EC%A2%85%EB%A1%9C%20157%28%ED%9B%88%EC%A0%95%EB%8F%99%29
성북구	안암동5가	혼천의 및 혼천시계	서울특별시 성북구 안암로 145(안암동5가)	국보	37.58991	127.031812	https://map.naver.com/p/search/%ED%98%BC%EC%B2%9C%EC%9D%98%20%EB%B0%8F%20%ED%98%BC%EC%B2%9C%EC%8B%9C%EA%B3%84%20%EC%84%9C%EC%9A%B8%ED%8A%B9%EB%B3%84%EC%8B%9C%20%EC%84%B1%EB%B6%81%EA%B5%AC%20%EC%95%88%EC%95%94%EB%A1%9C%20145%28%EC%95%88%EC%95%94%EB%8F%995%EA%B0%80%29
용산구	용산동6가	감지금니 대방광불화엄경보현행원품	서울특별시 용산구 서빙고로 137(용산동6가)	국보	37.524087	126.980388	https://map.naver.com/p/search/%EA%B0%90%EC%A7%80%EA%B8%88%EB%8B%88%20%EB%8C%80%EB%B0%A9%EA%B4%91%EB%B6%88%ED%99%94%EC%97%84%EA%B2%BD%EB%B3%B4%ED%98%84%ED%96%89%EC%9B%90%ED%92%88%20%EC%84%9C%EC%9A%B8%ED%8A%B9%EB%B3%84%EC%8B%9C%20%EC%9A%A9%EC%82%B0%EA%B5%AC%20%EC%84%9C%EB%B9%99%EA%B3%A0%EB%A1%9C%20137%28%EC%9A%A9%EC%82%B0%EB%8F%996%EA%B0%80%29
종로구		경복궁 풍기대	서울특별시 종로구 삼청로 37(세종로)	보물	37.581565	126.978931	https://map.naver.com/p/search/%EA%B2%BD%EB%B3%B5%EA%B6%81%20%ED%92%8D%EA%B8%B0%EB%8C%80%20%EC%84%9C%EC%9A%B8%ED%8A%B9%EB%B3%84%EC%8B%9C%20%EC%A2%85%EB%A1%9C%EA%B5%AC%20%EC%82%BC%EC%B2%AD%EB%A1%9C%2037%28%EC%84%B8%EC%A2%85%EB%A1%9C%29
관악구	신림동	대동여지도	서울 관악구 관악로 1,103동 서울대학교 규장각한국학연구원 (신림동,서울대학교)	보물	37.45337	126.957168	https://map.naver.com/p/search/%EB%8C%80%EB%8F%99%EC%97%AC%EC%A7%80%EB%8F%84%20%EC%84%9C%EC%9A%B8%20%EA%B4%80%EC%95%85%EA%B5%AC%20%EA%B4%80%EC%95%85%EB%A1%9C%201%2C103%EB%8F%99%20%EC%84%9C%EC%9A%B8%EB%8C%80%ED%95%99%EA%B5%90%20%EA%B7%9C%EC%9E%A5%EA%B0%81%ED%95%9C%EA%B5%AD%ED%95%99%EC%97%B0%EA%B5%AC%EC%9B%90%20%28%EC%8B%A0%EB%A6%BC%EB%8F%99%2C%EC%84%9C%EC%9A%B8%EB%8C%80%ED%95%99%EA%B5%90%29
용산구	용산동6가	휴대용 앙부일구	서울특별시 용산구 서빙고로 137(용산동6가)	보물	37.524087	126.980388	https://map.naver.com/p/search/%ED%9C%B4%EB%8C%80%EC%9A%A9%20%EC%95%99%EB%B6%80%EC%9D%BC%EA%B5%AC%20%EC%84%9C%EC%9A%B8%ED%8A%B9%EB%B3%84%EC%8B%9C%20%EC%9A%A9%EC%82%B0%EA%B5%AC%20%EC%84%9C%EB%B9%99%EA%B3%A0%EB%A1%9C%20137%28%EC%9A%A9%EC%82%B0%EB%8F%996%EA%B0%80%29
관악구	신림동	초조본 대방광불화엄경 주본 권2,75	서울특별시 관악구 남부순환로152길 53(신림동)	국보	37.480982	126.918218	https://map.naver.com/p/search/%EC%B4%88%EC%A1%B0%EB%B3%B8%20%EB%8C%80%EB%B0%A9%EA%B4%91%EB%B6%88%ED%99%94%EC%97%84%EA%B2%BD%20%EC%A3%BC%EB%B3%B8%20%EA%B6%8C2%2C75%20%EC%84%9C%EC%9A%B8%ED%8A%B9%EB%B3%84%EC%8B%9C%20%EA%B4%80%EC%95%85%EA%B5%AC%20%EB%82%A8%EB%B6%80%EC%88%9C%ED%99%98%EB%A1%9C152%EA%B8%B8%2053%28%EC%8B%A0%EB%A6%BC%EB%8F%99%29
관악구	신림동	초조본 아비담비바사론 권11, 17	서울특별시 관악구 남부순환로152길 53(신림동)	국보	37.480982	126.918218	https://map.naver.com/p/search/%EC%B4%88%EC%A1%B0%EB%B3%B8%20%EC%95%84%EB%B9%84%EB%8B%B4%EB%B9%84%EB%B0%94%EC%82%AC%EB%A1%A0%20%EA%B6%8C11%2C%2017%20%EC%84%9C%EC%9A%B8%ED%8A%B9%EB%B3%84%EC%8B%9C%20%EA%B4%80%EC%95%85%EA%B5%AC%20%EB%82%A8%EB%B6%80%EC%88%9C%ED%99%98%EB%A1%9C152%EA%B8%B8%2053%28%EC%8B%A0%EB%A6%BC%EB%8F%99%29
관악구	신림동	초조본 불설최상근본대락금강불공삼매대교왕경 권6	서울특별시 관악구 남부순환로152길 53(신림동)	국보	37.480982	126.918218	https://map.naver.com/p/search/%EC%B4%88%EC%A1%B0%EB%B3%B8%20%EB%B6%88%EC%84%A4%EC%B5%9C%EC%83%81%EA%B7%BC%EB%B3%B8%EB%8C%80%EB%9D%BD%EA%B8%88%EA%B0%95%EB%B6%88%EA%B3%B5%EC%82%BC%EB%A7%A4%EB%8C%80%EA%B5%90%EC%99%95%EA%B2%BD%20%EA%B6%8C6%20%EC%84%9C%EC%9A%B8%ED%8A%B9%EB%B3%84%EC%8B%9C%20%EA%B4%80%EC%95%85%EA%B5%AC%20%EB%82%A8%EB%B6%80%EC%88%9C%ED%99%98%EB%A1%9C152%EA%B8%B8%2053%28%EC%8B%A0%EB%A6%BC%EB%8F%99%29
용산구	용산동6가	초조본 유가사지론 권32	서울특별시 용산구 서빙고로 137(용산동6가)	국보	37.524087	126.980388	https://map.naver.com/p/search/%EC%B4%88%EC%A1%B0%EB%B3%B8%20%EC%9C%A0%EA%B0%80%EC%82%AC%EC%A7%80%EB%A1%A0%20%EA%B6%8C32%20%EC%84%9C%EC%9A%B8%ED%8A%B9%EB%B3%84%EC%8B%9C%20%EC%9A%A9%EC%82%B0%EA%B5%AC%20%EC%84%9C%EB%B9%99%EA%B3%A0%EB%A1%9C%20137%28%EC%9A%A9%EC%82%B0%EB%8F%996%EA%B0%80%29
용산구	용산동6가	성거산 천흥사명 동종	서울특별시 용산구 서빙고로 137(용산동6가)	국보	37.524087	126.980388	https://map.naver.com/p/search/%EC%84%B1%EA%B1%B0%EC%82%B0%20%EC%B2%9C%ED%9D%A5%EC%82%AC%EB%AA%85%20%EB%8F%99%EC%A2%85%20%EC%84%9C%EC%9A%B8%ED%8A%B9%EB%B3%84%EC%8B%9C%20%EC%9A%A9%EC%82%B0%EA%B5%AC%20%EC%84%9C%EB%B9%99%EA%B3%A0%EB%A1%9C%20137%28%EC%9A%A9%EC%82%B0%EB%8F%996%EA%B0%80%29
용산구	용산동6가	백자 ‘천’ ‘지’ ‘현’ ‘황‘명 발	서울특별시 용산구 서빙고로 137(용산동6가)	국보	37.524087	126.980388	https://map.naver.com/p/search/%EB%B0%B1%EC%9E%90%20%E2%80%98%EC%B2%9C%E2%80%99%20%E2%80%98%EC%A7%80%E2%80%99%20%E2%80%98%ED%98%84%E2%80%99%20%E2%80%98%ED%99%A9%E2%80%98%EB%AA%85%20%EB%B0%9C%20%EC%84%9C%EC%9A%B8%ED%8A%B9%EB%B3%84%EC%8B%9C%20%EC%9A%A9%EC%82%B0%EA%B5%AC%20%EC%84%9C%EB%B9%99%EA%B3%A0%EB%A1%9C%20137%28%EC%9A%A9%EC%82%B0%EB%8F%996%EA%B0%80%29
성북구	안암동5가	용감수경 권3~4	서울특별시 성북구 안암로 145(안암동5가)	국보	37.58991	127.031812	https://map.naver.com/p/search/%EC%9A%A9%EA%B0%90%EC%88%98%EA%B2%BD%20%EA%B6%8C3~4%20%EC%84%9C%EC%9A%B8%ED%8A%B9%EB%B3%84%EC%8B%9C%20%EC%84%B1%EB%B6%81%EA%B5%AC%20%EC%95%88%EC%95%94%EB%A1%9C%20145%28%EC%95%88%EC%95%94%EB%8F%995%EA%B0%80%29
성북구	성북동	백자 청화철채동채초충문 병	서울특별시 성북구 성북로 102-11(성북동)	국보	37.594466	126.99622	https://map.naver.com/p/search/%EB%B0%B1%EC%9E%90%20%EC%B2%AD%ED%99%94%EC%B2%A0%EC%B1%84%EB%8F%99%EC%B1%84%EC%B4%88%EC%B6%A9%EB%AC%B8%20%EB%B3%91%20%EC%84%9C%EC%9A%B8%ED%8A%B9%EB%B3%84%EC%8B%9C%20%EC%84%B1%EB%B6%81%EA%B5%AC%20%EC%84%B1%EB%B6%81%EB%A1%9C%20102-11%28%EC%84%B1%EB%B6%81%EB%8F%99%29
관악구	신림동	승정원일기	서울 관악구 관악로 1,103호 동 서울대학교 규장각한국학연구원 (신림동,서울대학교)	국보	37.45337	126.957168	https://map.naver.com/p/search/%EC%8A%B9%EC%A0%95%EC%9B%90%EC%9D%BC%EA%B8%B0%20%EC%84%9C%EC%9A%B8%20%EA%B4%80%EC%95%85%EA%B5%AC%20%EA%B4%80%EC%95%85%EB%A1%9C%201%2C103%ED%98%B8%20%EB%8F%99%20%EC%84%9C%EC%9A%B8%EB%8C%80%ED%95%99%EA%B5%90%20%EA%B7%9C%EC%9E%A5%EA%B0%81%ED%95%9C%EA%B5%AD%ED%95%99%EC%97%B0%EA%B5%AC%EC%9B%90%20%28%EC%8B%A0%EB%A6%BC%EB%8F%99%2C%EC%84%9C%EC%9A%B8%EB%8C%80%ED%95%99%EA%B5%90%29
관악구	신림동	삼국유사	서울특별시 관악구 관악로 1(신림동)	국보	37.464007	126.952239	https://map.naver.com/p/search/%EC%82%BC%EA%B5%AD%EC%9C%A0%EC%82%AC%20%EC%84%9C%EC%9A%B8%ED%8A%B9%EB%B3%84%EC%8B%9C%20%EA%B4%80%EC%95%85%EA%B5%AC%20%EA%B4%80%EC%95%85%EB%A1%9C%201%28%EC%8B%A0%EB%A6%BC%EB%8F%99%29
서대문구	신촌동	삼국유사 권1~2	서울특별시 서대문구 연세로 50(신촌동)	국보	37.567113	126.939029	https://map.naver.com/p/search/%EC%82%BC%EA%B5%AD%EC%9C%A0%EC%82%AC%20%EA%B6%8C1~2%20%EC%84%9C%EC%9A%B8%ED%8A%B9%EB%B3%84%EC%8B%9C%20%EC%84%9C%EB%8C%80%EB%AC%B8%EA%B5%AC%20%EC%97%B0%EC%84%B8%EB%A1%9C%2050%28%EC%8B%A0%EC%B4%8C%EB%8F%99%29
종로구	와룡동	창덕궁 선정전	서울특별시 종로구 율곡로 99(와룡동)	보물	37.582604	126.991938	https://map.naver.com/p/search/%EC%B0%BD%EB%8D%95%EA%B6%81%20%EC%84%A0%EC%A0%95%EC%A0%84%20%EC%84%9C%EC%9A%B8%ED%8A%B9%EB%B3%84%EC%8B%9C%20%EC%A2%85%EB%A1%9C%EA%B5%AC%20%EC%9C%A8%EA%B3%A1%EB%A1%9C%2099%28%EC%99%80%EB%A3%A1%EB%8F%99%29
종로구	와룡동	창경궁 통명전	서울특별시 종로구 창경궁로 185(와룡동)	보물	37.577624	126.993842	https://map.naver.com/p/search/%EC%B0%BD%EA%B2%BD%EA%B6%81%20%ED%86%B5%EB%AA%85%EC%A0%84%20%EC%84%9C%EC%9A%B8%ED%8A%B9%EB%B3%84%EC%8B%9C%20%EC%A2%85%EB%A1%9C%EA%B5%AC%20%EC%B0%BD%EA%B2%BD%EA%B6%81%EB%A1%9C%20185%28%EC%99%80%EB%A3%A1%EB%8F%99%29
종로구	훈정동	종묘 영녕전	서울특별시 종로구 종로 157(훈정동)	보물	37.573136	126.994885	https://map.naver.com/p/search/%EC%A2%85%EB%AC%98%20%EC%98%81%EB%85%95%EC%A0%84%20%EC%84%9C%EC%9A%B8%ED%8A%B9%EB%B3%84%EC%8B%9C%20%EC%A2%85%EB%A1%9C%EA%B5%AC%20%EC%A2%85%EB%A1%9C%20157%28%ED%9B%88%EC%A0%95%EB%8F%99%29
종로구	신문로2가	불랑기자포	서울특별시 종로구 새문안로 55(신문로2가)	보물	37.570143	126.970438	https://map.naver.com/p/search/%EB%B6%88%EB%9E%91%EA%B8%B0%EC%9E%90%ED%8F%AC%20%EC%84%9C%EC%9A%B8%ED%8A%B9%EB%B3%84%EC%8B%9C%20%EC%A2%85%EB%A1%9C%EA%B5%AC%20%EC%83%88%EB%AC%B8%EC%95%88%EB%A1%9C%2055%28%EC%8B%A0%EB%AC%B8%EB%A1%9C2%EA%B0%80%29
종로구		백자 달항아리	서울특별시 종로구 효자로 12 (세종로)	국보	37.576668	126.974922	https://map.naver.com/p/search/%EB%B0%B1%EC%9E%90%20%EB%8B%AC%ED%95%AD%EC%95%84%EB%A6%AC%20%EC%84%9C%EC%9A%B8%ED%8A%B9%EB%B3%84%EC%8B%9C%20%EC%A2%85%EB%A1%9C%EA%B5%AC%20%ED%9A%A8%EC%9E%90%EB%A1%9C%2012%20%28%EC%84%B8%EC%A2%85%EB%A1%9C%29
관악구	신림동	동의보감	서울특별시 관악구 관악로 1 (신림동, 서울대학교)	국보	37.464007	126.952239	https://map.naver.com/p/search/%EB%8F%99%EC%9D%98%EB%B3%B4%EA%B0%90%20%EC%84%9C%EC%9A%B8%ED%8A%B9%EB%B3%84%EC%8B%9C%20%EA%B4%80%EC%95%85%EA%B5%AC%20%EA%B4%80%EC%95%85%EB%A1%9C%201%20%28%EC%8B%A0%EB%A6%BC%EB%8F%99%2C%20%EC%84%9C%EC%9A%B8%EB%8C%80%ED%95%99%EA%B5%90%29
용산구	용산동6가	기사계첩	서울특별시 용산구 서빙고로 137(용산동6가)	국보	37.524087	126.980388	https://map.naver.com/p/search/%EA%B8%B0%EC%82%AC%EA%B3%84%EC%B2%A9%20%EC%84%9C%EC%9A%B8%ED%8A%B9%EB%B3%84%EC%8B%9C%20%EC%9A%A9%EC%82%B0%EA%B5%AC%20%EC%84%9C%EB%B9%99%EA%B3%A0%EB%A1%9C%20137%28%EC%9A%A9%EC%82%B0%EB%8F%996%EA%B0%80%29
서대문구	현저동	서울 독립문	서울특별시 서대문구 현저동 941	사적	37.5722641	126.9595874	https://map.naver.com/p/search/%EC%84%9C%EC%9A%B8%20%EB%8F%85%EB%A6%BD%EB%AC%B8%20%EC%84%9C%EC%9A%B8%ED%8A%B9%EB%B3%84%EC%8B%9C%20%EC%84%9C%EB%8C%80%EB%AC%B8%EA%B5%AC%20%ED%98%84%EC%A0%80%EB%8F%99%20941
서대문구	현저동	서울 영은문 주초	서울특별시 서대문구 현저동 945번지	사적	37.5723266	126.9595387	https://map.naver.com/p/search/%EC%84%9C%EC%9A%B8%20%EC%98%81%EC%9D%80%EB%AC%B8%20%EC%A3%BC%EC%B4%88%20%EC%84%9C%EC%9A%B8%ED%8A%B9%EB%B3%84%EC%8B%9C%20%EC%84%9C%EB%8C%80%EB%AC%B8%EA%B5%AC%20%ED%98%84%EC%A0%80%EB%8F%99%20945%EB%B2%88%EC%A7%80
송파구	잠실동	서울 삼전도비	서울특별시 송파구 송파나루길 256(잠실동)	사적	37.508795	127.102338	https://map.naver.com/p/search/%EC%84%9C%EC%9A%B8%20%EC%82%BC%EC%A0%84%EB%8F%84%EB%B9%84%20%EC%84%9C%EC%9A%B8%ED%8A%B9%EB%B3%84%EC%8B%9C%20%EC%86%A1%ED%8C%8C%EA%B5%AC%20%EC%86%A1%ED%8C%8C%EB%82%98%EB%A3%A8%EA%B8%B8%20256%28%EC%9E%A0%EC%8B%A4%EB%8F%99%29
종로구	사직동	사직단	서울특별시 종로구 사직로 89(사직동)	사적	37.575945	126.967276	https://map.naver.com/p/search/%EC%82%AC%EC%A7%81%EB%8B%A8%20%EC%84%9C%EC%9A%B8%ED%8A%B9%EB%B3%84%EC%8B%9C%20%EC%A2%85%EB%A1%9C%EA%B5%AC%20%EC%82%AC%EC%A7%81%EB%A1%9C%2089%28%EC%82%AC%EC%A7%81%EB%8F%99%29
종로구	와룡동	창덕궁	서울특별시 종로구 율곡로 99(와룡동)	사적	37.582604	126.991938	https://map.naver.com/p/search/%EC%B0%BD%EB%8D%95%EA%B6%81%20%EC%84%9C%EC%9A%B8%ED%8A%B9%EB%B3%84%EC%8B%9C%20%EC%A2%85%EB%A1%9C%EA%B5%AC%20%EC%9C%A8%EA%B3%A1%EB%A1%9C%2099%28%EC%99%80%EB%A3%A1%EB%8F%99%29
강남구	삼성동	서울 선릉과 정릉	서울특별시 강남구 선릉로100길 1(삼성동)	사적	37.507368	127.047166	https://map.naver.com/p/search/%EC%84%9C%EC%9A%B8%20%EC%84%A0%EB%A6%89%EA%B3%BC%20%EC%A0%95%EB%A6%89%20%EC%84%9C%EC%9A%B8%ED%8A%B9%EB%B3%84%EC%8B%9C%20%EA%B0%95%EB%82%A8%EA%B5%AC%20%EC%84%A0%EB%A6%89%EB%A1%9C100%EA%B8%B8%201%28%EC%82%BC%EC%84%B1%EB%8F%99%29
노원구	공릉동	서울 태릉과 강릉	서울특별시 노원구 화랑로 681(공릉동)	사적	37.630154	127.097474	https://map.naver.com/p/search/%EC%84%9C%EC%9A%B8%20%ED%83%9C%EB%A6%89%EA%B3%BC%20%EA%B0%95%EB%A6%89%20%EC%84%9C%EC%9A%B8%ED%8A%B9%EB%B3%84%EC%8B%9C%20%EB%85%B8%EC%9B%90%EA%B5%AC%20%ED%99%94%EB%9E%91%EB%A1%9C%20681%28%EA%B3%B5%EB%A6%89%EB%8F%99%29
종로구	견지동	서울 우정총국	서울특별시 종로구 우정국로 59(견지동)	사적	37.574429	126.982626	https://map.naver.com/p/search/%EC%84%9C%EC%9A%B8%20%EC%9A%B0%EC%A0%95%EC%B4%9D%EA%B5%AD%20%EC%84%9C%EC%9A%B8%ED%8A%B9%EB%B3%84%EC%8B%9C%20%EC%A2%85%EB%A1%9C%EA%B5%AC%20%EC%9A%B0%EC%A0%95%EA%B5%AD%EB%A1%9C%2059%28%EA%B2%AC%EC%A7%80%EB%8F%99%29
영등포구	당산동	법화영험전	서울특별시 영등포구 버드나루로22길 5-3(당산동) 자운사	유형문화유산	37.526436	126.896004	https://map.naver.com/p/search/%EB%B2%95%ED%99%94%EC%98%81%ED%97%98%EC%A0%84%20%EC%84%9C%EC%9A%B8%ED%8A%B9%EB%B3%84%EC%8B%9C%20%EC%98%81%EB%93%B1%ED%8F%AC%EA%B5%AC%20%EB%B2%84%EB%93%9C%EB%82%98%EB%A3%A8%EB%A1%9C22%EA%B8%B8%205-3%28%EB%8B%B9%EC%82%B0%EB%8F%99%29%20%EC%9E%90%EC%9A%B4%EC%82%AC
광진구	광장동	아차산성	서울 광진구 광장동 산16-46번지	사적	37.554569	127.104537	https://map.naver.com/p/search/%EC%95%84%EC%B0%A8%EC%82%B0%EC%84%B1%20%EC%84%9C%EC%9A%B8%20%EA%B4%91%EC%A7%84%EA%B5%AC%20%EA%B4%91%EC%9E%A5%EB%8F%99%20%EC%82%B016-46%EB%B2%88%EC%A7%80
종로구	연건동	서울 경모궁지	서울특별시 종로구 대학로 103(연건동)	사적	37.580742	126.999482	https://map.naver.com/p/search/%EC%84%9C%EC%9A%B8%20%EA%B2%BD%EB%AA%A8%EA%B6%81%EC%A7%80%20%EC%84%9C%EC%9A%B8%ED%8A%B9%EB%B3%84%EC%8B%9C%20%EC%A2%85%EB%A1%9C%EA%B5%AC%20%EB%8C%80%ED%95%99%EB%A1%9C%20103%28%EC%97%B0%EA%B1%B4%EB%8F%99%29
종로구	안국동	경혜인빈상시호죽책	서울특별시 종로구 율곡로3길 4(안국동)	유형문화유산	37.573521	126.978835	https://map.naver.com/p/search/%EA%B2%BD%ED%98%9C%EC%9D%B8%EB%B9%88%EC%83%81%EC%8B%9C%ED%98%B8%EC%A3%BD%EC%B1%85%20%EC%84%9C%EC%9A%B8%ED%8A%B9%EB%B3%84%EC%8B%9C%20%EC%A2%85%EB%A1%9C%EA%B5%AC%20%EC%9C%A8%EA%B3%A1%EB%A1%9C3%EA%B8%B8%204%28%EC%95%88%EA%B5%AD%EB%8F%99%29
성동구	성동|옥수동	미타사 극락전 현왕도	서울특별시 성동구 독서당로40길 21(옥수동)	유형문화유산	37.563456	127.036821	https://map.naver.com/p/search/%EB%AF%B8%ED%83%80%EC%82%AC%20%EA%B7%B9%EB%9D%BD%EC%A0%84%20%ED%98%84%EC%99%95%EB%8F%84%20%EC%84%9C%EC%9A%B8%ED%8A%B9%EB%B3%84%EC%8B%9C%20%EC%84%B1%EB%8F%99%EA%B5%AC%20%EB%8F%85%EC%84%9C%EB%8B%B9%EB%A1%9C40%EA%B8%B8%2021%28%EC%98%A5%EC%88%98%EB%8F%99%29
송파구	석촌동	서울 석촌동 고분군	서울특별시 송파구 가락로7길 21(석촌동)	사적	37.501932	127.102291	https://map.naver.com/p/search/%EC%84%9C%EC%9A%B8%20%EC%84%9D%EC%B4%8C%EB%8F%99%20%EA%B3%A0%EB%B6%84%EA%B5%B0%20%EC%84%9C%EC%9A%B8%ED%8A%B9%EB%B3%84%EC%8B%9C%20%EC%86%A1%ED%8C%8C%EA%B5%AC%20%EA%B0%80%EB%9D%BD%EB%A1%9C7%EA%B8%B8%2021%28%EC%84%9D%EC%B4%8C%EB%8F%99%29
관악구	남현동	서울 남현동 요지	서울특별시 관악구 남현3길 60(남현동)	사적	37.475075	126.97977	https://map.naver.com/p/search/%EC%84%9C%EC%9A%B8%20%EB%82%A8%ED%98%84%EB%8F%99%20%EC%9A%94%EC%A7%80%20%EC%84%9C%EC%9A%B8%ED%8A%B9%EB%B3%84%EC%8B%9C%20%EA%B4%80%EC%95%85%EA%B5%AC%20%EB%82%A8%ED%98%843%EA%B8%B8%2060%28%EB%82%A8%ED%98%84%EB%8F%99%29
종로구	연건동	서울 대한의원	서울특별시 종로구 대학로 101(연건동)	사적	37.579166	126.998797	https://map.naver.com/p/search/%EC%84%9C%EC%9A%B8%20%EB%8C%80%ED%95%9C%EC%9D%98%EC%9B%90%20%EC%84%9C%EC%9A%B8%ED%8A%B9%EB%B3%84%EC%8B%9C%20%EC%A2%85%EB%A1%9C%EA%B5%AC%20%EB%8C%80%ED%95%99%EB%A1%9C%20101%28%EC%97%B0%EA%B1%B4%EB%8F%99%29
중구	중림동	서울 약현성당	서울특별시 중구 청파로 447-1(중림동) 약현성당	사적	37.559082	126.967247	https://map.naver.com/p/search/%EC%84%9C%EC%9A%B8%20%EC%95%BD%ED%98%84%EC%84%B1%EB%8B%B9%20%EC%84%9C%EC%9A%B8%ED%8A%B9%EB%B3%84%EC%8B%9C%20%EC%A4%91%EA%B5%AC%20%EC%B2%AD%ED%8C%8C%EB%A1%9C%20447-1%28%EC%A4%91%EB%A6%BC%EB%8F%99%29%20%EC%95%BD%ED%98%84%EC%84%B1%EB%8B%B9
관악구	남현동	서울 구 벨기에영사관	서울특별시 관악구 남부순환로 2076(남현동)	사적	37.476065	126.979521	https://map.naver.com/p/search/%EC%84%9C%EC%9A%B8%20%EA%B5%AC%20%EB%B2%A8%EA%B8%B0%EC%97%90%EC%98%81%EC%82%AC%EA%B4%80%20%EC%84%9C%EC%9A%B8%ED%8A%B9%EB%B3%84%EC%8B%9C%20%EA%B4%80%EC%95%85%EA%B5%AC%20%EB%82%A8%EB%B6%80%EC%88%9C%ED%99%98%EB%A1%9C%202076%28%EB%82%A8%ED%98%84%EB%8F%99%29
종로구	운니동	서울 운현궁	서울특별시 종로구 삼일대로 460(운니동)	사적	37.576161	126.98831	https://map.naver.com/p/search/%EC%84%9C%EC%9A%B8%20%EC%9A%B4%ED%98%84%EA%B6%81%20%EC%84%9C%EC%9A%B8%ED%8A%B9%EB%B3%84%EC%8B%9C%20%EC%A2%85%EB%A1%9C%EA%B5%AC%20%EC%82%BC%EC%9D%BC%EB%8C%80%EB%A1%9C%20460%28%EC%9A%B4%EB%8B%88%EB%8F%99%29
중구	명동|명동2가	서울 명동성당	서울특별시 중구 명동길 74(명동2가)	사적	37.56246	126.986519	https://map.naver.com/p/search/%EC%84%9C%EC%9A%B8%20%EB%AA%85%EB%8F%99%EC%84%B1%EB%8B%B9%20%EC%84%9C%EC%9A%B8%ED%8A%B9%EB%B3%84%EC%8B%9C%20%EC%A4%91%EA%B5%AC%20%EB%AA%85%EB%8F%99%EA%B8%B8%2074%28%EB%AA%85%EB%8F%992%EA%B0%80%29
강동구	강동|암사동	서울 암사동 유적	서울특별시 강동구 올림픽로 875(암사동)	사적	37.560218	127.129928	https://map.naver.com/p/search/%EC%84%9C%EC%9A%B8%20%EC%95%94%EC%82%AC%EB%8F%99%20%EC%9C%A0%EC%A0%81%20%EC%84%9C%EC%9A%B8%ED%8A%B9%EB%B3%84%EC%8B%9C%20%EA%B0%95%EB%8F%99%EA%B5%AC%20%EC%98%AC%EB%A6%BC%ED%94%BD%EB%A1%9C%20875%28%EC%95%94%EC%82%AC%EB%8F%99%29
송파구	방이동	서울 방이동 고분군	서울 송파구 방이동 산47-4번지	사적	37.507934	127.118107	https://map.naver.com/p/search/%EC%84%9C%EC%9A%B8%20%EB%B0%A9%EC%9D%B4%EB%8F%99%20%EA%B3%A0%EB%B6%84%EA%B5%B0%20%EC%84%9C%EC%9A%B8%20%EC%86%A1%ED%8C%8C%EA%B5%AC%20%EB%B0%A9%EC%9D%B4%EB%8F%99%20%EC%82%B047-4%EB%B2%88%EC%A7%80
종로구	신문로2가	경희궁지	서울특별시 종로구 새문안로 45(신문로2가)	사적	37.571786	126.967989	https://map.naver.com/p/search/%EA%B2%BD%ED%9D%AC%EA%B6%81%EC%A7%80%20%EC%84%9C%EC%9A%B8%ED%8A%B9%EB%B3%84%EC%8B%9C%20%EC%A2%85%EB%A1%9C%EA%B5%AC%20%EC%83%88%EB%AC%B8%EC%95%88%EB%A1%9C%2045%28%EC%8B%A0%EB%AC%B8%EB%A1%9C2%EA%B0%80%29
서대문구	신촌동	서울 연세대학교 스팀슨관	서울특별시 서대문구 연세로 50(신촌동)	사적	37.567113	126.939029	https://map.naver.com/p/search/%EC%84%9C%EC%9A%B8%20%EC%97%B0%EC%84%B8%EB%8C%80%ED%95%99%EA%B5%90%20%EC%8A%A4%ED%8C%80%EC%8A%A8%EA%B4%80%20%EC%84%9C%EC%9A%B8%ED%8A%B9%EB%B3%84%EC%8B%9C%20%EC%84%9C%EB%8C%80%EB%AC%B8%EA%B5%AC%20%EC%97%B0%EC%84%B8%EB%A1%9C%2050%28%EC%8B%A0%EC%B4%8C%EB%8F%99%29
서대문구	신촌동	서울 연세대학교 언더우드관	서울특별시 서대문구 연세로 50(신촌동)	사적	37.567113	126.939029	https://map.naver.com/p/search/%EC%84%9C%EC%9A%B8%20%EC%97%B0%EC%84%B8%EB%8C%80%ED%95%99%EA%B5%90%20%EC%96%B8%EB%8D%94%EC%9A%B0%EB%93%9C%EA%B4%80%20%EC%84%9C%EC%9A%B8%ED%8A%B9%EB%B3%84%EC%8B%9C%20%EC%84%9C%EB%8C%80%EB%AC%B8%EA%B5%AC%20%EC%97%B0%EC%84%B8%EB%A1%9C%2050%28%EC%8B%A0%EC%B4%8C%EB%8F%99%29
서대문구	신촌동	서울 연세대학교 아펜젤러관	서울특별시 서대문구 연세로 50(신촌동)	사적	37.567113	126.939029	https://map.naver.com/p/search/%EC%84%9C%EC%9A%B8%20%EC%97%B0%EC%84%B8%EB%8C%80%ED%95%99%EA%B5%90%20%EC%95%84%ED%8E%9C%EC%A0%A4%EB%9F%AC%EA%B4%80%20%EC%84%9C%EC%9A%B8%ED%8A%B9%EB%B3%84%EC%8B%9C%20%EC%84%9C%EB%8C%80%EB%AC%B8%EA%B5%AC%20%EC%97%B0%EC%84%B8%EB%A1%9C%2050%28%EC%8B%A0%EC%B4%8C%EB%8F%99%29
종로구	동숭동	구 서울대학교 본관	서울특별시 종로구 동숭길 3(동숭동)	사적	37.580541	127.003241	https://map.naver.com/p/search/%EA%B5%AC%20%EC%84%9C%EC%9A%B8%EB%8C%80%ED%95%99%EA%B5%90%20%EB%B3%B8%EA%B4%80%20%EC%84%9C%EC%9A%B8%ED%8A%B9%EB%B3%84%EC%8B%9C%20%EC%A2%85%EB%A1%9C%EA%B5%AC%20%EB%8F%99%EC%88%AD%EA%B8%B8%203%28%EB%8F%99%EC%88%AD%EB%8F%99%29
서대문구	충정로2가	진실주집	서울특별시 서대문구 충정로9길 10-10(충정로2가)	보물	37.565017	126.964891	https://map.naver.com/p/search/%EC%A7%84%EC%8B%A4%EC%A3%BC%EC%A7%91%20%EC%84%9C%EC%9A%B8%ED%8A%B9%EB%B3%84%EC%8B%9C%20%EC%84%9C%EB%8C%80%EB%AC%B8%EA%B5%AC%20%EC%B6%A9%EC%A0%95%EB%A1%9C9%EA%B8%B8%2010-10%28%EC%B6%A9%EC%A0%95%EB%A1%9C2%EA%B0%80%29
용산구	용산동6가	청자 상감매죽학문 매병	서울특별시 용산구 서빙고로 137(용산동6가)	보물	37.524087	126.980388	https://map.naver.com/p/search/%EC%B2%AD%EC%9E%90%20%EC%83%81%EA%B0%90%EB%A7%A4%EC%A3%BD%ED%95%99%EB%AC%B8%20%EB%A7%A4%EB%B3%91%20%EC%84%9C%EC%9A%B8%ED%8A%B9%EB%B3%84%EC%8B%9C%20%EC%9A%A9%EC%82%B0%EA%B5%AC%20%EC%84%9C%EB%B9%99%EA%B3%A0%EB%A1%9C%20137%28%EC%9A%A9%EC%82%B0%EB%8F%996%EA%B0%80%29
용산구	용산동6가	남양주 봉인사 부도암지 사리탑 및 사리장엄구	서울특별시 용산구 서빙고로 137(용산동6가)	보물	37.524087	126.980388	https://map.naver.com/p/search/%EB%82%A8%EC%96%91%EC%A3%BC%20%EB%B4%89%EC%9D%B8%EC%82%AC%20%EB%B6%80%EB%8F%84%EC%95%94%EC%A7%80%20%EC%82%AC%EB%A6%AC%ED%83%91%20%EB%B0%8F%20%EC%82%AC%EB%A6%AC%EC%9E%A5%EC%97%84%EA%B5%AC%20%EC%84%9C%EC%9A%B8%ED%8A%B9%EB%B3%84%EC%8B%9C%20%EC%9A%A9%EC%82%B0%EA%B5%AC%20%EC%84%9C%EB%B9%99%EA%B3%A0%EB%A1%9C%20137%28%EC%9A%A9%EC%82%B0%EB%8F%996%EA%B0%80%29
용산구	용산동6가	재조본 유가사지론 권55	서울특별시 용산구 서빙고로 137(용산동6가)	보물	37.524087	126.980388	https://map.naver.com/p/search/%EC%9E%AC%EC%A1%B0%EB%B3%B8%20%EC%9C%A0%EA%B0%80%EC%82%AC%EC%A7%80%EB%A1%A0%20%EA%B6%8C55%20%EC%84%9C%EC%9A%B8%ED%8A%B9%EB%B3%84%EC%8B%9C%20%EC%9A%A9%EC%82%B0%EA%B5%AC%20%EC%84%9C%EB%B9%99%EA%B3%A0%EB%A1%9C%20137%28%EC%9A%A9%EC%82%B0%EB%8F%996%EA%B0%80%29
중구	필동|필동3가	능성 쌍봉사 감역교지	서울특별시 중구 필동로1길 30(필동3가)	보물	37.558258	127.000187	https://map.naver.com/p/search/%EB%8A%A5%EC%84%B1%20%EC%8C%8D%EB%B4%89%EC%82%AC%20%EA%B0%90%EC%97%AD%EA%B5%90%EC%A7%80%20%EC%84%9C%EC%9A%B8%ED%8A%B9%EB%B3%84%EC%8B%9C%20%EC%A4%91%EA%B5%AC%20%ED%95%84%EB%8F%99%EB%A1%9C1%EA%B8%B8%2030%28%ED%95%84%EB%8F%993%EA%B0%80%29
용산구	한남동	청자 구룡형뚜껑 향로	서울특별시 용산구 이태원로55길 60-16(한남동)	보물	37.538546	126.99881	https://map.naver.com/p/search/%EC%B2%AD%EC%9E%90%20%EA%B5%AC%EB%A3%A1%ED%98%95%EB%9A%9C%EA%BB%91%20%ED%96%A5%EB%A1%9C%20%EC%84%9C%EC%9A%B8%ED%8A%B9%EB%B3%84%EC%8B%9C%20%EC%9A%A9%EC%82%B0%EA%B5%AC%20%EC%9D%B4%ED%83%9C%EC%9B%90%EB%A1%9C55%EA%B8%B8%2060-16%28%ED%95%9C%EB%82%A8%EB%8F%99%29
용산구	한남동	청자 양각연지어문 화형 접시	서울특별시 용산구 이태원로55길 60-16(한남동)	보물	37.538546	126.99881	https://map.naver.com/p/search/%EC%B2%AD%EC%9E%90%20%EC%96%91%EA%B0%81%EC%97%B0%EC%A7%80%EC%96%B4%EB%AC%B8%20%ED%99%94%ED%98%95%20%EC%A0%91%EC%8B%9C%20%EC%84%9C%EC%9A%B8%ED%8A%B9%EB%B3%84%EC%8B%9C%20%EC%9A%A9%EC%82%B0%EA%B5%AC%20%EC%9D%B4%ED%83%9C%EC%9B%90%EB%A1%9C55%EA%B8%B8%2060-16%28%ED%95%9C%EB%82%A8%EB%8F%99%29
용산구	한남동	청자 음각운문 병	서울특별시 용산구 이태원로55길 60-16(한남동)	보물	37.538546	126.99881	https://map.naver.com/p/search/%EC%B2%AD%EC%9E%90%20%EC%9D%8C%EA%B0%81%EC%9A%B4%EB%AC%B8%20%EB%B3%91%20%EC%84%9C%EC%9A%B8%ED%8A%B9%EB%B3%84%EC%8B%9C%20%EC%9A%A9%EC%82%B0%EA%B5%AC%20%EC%9D%B4%ED%83%9C%EC%9B%90%EB%A1%9C55%EA%B8%B8%2060-16%28%ED%95%9C%EB%82%A8%EB%8F%99%29
관악구	신림동	지장시왕도	서울특별시 관악구 남부순환로152길 53(신림동)	보물	37.480982	126.918218	https://map.naver.com/p/search/%EC%A7%80%EC%9E%A5%EC%8B%9C%EC%99%95%EB%8F%84%20%EC%84%9C%EC%9A%B8%ED%8A%B9%EB%B3%84%EC%8B%9C%20%EA%B4%80%EC%95%85%EA%B5%AC%20%EB%82%A8%EB%B6%80%EC%88%9C%ED%99%98%EB%A1%9C152%EA%B8%B8%2053%28%EC%8B%A0%EB%A6%BC%EB%8F%99%29
용산구	용산동6가	백자 병	서울특별시 용산구 서빙고로 137(용산동6가)	보물	37.524087	126.980388	https://map.naver.com/p/search/%EB%B0%B1%EC%9E%90%20%EB%B3%91%20%EC%84%9C%EC%9A%B8%ED%8A%B9%EB%B3%84%EC%8B%9C%20%EC%9A%A9%EC%82%B0%EA%B5%AC%20%EC%84%9C%EB%B9%99%EA%B3%A0%EB%A1%9C%20137%28%EC%9A%A9%EC%82%B0%EB%8F%996%EA%B0%80%29
용산구	용산동6가	분청사기 음각수조문 편병	서울특별시 용산구 서빙고로 137(용산동6가)	보물	37.524087	126.980388	https://map.naver.com/p/search/%EB%B6%84%EC%B2%AD%EC%82%AC%EA%B8%B0%20%EC%9D%8C%EA%B0%81%EC%88%98%EC%A1%B0%EB%AC%B8%20%ED%8E%B8%EB%B3%91%20%EC%84%9C%EC%9A%B8%ED%8A%B9%EB%B3%84%EC%8B%9C%20%EC%9A%A9%EC%82%B0%EA%B5%AC%20%EC%84%9C%EB%B9%99%EA%B3%A0%EB%A1%9C%20137%28%EC%9A%A9%EC%82%B0%EB%8F%996%EA%B0%80%29
중구	필동|필동3가	조흡 고신왕지	서울특별시 중구 필동로1길 30(필동3가)	보물	37.558258	127.000187	https://map.naver.com/p/search/%EC%A1%B0%ED%9D%A1%20%EA%B3%A0%EC%8B%A0%EC%99%95%EC%A7%80%20%EC%84%9C%EC%9A%B8%ED%8A%B9%EB%B3%84%EC%8B%9C%20%EC%A4%91%EA%B5%AC%20%ED%95%84%EB%8F%99%EB%A1%9C1%EA%B8%B8%2030%28%ED%95%84%EB%8F%993%EA%B0%80%29
서대문구	충정로2가	묘법연화경 권7	서울특별시 서대문구 충정로9길 10-10(충정로2가)	보물	37.565017	126.964891	https://map.naver.com/p/search/%EB%AC%98%EB%B2%95%EC%97%B0%ED%99%94%EA%B2%BD%20%EA%B6%8C7%20%EC%84%9C%EC%9A%B8%ED%8A%B9%EB%B3%84%EC%8B%9C%20%EC%84%9C%EB%8C%80%EB%AC%B8%EA%B5%AC%20%EC%B6%A9%EC%A0%95%EB%A1%9C9%EA%B8%B8%2010-10%28%EC%B6%A9%EC%A0%95%EB%A1%9C2%EA%B0%80%29
용산구	용산동6가	지장보살본원경	서울특별시 용산구 서빙고로 137(용산동6가)	보물	37.524087	126.980388	https://map.naver.com/p/search/%EC%A7%80%EC%9E%A5%EB%B3%B4%EC%82%B4%EB%B3%B8%EC%9B%90%EA%B2%BD%20%EC%84%9C%EC%9A%B8%ED%8A%B9%EB%B3%84%EC%8B%9C%20%EC%9A%A9%EC%82%B0%EA%B5%AC%20%EC%84%9C%EB%B9%99%EA%B3%A0%EB%A1%9C%20137%28%EC%9A%A9%EC%82%B0%EB%8F%996%EA%B0%80%29
용산구	용산동6가	월인석보 권11, 12	서울특별시 용산구 서빙고로 137(용산동6가)	보물	37.524087	126.980388	https://map.naver.com/p/search/%EC%9B%94%EC%9D%B8%EC%84%9D%EB%B3%B4%20%EA%B6%8C11%2C%2012%20%EC%84%9C%EC%9A%B8%ED%8A%B9%EB%B3%84%EC%8B%9C%20%EC%9A%A9%EC%82%B0%EA%B5%AC%20%EC%84%9C%EB%B9%99%EA%B3%A0%EB%A1%9C%20137%28%EC%9A%A9%EC%82%B0%EB%8F%996%EA%B0%80%29
용산구	용산동6가	백지묵서 지장보살본원경	서울특별시 용산구 서빙고로 137(용산동6가) 국립중앙박물관	보물	37.524087	126.980388	https://map.naver.com/p/search/%EB%B0%B1%EC%A7%80%EB%AC%B5%EC%84%9C%20%EC%A7%80%EC%9E%A5%EB%B3%B4%EC%82%B4%EB%B3%B8%EC%9B%90%EA%B2%BD%20%EC%84%9C%EC%9A%B8%ED%8A%B9%EB%B3%84%EC%8B%9C%20%EC%9A%A9%EC%82%B0%EA%B5%AC%20%EC%84%9C%EB%B9%99%EA%B3%A0%EB%A1%9C%20137%28%EC%9A%A9%EC%82%B0%EB%8F%996%EA%B0%80%29%20%EA%B5%AD%EB%A6%BD%EC%A4%91%EC%95%99%EB%B0%95%EB%AC%BC%EA%B4%80
용산구	용산동6가	조서경 무과홍패	서울특별시 용산구 서빙고로 137(용산동6가)	보물	37.524087	126.980388	https://map.naver.com/p/search/%EC%A1%B0%EC%84%9C%EA%B2%BD%20%EB%AC%B4%EA%B3%BC%ED%99%8D%ED%8C%A8%20%EC%84%9C%EC%9A%B8%ED%8A%B9%EB%B3%84%EC%8B%9C%20%EC%9A%A9%EC%82%B0%EA%B5%AC%20%EC%84%9C%EB%B9%99%EA%B3%A0%EB%A1%9C%20137%28%EC%9A%A9%EC%82%B0%EB%8F%996%EA%B0%80%29
종로구	신문로2가	금강반야바라밀경	서울특별시 종로구 새문안로 55(신문로2가)	보물	37.570143	126.970438	https://map.naver.com/p/search/%EA%B8%88%EA%B0%95%EB%B0%98%EC%95%BC%EB%B0%94%EB%9D%BC%EB%B0%80%EA%B2%BD%20%EC%84%9C%EC%9A%B8%ED%8A%B9%EB%B3%84%EC%8B%9C%20%EC%A2%85%EB%A1%9C%EA%B5%AC%20%EC%83%88%EB%AC%B8%EC%95%88%EB%A1%9C%2055%28%EC%8B%A0%EB%AC%B8%EB%A1%9C2%EA%B0%80%29
용산구	한남동	청자 음각국화당초문 완	서울특별시 용산구 이태원로55길 60-16(한남동)	보물	37.538546	126.99881	https://map.naver.com/p/search/%EC%B2%AD%EC%9E%90%20%EC%9D%8C%EA%B0%81%EA%B5%AD%ED%99%94%EB%8B%B9%EC%B4%88%EB%AC%B8%20%EC%99%84%20%EC%84%9C%EC%9A%B8%ED%8A%B9%EB%B3%84%EC%8B%9C%20%EC%9A%A9%EC%82%B0%EA%B5%AC%20%EC%9D%B4%ED%83%9C%EC%9B%90%EB%A1%9C55%EA%B8%B8%2060-16%28%ED%95%9C%EB%82%A8%EB%8F%99%29
중구	동호로20가|장충동1가|장충동	백자 청화매월십장생문 팔각접시	서울특별시 중구 동호로20가길 38 (장충동1가, 장충동 라임카운티) 지하수장고	보물	37.5599473	127.0067818	https://map.naver.com/p/search/%EB%B0%B1%EC%9E%90%20%EC%B2%AD%ED%99%94%EB%A7%A4%EC%9B%94%EC%8B%AD%EC%9E%A5%EC%83%9D%EB%AC%B8%20%ED%8C%94%EA%B0%81%EC%A0%91%EC%8B%9C%20%EC%84%9C%EC%9A%B8%ED%8A%B9%EB%B3%84%EC%8B%9C%20%EC%A4%91%EA%B5%AC%20%EB%8F%99%ED%98%B8%EB%A1%9C20%EA%B0%80%EA%B8%B8%2038%20%28%EC%9E%A5%EC%B6%A9%EB%8F%991%EA%B0%80%2C%20%EC%9E%A5%EC%B6%A9%EB%8F%99%20%EB%9D%BC%EC%9E%84%EC%B9%B4%EC%9A%B4%ED%8B%B0%29%20%EC%A7%80%ED%95%98%EC%88%98%EC%9E%A5%EA%B3%A0
관악구	신림동	수륙무차평등재의촬요	서울특별시 관악구 남부순환로152길 53(신림동)	보물	37.480982	126.918218	https://map.naver.com/p/search/%EC%88%98%EB%A5%99%EB%AC%B4%EC%B0%A8%ED%8F%89%EB%93%B1%EC%9E%AC%EC%9D%98%EC%B4%AC%EC%9A%94%20%EC%84%9C%EC%9A%B8%ED%8A%B9%EB%B3%84%EC%8B%9C%20%EA%B4%80%EC%95%85%EA%B5%AC%20%EB%82%A8%EB%B6%80%EC%88%9C%ED%99%98%EB%A1%9C152%EA%B8%B8%2053%28%EC%8B%A0%EB%A6%BC%EB%8F%99%29
중구	필동|필동3가	조흡 사패왕지	서울특별시 중구 필동로1길 30(필동3가)	보물	37.558258	127.000187	https://map.naver.com/p/search/%EC%A1%B0%ED%9D%A1%20%EC%82%AC%ED%8C%A8%EC%99%95%EC%A7%80%20%EC%84%9C%EC%9A%B8%ED%8A%B9%EB%B3%84%EC%8B%9C%20%EC%A4%91%EA%B5%AC%20%ED%95%84%EB%8F%99%EB%A1%9C1%EA%B8%B8%2030%28%ED%95%84%EB%8F%993%EA%B0%80%29
용산구	용산동6가	고대 그리스 청동 투구	서울특별시 용산구 서빙고로 137(용산동6가)	보물	37.524087	126.980388	https://map.naver.com/p/search/%EA%B3%A0%EB%8C%80%20%EA%B7%B8%EB%A6%AC%EC%8A%A4%20%EC%B2%AD%EB%8F%99%20%ED%88%AC%EA%B5%AC%20%EC%84%9C%EC%9A%B8%ED%8A%B9%EB%B3%84%EC%8B%9C%20%EC%9A%A9%EC%82%B0%EA%B5%AC%20%EC%84%9C%EB%B9%99%EA%B3%A0%EB%A1%9C%20137%28%EC%9A%A9%EC%82%B0%EB%8F%996%EA%B0%80%29
용산구	용산동6가	대불정여래밀인수증요의제보살만행수능엄경 권4~7, 8~10	서울특별시 용산구 서빙고로 137(용산동6가)	보물	37.524087	126.980388	https://map.naver.com/p/search/%EB%8C%80%EB%B6%88%EC%A0%95%EC%97%AC%EB%9E%98%EB%B0%80%EC%9D%B8%EC%88%98%EC%A6%9D%EC%9A%94%EC%9D%98%EC%A0%9C%EB%B3%B4%EC%82%B4%EB%A7%8C%ED%96%89%EC%88%98%EB%8A%A5%EC%97%84%EA%B2%BD%20%EA%B6%8C4~7%2C%208~10%20%EC%84%9C%EC%9A%B8%ED%8A%B9%EB%B3%84%EC%8B%9C%20%EC%9A%A9%EC%82%B0%EA%B5%AC%20%EC%84%9C%EB%B9%99%EA%B3%A0%EB%A1%9C%20137%28%EC%9A%A9%EC%82%B0%EB%8F%996%EA%B0%80%29
중구	필동|필동3가	대불정여래밀인수증요의제보살만행수능엄경(언해) 권3	서울특별시 중구 필동로1길 30(필동3가)	보물	37.558258	127.000187	https://map.naver.com/p/search/%EB%8C%80%EB%B6%88%EC%A0%95%EC%97%AC%EB%9E%98%EB%B0%80%EC%9D%B8%EC%88%98%EC%A6%9D%EC%9A%94%EC%9D%98%EC%A0%9C%EB%B3%B4%EC%82%B4%EB%A7%8C%ED%96%89%EC%88%98%EB%8A%A5%EC%97%84%EA%B2%BD%28%EC%96%B8%ED%95%B4%29%20%EA%B6%8C3%20%EC%84%9C%EC%9A%B8%ED%8A%B9%EB%B3%84%EC%8B%9C%20%EC%A4%91%EA%B5%AC%20%ED%95%84%EB%8F%99%EB%A1%9C1%EA%B8%B8%2030%28%ED%95%84%EB%8F%993%EA%B0%80%29
관악구	신림동	감지은니 미륵삼부경	서울특별시 관악구 남부순환로152길 53(신림동)	보물	37.480982	126.918218	https://map.naver.com/p/search/%EA%B0%90%EC%A7%80%EC%9D%80%EB%8B%88%20%EB%AF%B8%EB%A5%B5%EC%82%BC%EB%B6%80%EA%B2%BD%20%EC%84%9C%EC%9A%B8%ED%8A%B9%EB%B3%84%EC%8B%9C%20%EA%B4%80%EC%95%85%EA%B5%AC%20%EB%82%A8%EB%B6%80%EC%88%9C%ED%99%98%EB%A1%9C152%EA%B8%B8%2053%28%EC%8B%A0%EB%A6%BC%EB%8F%99%29
용산구	용산동6가	예념미타도량참법	서울특별시 용산구 서빙고로 137(용산동6가)	보물	37.524087	126.980388	https://map.naver.com/p/search/%EC%98%88%EB%85%90%EB%AF%B8%ED%83%80%EB%8F%84%EB%9F%89%EC%B0%B8%EB%B2%95%20%EC%84%9C%EC%9A%B8%ED%8A%B9%EB%B3%84%EC%8B%9C%20%EC%9A%A9%EC%82%B0%EA%B5%AC%20%EC%84%9C%EB%B9%99%EA%B3%A0%EB%A1%9C%20137%28%EC%9A%A9%EC%82%B0%EB%8F%996%EA%B0%80%29
용산구	용산동6가	이하응 초상 일괄 - 금관조복본	서울특별시 용산구 서빙고로 137(용산동6가)	보물	37.524087	126.980388	https://map.naver.com/p/search/%EC%9D%B4%ED%95%98%EC%9D%91%20%EC%B4%88%EC%83%81%20%EC%9D%BC%EA%B4%84%20-%20%EA%B8%88%EA%B4%80%EC%A1%B0%EB%B3%B5%EB%B3%B8%20%EC%84%9C%EC%9A%B8%ED%8A%B9%EB%B3%84%EC%8B%9C%20%EC%9A%A9%EC%82%B0%EA%B5%AC%20%EC%84%9C%EB%B9%99%EA%B3%A0%EB%A1%9C%20137%28%EC%9A%A9%EC%82%B0%EB%8F%996%EA%B0%80%29
용산구	용산동6가	대방광원각수다라요의경(언해) 권상1의1, 2의1~3, 권하1의1~2, 2의2~3	서울특별시 용산구 서빙고로 137(용산동6가)	보물	37.524087	126.980388	https://map.naver.com/p/search/%EB%8C%80%EB%B0%A9%EA%B4%91%EC%9B%90%EA%B0%81%EC%88%98%EB%8B%A4%EB%9D%BC%EC%9A%94%EC%9D%98%EA%B2%BD%28%EC%96%B8%ED%95%B4%29%20%EA%B6%8C%EC%83%811%EC%9D%981%2C%202%EC%9D%981~3%2C%20%EA%B6%8C%ED%95%981%EC%9D%981~2%2C%202%EC%9D%982~3%20%EC%84%9C%EC%9A%B8%ED%8A%B9%EB%B3%84%EC%8B%9C%20%EC%9A%A9%EC%82%B0%EA%B5%AC%20%EC%84%9C%EB%B9%99%EA%B3%A0%EB%A1%9C%20137%28%EC%9A%A9%EC%82%B0%EB%8F%996%EA%B0%80%29
서대문구	충정로2가	지장보살본원경	서울특별시 서대문구 충정로9길 10-10(충정로2가)	보물	37.565017	126.964891	https://map.naver.com/p/search/%EC%A7%80%EC%9E%A5%EB%B3%B4%EC%82%B4%EB%B3%B8%EC%9B%90%EA%B2%BD%20%EC%84%9C%EC%9A%B8%ED%8A%B9%EB%B3%84%EC%8B%9C%20%EC%84%9C%EB%8C%80%EB%AC%B8%EA%B5%AC%20%EC%B6%A9%EC%A0%95%EB%A1%9C9%EA%B8%B8%2010-10%28%EC%B6%A9%EC%A0%95%EB%A1%9C2%EA%B0%80%29
용산구	한남동	청자 상감운학문 화분	서울특별시 용산구 이태원로55길 60-16(한남동)	보물	37.538546	126.99881	https://map.naver.com/p/search/%EC%B2%AD%EC%9E%90%20%EC%83%81%EA%B0%90%EC%9A%B4%ED%95%99%EB%AC%B8%20%ED%99%94%EB%B6%84%20%EC%84%9C%EC%9A%B8%ED%8A%B9%EB%B3%84%EC%8B%9C%20%EC%9A%A9%EC%82%B0%EA%B5%AC%20%EC%9D%B4%ED%83%9C%EC%9B%90%EB%A1%9C55%EA%B8%B8%2060-16%28%ED%95%9C%EB%82%A8%EB%8F%99%29
관악구	신림동	묘법연화경 권5~7	서울특별시 관악구 남부순환로152길 53(신림동)	보물	37.480982	126.918218	https://map.naver.com/p/search/%EB%AC%98%EB%B2%95%EC%97%B0%ED%99%94%EA%B2%BD%20%EA%B6%8C5~7%20%EC%84%9C%EC%9A%B8%ED%8A%B9%EB%B3%84%EC%8B%9C%20%EA%B4%80%EC%95%85%EA%B5%AC%20%EB%82%A8%EB%B6%80%EC%88%9C%ED%99%98%EB%A1%9C152%EA%B8%B8%2053%28%EC%8B%A0%EB%A6%BC%EB%8F%99%29
용산구	한남동	청자 상감앵무문 표주박모양 주전자	서울특별시 용산구 이태원로55길 60-16(한남동)	보물	37.538546	126.99881	https://map.naver.com/p/search/%EC%B2%AD%EC%9E%90%20%EC%83%81%EA%B0%90%EC%95%B5%EB%AC%B4%EB%AC%B8%20%ED%91%9C%EC%A3%BC%EB%B0%95%EB%AA%A8%EC%96%91%20%EC%A3%BC%EC%A0%84%EC%9E%90%20%EC%84%9C%EC%9A%B8%ED%8A%B9%EB%B3%84%EC%8B%9C%20%EC%9A%A9%EC%82%B0%EA%B5%AC%20%EC%9D%B4%ED%83%9C%EC%9B%90%EB%A1%9C55%EA%B8%B8%2060-16%28%ED%95%9C%EB%82%A8%EB%8F%99%29
용산구	용산동6가	신해생갑회지도	서울특별시 용산구 서빙고로 137(용산동6가)	보물	37.524087	126.980388	https://map.naver.com/p/search/%EC%8B%A0%ED%95%B4%EC%83%9D%EA%B0%91%ED%9A%8C%EC%A7%80%EB%8F%84%20%EC%84%9C%EC%9A%B8%ED%8A%B9%EB%B3%84%EC%8B%9C%20%EC%9A%A9%EC%82%B0%EA%B5%AC%20%EC%84%9C%EB%B9%99%EA%B3%A0%EB%A1%9C%20137%28%EC%9A%A9%EC%82%B0%EB%8F%996%EA%B0%80%29
관악구	신림동	금동대세지보살좌상	서울특별시 관악구 남부순환로152길 53(신림동)	보물	37.480982	126.918218	https://map.naver.com/p/search/%EA%B8%88%EB%8F%99%EB%8C%80%EC%84%B8%EC%A7%80%EB%B3%B4%EC%82%B4%EC%A2%8C%EC%83%81%20%EC%84%9C%EC%9A%B8%ED%8A%B9%EB%B3%84%EC%8B%9C%20%EA%B4%80%EC%95%85%EA%B5%AC%20%EB%82%A8%EB%B6%80%EC%88%9C%ED%99%98%EB%A1%9C152%EA%B8%B8%2053%28%EC%8B%A0%EB%A6%BC%EB%8F%99%29
관악구	신림동	백자 태항아리	서울특별시 관악구 남부순환로152길 53(신림동)	보물	37.480982	126.918218	https://map.naver.com/p/search/%EB%B0%B1%EC%9E%90%20%ED%83%9C%ED%95%AD%EC%95%84%EB%A6%AC%20%EC%84%9C%EC%9A%B8%ED%8A%B9%EB%B3%84%EC%8B%9C%20%EA%B4%80%EC%95%85%EA%B5%AC%20%EB%82%A8%EB%B6%80%EC%88%9C%ED%99%98%EB%A1%9C152%EA%B8%B8%2053%28%EC%8B%A0%EB%A6%BC%EB%8F%99%29
용산구	한남동	유숙 필 매화도	서울특별시 용산구 이태원로55길 60-16(한남동)	보물	37.538546	126.99881	https://map.naver.com/p/search/%EC%9C%A0%EC%88%99%20%ED%95%84%20%EB%A7%A4%ED%99%94%EB%8F%84%20%EC%84%9C%EC%9A%B8%ED%8A%B9%EB%B3%84%EC%8B%9C%20%EC%9A%A9%EC%82%B0%EA%B5%AC%20%EC%9D%B4%ED%83%9C%EC%9B%90%EB%A1%9C55%EA%B8%B8%2060-16%28%ED%95%9C%EB%82%A8%EB%8F%99%29
용산구	한남동	분청사기 박지모란문 장군	서울특별시 용산구 이태원로55길 60-16(한남동)	보물	37.538546	126.99881	https://map.naver.com/p/search/%EB%B6%84%EC%B2%AD%EC%82%AC%EA%B8%B0%20%EB%B0%95%EC%A7%80%EB%AA%A8%EB%9E%80%EB%AC%B8%20%EC%9E%A5%EA%B5%B0%20%EC%84%9C%EC%9A%B8%ED%8A%B9%EB%B3%84%EC%8B%9C%20%EC%9A%A9%EC%82%B0%EA%B5%AC%20%EC%9D%B4%ED%83%9C%EC%9B%90%EB%A1%9C55%EA%B8%B8%2060-16%28%ED%95%9C%EB%82%A8%EB%8F%99%29
관악구	신림동	초조본 불설우바새오계상경	서울특별시 관악구 남부순환로152길 53(신림동)	보물	37.480982	126.918218	https://map.naver.com/p/search/%EC%B4%88%EC%A1%B0%EB%B3%B8%20%EB%B6%88%EC%84%A4%EC%9A%B0%EB%B0%94%EC%83%88%EC%98%A4%EA%B3%84%EC%83%81%EA%B2%BD%20%EC%84%9C%EC%9A%B8%ED%8A%B9%EB%B3%84%EC%8B%9C%20%EA%B4%80%EC%95%85%EA%B5%AC%20%EB%82%A8%EB%B6%80%EC%88%9C%ED%99%98%EB%A1%9C152%EA%B8%B8%2053%28%EC%8B%A0%EB%A6%BC%EB%8F%99%29
관악구	신림동	초조본 아비달마식신족론 권13	서울특별시 관악구 남부순환로152길 53(신림동)	보물	37.480982	126.918218	https://map.naver.com/p/search/%EC%B4%88%EC%A1%B0%EB%B3%B8%20%EC%95%84%EB%B9%84%EB%8B%AC%EB%A7%88%EC%8B%9D%EC%8B%A0%EC%A1%B1%EB%A1%A0%20%EA%B6%8C13%20%EC%84%9C%EC%9A%B8%ED%8A%B9%EB%B3%84%EC%8B%9C%20%EA%B4%80%EC%95%85%EA%B5%AC%20%EB%82%A8%EB%B6%80%EC%88%9C%ED%99%98%EB%A1%9C152%EA%B8%B8%2053%28%EC%8B%A0%EB%A6%BC%EB%8F%99%29
종로구		근사록	서울특별시 종로구 효자로 12(세종로)	보물	37.576668	126.974922	https://map.naver.com/p/search/%EA%B7%BC%EC%82%AC%EB%A1%9D%20%EC%84%9C%EC%9A%B8%ED%8A%B9%EB%B3%84%EC%8B%9C%20%EC%A2%85%EB%A1%9C%EA%B5%AC%20%ED%9A%A8%EC%9E%90%EB%A1%9C%2012%28%EC%84%B8%EC%A2%85%EB%A1%9C%29
용산구	용산동6가	한호 필적 - 석봉진적첩	서울특별시 용산구 서빙고로 137(용산동6가)	보물	37.524087	126.980388	https://map.naver.com/p/search/%ED%95%9C%ED%98%B8%20%ED%95%84%EC%A0%81%20-%20%EC%84%9D%EB%B4%89%EC%A7%84%EC%A0%81%EC%B2%A9%20%EC%84%9C%EC%9A%B8%ED%8A%B9%EB%B3%84%EC%8B%9C%20%EC%9A%A9%EC%82%B0%EA%B5%AC%20%EC%84%9C%EB%B9%99%EA%B3%A0%EB%A1%9C%20137%28%EC%9A%A9%EC%82%B0%EB%8F%996%EA%B0%80%29
서대문구	충정로2가	범망경 및 금강반야바라밀경	서울특별시 서대문구 충정로9길 10-10(충정로2가)	보물	37.565017	126.964891	https://map.naver.com/p/search/%EB%B2%94%EB%A7%9D%EA%B2%BD%20%EB%B0%8F%20%EA%B8%88%EA%B0%95%EB%B0%98%EC%95%BC%EB%B0%94%EB%9D%BC%EB%B0%80%EA%B2%BD%20%EC%84%9C%EC%9A%B8%ED%8A%B9%EB%B3%84%EC%8B%9C%20%EC%84%9C%EB%8C%80%EB%AC%B8%EA%B5%AC%20%EC%B6%A9%EC%A0%95%EB%A1%9C9%EA%B8%B8%2010-10%28%EC%B6%A9%EC%A0%95%EB%A1%9C2%EA%B0%80%29
종로구		영조어진	서울특별시 종로구 효자로 12(세종로)	보물	37.576668	126.974922	https://map.naver.com/p/search/%EC%98%81%EC%A1%B0%EC%96%B4%EC%A7%84%20%EC%84%9C%EC%9A%B8%ED%8A%B9%EB%B3%84%EC%8B%9C%20%EC%A2%85%EB%A1%9C%EA%B5%AC%20%ED%9A%A8%EC%9E%90%EB%A1%9C%2012%28%EC%84%B8%EC%A2%85%EB%A1%9C%29
용산구	용산동6가	목우자수심결 및 사법어(언해)	서울특별시 용산구 서빙고로 137(용산동6가) 국립중앙박물관	보물	37.524087	126.980388	https://map.naver.com/p/search/%EB%AA%A9%EC%9A%B0%EC%9E%90%EC%88%98%EC%8B%AC%EA%B2%B0%20%EB%B0%8F%20%EC%82%AC%EB%B2%95%EC%96%B4%28%EC%96%B8%ED%95%B4%29%20%EC%84%9C%EC%9A%B8%ED%8A%B9%EB%B3%84%EC%8B%9C%20%EC%9A%A9%EC%82%B0%EA%B5%AC%20%EC%84%9C%EB%B9%99%EA%B3%A0%EB%A1%9C%20137%28%EC%9A%A9%EC%82%B0%EB%8F%996%EA%B0%80%29%20%EA%B5%AD%EB%A6%BD%EC%A4%91%EC%95%99%EB%B0%95%EB%AC%BC%EA%B4%80
용산구	용산동6가	묘법연화경 권6~7	서울특별시 용산구 서빙고로 137(용산동6가)	보물	37.524087	126.980388	https://map.naver.com/p/search/%EB%AC%98%EB%B2%95%EC%97%B0%ED%99%94%EA%B2%BD%20%EA%B6%8C6~7%20%EC%84%9C%EC%9A%B8%ED%8A%B9%EB%B3%84%EC%8B%9C%20%EC%9A%A9%EC%82%B0%EA%B5%AC%20%EC%84%9C%EB%B9%99%EA%B3%A0%EB%A1%9C%20137%28%EC%9A%A9%EC%82%B0%EB%8F%996%EA%B0%80%29
용산구	용산동6가	대방광원각약소주경 권상의2	서울특별시 용산구 서빙고로 137(용산동6가)	보물	37.524087	126.980388	https://map.naver.com/p/search/%EB%8C%80%EB%B0%A9%EA%B4%91%EC%9B%90%EA%B0%81%EC%95%BD%EC%86%8C%EC%A3%BC%EA%B2%BD%20%EA%B6%8C%EC%83%81%EC%9D%982%20%EC%84%9C%EC%9A%B8%ED%8A%B9%EB%B3%84%EC%8B%9C%20%EC%9A%A9%EC%82%B0%EA%B5%AC%20%EC%84%9C%EB%B9%99%EA%B3%A0%EB%A1%9C%20137%28%EC%9A%A9%EC%82%B0%EB%8F%996%EA%B0%80%29
종로구	신문로2가	한호 필적 - 석봉한호해서첩	서울특별시 종로구 새문안로 55(신문로2가)	보물	37.570143	126.970438	https://map.naver.com/p/search/%ED%95%9C%ED%98%B8%20%ED%95%84%EC%A0%81%20-%20%EC%84%9D%EB%B4%89%ED%95%9C%ED%98%B8%ED%95%B4%EC%84%9C%EC%B2%A9%20%EC%84%9C%EC%9A%B8%ED%8A%B9%EB%B3%84%EC%8B%9C%20%EC%A2%85%EB%A1%9C%EA%B5%AC%20%EC%83%88%EB%AC%B8%EC%95%88%EB%A1%9C%2055%28%EC%8B%A0%EB%AC%B8%EB%A1%9C2%EA%B0%80%29
용산구	용산동6가	홍무예제	서울특별시 용산구 서빙고로 137(용산동6가)	보물	37.524087	126.980388	https://map.naver.com/p/search/%ED%99%8D%EB%AC%B4%EC%98%88%EC%A0%9C%20%EC%84%9C%EC%9A%B8%ED%8A%B9%EB%B3%84%EC%8B%9C%20%EC%9A%A9%EC%82%B0%EA%B5%AC%20%EC%84%9C%EB%B9%99%EA%B3%A0%EB%A1%9C%20137%28%EC%9A%A9%EC%82%B0%EB%8F%996%EA%B0%80%29
용산구	용산동6가	금강반야바라밀경	서울특별시 용산구 서빙고로 137(용산동6가)	보물	37.524087	126.980388	https://map.naver.com/p/search/%EA%B8%88%EA%B0%95%EB%B0%98%EC%95%BC%EB%B0%94%EB%9D%BC%EB%B0%80%EA%B2%BD%20%EC%84%9C%EC%9A%B8%ED%8A%B9%EB%B3%84%EC%8B%9C%20%EC%9A%A9%EC%82%B0%EA%B5%AC%20%EC%84%9C%EB%B9%99%EA%B3%A0%EB%A1%9C%20137%28%EC%9A%A9%EC%82%B0%EB%8F%996%EA%B0%80%29
종로구		국새 황제지보	서울특별시 종로구 효자로 12(세종로)	보물	37.576668	126.974922	https://map.naver.com/p/search/%EA%B5%AD%EC%83%88%20%ED%99%A9%EC%A0%9C%EC%A7%80%EB%B3%B4%20%EC%84%9C%EC%9A%B8%ED%8A%B9%EB%B3%84%EC%8B%9C%20%EC%A2%85%EB%A1%9C%EA%B5%AC%20%ED%9A%A8%EC%9E%90%EB%A1%9C%2012%28%EC%84%B8%EC%A2%85%EB%A1%9C%29
용산구	용산동6가	대방광불화엄경 정원본 권20	서울특별시 용산구 서빙고로 137(용산동6가)	보물	37.524087	126.980388	https://map.naver.com/p/search/%EB%8C%80%EB%B0%A9%EA%B4%91%EB%B6%88%ED%99%94%EC%97%84%EA%B2%BD%20%EC%A0%95%EC%9B%90%EB%B3%B8%20%EA%B6%8C20%20%EC%84%9C%EC%9A%B8%ED%8A%B9%EB%B3%84%EC%8B%9C%20%EC%9A%A9%EC%82%B0%EA%B5%AC%20%EC%84%9C%EB%B9%99%EA%B3%A0%EB%A1%9C%20137%28%EC%9A%A9%EC%82%B0%EB%8F%996%EA%B0%80%29
관악구	신림동	벽역신방	서울 관악구 관악로 1,103호 동 서울대학교 규장각한국학연구원 (신림동,서울대학교)	보물	37.45337	126.957168	https://map.naver.com/p/search/%EB%B2%BD%EC%97%AD%EC%8B%A0%EB%B0%A9%20%EC%84%9C%EC%9A%B8%20%EA%B4%80%EC%95%85%EA%B5%AC%20%EA%B4%80%EC%95%85%EB%A1%9C%201%2C103%ED%98%B8%20%EB%8F%99%20%EC%84%9C%EC%9A%B8%EB%8C%80%ED%95%99%EA%B5%90%20%EA%B7%9C%EC%9E%A5%EA%B0%81%ED%95%9C%EA%B5%AD%ED%95%99%EC%97%B0%EA%B5%AC%EC%9B%90%20%28%EC%8B%A0%EB%A6%BC%EB%8F%99%2C%EC%84%9C%EC%9A%B8%EB%8C%80%ED%95%99%EA%B5%90%29
관악구	신림동	신찬벽온방	서울특별시 관악구 관악로 1 (신림동, 103동 서울대학교 규장각한국학연구원)	보물	37.45337	126.957168	https://map.naver.com/p/search/%EC%8B%A0%EC%B0%AC%EB%B2%BD%EC%98%A8%EB%B0%A9%20%EC%84%9C%EC%9A%B8%ED%8A%B9%EB%B3%84%EC%8B%9C%20%EA%B4%80%EC%95%85%EA%B5%AC%20%EA%B4%80%EC%95%85%EB%A1%9C%201%20%28%EC%8B%A0%EB%A6%BC%EB%8F%99%2C%20103%EB%8F%99%20%EC%84%9C%EC%9A%B8%EB%8C%80%ED%95%99%EA%B5%90%20%EA%B7%9C%EC%9E%A5%EA%B0%81%ED%95%9C%EA%B5%AD%ED%95%99%EC%97%B0%EA%B5%AC%EC%9B%90%29
강서구	가양동	신찬벽온방	서울특별시 강서구 허준로 87(가양동)	보물	37.567852	126.851083	https://map.naver.com/p/search/%EC%8B%A0%EC%B0%AC%EB%B2%BD%EC%98%A8%EB%B0%A9%20%EC%84%9C%EC%9A%B8%ED%8A%B9%EB%B3%84%EC%8B%9C%20%EA%B0%95%EC%84%9C%EA%B5%AC%20%ED%97%88%EC%A4%80%EB%A1%9C%2087%28%EA%B0%80%EC%96%91%EB%8F%99%29
서초구	반포동	언해태산집요	서울특별시 서초구 반포대로 201(반포동)	보물	37.49743	127.003102	https://map.naver.com/p/search/%EC%96%B8%ED%95%B4%ED%83%9C%EC%82%B0%EC%A7%91%EC%9A%94%20%EC%84%9C%EC%9A%B8%ED%8A%B9%EB%B3%84%EC%8B%9C%20%EC%84%9C%EC%B4%88%EA%B5%AC%20%EB%B0%98%ED%8F%AC%EB%8C%80%EB%A1%9C%20201%28%EB%B0%98%ED%8F%AC%EB%8F%99%29
종로구	구기동	권근 응제시주	서울특별시 종로구 비봉길 2-2(구기동)	보물	37.608711	126.957093	https://map.naver.com/p/search/%EA%B6%8C%EA%B7%BC%20%EC%9D%91%EC%A0%9C%EC%8B%9C%EC%A3%BC%20%EC%84%9C%EC%9A%B8%ED%8A%B9%EB%B3%84%EC%8B%9C%20%EC%A2%85%EB%A1%9C%EA%B5%AC%20%EB%B9%84%EB%B4%89%EA%B8%B8%202-2%28%EA%B5%AC%EA%B8%B0%EB%8F%99%29
종로구	평창동	제왕운기	서울특별시 종로구 평창44길 14(평창동)	보물	37.573521	126.978835	https://map.naver.com/p/search/%EC%A0%9C%EC%99%95%EC%9A%B4%EA%B8%B0%20%EC%84%9C%EC%9A%B8%ED%8A%B9%EB%B3%84%EC%8B%9C%20%EC%A2%85%EB%A1%9C%EA%B5%AC%20%ED%8F%89%EC%B0%BD44%EA%B8%B8%2014%28%ED%8F%89%EC%B0%BD%EB%8F%99%29
용산구	용산동6가	염제신 초상	서울특별시 용산구 서빙고로 137(용산동6가)	보물	37.524087	126.980388	https://map.naver.com/p/search/%EC%97%BC%EC%A0%9C%EC%8B%A0%20%EC%B4%88%EC%83%81%20%EC%84%9C%EC%9A%B8%ED%8A%B9%EB%B3%84%EC%8B%9C%20%EC%9A%A9%EC%82%B0%EA%B5%AC%20%EC%84%9C%EB%B9%99%EA%B3%A0%EB%A1%9C%20137%28%EC%9A%A9%EC%82%B0%EB%8F%996%EA%B0%80%29
관악구	신림동	상지은니 불설보우경 권2	서울특별시 관악구 남부순환로152길 53(신림동)	보물	37.480982	126.918218	https://map.naver.com/p/search/%EC%83%81%EC%A7%80%EC%9D%80%EB%8B%88%20%EB%B6%88%EC%84%A4%EB%B3%B4%EC%9A%B0%EA%B2%BD%20%EA%B6%8C2%20%EC%84%9C%EC%9A%B8%ED%8A%B9%EB%B3%84%EC%8B%9C%20%EA%B4%80%EC%95%85%EA%B5%AC%20%EB%82%A8%EB%B6%80%EC%88%9C%ED%99%98%EB%A1%9C152%EA%B8%B8%2053%28%EC%8B%A0%EB%A6%BC%EB%8F%99%29
종로구		국새 유서지보	서울특별시 종로구 효자로 12(세종로)	보물	37.576668	126.974922	https://map.naver.com/p/search/%EA%B5%AD%EC%83%88%20%EC%9C%A0%EC%84%9C%EC%A7%80%EB%B3%B4%20%EC%84%9C%EC%9A%B8%ED%8A%B9%EB%B3%84%EC%8B%9C%20%EC%A2%85%EB%A1%9C%EA%B5%AC%20%ED%9A%A8%EC%9E%90%EB%A1%9C%2012%28%EC%84%B8%EC%A2%85%EB%A1%9C%29
관악구	신림동	상지은니 대지도론 권28	서울특별시 관악구 남부순환로152길 53(신림동)	보물	37.480982	126.918218	https://map.naver.com/p/search/%EC%83%81%EC%A7%80%EC%9D%80%EB%8B%88%20%EB%8C%80%EC%A7%80%EB%8F%84%EB%A1%A0%20%EA%B6%8C28%20%EC%84%9C%EC%9A%B8%ED%8A%B9%EB%B3%84%EC%8B%9C%20%EA%B4%80%EC%95%85%EA%B5%AC%20%EB%82%A8%EB%B6%80%EC%88%9C%ED%99%98%EB%A1%9C152%EA%B8%B8%2053%28%EC%8B%A0%EB%A6%BC%EB%8F%99%29
관악구	신림동	감지은니 대방광불화엄경 진본 권13	서울특별시 관악구 남부순환로152길 53(신림동)	보물	37.480982	126.918218	https://map.naver.com/p/search/%EA%B0%90%EC%A7%80%EC%9D%80%EB%8B%88%20%EB%8C%80%EB%B0%A9%EA%B4%91%EB%B6%88%ED%99%94%EC%97%84%EA%B2%BD%20%EC%A7%84%EB%B3%B8%20%EA%B6%8C13%20%EC%84%9C%EC%9A%B8%ED%8A%B9%EB%B3%84%EC%8B%9C%20%EA%B4%80%EC%95%85%EA%B5%AC%20%EB%82%A8%EB%B6%80%EC%88%9C%ED%99%98%EB%A1%9C152%EA%B8%B8%2053%28%EC%8B%A0%EB%A6%BC%EB%8F%99%29
관악구	신림동	지장보살본원경	서울특별시 관악구 남부순환로152길 53(신림동)	보물	37.480982	126.918218	https://map.naver.com/p/search/%EC%A7%80%EC%9E%A5%EB%B3%B4%EC%82%B4%EB%B3%B8%EC%9B%90%EA%B2%BD%20%EC%84%9C%EC%9A%B8%ED%8A%B9%EB%B3%84%EC%8B%9C%20%EA%B4%80%EC%95%85%EA%B5%AC%20%EB%82%A8%EB%B6%80%EC%88%9C%ED%99%98%EB%A1%9C152%EA%B8%B8%2053%28%EC%8B%A0%EB%A6%BC%EB%8F%99%29
관악구	신림동	대방광불화엄경소 권84, 100, 117	서울특별시 관악구 남부순환로152길 53(신림동)	보물	37.480982	126.918218	https://map.naver.com/p/search/%EB%8C%80%EB%B0%A9%EA%B4%91%EB%B6%88%ED%99%94%EC%97%84%EA%B2%BD%EC%86%8C%20%EA%B6%8C84%2C%20100%2C%20117%20%EC%84%9C%EC%9A%B8%ED%8A%B9%EB%B3%84%EC%8B%9C%20%EA%B4%80%EC%95%85%EA%B5%AC%20%EB%82%A8%EB%B6%80%EC%88%9C%ED%99%98%EB%A1%9C152%EA%B8%B8%2053%28%EC%8B%A0%EB%A6%BC%EB%8F%99%29
관악구	신림동	불정심다라니경	서울특별시 관악구 남부순환로152길 53(신림동)	보물	37.480982	126.918218	https://map.naver.com/p/search/%EB%B6%88%EC%A0%95%EC%8B%AC%EB%8B%A4%EB%9D%BC%EB%8B%88%EA%B2%BD%20%EC%84%9C%EC%9A%B8%ED%8A%B9%EB%B3%84%EC%8B%9C%20%EA%B4%80%EC%95%85%EA%B5%AC%20%EB%82%A8%EB%B6%80%EC%88%9C%ED%99%98%EB%A1%9C152%EA%B8%B8%2053%28%EC%8B%A0%EB%A6%BC%EB%8F%99%29
종로구	와룡동	창경궁 팔각칠층석탑	서울특별시 종로구 창경궁로 185(와룡동)	보물	37.577624	126.993842	https://map.naver.com/p/search/%EC%B0%BD%EA%B2%BD%EA%B6%81%20%ED%8C%94%EA%B0%81%EC%B9%A0%EC%B8%B5%EC%84%9D%ED%83%91%20%EC%84%9C%EC%9A%B8%ED%8A%B9%EB%B3%84%EC%8B%9C%20%EC%A2%85%EB%A1%9C%EA%B5%AC%20%EC%B0%BD%EA%B2%BD%EA%B6%81%EB%A1%9C%20185%28%EC%99%80%EB%A3%A1%EB%8F%99%29
용산구	용산동6가	대방광불화엄경보현행원품별행소	서울특별시 용산구 서빙고로 137(용산동6가)	보물	37.524087	126.980388	https://map.naver.com/p/search/%EB%8C%80%EB%B0%A9%EA%B4%91%EB%B6%88%ED%99%94%EC%97%84%EA%B2%BD%EB%B3%B4%ED%98%84%ED%96%89%EC%9B%90%ED%92%88%EB%B3%84%ED%96%89%EC%86%8C%20%EC%84%9C%EC%9A%B8%ED%8A%B9%EB%B3%84%EC%8B%9C%20%EC%9A%A9%EC%82%B0%EA%B5%AC%20%EC%84%9C%EB%B9%99%EA%B3%A0%EB%A1%9C%20137%28%EC%9A%A9%EC%82%B0%EB%8F%996%EA%B0%80%29
용산구	용산동6가	천노해 금강반야바라밀경	서울특별시 용산구 서빙고로 137(용산동6가)	보물	37.524087	126.980388	https://map.naver.com/p/search/%EC%B2%9C%EB%85%B8%ED%95%B4%20%EA%B8%88%EA%B0%95%EB%B0%98%EC%95%BC%EB%B0%94%EB%9D%BC%EB%B0%80%EA%B2%BD%20%EC%84%9C%EC%9A%B8%ED%8A%B9%EB%B3%84%EC%8B%9C%20%EC%9A%A9%EC%82%B0%EA%B5%AC%20%EC%84%9C%EB%B9%99%EA%B3%A0%EB%A1%9C%20137%28%EC%9A%A9%EC%82%B0%EB%8F%996%EA%B0%80%29
용산구	용산동6가	백지묵서 묘법연화경 권7	서울특별시 용산구 서빙고로 137(용산동6가)	보물	37.524087	126.980388	https://map.naver.com/p/search/%EB%B0%B1%EC%A7%80%EB%AC%B5%EC%84%9C%20%EB%AC%98%EB%B2%95%EC%97%B0%ED%99%94%EA%B2%BD%20%EA%B6%8C7%20%EC%84%9C%EC%9A%B8%ED%8A%B9%EB%B3%84%EC%8B%9C%20%EC%9A%A9%EC%82%B0%EA%B5%AC%20%EC%84%9C%EB%B9%99%EA%B3%A0%EB%A1%9C%20137%28%EC%9A%A9%EC%82%B0%EB%8F%996%EA%B0%80%29
서대문구	충정로2가	선문삼가염송집 권1	서울특별시 서대문구 충정로9길 10-10(충정로2가)	보물	37.565017	126.964891	https://map.naver.com/p/search/%EC%84%A0%EB%AC%B8%EC%82%BC%EA%B0%80%EC%97%BC%EC%86%A1%EC%A7%91%20%EA%B6%8C1%20%EC%84%9C%EC%9A%B8%ED%8A%B9%EB%B3%84%EC%8B%9C%20%EC%84%9C%EB%8C%80%EB%AC%B8%EA%B5%AC%20%EC%B6%A9%EC%A0%95%EB%A1%9C9%EA%B8%B8%2010-10%28%EC%B6%A9%EC%A0%95%EB%A1%9C2%EA%B0%80%29
서대문구	충정로2가	상교정본자비도량참법 권4~6	서울특별시 서대문구 충정로2가 78-23	보물	37.565017	126.964891	https://map.naver.com/p/search/%EC%83%81%EA%B5%90%EC%A0%95%EB%B3%B8%EC%9E%90%EB%B9%84%EB%8F%84%EB%9F%89%EC%B0%B8%EB%B2%95%20%EA%B6%8C4~6%20%EC%84%9C%EC%9A%B8%ED%8A%B9%EB%B3%84%EC%8B%9C%20%EC%84%9C%EB%8C%80%EB%AC%B8%EA%B5%AC%20%EC%B6%A9%EC%A0%95%EB%A1%9C2%EA%B0%80%2078-23
서대문구	충정로2가	묘법연화경 권3~4, 5~7	서울특별시 서대문구 충정로9길 10-10(충정로2가)	보물	37.565017	126.964891	https://map.naver.com/p/search/%EB%AC%98%EB%B2%95%EC%97%B0%ED%99%94%EA%B2%BD%20%EA%B6%8C3~4%2C%205~7%20%EC%84%9C%EC%9A%B8%ED%8A%B9%EB%B3%84%EC%8B%9C%20%EC%84%9C%EB%8C%80%EB%AC%B8%EA%B5%AC%20%EC%B6%A9%EC%A0%95%EB%A1%9C9%EA%B8%B8%2010-10%28%EC%B6%A9%EC%A0%95%EB%A1%9C2%EA%B0%80%29
용산구	용산동6가	성리대전서절요	서울특별시 용산구 서빙고로 137(용산동6가)	보물	37.524087	126.980388	https://map.naver.com/p/search/%EC%84%B1%EB%A6%AC%EB%8C%80%EC%A0%84%EC%84%9C%EC%A0%88%EC%9A%94%20%EC%84%9C%EC%9A%B8%ED%8A%B9%EB%B3%84%EC%8B%9C%20%EC%9A%A9%EC%82%B0%EA%B5%AC%20%EC%84%9C%EB%B9%99%EA%B3%A0%EB%A1%9C%20137%28%EC%9A%A9%EC%82%B0%EB%8F%996%EA%B0%80%29
용산구	용산동6가	고금운회거요 권27~30	서울특별시 용산구 서빙고로 137(용산동6가)	보물	37.524087	126.980388	https://map.naver.com/p/search/%EA%B3%A0%EA%B8%88%EC%9A%B4%ED%9A%8C%EA%B1%B0%EC%9A%94%20%EA%B6%8C27~30%20%EC%84%9C%EC%9A%B8%ED%8A%B9%EB%B3%84%EC%8B%9C%20%EC%9A%A9%EC%82%B0%EA%B5%AC%20%EC%84%9C%EB%B9%99%EA%B3%A0%EB%A1%9C%20137%28%EC%9A%A9%EC%82%B0%EB%8F%996%EA%B0%80%29
용산구	용산동6가	진충귀 개국원종공신녹권	서울특별시 용산구 서빙고로 137(용산동6가)	보물	37.524087	126.980388	https://map.naver.com/p/search/%EC%A7%84%EC%B6%A9%EA%B7%80%20%EA%B0%9C%EA%B5%AD%EC%9B%90%EC%A2%85%EA%B3%B5%EC%8B%A0%EB%85%B9%EA%B6%8C%20%EC%84%9C%EC%9A%B8%ED%8A%B9%EB%B3%84%EC%8B%9C%20%EC%9A%A9%EC%82%B0%EA%B5%AC%20%EC%84%9C%EB%B9%99%EA%B3%A0%EB%A1%9C%20137%28%EC%9A%A9%EC%82%B0%EB%8F%996%EA%B0%80%29
용산구	용산동6가	진충귀 고신왕지	서울특별시 용산구 서빙고로 137(용산동6가)	보물	37.524087	126.980388	https://map.naver.com/p/search/%EC%A7%84%EC%B6%A9%EA%B7%80%20%EA%B3%A0%EC%8B%A0%EC%99%95%EC%A7%80%20%EC%84%9C%EC%9A%B8%ED%8A%B9%EB%B3%84%EC%8B%9C%20%EC%9A%A9%EC%82%B0%EA%B5%AC%20%EC%84%9C%EB%B9%99%EA%B3%A0%EB%A1%9C%20137%28%EC%9A%A9%EC%82%B0%EB%8F%996%EA%B0%80%29
용산구	용산동6가	선종영가집(언해) 권하	서울특별시 용산구 서빙고로 139(용산동6가)	보물	37.521182	126.980919	https://map.naver.com/p/search/%EC%84%A0%EC%A2%85%EC%98%81%EA%B0%80%EC%A7%91%28%EC%96%B8%ED%95%B4%29%20%EA%B6%8C%ED%95%98%20%EC%84%9C%EC%9A%B8%ED%8A%B9%EB%B3%84%EC%8B%9C%20%EC%9A%A9%EC%82%B0%EA%B5%AC%20%EC%84%9C%EB%B9%99%EA%B3%A0%EB%A1%9C%20139%28%EC%9A%A9%EC%82%B0%EB%8F%996%EA%B0%80%29
성북구	보문동3가	묘법연화경 권3~4, 5~7	서울특별시 성북구 보문사길 20(보문동3가)	보물	37.584934	127.016187	https://map.naver.com/p/search/%EB%AC%98%EB%B2%95%EC%97%B0%ED%99%94%EA%B2%BD%20%EA%B6%8C3~4%2C%205~7%20%EC%84%9C%EC%9A%B8%ED%8A%B9%EB%B3%84%EC%8B%9C%20%EC%84%B1%EB%B6%81%EA%B5%AC%20%EB%B3%B4%EB%AC%B8%EC%82%AC%EA%B8%B8%2020%28%EB%B3%B4%EB%AC%B8%EB%8F%993%EA%B0%80%29
종로구		국새 준명지보	서울특별시 종로구 효자로 12(세종로)	보물	37.576668	126.974922	https://map.naver.com/p/search/%EA%B5%AD%EC%83%88%20%EC%A4%80%EB%AA%85%EC%A7%80%EB%B3%B4%20%EC%84%9C%EC%9A%B8%ED%8A%B9%EB%B3%84%EC%8B%9C%20%EC%A2%85%EB%A1%9C%EA%B5%AC%20%ED%9A%A8%EC%9E%90%EB%A1%9C%2012%28%EC%84%B8%EC%A2%85%EB%A1%9C%29
종로구		오자치 초상	서울특별시 종로구 효자로 12(세종로)	보물	37.576668	126.974922	https://map.naver.com/p/search/%EC%98%A4%EC%9E%90%EC%B9%98%20%EC%B4%88%EC%83%81%20%EC%84%9C%EC%9A%B8%ED%8A%B9%EB%B3%84%EC%8B%9C%20%EC%A2%85%EB%A1%9C%EA%B5%AC%20%ED%9A%A8%EC%9E%90%EB%A1%9C%2012%28%EC%84%B8%EC%A2%85%EB%A1%9C%29
용산구	용산동6가	의겸 등 필 수월관음도	서울특별시 용산구 서빙고로 137(용산동6가)	보물	37.524087	126.980388	https://map.naver.com/p/search/%EC%9D%98%EA%B2%B8%20%EB%93%B1%20%ED%95%84%20%EC%88%98%EC%9B%94%EA%B4%80%EC%9D%8C%EB%8F%84%20%EC%84%9C%EC%9A%B8%ED%8A%B9%EB%B3%84%EC%8B%9C%20%EC%9A%A9%EC%82%B0%EA%B5%AC%20%EC%84%9C%EB%B9%99%EA%B3%A0%EB%A1%9C%20137%28%EC%9A%A9%EC%82%B0%EB%8F%996%EA%B0%80%29
용산구	용산동6가	이색 초상 - 목은영당본	서울특별시 용산구 서빙고로 137(용산동6가)	보물	37.573521	126.978835	https://map.naver.com/p/search/%EC%9D%B4%EC%83%89%20%EC%B4%88%EC%83%81%20-%20%EB%AA%A9%EC%9D%80%EC%98%81%EB%8B%B9%EB%B3%B8%20%EC%84%9C%EC%9A%B8%ED%8A%B9%EB%B3%84%EC%8B%9C%20%EC%9A%A9%EC%82%B0%EA%B5%AC%20%EC%84%9C%EB%B9%99%EA%B3%A0%EB%A1%9C%20137%28%EC%9A%A9%EC%82%B0%EB%8F%996%EA%B0%80%29
노원구	공릉동	조흡 고신왕지	서울특별시 노원구 화랑로 574(공릉동) 사서함 77-1호 육군박물관	보물	37.627244	127.103326	https://map.naver.com/p/search/%EC%A1%B0%ED%9D%A1%20%EA%B3%A0%EC%8B%A0%EC%99%95%EC%A7%80%20%EC%84%9C%EC%9A%B8%ED%8A%B9%EB%B3%84%EC%8B%9C%20%EB%85%B8%EC%9B%90%EA%B5%AC%20%ED%99%94%EB%9E%91%EB%A1%9C%20574%28%EA%B3%B5%EB%A6%89%EB%8F%99%29%20%EC%82%AC%EC%84%9C%ED%95%A8%2077-1%ED%98%B8%20%EC%9C%A1%EA%B5%B0%EB%B0%95%EB%AC%BC%EA%B4%80
용산구	한남동	청자 음각용문 주전자	서울특별시 용산구 이태원로55길 60-16(한남동)	보물	37.538546	126.99881	https://map.naver.com/p/search/%EC%B2%AD%EC%9E%90%20%EC%9D%8C%EA%B0%81%EC%9A%A9%EB%AC%B8%20%EC%A3%BC%EC%A0%84%EC%9E%90%20%EC%84%9C%EC%9A%B8%ED%8A%B9%EB%B3%84%EC%8B%9C%20%EC%9A%A9%EC%82%B0%EA%B5%AC%20%EC%9D%B4%ED%83%9C%EC%9B%90%EB%A1%9C55%EA%B8%B8%2060-16%28%ED%95%9C%EB%82%A8%EB%8F%99%29
종로구	청운동	아미타여래도	서울특별시 종로구 자하문로36길 16-5(청운동, 인텔빌라) A동 7호	보물	37.573521	126.978835	https://map.naver.com/p/search/%EC%95%84%EB%AF%B8%ED%83%80%EC%97%AC%EB%9E%98%EB%8F%84%20%EC%84%9C%EC%9A%B8%ED%8A%B9%EB%B3%84%EC%8B%9C%20%EC%A2%85%EB%A1%9C%EA%B5%AC%20%EC%9E%90%ED%95%98%EB%AC%B8%EB%A1%9C36%EA%B8%B8%2016-5%28%EC%B2%AD%EC%9A%B4%EB%8F%99%2C%20%EC%9D%B8%ED%85%94%EB%B9%8C%EB%9D%BC%29%20A%EB%8F%99%207%ED%98%B8
종로구	청운동	지장보살삼존도	서울특별시 종로구 자하문로36길 16-5(청운동, 인텔빌라) A동 7호	보물	37.573521	126.978835	https://map.naver.com/p/search/%EC%A7%80%EC%9E%A5%EB%B3%B4%EC%82%B4%EC%82%BC%EC%A1%B4%EB%8F%84%20%EC%84%9C%EC%9A%B8%ED%8A%B9%EB%B3%84%EC%8B%9C%20%EC%A2%85%EB%A1%9C%EA%B5%AC%20%EC%9E%90%ED%95%98%EB%AC%B8%EB%A1%9C36%EA%B8%B8%2016-5%28%EC%B2%AD%EC%9A%B4%EB%8F%99%2C%20%EC%9D%B8%ED%85%94%EB%B9%8C%EB%9D%BC%29%20A%EB%8F%99%207%ED%98%B8
중랑구	중화동	이윤손 유서	서울특별시 중랑구 중랑천로20길 45-5(중화동)	보물	37.597704	127.07355	https://map.naver.com/p/search/%EC%9D%B4%EC%9C%A4%EC%86%90%20%EC%9C%A0%EC%84%9C%20%EC%84%9C%EC%9A%B8%ED%8A%B9%EB%B3%84%EC%8B%9C%20%EC%A4%91%EB%9E%91%EA%B5%AC%20%EC%A4%91%EB%9E%91%EC%B2%9C%EB%A1%9C20%EA%B8%B8%2045-5%28%EC%A4%91%ED%99%94%EB%8F%99%29
강서구	화곡동	진산세고	서울특별시 강서구 강서로18길 106(화곡동)	보물	37.535037	126.851432	https://map.naver.com/p/search/%EC%A7%84%EC%82%B0%EC%84%B8%EA%B3%A0%20%EC%84%9C%EC%9A%B8%ED%8A%B9%EB%B3%84%EC%8B%9C%20%EA%B0%95%EC%84%9C%EA%B5%AC%20%EA%B0%95%EC%84%9C%EB%A1%9C18%EA%B8%B8%20106%28%ED%99%94%EA%B3%A1%EB%8F%99%29
중랑구	묵동	묘법연화경	서울특별시 중랑구 숙선옹주로 69(묵동)	보물	37.61489	127.084072	https://map.naver.com/p/search/%EB%AC%98%EB%B2%95%EC%97%B0%ED%99%94%EA%B2%BD%20%EC%84%9C%EC%9A%B8%ED%8A%B9%EB%B3%84%EC%8B%9C%20%EC%A4%91%EB%9E%91%EA%B5%AC%20%EC%88%99%EC%84%A0%EC%98%B9%EC%A3%BC%EB%A1%9C%2069%28%EB%AC%B5%EB%8F%99%29
용산구	용산동6가	함창 상원사 사불회탱	서울특별시 용산구 서빙고로 137(용산동6가)	보물	37.524087	126.980388	https://map.naver.com/p/search/%ED%95%A8%EC%B0%BD%20%EC%83%81%EC%9B%90%EC%82%AC%20%EC%82%AC%EB%B6%88%ED%9A%8C%ED%83%B1%20%EC%84%9C%EC%9A%B8%ED%8A%B9%EB%B3%84%EC%8B%9C%20%EC%9A%A9%EC%82%B0%EA%B5%AC%20%EC%84%9C%EB%B9%99%EA%B3%A0%EB%A1%9C%20137%28%EC%9A%A9%EC%82%B0%EB%8F%996%EA%B0%80%29
용산구	용산동6가	석조지장보살좌상	서울특별시 용산구 서빙고로 137(용산동6가)	보물	37.524087	126.980388	https://map.naver.com/p/search/%EC%84%9D%EC%A1%B0%EC%A7%80%EC%9E%A5%EB%B3%B4%EC%82%B4%EC%A2%8C%EC%83%81%20%EC%84%9C%EC%9A%B8%ED%8A%B9%EB%B3%84%EC%8B%9C%20%EC%9A%A9%EC%82%B0%EA%B5%AC%20%EC%84%9C%EB%B9%99%EA%B3%A0%EB%A1%9C%20137%28%EC%9A%A9%EC%82%B0%EB%8F%996%EA%B0%80%29
용산구	용산동6가	기영회도	서울특별시 용산구 서빙고로 137(용산동6가)	보물	37.524087	126.980388	https://map.naver.com/p/search/%EA%B8%B0%EC%98%81%ED%9A%8C%EB%8F%84%20%EC%84%9C%EC%9A%B8%ED%8A%B9%EB%B3%84%EC%8B%9C%20%EC%9A%A9%EC%82%B0%EA%B5%AC%20%EC%84%9C%EB%B9%99%EA%B3%A0%EB%A1%9C%20137%28%EC%9A%A9%EC%82%B0%EB%8F%996%EA%B0%80%29
종로구	신문로2가	초조본 아비달마계신족론 권하	서울특별시 종로구 새문안로 55(신문로2가)	보물	37.570143	126.970438	https://map.naver.com/p/search/%EC%B4%88%EC%A1%B0%EB%B3%B8%20%EC%95%84%EB%B9%84%EB%8B%AC%EB%A7%88%EA%B3%84%EC%8B%A0%EC%A1%B1%EB%A1%A0%20%EA%B6%8C%ED%95%98%20%EC%84%9C%EC%9A%B8%ED%8A%B9%EB%B3%84%EC%8B%9C%20%EC%A2%85%EB%A1%9C%EA%B5%AC%20%EC%83%88%EB%AC%B8%EC%95%88%EB%A1%9C%2055%28%EC%8B%A0%EB%AC%B8%EB%A1%9C2%EA%B0%80%29
종로구	신문로2가	초조본 현양성교론 권3	서울특별시 종로구 새문안로 55(신문로2가)	보물	37.570143	126.970438	https://map.naver.com/p/search/%EC%B4%88%EC%A1%B0%EB%B3%B8%20%ED%98%84%EC%96%91%EC%84%B1%EA%B5%90%EB%A1%A0%20%EA%B6%8C3%20%EC%84%9C%EC%9A%B8%ED%8A%B9%EB%B3%84%EC%8B%9C%20%EC%A2%85%EB%A1%9C%EA%B5%AC%20%EC%83%88%EB%AC%B8%EC%95%88%EB%A1%9C%2055%28%EC%8B%A0%EB%AC%B8%EB%A1%9C2%EA%B0%80%29
종로구	신문로2가	동여도	서울특별시 종로구 새문안로 55(신문로2가)	보물	37.570143	126.970438	https://map.naver.com/p/search/%EB%8F%99%EC%97%AC%EB%8F%84%20%EC%84%9C%EC%9A%B8%ED%8A%B9%EB%B3%84%EC%8B%9C%20%EC%A2%85%EB%A1%9C%EA%B5%AC%20%EC%83%88%EB%AC%B8%EC%95%88%EB%A1%9C%2055%28%EC%8B%A0%EB%AC%B8%EB%A1%9C2%EA%B0%80%29
용산구	용산동6가	감은사지 동 삼층석탑 사리장엄구	서울특별시 용산구 서빙고로 137 (용산동6가) 국립중앙박물관	보물	37.5240867	126.980388	https://map.naver.com/p/search/%EA%B0%90%EC%9D%80%EC%82%AC%EC%A7%80%20%EB%8F%99%20%EC%82%BC%EC%B8%B5%EC%84%9D%ED%83%91%20%EC%82%AC%EB%A6%AC%EC%9E%A5%EC%97%84%EA%B5%AC%20%EC%84%9C%EC%9A%B8%ED%8A%B9%EB%B3%84%EC%8B%9C%20%EC%9A%A9%EC%82%B0%EA%B5%AC%20%EC%84%9C%EB%B9%99%EA%B3%A0%EB%A1%9C%20137%20%28%EC%9A%A9%EC%82%B0%EB%8F%996%EA%B0%80%29%20%EA%B5%AD%EB%A6%BD%EC%A4%91%EC%95%99%EB%B0%95%EB%AC%BC%EA%B4%80
용산구	한남동	청자 철화초충조문 매병	서울특별시 용산구 이태원로55길 60-16(한남동)	보물	37.538546	126.99881	https://map.naver.com/p/search/%EC%B2%AD%EC%9E%90%20%EC%B2%A0%ED%99%94%EC%B4%88%EC%B6%A9%EC%A1%B0%EB%AC%B8%20%EB%A7%A4%EB%B3%91%20%EC%84%9C%EC%9A%B8%ED%8A%B9%EB%B3%84%EC%8B%9C%20%EC%9A%A9%EC%82%B0%EA%B5%AC%20%EC%9D%B4%ED%83%9C%EC%9B%90%EB%A1%9C55%EA%B8%B8%2060-16%28%ED%95%9C%EB%82%A8%EB%8F%99%29
용산구	한남동	청자 상감유로매죽문 편병	서울특별시 용산구 이태원로55길 60-16(한남동)	보물	37.538546	126.99881	https://map.naver.com/p/search/%EC%B2%AD%EC%9E%90%20%EC%83%81%EA%B0%90%EC%9C%A0%EB%A1%9C%EB%A7%A4%EC%A3%BD%EB%AC%B8%20%ED%8E%B8%EB%B3%91%20%EC%84%9C%EC%9A%B8%ED%8A%B9%EB%B3%84%EC%8B%9C%20%EC%9A%A9%EC%82%B0%EA%B5%AC%20%EC%9D%B4%ED%83%9C%EC%9B%90%EB%A1%9C55%EA%B8%B8%2060-16%28%ED%95%9C%EB%82%A8%EB%8F%99%29
용산구	한남동	청자 양각운룡문 매병	서울특별시 용산구 이태원로55길 60-16(한남동)	보물	37.538546	126.99881	https://map.naver.com/p/search/%EC%B2%AD%EC%9E%90%20%EC%96%91%EA%B0%81%EC%9A%B4%EB%A3%A1%EB%AC%B8%20%EB%A7%A4%EB%B3%91%20%EC%84%9C%EC%9A%B8%ED%8A%B9%EB%B3%84%EC%8B%9C%20%EC%9A%A9%EC%82%B0%EA%B5%AC%20%EC%9D%B4%ED%83%9C%EC%9B%90%EB%A1%9C55%EA%B8%B8%2060-16%28%ED%95%9C%EB%82%A8%EB%8F%99%29
용산구	한남동	청자 상감어룡문 매병	서울특별시 용산구 이태원로55길 60-16(한남동)	보물	37.538546	126.99881	https://map.naver.com/p/search/%EC%B2%AD%EC%9E%90%20%EC%83%81%EA%B0%90%EC%96%B4%EB%A3%A1%EB%AC%B8%20%EB%A7%A4%EB%B3%91%20%EC%84%9C%EC%9A%B8%ED%8A%B9%EB%B3%84%EC%8B%9C%20%EC%9A%A9%EC%82%B0%EA%B5%AC%20%EC%9D%B4%ED%83%9C%EC%9B%90%EB%A1%9C55%EA%B8%B8%2060-16%28%ED%95%9C%EB%82%A8%EB%8F%99%29
용산구	한남동	분청사기 박지연화문 편병	서울특별시 용산구 이태원로55길 60-16(한남동)	보물	37.538546	126.99881	https://map.naver.com/p/search/%EB%B6%84%EC%B2%AD%EC%82%AC%EA%B8%B0%20%EB%B0%95%EC%A7%80%EC%97%B0%ED%99%94%EB%AC%B8%20%ED%8E%B8%EB%B3%91%20%EC%84%9C%EC%9A%B8%ED%8A%B9%EB%B3%84%EC%8B%9C%20%EC%9A%A9%EC%82%B0%EA%B5%AC%20%EC%9D%B4%ED%83%9C%EC%9B%90%EB%A1%9C55%EA%B8%B8%2060-16%28%ED%95%9C%EB%82%A8%EB%8F%99%29
용산구	한남동	청자 상감‘장진주’시명 매죽양류문 매병	서울특별시 용산구 이태원로55길 60-16(한남동)	보물	37.538546	126.99881	https://map.naver.com/p/search/%EC%B2%AD%EC%9E%90%20%EC%83%81%EA%B0%90%E2%80%98%EC%9E%A5%EC%A7%84%EC%A3%BC%E2%80%99%EC%8B%9C%EB%AA%85%20%EB%A7%A4%EC%A3%BD%EC%96%91%EB%A5%98%EB%AC%B8%20%EB%A7%A4%EB%B3%91%20%EC%84%9C%EC%9A%B8%ED%8A%B9%EB%B3%84%EC%8B%9C%20%EC%9A%A9%EC%82%B0%EA%B5%AC%20%EC%9D%B4%ED%83%9C%EC%9B%90%EB%A1%9C55%EA%B8%B8%2060-16%28%ED%95%9C%EB%82%A8%EB%8F%99%29
관악구	신림동	청자 음각연화문 팔각장경병	서울특별시 관악구 남부순환로152길 53(신림동)	보물	37.480982	126.918218	https://map.naver.com/p/search/%EC%B2%AD%EC%9E%90%20%EC%9D%8C%EA%B0%81%EC%97%B0%ED%99%94%EB%AC%B8%20%ED%8C%94%EA%B0%81%EC%9E%A5%EA%B2%BD%EB%B3%91%20%EC%84%9C%EC%9A%B8%ED%8A%B9%EB%B3%84%EC%8B%9C%20%EA%B4%80%EC%95%85%EA%B5%AC%20%EB%82%A8%EB%B6%80%EC%88%9C%ED%99%98%EB%A1%9C152%EA%B8%B8%2053%28%EC%8B%A0%EB%A6%BC%EB%8F%99%29
용산구	용산동6가	백자 청화동정추월문 항아리	서울특별시 용산구 서빙고로 137(용산동6가)	보물	37.524087	126.980388	https://map.naver.com/p/search/%EB%B0%B1%EC%9E%90%20%EC%B2%AD%ED%99%94%EB%8F%99%EC%A0%95%EC%B6%94%EC%9B%94%EB%AC%B8%20%ED%95%AD%EC%95%84%EB%A6%AC%20%EC%84%9C%EC%9A%B8%ED%8A%B9%EB%B3%84%EC%8B%9C%20%EC%9A%A9%EC%82%B0%EA%B5%AC%20%EC%84%9C%EB%B9%99%EA%B3%A0%EB%A1%9C%20137%28%EC%9A%A9%EC%82%B0%EB%8F%996%EA%B0%80%29
용산구	용산동6가	김홍도 필 추성부도	서울특별시 용산구 서빙고로 137(용산동6가)	보물	37.524087	126.980388	https://map.naver.com/p/search/%EA%B9%80%ED%99%8D%EB%8F%84%20%ED%95%84%20%EC%B6%94%EC%84%B1%EB%B6%80%EB%8F%84%20%EC%84%9C%EC%9A%B8%ED%8A%B9%EB%B3%84%EC%8B%9C%20%EC%9A%A9%EC%82%B0%EA%B5%AC%20%EC%84%9C%EB%B9%99%EA%B3%A0%EB%A1%9C%20137%28%EC%9A%A9%EC%82%B0%EB%8F%996%EA%B0%80%29
강남구	신사동	감지금니 대방광불화엄경 권15	서울특별시 강남구 언주로 827, 코리아나화장박물관 (신사동,코리아나아트센타)	보물	37.524048	127.0328	https://map.naver.com/p/search/%EA%B0%90%EC%A7%80%EA%B8%88%EB%8B%88%20%EB%8C%80%EB%B0%A9%EA%B4%91%EB%B6%88%ED%99%94%EC%97%84%EA%B2%BD%20%EA%B6%8C15%20%EC%84%9C%EC%9A%B8%ED%8A%B9%EB%B3%84%EC%8B%9C%20%EA%B0%95%EB%82%A8%EA%B5%AC%20%EC%96%B8%EC%A3%BC%EB%A1%9C%20827%2C%20%EC%BD%94%EB%A6%AC%EC%95%84%EB%82%98%ED%99%94%EC%9E%A5%EB%B0%95%EB%AC%BC%EA%B4%80%20%28%EC%8B%A0%EC%82%AC%EB%8F%99%2C%EC%BD%94%EB%A6%AC%EC%95%84%EB%82%98%EC%95%84%ED%8A%B8%EC%84%BC%ED%83%80%29
용산구	한남동	경기감영도 병풍	서울특별시 용산구 이태원로55길 60-16(한남동)	보물	37.538546	126.99881	https://map.naver.com/p/search/%EA%B2%BD%EA%B8%B0%EA%B0%90%EC%98%81%EB%8F%84%20%EB%B3%91%ED%92%8D%20%EC%84%9C%EC%9A%B8%ED%8A%B9%EB%B3%84%EC%8B%9C%20%EC%9A%A9%EC%82%B0%EA%B5%AC%20%EC%9D%B4%ED%83%9C%EC%9B%90%EB%A1%9C55%EA%B8%B8%2060-16%28%ED%95%9C%EB%82%A8%EB%8F%99%29
종로구	청운동	청자 퇴화선문 표주박모양 주전자	서울특별시 종로구 자하문로36길 16-5(청운동, 인텔빌라) A동 7호	보물	37.573521	126.978835	https://map.naver.com/p/search/%EC%B2%AD%EC%9E%90%20%ED%87%B4%ED%99%94%EC%84%A0%EB%AC%B8%20%ED%91%9C%EC%A3%BC%EB%B0%95%EB%AA%A8%EC%96%91%20%EC%A3%BC%EC%A0%84%EC%9E%90%20%EC%84%9C%EC%9A%B8%ED%8A%B9%EB%B3%84%EC%8B%9C%20%EC%A2%85%EB%A1%9C%EA%B5%AC%20%EC%9E%90%ED%95%98%EB%AC%B8%EB%A1%9C36%EA%B8%B8%2016-5%28%EC%B2%AD%EC%9A%B4%EB%8F%99%2C%20%EC%9D%B8%ED%85%94%EB%B9%8C%EB%9D%BC%29%20A%EB%8F%99%207%ED%98%B8
용산구	용산동6가	봉업사명 청동 향로	서울특별시 용산구 서빙고로 137(용산동6가)	보물	37.524087	126.980388	https://map.naver.com/p/search/%EB%B4%89%EC%97%85%EC%82%AC%EB%AA%85%20%EC%B2%AD%EB%8F%99%20%ED%96%A5%EB%A1%9C%20%EC%84%9C%EC%9A%B8%ED%8A%B9%EB%B3%84%EC%8B%9C%20%EC%9A%A9%EC%82%B0%EA%B5%AC%20%EC%84%9C%EB%B9%99%EA%B3%A0%EB%A1%9C%20137%28%EC%9A%A9%EC%82%B0%EB%8F%996%EA%B0%80%29
용산구	용산동6가	동국대지도	서울특별시 용산구 서빙고로 137(용산동6가)	보물	37.524087	126.980388	https://map.naver.com/p/search/%EB%8F%99%EA%B5%AD%EB%8C%80%EC%A7%80%EB%8F%84%20%EC%84%9C%EC%9A%B8%ED%8A%B9%EB%B3%84%EC%8B%9C%20%EC%9A%A9%EC%82%B0%EA%B5%AC%20%EC%84%9C%EB%B9%99%EA%B3%A0%EB%A1%9C%20137%28%EC%9A%A9%EC%82%B0%EB%8F%996%EA%B0%80%29
관악구	신림동	요계관방지도	서울 관악구 관악로 1,103동 서울대학교 규장각한국학연구원 (신림동,서울대학교)	보물	37.45337	126.957168	https://map.naver.com/p/search/%EC%9A%94%EA%B3%84%EA%B4%80%EB%B0%A9%EC%A7%80%EB%8F%84%20%EC%84%9C%EC%9A%B8%20%EA%B4%80%EC%95%85%EA%B5%AC%20%EA%B4%80%EC%95%85%EB%A1%9C%201%2C103%EB%8F%99%20%EC%84%9C%EC%9A%B8%EB%8C%80%ED%95%99%EA%B5%90%20%EA%B7%9C%EC%9E%A5%EA%B0%81%ED%95%9C%EA%B5%AD%ED%95%99%EC%97%B0%EA%B5%AC%EC%9B%90%20%28%EC%8B%A0%EB%A6%BC%EB%8F%99%2C%EC%84%9C%EC%9A%B8%EB%8C%80%ED%95%99%EA%B5%90%29
종로구		지장보살본원경	서울특별시 종로구 효자로 12(세종로)	보물	37.576668	126.974922	https://map.naver.com/p/search/%EC%A7%80%EC%9E%A5%EB%B3%B4%EC%82%B4%EB%B3%B8%EC%9B%90%EA%B2%BD%20%EC%84%9C%EC%9A%B8%ED%8A%B9%EB%B3%84%EC%8B%9C%20%EC%A2%85%EB%A1%9C%EA%B5%AC%20%ED%9A%A8%EC%9E%90%EB%A1%9C%2012%28%EC%84%B8%EC%A2%85%EB%A1%9C%29
용산구	용산동6가	청구관해방총도	서울특별시 용산구 서빙고로 137(용산동6가)	보물	37.524087	126.980388	https://map.naver.com/p/search/%EC%B2%AD%EA%B5%AC%EA%B4%80%ED%95%B4%EB%B0%A9%EC%B4%9D%EB%8F%84%20%EC%84%9C%EC%9A%B8%ED%8A%B9%EB%B3%84%EC%8B%9C%20%EC%9A%A9%EC%82%B0%EA%B5%AC%20%EC%84%9C%EB%B9%99%EA%B3%A0%EB%A1%9C%20137%28%EC%9A%A9%EC%82%B0%EB%8F%996%EA%B0%80%29
종로구	신문로2가	곽장양문록	서울특별시 종로구 새문안로 55 (신문로2가) 서울역사박물관	유형문화유산	37.5707611	126.9688343	https://map.naver.com/p/search/%EA%B3%BD%EC%9E%A5%EC%96%91%EB%AC%B8%EB%A1%9D%20%EC%84%9C%EC%9A%B8%ED%8A%B9%EB%B3%84%EC%8B%9C%20%EC%A2%85%EB%A1%9C%EA%B5%AC%20%EC%83%88%EB%AC%B8%EC%95%88%EB%A1%9C%2055%20%28%EC%8B%A0%EB%AC%B8%EB%A1%9C2%EA%B0%80%29%20%EC%84%9C%EC%9A%B8%EC%97%AD%EC%82%AC%EB%B0%95%EB%AC%BC%EA%B4%80
용산구	용산동6가	정조어필 - 제문상정사	서울특별시 용산구 서빙고로 137(용산동6가)	보물	37.524087	126.980388	https://map.naver.com/p/search/%EC%A0%95%EC%A1%B0%EC%96%B4%ED%95%84%20-%20%EC%A0%9C%EB%AC%B8%EC%83%81%EC%A0%95%EC%82%AC%20%EC%84%9C%EC%9A%B8%ED%8A%B9%EB%B3%84%EC%8B%9C%20%EC%9A%A9%EC%82%B0%EA%B5%AC%20%EC%84%9C%EB%B9%99%EA%B3%A0%EB%A1%9C%20137%28%EC%9A%A9%EC%82%B0%EB%8F%996%EA%B0%80%29
용산구	용산동6가	대혜보각선사서	서울특별시 용산구 서빙고로 137(용산동6가)	보물	37.524087	126.980388	https://map.naver.com/p/search/%EB%8C%80%ED%98%9C%EB%B3%B4%EA%B0%81%EC%84%A0%EC%82%AC%EC%84%9C%20%EC%84%9C%EC%9A%B8%ED%8A%B9%EB%B3%84%EC%8B%9C%20%EC%9A%A9%EC%82%B0%EA%B5%AC%20%EC%84%9C%EB%B9%99%EA%B3%A0%EB%A1%9C%20137%28%EC%9A%A9%EC%82%B0%EB%8F%996%EA%B0%80%29
용산구	용산동6가	이인상 전서 원령필	서울특별시 용산구 서빙고로 137(용산동6가)	보물	37.524087	126.980388	https://map.naver.com/p/search/%EC%9D%B4%EC%9D%B8%EC%83%81%20%EC%A0%84%EC%84%9C%20%EC%9B%90%EB%A0%B9%ED%95%84%20%EC%84%9C%EC%9A%B8%ED%8A%B9%EB%B3%84%EC%8B%9C%20%EC%9A%A9%EC%82%B0%EA%B5%AC%20%EC%84%9C%EB%B9%99%EA%B3%A0%EB%A1%9C%20137%28%EC%9A%A9%EC%82%B0%EB%8F%996%EA%B0%80%29
성동구	성동|성수동1가	서울 살곶이 다리	서울 성동구 성수동1가	보물	37.552606	127.047063	https://map.naver.com/p/search/%EC%84%9C%EC%9A%B8%20%EC%82%B4%EA%B3%B6%EC%9D%B4%20%EB%8B%A4%EB%A6%AC%20%EC%84%9C%EC%9A%B8%20%EC%84%B1%EB%8F%99%EA%B5%AC%20%EC%84%B1%EC%88%98%EB%8F%991%EA%B0%80
종로구	원서동	서울 관상감 관천대	서울 종로구 원서동 206번지	보물	37.578089	126.988013	https://map.naver.com/p/search/%EC%84%9C%EC%9A%B8%20%EA%B4%80%EC%83%81%EA%B0%90%20%EA%B4%80%EC%B2%9C%EB%8C%80%20%EC%84%9C%EC%9A%B8%20%EC%A2%85%EB%A1%9C%EA%B5%AC%20%EC%9B%90%EC%84%9C%EB%8F%99%20206%EB%B2%88%EC%A7%80
중랑구	묵동	법장사 석조보살좌상 및 복장유물	서울특별시 중랑구 숙선옹주로 69 (묵동) 법장사	유형문화유산	37.6148901	127.0840724	https://map.naver.com/p/search/%EB%B2%95%EC%9E%A5%EC%82%AC%20%EC%84%9D%EC%A1%B0%EB%B3%B4%EC%82%B4%EC%A2%8C%EC%83%81%20%EB%B0%8F%20%EB%B3%B5%EC%9E%A5%EC%9C%A0%EB%AC%BC%20%EC%84%9C%EC%9A%B8%ED%8A%B9%EB%B3%84%EC%8B%9C%20%EC%A4%91%EB%9E%91%EA%B5%AC%20%EC%88%99%EC%84%A0%EC%98%B9%EC%A3%BC%EB%A1%9C%2069%20%28%EB%AC%B5%EB%8F%99%29%20%EB%B2%95%EC%9E%A5%EC%82%AC
송파구	가락동	자치통감 권118~120	서울특별시 송파구 송파대로37길 77 (가락동) 송파책박물관	유형문화유산	37.4987901	127.1039743	https://map.naver.com/p/search/%EC%9E%90%EC%B9%98%ED%86%B5%EA%B0%90%20%EA%B6%8C118~120%20%EC%84%9C%EC%9A%B8%ED%8A%B9%EB%B3%84%EC%8B%9C%20%EC%86%A1%ED%8C%8C%EA%B5%AC%20%EC%86%A1%ED%8C%8C%EB%8C%80%EB%A1%9C37%EA%B8%B8%2077%20%28%EA%B0%80%EB%9D%BD%EB%8F%99%29%20%EC%86%A1%ED%8C%8C%EC%B1%85%EB%B0%95%EB%AC%BC%EA%B4%80
종로구		경복궁 사정전	서울특별시 종로구 청와대로 1(세종로)	보물	37.58627	126.9766	https://map.naver.com/p/search/%EA%B2%BD%EB%B3%B5%EA%B6%81%20%EC%82%AC%EC%A0%95%EC%A0%84%20%EC%84%9C%EC%9A%B8%ED%8A%B9%EB%B3%84%EC%8B%9C%20%EC%A2%85%EB%A1%9C%EA%B5%AC%20%EC%B2%AD%EC%99%80%EB%8C%80%EB%A1%9C%201%28%EC%84%B8%EC%A2%85%EB%A1%9C%29
종로구		경복궁 수정전	서울특별시 종로구 청와대로 1(세종로)	보물	37.58627	126.9766	https://map.naver.com/p/search/%EA%B2%BD%EB%B3%B5%EA%B6%81%20%EC%88%98%EC%A0%95%EC%A0%84%20%EC%84%9C%EC%9A%B8%ED%8A%B9%EB%B3%84%EC%8B%9C%20%EC%A2%85%EB%A1%9C%EA%B5%AC%20%EC%B2%AD%EC%99%80%EB%8C%80%EB%A1%9C%201%28%EC%84%B8%EC%A2%85%EB%A1%9C%29
종로구		경복궁 향원정	서울특별시 종로구 청와대로 1(세종로)	보물	37.58627	126.9766	https://map.naver.com/p/search/%EA%B2%BD%EB%B3%B5%EA%B6%81%20%ED%96%A5%EC%9B%90%EC%A0%95%20%EC%84%9C%EC%9A%B8%ED%8A%B9%EB%B3%84%EC%8B%9C%20%EC%A2%85%EB%A1%9C%EA%B5%AC%20%EC%B2%AD%EC%99%80%EB%8C%80%EB%A1%9C%201%28%EC%84%B8%EC%A2%85%EB%A1%9C%29
종로구	와룡동	창덕궁 금천교	서울특별시 종로구 율곡로 99(와룡동)	보물	37.582604	126.991938	https://map.naver.com/p/search/%EC%B0%BD%EB%8D%95%EA%B6%81%20%EA%B8%88%EC%B2%9C%EA%B5%90%20%EC%84%9C%EC%9A%B8%ED%8A%B9%EB%B3%84%EC%8B%9C%20%EC%A2%85%EB%A1%9C%EA%B5%AC%20%EC%9C%A8%EA%B3%A1%EB%A1%9C%2099%28%EC%99%80%EB%A3%A1%EB%8F%99%29
종로구	와룡동	창덕궁 부용정	서울특별시 종로구 율곡로 99(와룡동)	보물	37.582604	126.991938	https://map.naver.com/p/search/%EC%B0%BD%EB%8D%95%EA%B6%81%20%EB%B6%80%EC%9A%A9%EC%A0%95%20%EC%84%9C%EC%9A%B8%ED%8A%B9%EB%B3%84%EC%8B%9C%20%EC%A2%85%EB%A1%9C%EA%B5%AC%20%EC%9C%A8%EA%B3%A1%EB%A1%9C%2099%28%EC%99%80%EB%A3%A1%EB%8F%99%29
종로구	와룡동	창덕궁 낙선재	서울특별시 종로구 율곡로 99(와룡동)	보물	37.582604	126.991938	https://map.naver.com/p/search/%EC%B0%BD%EB%8D%95%EA%B6%81%20%EB%82%99%EC%84%A0%EC%9E%AC%20%EC%84%9C%EC%9A%B8%ED%8A%B9%EB%B3%84%EC%8B%9C%20%EC%A2%85%EB%A1%9C%EA%B5%AC%20%EC%9C%A8%EA%B3%A1%EB%A1%9C%2099%28%EC%99%80%EB%A3%A1%EB%8F%99%29
서초구	내곡동	서울 태종 헌릉 신도비	서울특별시 서초구 헌인릉길 34(내곡동)	보물	37.464372	127.082424	https://map.naver.com/p/search/%EC%84%9C%EC%9A%B8%20%ED%83%9C%EC%A2%85%20%ED%97%8C%EB%A6%89%20%EC%8B%A0%EB%8F%84%EB%B9%84%20%EC%84%9C%EC%9A%B8%ED%8A%B9%EB%B3%84%EC%8B%9C%20%EC%84%9C%EC%B4%88%EA%B5%AC%20%ED%97%8C%EC%9D%B8%EB%A6%89%EA%B8%B8%2034%28%EB%82%B4%EA%B3%A1%EB%8F%99%29
종로구	수송동	이색 초상	서울특별시 종로구 종로5길 76(수송동)	유형문화유산	37.573521	126.978835	https://map.naver.com/p/search/%EC%9D%B4%EC%83%89%20%EC%B4%88%EC%83%81%20%EC%84%9C%EC%9A%B8%ED%8A%B9%EB%B3%84%EC%8B%9C%20%EC%A2%85%EB%A1%9C%EA%B5%AC%20%EC%A2%85%EB%A1%9C5%EA%B8%B8%2076%28%EC%88%98%EC%86%A1%EB%8F%99%29
성동구	성동|옥수동	미타사 칠성각 아미타여래회도	서울특별시 성동구 독서당로40길 21(옥수동)	유형문화유산	37.563456	127.036821	https://map.naver.com/p/search/%EB%AF%B8%ED%83%80%EC%82%AC%20%EC%B9%A0%EC%84%B1%EA%B0%81%20%EC%95%84%EB%AF%B8%ED%83%80%EC%97%AC%EB%9E%98%ED%9A%8C%EB%8F%84%20%EC%84%9C%EC%9A%B8%ED%8A%B9%EB%B3%84%EC%8B%9C%20%EC%84%B1%EB%8F%99%EA%B5%AC%20%EB%8F%85%EC%84%9C%EB%8B%B9%EB%A1%9C40%EA%B8%B8%2021%28%EC%98%A5%EC%88%98%EB%8F%99%29
성동구	성동|옥수동	미타사 대승암 아미타여래삼존도	서울특별시 성동구 독서당로40길 21(옥수동)	유형문화유산	37.563456	127.036821	https://map.naver.com/p/search/%EB%AF%B8%ED%83%80%EC%82%AC%20%EB%8C%80%EC%8A%B9%EC%95%94%20%EC%95%84%EB%AF%B8%ED%83%80%EC%97%AC%EB%9E%98%EC%82%BC%EC%A1%B4%EB%8F%84%20%EC%84%9C%EC%9A%B8%ED%8A%B9%EB%B3%84%EC%8B%9C%20%EC%84%B1%EB%8F%99%EA%B5%AC%20%EB%8F%85%EC%84%9C%EB%8B%B9%EB%A1%9C40%EA%B8%B8%2021%28%EC%98%A5%EC%88%98%EB%8F%99%29
종로구	와룡동	창덕궁 주합루	서울특별시 종로구 율곡로 99(와룡동)	보물	37.582604	126.991938	https://map.naver.com/p/search/%EC%B0%BD%EB%8D%95%EA%B6%81%20%EC%A3%BC%ED%95%A9%EB%A3%A8%20%EC%84%9C%EC%9A%B8%ED%8A%B9%EB%B3%84%EC%8B%9C%20%EC%A2%85%EB%A1%9C%EA%B5%AC%20%EC%9C%A8%EA%B3%A1%EB%A1%9C%2099%28%EC%99%80%EB%A3%A1%EB%8F%99%29
종로구	신문로2가	자치통감강목 권12, 27, 37, 42	서울특별시 종로구 새문안로 55(신문로2가)	보물	37.570143	126.970438	https://map.naver.com/p/search/%EC%9E%90%EC%B9%98%ED%86%B5%EA%B0%90%EA%B0%95%EB%AA%A9%20%EA%B6%8C12%2C%2027%2C%2037%2C%2042%20%EC%84%9C%EC%9A%B8%ED%8A%B9%EB%B3%84%EC%8B%9C%20%EC%A2%85%EB%A1%9C%EA%B5%AC%20%EC%83%88%EB%AC%B8%EC%95%88%EB%A1%9C%2055%28%EC%8B%A0%EB%AC%B8%EB%A1%9C2%EA%B0%80%29
종로구	견지동	남양주 수종사 팔각오층석탑 출토유물 일괄	서울특별시 종로구 우정국로 55(견지동)	보물	37.573899	126.982335	https://map.naver.com/p/search/%EB%82%A8%EC%96%91%EC%A3%BC%20%EC%88%98%EC%A2%85%EC%82%AC%20%ED%8C%94%EA%B0%81%EC%98%A4%EC%B8%B5%EC%84%9D%ED%83%91%20%EC%B6%9C%ED%86%A0%EC%9C%A0%EB%AC%BC%20%EC%9D%BC%EA%B4%84%20%EC%84%9C%EC%9A%B8%ED%8A%B9%EB%B3%84%EC%8B%9C%20%EC%A2%85%EB%A1%9C%EA%B5%AC%20%EC%9A%B0%EC%A0%95%EA%B5%AD%EB%A1%9C%2055%28%EA%B2%AC%EC%A7%80%EB%8F%99%29
동대문구	청량리동	서울 세종 영릉 신도비	서울특별시 동대문구 회기로 56(청량리동)	보물	37.591001	127.042714	https://map.naver.com/p/search/%EC%84%9C%EC%9A%B8%20%EC%84%B8%EC%A2%85%20%EC%98%81%EB%A6%89%20%EC%8B%A0%EB%8F%84%EB%B9%84%20%EC%84%9C%EC%9A%B8%ED%8A%B9%EB%B3%84%EC%8B%9C%20%EB%8F%99%EB%8C%80%EB%AC%B8%EA%B5%AC%20%ED%9A%8C%EA%B8%B0%EB%A1%9C%2056%28%EC%B2%AD%EB%9F%89%EB%A6%AC%EB%8F%99%29
성북구	안암동5가	서울 보타사 금동보살좌상	서울특별시 성북구 개운사길 60-46(안암동5가)	보물	37.591104	127.031032	https://map.naver.com/p/search/%EC%84%9C%EC%9A%B8%20%EB%B3%B4%ED%83%80%EC%82%AC%20%EA%B8%88%EB%8F%99%EB%B3%B4%EC%82%B4%EC%A2%8C%EC%83%81%20%EC%84%9C%EC%9A%B8%ED%8A%B9%EB%B3%84%EC%8B%9C%20%EC%84%B1%EB%B6%81%EA%B5%AC%20%EA%B0%9C%EC%9A%B4%EC%82%AC%EA%B8%B8%2060-46%28%EC%95%88%EC%95%94%EB%8F%995%EA%B0%80%29
서대문구	홍은동	서울 옥천암 마애보살좌상	서울특별시 서대문구 홍지문길 1-38(홍은동)	보물	37.596945	126.95457	https://map.naver.com/p/search/%EC%84%9C%EC%9A%B8%20%EC%98%A5%EC%B2%9C%EC%95%94%20%EB%A7%88%EC%95%A0%EB%B3%B4%EC%82%B4%EC%A2%8C%EC%83%81%20%EC%84%9C%EC%9A%B8%ED%8A%B9%EB%B3%84%EC%8B%9C%20%EC%84%9C%EB%8C%80%EB%AC%B8%EA%B5%AC%20%ED%99%8D%EC%A7%80%EB%AC%B8%EA%B8%B8%201-38%28%ED%99%8D%EC%9D%80%EB%8F%99%29
종로구	숭인동	서울 청룡사 석조지장보살삼존상 및 시왕상 일괄	서울특별시 종로구 동망산길 65(숭인동)	보물	37.579704	127.016717	https://map.naver.com/p/search/%EC%84%9C%EC%9A%B8%20%EC%B2%AD%EB%A3%A1%EC%82%AC%20%EC%84%9D%EC%A1%B0%EC%A7%80%EC%9E%A5%EB%B3%B4%EC%82%B4%EC%82%BC%EC%A1%B4%EC%83%81%20%EB%B0%8F%20%EC%8B%9C%EC%99%95%EC%83%81%20%EC%9D%BC%EA%B4%84%20%EC%84%9C%EC%9A%B8%ED%8A%B9%EB%B3%84%EC%8B%9C%20%EC%A2%85%EB%A1%9C%EA%B5%AC%20%EB%8F%99%EB%A7%9D%EC%82%B0%EA%B8%B8%2065%28%EC%88%AD%EC%9D%B8%EB%8F%99%29
성북구	안암동5가	서울 보타사 마애보살좌상	서울특별시 성북구 개운사길 60-46(안암동5가)	보물	37.591104	127.031032	https://map.naver.com/p/search/%EC%84%9C%EC%9A%B8%20%EB%B3%B4%ED%83%80%EC%82%AC%20%EB%A7%88%EC%95%A0%EB%B3%B4%EC%82%B4%EC%A2%8C%EC%83%81%20%EC%84%9C%EC%9A%B8%ED%8A%B9%EB%B3%84%EC%8B%9C%20%EC%84%B1%EB%B6%81%EA%B5%AC%20%EA%B0%9C%EC%9A%B4%EC%82%AC%EA%B8%B8%2060-46%28%EC%95%88%EC%95%94%EB%8F%995%EA%B0%80%29
관악구	신림동	초조본 불정최승다라니경	서울특별시 관악구 남부순환로152길 53, 호림박물관 (신림동,호림박물관)	보물	37.480982	126.918218	https://map.naver.com/p/search/%EC%B4%88%EC%A1%B0%EB%B3%B8%20%EB%B6%88%EC%A0%95%EC%B5%9C%EC%8A%B9%EB%8B%A4%EB%9D%BC%EB%8B%88%EA%B2%BD%20%EC%84%9C%EC%9A%B8%ED%8A%B9%EB%B3%84%EC%8B%9C%20%EA%B4%80%EC%95%85%EA%B5%AC%20%EB%82%A8%EB%B6%80%EC%88%9C%ED%99%98%EB%A1%9C152%EA%B8%B8%2053%2C%20%ED%98%B8%EB%A6%BC%EB%B0%95%EB%AC%BC%EA%B4%80%20%28%EC%8B%A0%EB%A6%BC%EB%8F%99%2C%ED%98%B8%EB%A6%BC%EB%B0%95%EB%AC%BC%EA%B4%80%29
관악구	신림동	초조본 불설문수사리일백팔명범찬	서울 관악구 남부순환로152길 53, 호림박물관 (신림동,호림박물관)	보물	37.480982	126.918218	https://map.naver.com/p/search/%EC%B4%88%EC%A1%B0%EB%B3%B8%20%EB%B6%88%EC%84%A4%EB%AC%B8%EC%88%98%EC%82%AC%EB%A6%AC%EC%9D%BC%EB%B0%B1%ED%8C%94%EB%AA%85%EB%B2%94%EC%B0%AC%20%EC%84%9C%EC%9A%B8%20%EA%B4%80%EC%95%85%EA%B5%AC%20%EB%82%A8%EB%B6%80%EC%88%9C%ED%99%98%EB%A1%9C152%EA%B8%B8%2053%2C%20%ED%98%B8%EB%A6%BC%EB%B0%95%EB%AC%BC%EA%B4%80%20%28%EC%8B%A0%EB%A6%BC%EB%8F%99%2C%ED%98%B8%EB%A6%BC%EB%B0%95%EB%AC%BC%EA%B4%80%29
관악구	신림동	초조본 법원주림 권82	서울 관악구 남부순환로152길 53, 호림박물관 (신림동,호림박물관)	보물	37.480982	126.918218	https://map.naver.com/p/search/%EC%B4%88%EC%A1%B0%EB%B3%B8%20%EB%B2%95%EC%9B%90%EC%A3%BC%EB%A6%BC%20%EA%B6%8C82%20%EC%84%9C%EC%9A%B8%20%EA%B4%80%EC%95%85%EA%B5%AC%20%EB%82%A8%EB%B6%80%EC%88%9C%ED%99%98%EB%A1%9C152%EA%B8%B8%2053%2C%20%ED%98%B8%EB%A6%BC%EB%B0%95%EB%AC%BC%EA%B4%80%20%28%EC%8B%A0%EB%A6%BC%EB%8F%99%2C%ED%98%B8%EB%A6%BC%EB%B0%95%EB%AC%BC%EA%B4%80%29
관악구	신림동	초조본 불설일체여래금강삼업최상비밀대교왕경 권4	서울 관악구 남부순환로152길 53, 호림박물관 (신림동,호림박물관)	보물	37.480982	126.918218	https://map.naver.com/p/search/%EC%B4%88%EC%A1%B0%EB%B3%B8%20%EB%B6%88%EC%84%A4%EC%9D%BC%EC%B2%B4%EC%97%AC%EB%9E%98%EA%B8%88%EA%B0%95%EC%82%BC%EC%97%85%EC%B5%9C%EC%83%81%EB%B9%84%EB%B0%80%EB%8C%80%EA%B5%90%EC%99%95%EA%B2%BD%20%EA%B6%8C4%20%EC%84%9C%EC%9A%B8%20%EA%B4%80%EC%95%85%EA%B5%AC%20%EB%82%A8%EB%B6%80%EC%88%9C%ED%99%98%EB%A1%9C152%EA%B8%B8%2053%2C%20%ED%98%B8%EB%A6%BC%EB%B0%95%EB%AC%BC%EA%B4%80%20%28%EC%8B%A0%EB%A6%BC%EB%8F%99%2C%ED%98%B8%EB%A6%BC%EB%B0%95%EB%AC%BC%EA%B4%80%29
용산구	용산동6가	청자 상감운학문 매병	서울특별시 용산구 서빙고로 137(용산동6가)	보물	37.524087	126.980388	https://map.naver.com/p/search/%EC%B2%AD%EC%9E%90%20%EC%83%81%EA%B0%90%EC%9A%B4%ED%95%99%EB%AC%B8%20%EB%A7%A4%EB%B3%91%20%EC%84%9C%EC%9A%B8%ED%8A%B9%EB%B3%84%EC%8B%9C%20%EC%9A%A9%EC%82%B0%EA%B5%AC%20%EC%84%9C%EB%B9%99%EA%B3%A0%EB%A1%9C%20137%28%EC%9A%A9%EC%82%B0%EB%8F%996%EA%B0%80%29
용산구	용산동6가	정선 필 풍악도첩	서울특별시 용산구 서빙고로 137(용산동6가)	보물	37.524087	126.980388	https://map.naver.com/p/search/%EC%A0%95%EC%84%A0%20%ED%95%84%20%ED%92%8D%EC%95%85%EB%8F%84%EC%B2%A9%20%EC%84%9C%EC%9A%B8%ED%8A%B9%EB%B3%84%EC%8B%9C%20%EC%9A%A9%EC%82%B0%EA%B5%AC%20%EC%84%9C%EB%B9%99%EA%B3%A0%EB%A1%9C%20137%28%EC%9A%A9%EC%82%B0%EB%8F%996%EA%B0%80%29
종로구	와룡동	창덕궁 연경당	서울특별시 종로구 율곡로 99(와룡동)	보물	37.582604	126.991938	https://map.naver.com/p/search/%EC%B0%BD%EB%8D%95%EA%B6%81%20%EC%97%B0%EA%B2%BD%EB%8B%B9%20%EC%84%9C%EC%9A%B8%ED%8A%B9%EB%B3%84%EC%8B%9C%20%EC%A2%85%EB%A1%9C%EA%B5%AC%20%EC%9C%A8%EA%B3%A1%EB%A1%9C%2099%28%EC%99%80%EB%A3%A1%EB%8F%99%29
종로구	신문로2가	영가진각대사증도가	서울특별시 종로구 새문안로 55(신문로2가)	보물	37.570143	126.970438	https://map.naver.com/p/search/%EC%98%81%EA%B0%80%EC%A7%84%EA%B0%81%EB%8C%80%EC%82%AC%EC%A6%9D%EB%8F%84%EA%B0%80%20%EC%84%9C%EC%9A%B8%ED%8A%B9%EB%B3%84%EC%8B%9C%20%EC%A2%85%EB%A1%9C%EA%B5%AC%20%EC%83%88%EB%AC%B8%EC%95%88%EB%A1%9C%2055%28%EC%8B%A0%EB%AC%B8%EB%A1%9C2%EA%B0%80%29
강북구	수유동	서울 화계사 목조지장보살삼존상 및 시왕상 일괄	서울특별시 강북구 화계사길 117(수유동)	보물	37.632534	127.007109	https://map.naver.com/p/search/%EC%84%9C%EC%9A%B8%20%ED%99%94%EA%B3%84%EC%82%AC%20%EB%AA%A9%EC%A1%B0%EC%A7%80%EC%9E%A5%EB%B3%B4%EC%82%B4%EC%82%BC%EC%A1%B4%EC%83%81%20%EB%B0%8F%20%EC%8B%9C%EC%99%95%EC%83%81%20%EC%9D%BC%EA%B4%84%20%EC%84%9C%EC%9A%B8%ED%8A%B9%EB%B3%84%EC%8B%9C%20%EA%B0%95%EB%B6%81%EA%B5%AC%20%ED%99%94%EA%B3%84%EC%82%AC%EA%B8%B8%20117%28%EC%88%98%EC%9C%A0%EB%8F%99%29
중구	일산동|식사동	희경루방회도	경기도 고양시 일산동구 동국로 32 (식사동) 동국대바이오메디캠퍼스 산학협력관 수장고	보물	37.6777607	126.8069508	https://map.naver.com/p/search/%ED%9D%AC%EA%B2%BD%EB%A3%A8%EB%B0%A9%ED%9A%8C%EB%8F%84%20%EA%B2%BD%EA%B8%B0%EB%8F%84%20%EA%B3%A0%EC%96%91%EC%8B%9C%20%EC%9D%BC%EC%82%B0%EB%8F%99%EA%B5%AC%20%EB%8F%99%EA%B5%AD%EB%A1%9C%2032%20%28%EC%8B%9D%EC%82%AC%EB%8F%99%29%20%EB%8F%99%EA%B5%AD%EB%8C%80%EB%B0%94%EC%9D%B4%EC%98%A4%EB%A9%94%EB%94%94%EC%BA%A0%ED%8D%BC%EC%8A%A4%20%EC%82%B0%ED%95%99%ED%98%91%EB%A0%A5%EA%B4%80%20%EC%88%98%EC%9E%A5%EA%B3%A0
서대문구	봉원동	봉원사 의소제각 편액	서울특별시 서대문구 봉원사길 120(봉원동)	문화유산자료	37.571993	126.947803	https://map.naver.com/p/search/%EB%B4%89%EC%9B%90%EC%82%AC%20%EC%9D%98%EC%86%8C%EC%A0%9C%EA%B0%81%20%ED%8E%B8%EC%95%A1%20%EC%84%9C%EC%9A%B8%ED%8A%B9%EB%B3%84%EC%8B%9C%20%EC%84%9C%EB%8C%80%EB%AC%B8%EA%B5%AC%20%EB%B4%89%EC%9B%90%EC%82%AC%EA%B8%B8%20120%28%EB%B4%89%EC%9B%90%EB%8F%99%29
성북구	성북동	선가귀감	서울특별시 성북구 대사관로13길 44(성북동)	문화유산자료	37.601761	126.991041	https://map.naver.com/p/search/%EC%84%A0%EA%B0%80%EA%B7%80%EA%B0%90%20%EC%84%9C%EC%9A%B8%ED%8A%B9%EB%B3%84%EC%8B%9C%20%EC%84%B1%EB%B6%81%EA%B5%AC%20%EB%8C%80%EC%82%AC%EA%B4%80%EB%A1%9C13%EA%B8%B8%2044%28%EC%84%B1%EB%B6%81%EB%8F%99%29
용산구	용산동6가	고려 십육나한도(제15 아벌다존자)	서울특별시 용산구 서빙고로 137(용산동6가)	보물	37.524087	126.980388	https://map.naver.com/p/search/%EA%B3%A0%EB%A0%A4%20%EC%8B%AD%EC%9C%A1%EB%82%98%ED%95%9C%EB%8F%84%28%EC%A0%9C15%20%EC%95%84%EB%B2%8C%EB%8B%A4%EC%A1%B4%EC%9E%90%29%20%EC%84%9C%EC%9A%B8%ED%8A%B9%EB%B3%84%EC%8B%9C%20%EC%9A%A9%EC%82%B0%EA%B5%AC%20%EC%84%9C%EB%B9%99%EA%B3%A0%EB%A1%9C%20137%28%EC%9A%A9%EC%82%B0%EB%8F%996%EA%B0%80%29
용산구	용산동6가	고려 오백나한도	서울특별시 용산구 서빙고로 137(용산동6가)	보물	37.524087	126.980388	https://map.naver.com/p/search/%EA%B3%A0%EB%A0%A4%20%EC%98%A4%EB%B0%B1%EB%82%98%ED%95%9C%EB%8F%84%20%EC%84%9C%EC%9A%B8%ED%8A%B9%EB%B3%84%EC%8B%9C%20%EC%9A%A9%EC%82%B0%EA%B5%AC%20%EC%84%9C%EB%B9%99%EA%B3%A0%EB%A1%9C%20137%28%EC%9A%A9%EC%82%B0%EB%8F%996%EA%B0%80%29
용산구	용산동6가	노영 필 아미타여래구존도 및 고려 태조 담무갈보살 예배도	서울특별시 용산구 서빙고로 137(용산동6가)	보물	37.524087	126.980388	https://map.naver.com/p/search/%EB%85%B8%EC%98%81%20%ED%95%84%20%EC%95%84%EB%AF%B8%ED%83%80%EC%97%AC%EB%9E%98%EA%B5%AC%EC%A1%B4%EB%8F%84%20%EB%B0%8F%20%EA%B3%A0%EB%A0%A4%20%ED%83%9C%EC%A1%B0%20%EB%8B%B4%EB%AC%B4%EA%B0%88%EB%B3%B4%EC%82%B4%20%EC%98%88%EB%B0%B0%EB%8F%84%20%EC%84%9C%EC%9A%B8%ED%8A%B9%EB%B3%84%EC%8B%9C%20%EC%9A%A9%EC%82%B0%EA%B5%AC%20%EC%84%9C%EB%B9%99%EA%B3%A0%EB%A1%9C%20137%28%EC%9A%A9%EC%82%B0%EB%8F%996%EA%B0%80%29
용산구	용산동6가	은제도금화형탁잔	서울특별시 용산구 서빙고로 137(용산동6가)	보물	37.524087	126.980388	https://map.naver.com/p/search/%EC%9D%80%EC%A0%9C%EB%8F%84%EA%B8%88%ED%99%94%ED%98%95%ED%83%81%EC%9E%94%20%EC%84%9C%EC%9A%B8%ED%8A%B9%EB%B3%84%EC%8B%9C%20%EC%9A%A9%EC%82%B0%EA%B5%AC%20%EC%84%9C%EB%B9%99%EA%B3%A0%EB%A1%9C%20137%28%EC%9A%A9%EC%82%B0%EB%8F%996%EA%B0%80%29
용산구	용산동6가	황남대총 북분 금제 허리띠	서울특별시 용산구 서빙고로 137(용산동6가)	국보	37.524087	126.980388	https://map.naver.com/p/search/%ED%99%A9%EB%82%A8%EB%8C%80%EC%B4%9D%20%EB%B6%81%EB%B6%84%20%EA%B8%88%EC%A0%9C%20%ED%97%88%EB%A6%AC%EB%9D%A0%20%EC%84%9C%EC%9A%B8%ED%8A%B9%EB%B3%84%EC%8B%9C%20%EC%9A%A9%EC%82%B0%EA%B5%AC%20%EC%84%9C%EB%B9%99%EA%B3%A0%EB%A1%9C%20137%28%EC%9A%A9%EC%82%B0%EB%8F%996%EA%B0%80%29
중구	태평로1가	대방광불화엄경 주본 권6	서울특별시 중구 세종대로 136(태평로1가) 신한은행 파이낸스 센터	국보	37.568443	126.977744	https://map.naver.com/p/search/%EB%8C%80%EB%B0%A9%EA%B4%91%EB%B6%88%ED%99%94%EC%97%84%EA%B2%BD%20%EC%A3%BC%EB%B3%B8%20%EA%B6%8C6%20%EC%84%9C%EC%9A%B8%ED%8A%B9%EB%B3%84%EC%8B%9C%20%EC%A4%91%EA%B5%AC%20%EC%84%B8%EC%A2%85%EB%8C%80%EB%A1%9C%20136%28%ED%83%9C%ED%8F%89%EB%A1%9C1%EA%B0%80%29%20%EC%8B%A0%ED%95%9C%EC%9D%80%ED%96%89%20%ED%8C%8C%EC%9D%B4%EB%82%B8%EC%8A%A4%20%EC%84%BC%ED%84%B0
용산구	원효로4가	서울 원효로 예수성심성당	서울특별시 용산구 원효로19길 49(원효로4가)	사적	37.534367	126.953728	https://map.naver.com/p/search/%EC%84%9C%EC%9A%B8%20%EC%9B%90%ED%9A%A8%EB%A1%9C%20%EC%98%88%EC%88%98%EC%84%B1%EC%8B%AC%EC%84%B1%EB%8B%B9%20%EC%84%9C%EC%9A%B8%ED%8A%B9%EB%B3%84%EC%8B%9C%20%EC%9A%A9%EC%82%B0%EA%B5%AC%20%EC%9B%90%ED%9A%A8%EB%A1%9C19%EA%B8%B8%2049%28%EC%9B%90%ED%9A%A8%EB%A1%9C4%EA%B0%80%29
관악구	신림동	조선왕조의궤	서울특별시 관악구 관악로 1(신림동)	보물	37.464007	126.952239	https://map.naver.com/p/search/%EC%A1%B0%EC%84%A0%EC%99%95%EC%A1%B0%EC%9D%98%EA%B6%A4%20%EC%84%9C%EC%9A%B8%ED%8A%B9%EB%B3%84%EC%8B%9C%20%EA%B4%80%EC%95%85%EA%B5%AC%20%EA%B4%80%EC%95%85%EB%A1%9C%201%28%EC%8B%A0%EB%A6%BC%EB%8F%99%29
종로구		조선왕조의궤	서울특별시 종로구 효자로 12(세종로)	보물	37.576668	126.974922	https://map.naver.com/p/search/%EC%A1%B0%EC%84%A0%EC%99%95%EC%A1%B0%EC%9D%98%EA%B6%A4%20%EC%84%9C%EC%9A%B8%ED%8A%B9%EB%B3%84%EC%8B%9C%20%EC%A2%85%EB%A1%9C%EA%B5%AC%20%ED%9A%A8%EC%9E%90%EB%A1%9C%2012%28%EC%84%B8%EC%A2%85%EB%A1%9C%29
서초구	반포동	조선왕조의궤	서울특별시 서초구 반포대로 201(반포동)	보물	37.49743	127.003102	https://map.naver.com/p/search/%EC%A1%B0%EC%84%A0%EC%99%95%EC%A1%B0%EC%9D%98%EA%B6%A4%20%EC%84%9C%EC%9A%B8%ED%8A%B9%EB%B3%84%EC%8B%9C%20%EC%84%9C%EC%B4%88%EA%B5%AC%20%EB%B0%98%ED%8F%AC%EB%8C%80%EB%A1%9C%20201%28%EB%B0%98%ED%8F%AC%EB%8F%99%29
용산구	용산동6가	조선왕조의궤	서울특별시 용산구 서빙고로 137(용산동6가)	보물	37.524087	126.980388	https://map.naver.com/p/search/%EC%A1%B0%EC%84%A0%EC%99%95%EC%A1%B0%EC%9D%98%EA%B6%A4%20%EC%84%9C%EC%9A%B8%ED%8A%B9%EB%B3%84%EC%8B%9C%20%EC%9A%A9%EC%82%B0%EA%B5%AC%20%EC%84%9C%EB%B9%99%EA%B3%A0%EB%A1%9C%20137%28%EC%9A%A9%EC%82%B0%EB%8F%996%EA%B0%80%29
관악구	신림동	고려 수월관음보살도	서울 관악구 남부순환로152길 53, 호림박물관 (신림동,호림박물관)	보물	37.480982	126.918218	https://map.naver.com/p/search/%EA%B3%A0%EB%A0%A4%20%EC%88%98%EC%9B%94%EA%B4%80%EC%9D%8C%EB%B3%B4%EC%82%B4%EB%8F%84%20%EC%84%9C%EC%9A%B8%20%EA%B4%80%EC%95%85%EA%B5%AC%20%EB%82%A8%EB%B6%80%EC%88%9C%ED%99%98%EB%A1%9C152%EA%B8%B8%2053%2C%20%ED%98%B8%EB%A6%BC%EB%B0%95%EB%AC%BC%EA%B4%80%20%28%EC%8B%A0%EB%A6%BC%EB%8F%99%2C%ED%98%B8%EB%A6%BC%EB%B0%95%EB%AC%BC%EA%B4%80%29
종로구	신문로2가	서울 청진동 출토 백자항아리	서울특별시 종로구 새문안로 55(신문로2가)	보물	37.570143	126.970438	https://map.naver.com/p/search/%EC%84%9C%EC%9A%B8%20%EC%B2%AD%EC%A7%84%EB%8F%99%20%EC%B6%9C%ED%86%A0%20%EB%B0%B1%EC%9E%90%ED%95%AD%EC%95%84%EB%A6%AC%20%EC%84%9C%EC%9A%B8%ED%8A%B9%EB%B3%84%EC%8B%9C%20%EC%A2%85%EB%A1%9C%EA%B5%AC%20%EC%83%88%EB%AC%B8%EC%95%88%EB%A1%9C%2055%28%EC%8B%A0%EB%AC%B8%EB%A1%9C2%EA%B0%80%29
용산구	용산동6가	함통6년명 청동북	서울특별시 용산구 서빙고로 137(용산동6가)	보물	37.524087	126.980388	https://map.naver.com/p/search/%ED%95%A8%ED%86%B56%EB%85%84%EB%AA%85%20%EC%B2%AD%EB%8F%99%EB%B6%81%20%EC%84%9C%EC%9A%B8%ED%8A%B9%EB%B3%84%EC%8B%9C%20%EC%9A%A9%EC%82%B0%EA%B5%AC%20%EC%84%9C%EB%B9%99%EA%B3%A0%EB%A1%9C%20137%28%EC%9A%A9%EC%82%B0%EB%8F%996%EA%B0%80%29
용산구	용산동6가	정조 어찰첩	서울특별시 용산구 서빙고로 137(용산동6가)	보물	37.524087	126.980388	https://map.naver.com/p/search/%EC%A0%95%EC%A1%B0%20%EC%96%B4%EC%B0%B0%EC%B2%A9%20%EC%84%9C%EC%9A%B8%ED%8A%B9%EB%B3%84%EC%8B%9C%20%EC%9A%A9%EC%82%B0%EA%B5%AC%20%EC%84%9C%EB%B9%99%EA%B3%A0%EB%A1%9C%20137%28%EC%9A%A9%EC%82%B0%EB%8F%996%EA%B0%80%29
용산구	용산동6가	금강산 출토 이성계 발원 사리장엄구 일괄	서울특별시 용산구 서빙고로 137(용산동6가)	보물	37.524087	126.980388	https://map.naver.com/p/search/%EA%B8%88%EA%B0%95%EC%82%B0%20%EC%B6%9C%ED%86%A0%20%EC%9D%B4%EC%84%B1%EA%B3%84%20%EB%B0%9C%EC%9B%90%20%EC%82%AC%EB%A6%AC%EC%9E%A5%EC%97%84%EA%B5%AC%20%EC%9D%BC%EA%B4%84%20%EC%84%9C%EC%9A%B8%ED%8A%B9%EB%B3%84%EC%8B%9C%20%EC%9A%A9%EC%82%B0%EA%B5%AC%20%EC%84%9C%EB%B9%99%EA%B3%A0%EB%A1%9C%20137%28%EC%9A%A9%EC%82%B0%EB%8F%996%EA%B0%80%29
용산구	용산동6가	청자 퇴화초화문 표주박모양 주전자 및 승반	서울특별시 용산구 서빙고로 137(용산동6가)	보물	37.524087	126.980388	https://map.naver.com/p/search/%EC%B2%AD%EC%9E%90%20%ED%87%B4%ED%99%94%EC%B4%88%ED%99%94%EB%AC%B8%20%ED%91%9C%EC%A3%BC%EB%B0%95%EB%AA%A8%EC%96%91%20%EC%A3%BC%EC%A0%84%EC%9E%90%20%EB%B0%8F%20%EC%8A%B9%EB%B0%98%20%EC%84%9C%EC%9A%B8%ED%8A%B9%EB%B3%84%EC%8B%9C%20%EC%9A%A9%EC%82%B0%EA%B5%AC%20%EC%84%9C%EB%B9%99%EA%B3%A0%EB%A1%9C%20137%28%EC%9A%A9%EC%82%B0%EB%8F%996%EA%B0%80%29
용산구	용산동6가	청자 죽순모양 주전자	서울특별시 용산구 서빙고로 137(용산동6가)	보물	37.524087	126.980388	https://map.naver.com/p/search/%EC%B2%AD%EC%9E%90%20%EC%A3%BD%EC%88%9C%EB%AA%A8%EC%96%91%20%EC%A3%BC%EC%A0%84%EC%9E%90%20%EC%84%9C%EC%9A%B8%ED%8A%B9%EB%B3%84%EC%8B%9C%20%EC%9A%A9%EC%82%B0%EA%B5%AC%20%EC%84%9C%EB%B9%99%EA%B3%A0%EB%A1%9C%20137%28%EC%9A%A9%EC%82%B0%EB%8F%996%EA%B0%80%29
용산구	용산동6가	청자 투각연당초문 붓꽂이	서울특별시 용산구 서빙고로 137(용산동6가)	보물	37.524087	126.980388	https://map.naver.com/p/search/%EC%B2%AD%EC%9E%90%20%ED%88%AC%EA%B0%81%EC%97%B0%EB%8B%B9%EC%B4%88%EB%AC%B8%20%EB%B6%93%EA%BD%82%EC%9D%B4%20%EC%84%9C%EC%9A%B8%ED%8A%B9%EB%B3%84%EC%8B%9C%20%EC%9A%A9%EC%82%B0%EA%B5%AC%20%EC%84%9C%EB%B9%99%EA%B3%A0%EB%A1%9C%20137%28%EC%9A%A9%EC%82%B0%EB%8F%996%EA%B0%80%29
성북구	성북동	정선 필 해악전신첩	서울특별시 성북구 성북로 102-11(성북동)	보물	37.594466	126.99622	https://map.naver.com/p/search/%EC%A0%95%EC%84%A0%20%ED%95%84%20%ED%95%B4%EC%95%85%EC%A0%84%EC%8B%A0%EC%B2%A9%20%EC%84%9C%EC%9A%B8%ED%8A%B9%EB%B3%84%EC%8B%9C%20%EC%84%B1%EB%B6%81%EA%B5%AC%20%EC%84%B1%EB%B6%81%EB%A1%9C%20102-11%28%EC%84%B1%EB%B6%81%EB%8F%99%29
성북구	성북동	정선 필 경교명승첩	서울특별시 성북구 성북로 102-11(성북동)	보물	37.594466	126.99622	https://map.naver.com/p/search/%EC%A0%95%EC%84%A0%20%ED%95%84%20%EA%B2%BD%EA%B5%90%EB%AA%85%EC%8A%B9%EC%B2%A9%20%EC%84%9C%EC%9A%B8%ED%8A%B9%EB%B3%84%EC%8B%9C%20%EC%84%B1%EB%B6%81%EA%B5%AC%20%EC%84%B1%EB%B6%81%EB%A1%9C%20102-11%28%EC%84%B1%EB%B6%81%EB%8F%99%29
성북구	성북동	정선 필 풍악내산총람도	서울특별시 성북구 성북로 102-11(성북동)	보물	37.594466	126.99622	https://map.naver.com/p/search/%EC%A0%95%EC%84%A0%20%ED%95%84%20%ED%92%8D%EC%95%85%EB%82%B4%EC%82%B0%EC%B4%9D%EB%9E%8C%EB%8F%84%20%EC%84%9C%EC%9A%B8%ED%8A%B9%EB%B3%84%EC%8B%9C%20%EC%84%B1%EB%B6%81%EA%B5%AC%20%EC%84%B1%EB%B6%81%EB%A1%9C%20102-11%28%EC%84%B1%EB%B6%81%EB%8F%99%29
성북구	성북동	김홍도 필 고사인물도	서울특별시 성북구 성북로 102-11(성북동)	보물	37.594466	126.99622	https://map.naver.com/p/search/%EA%B9%80%ED%99%8D%EB%8F%84%20%ED%95%84%20%EA%B3%A0%EC%82%AC%EC%9D%B8%EB%AC%BC%EB%8F%84%20%EC%84%9C%EC%9A%B8%ED%8A%B9%EB%B3%84%EC%8B%9C%20%EC%84%B1%EB%B6%81%EA%B5%AC%20%EC%84%B1%EB%B6%81%EB%A1%9C%20102-11%28%EC%84%B1%EB%B6%81%EB%8F%99%29
성북구	성북동	청자 음각환문 병	서울특별시 성북구 성북로 102-11(성북동)	보물	37.594466	126.99622	https://map.naver.com/p/search/%EC%B2%AD%EC%9E%90%20%EC%9D%8C%EA%B0%81%ED%99%98%EB%AC%B8%20%EB%B3%91%20%EC%84%9C%EC%9A%B8%ED%8A%B9%EB%B3%84%EC%8B%9C%20%EC%84%B1%EB%B6%81%EA%B5%AC%20%EC%84%B1%EB%B6%81%EB%A1%9C%20102-11%28%EC%84%B1%EB%B6%81%EB%8F%99%29
성북구	성북동	청자 양각도철문 정형 향로	서울특별시 성북구 성북로 102-11(성북동)	보물	37.594466	126.99622	https://map.naver.com/p/search/%EC%B2%AD%EC%9E%90%20%EC%96%91%EA%B0%81%EB%8F%84%EC%B2%A0%EB%AC%B8%20%EC%A0%95%ED%98%95%20%ED%96%A5%EB%A1%9C%20%EC%84%9C%EC%9A%B8%ED%8A%B9%EB%B3%84%EC%8B%9C%20%EC%84%B1%EB%B6%81%EA%B5%AC%20%EC%84%B1%EB%B6%81%EB%A1%9C%20102-11%28%EC%84%B1%EB%B6%81%EB%8F%99%29
성북구	성북동	이광사 필 서결	서울특별시 성북구 성북로 102-11(성북동)	보물	37.594466	126.99622	https://map.naver.com/p/search/%EC%9D%B4%EA%B4%91%EC%82%AC%20%ED%95%84%20%EC%84%9C%EA%B2%B0%20%EC%84%9C%EC%9A%B8%ED%8A%B9%EB%B3%84%EC%8B%9C%20%EC%84%B1%EB%B6%81%EA%B5%AC%20%EC%84%B1%EB%B6%81%EB%A1%9C%20102-11%28%EC%84%B1%EB%B6%81%EB%8F%99%29
성북구	성북동	김홍도 필 과로도기도	서울특별시 성북구 성북로 102-11(성북동)	보물	37.594466	126.99622	https://map.naver.com/p/search/%EA%B9%80%ED%99%8D%EB%8F%84%20%ED%95%84%20%EA%B3%BC%EB%A1%9C%EB%8F%84%EA%B8%B0%EB%8F%84%20%EC%84%9C%EC%9A%B8%ED%8A%B9%EB%B3%84%EC%8B%9C%20%EC%84%B1%EB%B6%81%EA%B5%AC%20%EC%84%B1%EB%B6%81%EB%A1%9C%20102-11%28%EC%84%B1%EB%B6%81%EB%8F%99%29
성북구	성북동	신윤복 필 미인도	서울특별시 성북구 성북로 102-11(성북동)	보물	37.594466	126.99622	https://map.naver.com/p/search/%EC%8B%A0%EC%9C%A4%EB%B3%B5%20%ED%95%84%20%EB%AF%B8%EC%9D%B8%EB%8F%84%20%EC%84%9C%EC%9A%B8%ED%8A%B9%EB%B3%84%EC%8B%9C%20%EC%84%B1%EB%B6%81%EA%B5%AC%20%EC%84%B1%EB%B6%81%EB%A1%9C%20102-11%28%EC%84%B1%EB%B6%81%EB%8F%99%29
용산구	용산동6가	나전경함	서울특별시 용산구 서빙고로 137(용산동6가)	보물	37.524087	126.980388	https://map.naver.com/p/search/%EB%82%98%EC%A0%84%EA%B2%BD%ED%95%A8%20%EC%84%9C%EC%9A%B8%ED%8A%B9%EB%B3%84%EC%8B%9C%20%EC%9A%A9%EC%82%B0%EA%B5%AC%20%EC%84%9C%EB%B9%99%EA%B3%A0%EB%A1%9C%20137%28%EC%9A%A9%EC%82%B0%EB%8F%996%EA%B0%80%29
성북구	성북동	김정희 필 대팽고회	서울특별시 성북구 성북로 102-11(성북동)	보물	37.594466	126.99622	https://map.naver.com/p/search/%EA%B9%80%EC%A0%95%ED%9D%AC%20%ED%95%84%20%EB%8C%80%ED%8C%BD%EA%B3%A0%ED%9A%8C%20%EC%84%9C%EC%9A%B8%ED%8A%B9%EB%B3%84%EC%8B%9C%20%EC%84%B1%EB%B6%81%EA%B5%AC%20%EC%84%B1%EB%B6%81%EB%A1%9C%20102-11%28%EC%84%B1%EB%B6%81%EB%8F%99%29
성북구	성북동	김정희 필 차호호공	서울특별시 성북구 성북로 102-11(성북동)	보물	37.594466	126.99622	https://map.naver.com/p/search/%EA%B9%80%EC%A0%95%ED%9D%AC%20%ED%95%84%20%EC%B0%A8%ED%98%B8%ED%98%B8%EA%B3%B5%20%EC%84%9C%EC%9A%B8%ED%8A%B9%EB%B3%84%EC%8B%9C%20%EC%84%B1%EB%B6%81%EA%B5%AC%20%EC%84%B1%EB%B6%81%EB%A1%9C%20102-11%28%EC%84%B1%EB%B6%81%EB%8F%99%29
성북구	성북동	김정희 필 서원교필결후	서울특별시 성북구 성북로 102-11(성북동)	보물	37.594466	126.99622	https://map.naver.com/p/search/%EA%B9%80%EC%A0%95%ED%9D%AC%20%ED%95%84%20%EC%84%9C%EC%9B%90%EA%B5%90%ED%95%84%EA%B2%B0%ED%9B%84%20%EC%84%9C%EC%9A%B8%ED%8A%B9%EB%B3%84%EC%8B%9C%20%EC%84%B1%EB%B6%81%EA%B5%AC%20%EC%84%B1%EB%B6%81%EB%A1%9C%20102-11%28%EC%84%B1%EB%B6%81%EB%8F%99%29
성북구	성북동	김정희 필 난맹첩	서울특별시 성북구 성북로 102-11(성북동)	보물	37.594466	126.99622	https://map.naver.com/p/search/%EA%B9%80%EC%A0%95%ED%9D%AC%20%ED%95%84%20%EB%82%9C%EB%A7%B9%EC%B2%A9%20%EC%84%9C%EC%9A%B8%ED%8A%B9%EB%B3%84%EC%8B%9C%20%EC%84%B1%EB%B6%81%EA%B5%AC%20%EC%84%B1%EB%B6%81%EB%A1%9C%20102-11%28%EC%84%B1%EB%B6%81%EB%8F%99%29
성북구	성북동	이정 필 삼청첩	서울특별시 성북구 성북로 102-11(성북동)	보물	37.594466	126.99622	https://map.naver.com/p/search/%EC%9D%B4%EC%A0%95%20%ED%95%84%20%EC%82%BC%EC%B2%AD%EC%B2%A9%20%EC%84%9C%EC%9A%B8%ED%8A%B9%EB%B3%84%EC%8B%9C%20%EC%84%B1%EB%B6%81%EA%B5%AC%20%EC%84%B1%EB%B6%81%EB%A1%9C%20102-11%28%EC%84%B1%EB%B6%81%EB%8F%99%29
성북구	성북동	이징 필 산수화조도첩	서울특별시 성북구 성북로 102-11(성북동)	보물	37.594466	126.99622	https://map.naver.com/p/search/%EC%9D%B4%EC%A7%95%20%ED%95%84%20%EC%82%B0%EC%88%98%ED%99%94%EC%A1%B0%EB%8F%84%EC%B2%A9%20%EC%84%9C%EC%9A%B8%ED%8A%B9%EB%B3%84%EC%8B%9C%20%EC%84%B1%EB%B6%81%EA%B5%AC%20%EC%84%B1%EB%B6%81%EB%A1%9C%20102-11%28%EC%84%B1%EB%B6%81%EB%8F%99%29
성북구	성북동	심사정 필 촉잔도권	서울특별시 성북구 성북동 81-2 간송미술관	보물	37.594466	126.99622	https://map.naver.com/p/search/%EC%8B%AC%EC%82%AC%EC%A0%95%20%ED%95%84%20%EC%B4%89%EC%9E%94%EB%8F%84%EA%B6%8C%20%EC%84%9C%EC%9A%B8%ED%8A%B9%EB%B3%84%EC%8B%9C%20%EC%84%B1%EB%B6%81%EA%B5%AC%20%EC%84%B1%EB%B6%81%EB%8F%99%2081-2%20%EA%B0%84%EC%86%A1%EB%AF%B8%EC%88%A0%EA%B4%80
성북구	성북동	김득신 필 풍속도 화첩	서울특별시 성북구 성북로 102-11(성북동)	보물	37.594466	126.99622	https://map.naver.com/p/search/%EA%B9%80%EB%93%9D%EC%8B%A0%20%ED%95%84%20%ED%92%8D%EC%86%8D%EB%8F%84%20%ED%99%94%EC%B2%A9%20%EC%84%9C%EC%9A%B8%ED%8A%B9%EB%B3%84%EC%8B%9C%20%EC%84%B1%EB%B6%81%EA%B5%AC%20%EC%84%B1%EB%B6%81%EB%A1%9C%20102-11%28%EC%84%B1%EB%B6%81%EB%8F%99%29
용산구	용산동6가	송조표전총류 권6?11	서울특별시 용산구 서빙고로 137(용산동6가)	보물	37.524087	126.980388	https://map.naver.com/p/search/%EC%86%A1%EC%A1%B0%ED%91%9C%EC%A0%84%EC%B4%9D%EB%A5%98%20%EA%B6%8C6%3F11%20%EC%84%9C%EC%9A%B8%ED%8A%B9%EB%B3%84%EC%8B%9C%20%EC%9A%A9%EC%82%B0%EA%B5%AC%20%EC%84%9C%EB%B9%99%EA%B3%A0%EB%A1%9C%20137%28%EC%9A%A9%EC%82%B0%EB%8F%996%EA%B0%80%29
관악구	신림동	지장시왕도	서울 관악구 남부순환로152길 53, 호림박물관 (신림동,호림박물관)	보물	37.480982	126.918218	https://map.naver.com/p/search/%EC%A7%80%EC%9E%A5%EC%8B%9C%EC%99%95%EB%8F%84%20%EC%84%9C%EC%9A%B8%20%EA%B4%80%EC%95%85%EA%B5%AC%20%EB%82%A8%EB%B6%80%EC%88%9C%ED%99%98%EB%A1%9C152%EA%B8%B8%2053%2C%20%ED%98%B8%EB%A6%BC%EB%B0%95%EB%AC%BC%EA%B4%80%20%28%EC%8B%A0%EB%A6%BC%EB%8F%99%2C%ED%98%B8%EB%A6%BC%EB%B0%95%EB%AC%BC%EA%B4%80%29
용산구	한남동	김홍도 필 삼공불환도	서울특별시 용산구 이태원로55길 60-16(한남동)	보물	37.538546	126.99881	https://map.naver.com/p/search/%EA%B9%80%ED%99%8D%EB%8F%84%20%ED%95%84%20%EC%82%BC%EA%B3%B5%EB%B6%88%ED%99%98%EB%8F%84%20%EC%84%9C%EC%9A%B8%ED%8A%B9%EB%B3%84%EC%8B%9C%20%EC%9A%A9%EC%82%B0%EA%B5%AC%20%EC%9D%B4%ED%83%9C%EC%9B%90%EB%A1%9C55%EA%B8%B8%2060-16%28%ED%95%9C%EB%82%A8%EB%8F%99%29
종로구	삼청동	서울 칠보사 목조석가여래좌상	서울특별시 종로구 삼청로9길 51(삼청동)	보물	37.588402	126.98056	https://map.naver.com/p/search/%EC%84%9C%EC%9A%B8%20%EC%B9%A0%EB%B3%B4%EC%82%AC%20%EB%AA%A9%EC%A1%B0%EC%84%9D%EA%B0%80%EC%97%AC%EB%9E%98%EC%A2%8C%EC%83%81%20%EC%84%9C%EC%9A%B8%ED%8A%B9%EB%B3%84%EC%8B%9C%20%EC%A2%85%EB%A1%9C%EA%B5%AC%20%EC%82%BC%EC%B2%AD%EB%A1%9C9%EA%B8%B8%2051%28%EC%82%BC%EC%B2%AD%EB%8F%99%29
용산구	용산동6가	‘경선사’명 청동북	서울특별시 용산구 서빙고로 137(용산동6가)	보물	37.524087	126.980388	https://map.naver.com/p/search/%E2%80%98%EA%B2%BD%EC%84%A0%EC%82%AC%E2%80%99%EB%AA%85%20%EC%B2%AD%EB%8F%99%EB%B6%81%20%EC%84%9C%EC%9A%B8%ED%8A%B9%EB%B3%84%EC%8B%9C%20%EC%9A%A9%EC%82%B0%EA%B5%AC%20%EC%84%9C%EB%B9%99%EA%B3%A0%EB%A1%9C%20137%28%EC%9A%A9%EC%82%B0%EB%8F%996%EA%B0%80%29
용산구	용산동6가	‘회암사’명 약사여래삼존도	서울특별시 용산구 서빙고로 137(용산동6가)	보물	37.524087	126.980388	https://map.naver.com/p/search/%E2%80%98%ED%9A%8C%EC%95%94%EC%82%AC%E2%80%99%EB%AA%85%20%EC%95%BD%EC%82%AC%EC%97%AC%EB%9E%98%EC%82%BC%EC%A1%B4%EB%8F%84%20%EC%84%9C%EC%9A%B8%ED%8A%B9%EB%B3%84%EC%8B%9C%20%EC%9A%A9%EC%82%B0%EA%B5%AC%20%EC%84%9C%EB%B9%99%EA%B3%A0%EB%A1%9C%20137%28%EC%9A%A9%EC%82%B0%EB%8F%996%EA%B0%80%29
서초구	방배동	도은선생시집 권1~2	서울특별시 서초구 동광로 89-5(방배동, 방배3차이편한세상) 105동 104호	보물	37.494328	126.991752	https://map.naver.com/p/search/%EB%8F%84%EC%9D%80%EC%84%A0%EC%83%9D%EC%8B%9C%EC%A7%91%20%EA%B6%8C1~2%20%EC%84%9C%EC%9A%B8%ED%8A%B9%EB%B3%84%EC%8B%9C%20%EC%84%9C%EC%B4%88%EA%B5%AC%20%EB%8F%99%EA%B4%91%EB%A1%9C%2089-5%28%EB%B0%A9%EB%B0%B0%EB%8F%99%2C%20%EB%B0%A9%EB%B0%B03%EC%B0%A8%EC%9D%B4%ED%8E%B8%ED%95%9C%EC%84%B8%EC%83%81%29%20105%EB%8F%99%20104%ED%98%B8
중구	정동	서울 구 러시아공사관	서울특별시 중구 정동길 21-18(정동)	사적	37.567738	126.97138	https://map.naver.com/p/search/%EC%84%9C%EC%9A%B8%20%EA%B5%AC%20%EB%9F%AC%EC%8B%9C%EC%95%84%EA%B3%B5%EC%82%AC%EA%B4%80%20%EC%84%9C%EC%9A%B8%ED%8A%B9%EB%B3%84%EC%8B%9C%20%EC%A4%91%EA%B5%AC%20%EC%A0%95%EB%8F%99%EA%B8%B8%2021-18%28%EC%A0%95%EB%8F%99%29
용산구	용산동6가	이인문 필 강산무진도	서울특별시 용산구 서빙고로 137(용산동6가)	보물	37.524087	126.980388	https://map.naver.com/p/search/%EC%9D%B4%EC%9D%B8%EB%AC%B8%20%ED%95%84%20%EA%B0%95%EC%82%B0%EB%AC%B4%EC%A7%84%EB%8F%84%20%EC%84%9C%EC%9A%B8%ED%8A%B9%EB%B3%84%EC%8B%9C%20%EC%9A%A9%EC%82%B0%EA%B5%AC%20%EC%84%9C%EB%B9%99%EA%B3%A0%EB%A1%9C%20137%28%EC%9A%A9%EC%82%B0%EB%8F%996%EA%B0%80%29
관악구	신림동	분청사기 박지연화어문 편병	서울특별시 관악구 남부순환로152길 53(신림동)	국보	37.480982	126.918218	https://map.naver.com/p/search/%EB%B6%84%EC%B2%AD%EC%82%AC%EA%B8%B0%20%EB%B0%95%EC%A7%80%EC%97%B0%ED%99%94%EC%96%B4%EB%AC%B8%20%ED%8E%B8%EB%B3%91%20%EC%84%9C%EC%9A%B8%ED%8A%B9%EB%B3%84%EC%8B%9C%20%EA%B4%80%EC%95%85%EA%B5%AC%20%EB%82%A8%EB%B6%80%EC%88%9C%ED%99%98%EB%A1%9C152%EA%B8%B8%2053%28%EC%8B%A0%EB%A6%BC%EB%8F%99%29
용산구	용산동6가	상지은니 묘법연화경	서울특별시 용산구 서빙고로 137(용산동6가)	국보	37.524087	126.980388	https://map.naver.com/p/search/%EC%83%81%EC%A7%80%EC%9D%80%EB%8B%88%20%EB%AC%98%EB%B2%95%EC%97%B0%ED%99%94%EA%B2%BD%20%EC%84%9C%EC%9A%B8%ED%8A%B9%EB%B3%84%EC%8B%9C%20%EC%9A%A9%EC%82%B0%EA%B5%AC%20%EC%84%9C%EB%B9%99%EA%B3%A0%EB%A1%9C%20137%28%EC%9A%A9%EC%82%B0%EB%8F%996%EA%B0%80%29
용산구	용산동6가	양평 신화리 금동여래입상	서울특별시 용산구 서빙고로 137(용산동6가)	국보	37.524087	126.980388	https://map.naver.com/p/search/%EC%96%91%ED%8F%89%20%EC%8B%A0%ED%99%94%EB%A6%AC%20%EA%B8%88%EB%8F%99%EC%97%AC%EB%9E%98%EC%9E%85%EC%83%81%20%EC%84%9C%EC%9A%B8%ED%8A%B9%EB%B3%84%EC%8B%9C%20%EC%9A%A9%EC%82%B0%EA%B5%AC%20%EC%84%9C%EB%B9%99%EA%B3%A0%EB%A1%9C%20137%28%EC%9A%A9%EC%82%B0%EB%8F%996%EA%B0%80%29
동작구	상도동	전 영암 거푸집 일괄	서울특별시 동작구 상도로 369(상도동)	국보	37.49669	126.957504	https://map.naver.com/p/search/%EC%A0%84%20%EC%98%81%EC%95%94%20%EA%B1%B0%ED%91%B8%EC%A7%91%20%EC%9D%BC%EA%B4%84%20%EC%84%9C%EC%9A%B8%ED%8A%B9%EB%B3%84%EC%8B%9C%20%EB%8F%99%EC%9E%91%EA%B5%AC%20%EC%83%81%EB%8F%84%EB%A1%9C%20369%28%EC%83%81%EB%8F%84%EB%8F%99%29
용산구	용산동6가	송시열 초상	서울특별시 용산구 서빙고로 137(용산동6가)	국보	37.524087	126.980388	https://map.naver.com/p/search/%EC%86%A1%EC%8B%9C%EC%97%B4%20%EC%B4%88%EC%83%81%20%EC%84%9C%EC%9A%B8%ED%8A%B9%EB%B3%84%EC%8B%9C%20%EC%9A%A9%EC%82%B0%EA%B5%AC%20%EC%84%9C%EB%B9%99%EA%B3%A0%EB%A1%9C%20137%28%EC%9A%A9%EC%82%B0%EB%8F%996%EA%B0%80%29
용산구	용산동6가	초조본 대반야바라밀다경 권249	서울특별시 용산구 서빙고로 137(용산동6가)	국보	37.524087	126.980388	https://map.naver.com/p/search/%EC%B4%88%EC%A1%B0%EB%B3%B8%20%EB%8C%80%EB%B0%98%EC%95%BC%EB%B0%94%EB%9D%BC%EB%B0%80%EB%8B%A4%EA%B2%BD%20%EA%B6%8C249%20%EC%84%9C%EC%9A%B8%ED%8A%B9%EB%B3%84%EC%8B%9C%20%EC%9A%A9%EC%82%B0%EA%B5%AC%20%EC%84%9C%EB%B9%99%EA%B3%A0%EB%A1%9C%20137%28%EC%9A%A9%EC%82%B0%EB%8F%996%EA%B0%80%29
용산구	용산동6가	백자 청화죽문 각병	서울특별시 용산구 서빙고로 137(용산동6가)	국보	37.524087	126.980388	https://map.naver.com/p/search/%EB%B0%B1%EC%9E%90%20%EC%B2%AD%ED%99%94%EC%A3%BD%EB%AC%B8%20%EA%B0%81%EB%B3%91%20%EC%84%9C%EC%9A%B8%ED%8A%B9%EB%B3%84%EC%8B%9C%20%EC%9A%A9%EC%82%B0%EA%B5%AC%20%EC%84%9C%EB%B9%99%EA%B3%A0%EB%A1%9C%20137%28%EC%9A%A9%EC%82%B0%EB%8F%996%EA%B0%80%29
용산구	용산동6가	분청사기 상감운룡문 항아리	서울특별시 용산구 서빙고로 137(용산동6가)	국보	37.524087	126.980388	https://map.naver.com/p/search/%EB%B6%84%EC%B2%AD%EC%82%AC%EA%B8%B0%20%EC%83%81%EA%B0%90%EC%9A%B4%EB%A3%A1%EB%AC%B8%20%ED%95%AD%EC%95%84%EB%A6%AC%20%EC%84%9C%EC%9A%B8%ED%8A%B9%EB%B3%84%EC%8B%9C%20%EC%9A%A9%EC%82%B0%EA%B5%AC%20%EC%84%9C%EB%B9%99%EA%B3%A0%EB%A1%9C%20137%28%EC%9A%A9%EC%82%B0%EB%8F%996%EA%B0%80%29
종로구	평창동	초조본 대방광불화엄경 주본 권13	서울특별시 종로구 평창44길 14(평창동)	국보	37.573521	126.978835	https://map.naver.com/p/search/%EC%B4%88%EC%A1%B0%EB%B3%B8%20%EB%8C%80%EB%B0%A9%EA%B4%91%EB%B6%88%ED%99%94%EC%97%84%EA%B2%BD%20%EC%A3%BC%EB%B3%B8%20%EA%B6%8C13%20%EC%84%9C%EC%9A%B8%ED%8A%B9%EB%B3%84%EC%8B%9C%20%EC%A2%85%EB%A1%9C%EA%B5%AC%20%ED%8F%89%EC%B0%BD44%EA%B8%B8%2014%28%ED%8F%89%EC%B0%BD%EB%8F%99%29
용산구	용산동6가	초조본 유가사지론 권15	서울특별시 용산구 서빙고로 137(용산동6가)	국보	37.524087	126.980388	https://map.naver.com/p/search/%EC%B4%88%EC%A1%B0%EB%B3%B8%20%EC%9C%A0%EA%B0%80%EC%82%AC%EC%A7%80%EB%A1%A0%20%EA%B6%8C15%20%EC%84%9C%EC%9A%B8%ED%8A%B9%EB%B3%84%EC%8B%9C%20%EC%9A%A9%EC%82%B0%EA%B5%AC%20%EC%84%9C%EB%B9%99%EA%B3%A0%EB%A1%9C%20137%28%EC%9A%A9%EC%82%B0%EB%8F%996%EA%B0%80%29
용산구	용산동6가	감지은니 묘법연화경	서울특별시 용산구 서빙고로 137(용산동6가)	국보	37.524087	126.980388	https://map.naver.com/p/search/%EA%B0%90%EC%A7%80%EC%9D%80%EB%8B%88%20%EB%AC%98%EB%B2%95%EC%97%B0%ED%99%94%EA%B2%BD%20%EC%84%9C%EC%9A%B8%ED%8A%B9%EB%B3%84%EC%8B%9C%20%EC%9A%A9%EC%82%B0%EA%B5%AC%20%EC%84%9C%EB%B9%99%EA%B3%A0%EB%A1%9C%20137%28%EC%9A%A9%EC%82%B0%EB%8F%996%EA%B0%80%29
종로구	인사동|관훈동	고산구곡시화도 병풍	서울특별시 종로구 인사동10길 17(관훈동) 동방화랑	국보	37.573521	126.978835	https://map.naver.com/p/search/%EA%B3%A0%EC%82%B0%EA%B5%AC%EA%B3%A1%EC%8B%9C%ED%99%94%EB%8F%84%20%EB%B3%91%ED%92%8D%20%EC%84%9C%EC%9A%B8%ED%8A%B9%EB%B3%84%EC%8B%9C%20%EC%A2%85%EB%A1%9C%EA%B5%AC%20%EC%9D%B8%EC%82%AC%EB%8F%9910%EA%B8%B8%2017%28%EA%B4%80%ED%9B%88%EB%8F%99%29%20%EB%8F%99%EB%B0%A9%ED%99%94%EB%9E%91
종로구	인사동|관훈동	소원화개첩	서울특별시 종로구 인사동10길 17(관훈동)	국보	37.573521	126.978835	https://map.naver.com/p/search/%EC%86%8C%EC%9B%90%ED%99%94%EA%B0%9C%EC%B2%A9%20%EC%84%9C%EC%9A%B8%ED%8A%B9%EB%B3%84%EC%8B%9C%20%EC%A2%85%EB%A1%9C%EA%B5%AC%20%EC%9D%B8%EC%82%AC%EB%8F%9910%EA%B8%B8%2017%28%EA%B4%80%ED%9B%88%EB%8F%99%29
용산구	용산동6가	초조본 신찬일체경원품차록 권20	서울특별시 용산구 서빙고로 137(용산동6가)	국보	37.524087	126.980388	https://map.naver.com/p/search/%EC%B4%88%EC%A1%B0%EB%B3%B8%20%EC%8B%A0%EC%B0%AC%EC%9D%BC%EC%B2%B4%EA%B2%BD%EC%9B%90%ED%92%88%EC%B0%A8%EB%A1%9D%20%EA%B6%8C20%20%EC%84%9C%EC%9A%B8%ED%8A%B9%EB%B3%84%EC%8B%9C%20%EC%9A%A9%EC%82%B0%EA%B5%AC%20%EC%84%9C%EB%B9%99%EA%B3%A0%EB%A1%9C%20137%28%EC%9A%A9%EC%82%B0%EB%8F%996%EA%B0%80%29
성북구	안암동5가	동궐도	서울특별시 성북구 안암로 145(안암동5가)	국보	37.58991	127.031812	https://map.naver.com/p/search/%EB%8F%99%EA%B6%90%EB%8F%84%20%EC%84%9C%EC%9A%B8%ED%8A%B9%EB%B3%84%EC%8B%9C%20%EC%84%B1%EB%B6%81%EA%B5%AC%20%EC%95%88%EC%95%94%EB%A1%9C%20145%28%EC%95%88%EC%95%94%EB%8F%995%EA%B0%80%29
관악구	신림동	백자 사각발형 제기	서울특별시 관악구 남부순환로152길 53(신림동)	보물	37.480982	126.918218	https://map.naver.com/p/search/%EB%B0%B1%EC%9E%90%20%EC%82%AC%EA%B0%81%EB%B0%9C%ED%98%95%20%EC%A0%9C%EA%B8%B0%20%EC%84%9C%EC%9A%B8%ED%8A%B9%EB%B3%84%EC%8B%9C%20%EA%B4%80%EC%95%85%EA%B5%AC%20%EB%82%A8%EB%B6%80%EC%88%9C%ED%99%98%EB%A1%9C152%EA%B8%B8%2053%28%EC%8B%A0%EB%A6%BC%EB%8F%99%29
용산구	용산동6가	초조본 대보적경 권59	서울특별시 용산구 서빙고로 137(용산동6가)	국보	37.524087	126.980388	https://map.naver.com/p/search/%EC%B4%88%EC%A1%B0%EB%B3%B8%20%EB%8C%80%EB%B3%B4%EC%A0%81%EA%B2%BD%20%EA%B6%8C59%20%EC%84%9C%EC%9A%B8%ED%8A%B9%EB%B3%84%EC%8B%9C%20%EC%9A%A9%EC%82%B0%EA%B5%AC%20%EC%84%9C%EB%B9%99%EA%B3%A0%EB%A1%9C%20137%28%EC%9A%A9%EC%82%B0%EB%8F%996%EA%B0%80%29
서대문구	충정로2가	이원길 개국원종공신녹권	서울특별시 서대문구 충정로9길 10-10(충정로2가)	국보	37.565017	126.964891	https://map.naver.com/p/search/%EC%9D%B4%EC%9B%90%EA%B8%B8%20%EA%B0%9C%EA%B5%AD%EC%9B%90%EC%A2%85%EA%B3%B5%EC%8B%A0%EB%85%B9%EA%B6%8C%20%EC%84%9C%EC%9A%B8%ED%8A%B9%EB%B3%84%EC%8B%9C%20%EC%84%9C%EB%8C%80%EB%AC%B8%EA%B5%AC%20%EC%B6%A9%EC%A0%95%EB%A1%9C9%EA%B8%B8%2010-10%28%EC%B6%A9%EC%A0%95%EB%A1%9C2%EA%B0%80%29
서대문구	충정로2가	초조본 대승아비달마잡집론 권14	서울특별시 서대문구 충정로9길 10-10(충정로2가)	국보	37.565017	126.964891	https://map.naver.com/p/search/%EC%B4%88%EC%A1%B0%EB%B3%B8%20%EB%8C%80%EC%8A%B9%EC%95%84%EB%B9%84%EB%8B%AC%EB%A7%88%EC%9E%A1%EC%A7%91%EB%A1%A0%20%EA%B6%8C14%20%EC%84%9C%EC%9A%B8%ED%8A%B9%EB%B3%84%EC%8B%9C%20%EC%84%9C%EB%8C%80%EB%AC%B8%EA%B5%AC%20%EC%B6%A9%EC%A0%95%EB%A1%9C9%EA%B8%B8%2010-10%28%EC%B6%A9%EC%A0%95%EB%A1%9C2%EA%B0%80%29
용산구	한남동	청자 음각‘효문’명 연화문 매병	서울특별시 용산구 이태원로55길 60-16(한남동)	국보	37.538546	126.99881	https://map.naver.com/p/search/%EC%B2%AD%EC%9E%90%20%EC%9D%8C%EA%B0%81%E2%80%98%ED%9A%A8%EB%AC%B8%E2%80%99%EB%AA%85%20%EC%97%B0%ED%99%94%EB%AC%B8%20%EB%A7%A4%EB%B3%91%20%EC%84%9C%EC%9A%B8%ED%8A%B9%EB%B3%84%EC%8B%9C%20%EC%9A%A9%EC%82%B0%EA%B5%AC%20%EC%9D%B4%ED%83%9C%EC%9B%90%EB%A1%9C55%EA%B8%B8%2060-16%28%ED%95%9C%EB%82%A8%EB%8F%99%29
관악구	신림동	초조본 아비달마식신족론 권12	서울특별시 관악구 남부순환로152길 53(신림동)	국보	37.480982	126.918218	https://map.naver.com/p/search/%EC%B4%88%EC%A1%B0%EB%B3%B8%20%EC%95%84%EB%B9%84%EB%8B%AC%EB%A7%88%EC%8B%9D%EC%8B%A0%EC%A1%B1%EB%A1%A0%20%EA%B6%8C12%20%EC%84%9C%EC%9A%B8%ED%8A%B9%EB%B3%84%EC%8B%9C%20%EA%B4%80%EC%95%85%EA%B5%AC%20%EB%82%A8%EB%B6%80%EC%88%9C%ED%99%98%EB%A1%9C152%EA%B8%B8%2053%28%EC%8B%A0%EB%A6%BC%EB%8F%99%29
성북구	성북동	청자 모자원숭이모양 연적	서울특별시 성북구 성북로 102-11(성북동)	국보	37.594466	126.99622	https://map.naver.com/p/search/%EC%B2%AD%EC%9E%90%20%EB%AA%A8%EC%9E%90%EC%9B%90%EC%88%AD%EC%9D%B4%EB%AA%A8%EC%96%91%20%EC%97%B0%EC%A0%81%20%EC%84%9C%EC%9A%B8%ED%8A%B9%EB%B3%84%EC%8B%9C%20%EC%84%B1%EB%B6%81%EA%B5%AC%20%EC%84%B1%EB%B6%81%EB%A1%9C%20102-11%28%EC%84%B1%EB%B6%81%EB%8F%99%29
용산구	용산동6가	초조본 현양성교론 권12	서울특별시 용산구 서빙고로 137(용산동6가)	국보	37.524087	126.980388	https://map.naver.com/p/search/%EC%B4%88%EC%A1%B0%EB%B3%B8%20%ED%98%84%EC%96%91%EC%84%B1%EA%B5%90%EB%A1%A0%20%EA%B6%8C12%20%EC%84%9C%EC%9A%B8%ED%8A%B9%EB%B3%84%EC%8B%9C%20%EC%9A%A9%EC%82%B0%EA%B5%AC%20%EC%84%9C%EB%B9%99%EA%B3%A0%EB%A1%9C%20137%28%EC%9A%A9%EC%82%B0%EB%8F%996%EA%B0%80%29
관악구	신림동	백자 병형 주전자	서울특별시 관악구 남부순환로152길 53(신림동)	국보	37.480982	126.918218	https://map.naver.com/p/search/%EB%B0%B1%EC%9E%90%20%EB%B3%91%ED%98%95%20%EC%A3%BC%EC%A0%84%EC%9E%90%20%EC%84%9C%EC%9A%B8%ED%8A%B9%EB%B3%84%EC%8B%9C%20%EA%B4%80%EC%95%85%EA%B5%AC%20%EB%82%A8%EB%B6%80%EC%88%9C%ED%99%98%EB%A1%9C152%EA%B8%B8%2053%28%EC%8B%A0%EB%A6%BC%EB%8F%99%29
강남구	신사동	초조본 대반야바라밀다경 권162, 170, 463	서울특별시 강남구 언주로 827(신사동)	국보	37.524048	127.0328	https://map.naver.com/p/search/%EC%B4%88%EC%A1%B0%EB%B3%B8%20%EB%8C%80%EB%B0%98%EC%95%BC%EB%B0%94%EB%9D%BC%EB%B0%80%EB%8B%A4%EA%B2%BD%20%EA%B6%8C162%2C%20170%2C%20463%20%EC%84%9C%EC%9A%B8%ED%8A%B9%EB%B3%84%EC%8B%9C%20%EA%B0%95%EB%82%A8%EA%B5%AC%20%EC%96%B8%EC%A3%BC%EB%A1%9C%20827%28%EC%8B%A0%EC%82%AC%EB%8F%99%29
용산구	한남동	백자 달항아리	서울특별시 용산구 이태원로55길 60-16(한남동)	국보	37.538546	126.99881	https://map.naver.com/p/search/%EB%B0%B1%EC%9E%90%20%EB%8B%AC%ED%95%AD%EC%95%84%EB%A6%AC%20%EC%84%9C%EC%9A%B8%ED%8A%B9%EB%B3%84%EC%8B%9C%20%EC%9A%A9%EC%82%B0%EA%B5%AC%20%EC%9D%B4%ED%83%9C%EC%9B%90%EB%A1%9C55%EA%B8%B8%2060-16%28%ED%95%9C%EB%82%A8%EB%8F%99%29
중구	태평로1가	삼국사기	서울특별시 중구 세종대로 136(태평로1가) 신한은행 파이낸스 센터	국보	37.568443	126.977744	https://map.naver.com/p/search/%EC%82%BC%EA%B5%AD%EC%82%AC%EA%B8%B0%20%EC%84%9C%EC%9A%B8%ED%8A%B9%EB%B3%84%EC%8B%9C%20%EC%A4%91%EA%B5%AC%20%EC%84%B8%EC%A2%85%EB%8C%80%EB%A1%9C%20136%28%ED%83%9C%ED%8F%89%EB%A1%9C1%EA%B0%80%29%20%EC%8B%A0%ED%95%9C%EC%9D%80%ED%96%89%20%ED%8C%8C%EC%9D%B4%EB%82%B8%EC%8A%A4%20%EC%84%BC%ED%84%B0
서초구	반포동	동의보감	서울특별시 서초구 반포대로 201(반포동)	국보	37.497462	127.003009	https://map.naver.com/p/search/%EB%8F%99%EC%9D%98%EB%B3%B4%EA%B0%90%20%EC%84%9C%EC%9A%B8%ED%8A%B9%EB%B3%84%EC%8B%9C%20%EC%84%9C%EC%B4%88%EA%B5%AC%20%EB%B0%98%ED%8F%AC%EB%8C%80%EB%A1%9C%20201%28%EB%B0%98%ED%8F%AC%EB%8F%99%29
서대문구	대현동	청자 ‘순화4년’명 항아리	서울특별시 서대문구 이화여대길 52(대현동)	국보	37.56174	126.947245	https://map.naver.com/p/search/%EC%B2%AD%EC%9E%90%20%E2%80%98%EC%88%9C%ED%99%944%EB%85%84%E2%80%99%EB%AA%85%20%ED%95%AD%EC%95%84%EB%A6%AC%20%EC%84%9C%EC%9A%B8%ED%8A%B9%EB%B3%84%EC%8B%9C%20%EC%84%9C%EB%8C%80%EB%AC%B8%EA%B5%AC%20%EC%9D%B4%ED%99%94%EC%97%AC%EB%8C%80%EA%B8%B8%2052%28%EB%8C%80%ED%98%84%EB%8F%99%29
성북구	성북동1가	서울 선잠단지	서울특별시 성북구 성북로 17(성북동1가)	사적	37.593616	126.999444	https://map.naver.com/p/search/%EC%84%9C%EC%9A%B8%20%EC%84%A0%EC%9E%A0%EB%8B%A8%EC%A7%80%20%EC%84%9C%EC%9A%B8%ED%8A%B9%EB%B3%84%EC%8B%9C%20%EC%84%B1%EB%B6%81%EA%B5%AC%20%EC%84%B1%EB%B6%81%EB%A1%9C%2017%28%EC%84%B1%EB%B6%81%EB%8F%991%EA%B0%80%29
종로구	와룡동	창경궁	서울특별시 종로구 창경궁로 185(와룡동)	사적	37.577624	126.993842	https://map.naver.com/p/search/%EC%B0%BD%EA%B2%BD%EA%B6%81%20%EC%84%9C%EC%9A%B8%ED%8A%B9%EB%B3%84%EC%8B%9C%20%EC%A2%85%EB%A1%9C%EA%B5%AC%20%EC%B0%BD%EA%B2%BD%EA%B6%81%EB%A1%9C%20185%28%EC%99%80%EB%A3%A1%EB%8F%99%29
종로구		경복궁	서울특별시 종로구 사직로 161(세종로)	사적	37.58627	126.9766	https://map.naver.com/p/search/%EA%B2%BD%EB%B3%B5%EA%B6%81%20%EC%84%9C%EC%9A%B8%ED%8A%B9%EB%B3%84%EC%8B%9C%20%EC%A2%85%EB%A1%9C%EA%B5%AC%20%EC%82%AC%EC%A7%81%EB%A1%9C%20161%28%EC%84%B8%EC%A2%85%EB%A1%9C%29
중구	정동	덕수궁	서울특별시 중구 세종대로 99(정동)	사적	37.566095	126.974915	https://map.naver.com/p/search/%EB%8D%95%EC%88%98%EA%B6%81%20%EC%84%9C%EC%9A%B8%ED%8A%B9%EB%B3%84%EC%8B%9C%20%EC%A4%91%EA%B5%AC%20%EC%84%B8%EC%A2%85%EB%8C%80%EB%A1%9C%2099%28%EC%A0%95%EB%8F%99%29
종로구	훈정동	종묘	서울특별시 종로구 종로 157(훈정동)	사적	37.573136	126.994885	https://map.naver.com/p/search/%EC%A2%85%EB%AC%98%20%EC%84%9C%EC%9A%B8%ED%8A%B9%EB%B3%84%EC%8B%9C%20%EC%A2%85%EB%A1%9C%EA%B5%AC%20%EC%A2%85%EB%A1%9C%20157%28%ED%9B%88%EC%A0%95%EB%8F%99%29
용산구	용산동6가	청자 양각연화당초상감모란문 은테 발	서울특별시 용산구 서빙고로 137(용산동6가)	국보	37.524087	126.980388	https://map.naver.com/p/search/%EC%B2%AD%EC%9E%90%20%EC%96%91%EA%B0%81%EC%97%B0%ED%99%94%EB%8B%B9%EC%B4%88%EC%83%81%EA%B0%90%EB%AA%A8%EB%9E%80%EB%AC%B8%20%EC%9D%80%ED%85%8C%20%EB%B0%9C%20%EC%84%9C%EC%9A%B8%ED%8A%B9%EB%B3%84%EC%8B%9C%20%EC%9A%A9%EC%82%B0%EA%B5%AC%20%EC%84%9C%EB%B9%99%EA%B3%A0%EB%A1%9C%20137%28%EC%9A%A9%EC%82%B0%EB%8F%996%EA%B0%80%29
용산구	용산동6가	전 덕산 청동방울 일괄	서울특별시 용산구 서빙고로 137(용산동6가)	국보	37.524087	126.980388	https://map.naver.com/p/search/%EC%A0%84%20%EB%8D%95%EC%82%B0%20%EC%B2%AD%EB%8F%99%EB%B0%A9%EC%9A%B8%20%EC%9D%BC%EA%B4%84%20%EC%84%9C%EC%9A%B8%ED%8A%B9%EB%B3%84%EC%8B%9C%20%EC%9A%A9%EC%82%B0%EA%B5%AC%20%EC%84%9C%EB%B9%99%EA%B3%A0%EB%A1%9C%20137%28%EC%9A%A9%EC%82%B0%EB%8F%996%EA%B0%80%29
용산구	용산동6가	분청사기 박지철채모란문 자라병	서울특별시 용산구 서빙고로 137(용산동6가)	국보	37.524087	126.980388	https://map.naver.com/p/search/%EB%B6%84%EC%B2%AD%EC%82%AC%EA%B8%B0%20%EB%B0%95%EC%A7%80%EC%B2%A0%EC%B1%84%EB%AA%A8%EB%9E%80%EB%AC%B8%20%EC%9E%90%EB%9D%BC%EB%B3%91%20%EC%84%9C%EC%9A%B8%ED%8A%B9%EB%B3%84%EC%8B%9C%20%EC%9A%A9%EC%82%B0%EA%B5%AC%20%EC%84%9C%EB%B9%99%EA%B3%A0%EB%A1%9C%20137%28%EC%9A%A9%EC%82%B0%EB%8F%996%EA%B0%80%29
용산구	한남동	백자 유개항아리	서울특별시 용산구 이태원로55길 60-16(한남동)	국보	37.538546	126.99881	https://map.naver.com/p/search/%EB%B0%B1%EC%9E%90%20%EC%9C%A0%EA%B0%9C%ED%95%AD%EC%95%84%EB%A6%AC%20%EC%84%9C%EC%9A%B8%ED%8A%B9%EB%B3%84%EC%8B%9C%20%EC%9A%A9%EC%82%B0%EA%B5%AC%20%EC%9D%B4%ED%83%9C%EC%9B%90%EB%A1%9C55%EA%B8%B8%2060-16%28%ED%95%9C%EB%82%A8%EB%8F%99%29
종로구	명륜3가	서울 문묘와 성균관	서울특별시 종로구 성균관로 25-1(명륜3가)	사적	37.585811	126.995742	https://map.naver.com/p/search/%EC%84%9C%EC%9A%B8%20%EB%AC%B8%EB%AC%98%EC%99%80%20%EC%84%B1%EA%B7%A0%EA%B4%80%20%EC%84%9C%EC%9A%B8%ED%8A%B9%EB%B3%84%EC%8B%9C%20%EC%A2%85%EB%A1%9C%EA%B5%AC%20%EC%84%B1%EA%B7%A0%EA%B4%80%EB%A1%9C%2025-1%28%EB%AA%85%EB%A5%9C3%EA%B0%80%29
종로구	궁정동	서울 육상궁	서울특별시 종로구 창의문로 12(궁정동)	사적	37.584956	126.97338	https://map.naver.com/p/search/%EC%84%9C%EC%9A%B8%20%EC%9C%A1%EC%83%81%EA%B6%81%20%EC%84%9C%EC%9A%B8%ED%8A%B9%EB%B3%84%EC%8B%9C%20%EC%A2%85%EB%A1%9C%EA%B5%AC%20%EC%B0%BD%EC%9D%98%EB%AC%B8%EB%A1%9C%2012%28%EA%B6%81%EC%A0%95%EB%8F%99%29
중구	소공동	환구단	서울특별시 중구 소공로 106(소공동)	사적	37.564451	126.980097	https://map.naver.com/p/search/%ED%99%98%EA%B5%AC%EB%8B%A8%20%EC%84%9C%EC%9A%B8%ED%8A%B9%EB%B3%84%EC%8B%9C%20%EC%A4%91%EA%B5%AC%20%EC%86%8C%EA%B3%B5%EB%A1%9C%20106%28%EC%86%8C%EA%B3%B5%EB%8F%99%29
종로구		서울 고종 어극 40년 칭경기념비	서울특별시 종로구 세종대로 지하172(세종로)	사적	37.570521	126.977594	https://map.naver.com/p/search/%EC%84%9C%EC%9A%B8%20%EA%B3%A0%EC%A2%85%20%EC%96%B4%EA%B7%B9%2040%EB%85%84%20%EC%B9%AD%EA%B2%BD%EA%B8%B0%EB%85%90%EB%B9%84%20%EC%84%9C%EC%9A%B8%ED%8A%B9%EB%B3%84%EC%8B%9C%20%EC%A2%85%EB%A1%9C%EA%B5%AC%20%EC%84%B8%EC%A2%85%EB%8C%80%EB%A1%9C%20%EC%A7%80%ED%95%98172%28%EC%84%B8%EC%A2%85%EB%A1%9C%29
서초구	내곡동	서울 헌릉과 인릉	서울특별시 서초구 헌인릉길 34(내곡동)	사적	37.464372	127.082424	https://map.naver.com/p/search/%EC%84%9C%EC%9A%B8%20%ED%97%8C%EB%A6%89%EA%B3%BC%20%EC%9D%B8%EB%A6%89%20%EC%84%9C%EC%9A%B8%ED%8A%B9%EB%B3%84%EC%8B%9C%20%EC%84%9C%EC%B4%88%EA%B5%AC%20%ED%97%8C%EC%9D%B8%EB%A6%89%EA%B8%B8%2034%28%EB%82%B4%EA%B3%A1%EB%8F%99%29
성북구	석관동	서울 의릉	서울특별시 성북구 화랑로32길 146-20(석관동)	사적	37.605171	127.059432	https://map.naver.com/p/search/%EC%84%9C%EC%9A%B8%20%EC%9D%98%EB%A6%89%20%EC%84%9C%EC%9A%B8%ED%8A%B9%EB%B3%84%EC%8B%9C%20%EC%84%B1%EB%B6%81%EA%B5%AC%20%ED%99%94%EB%9E%91%EB%A1%9C32%EA%B8%B8%20146-20%28%EC%84%9D%EA%B4%80%EB%8F%99%29
성북구	정릉동	서울 정릉	서울특별시 성북구 아리랑로19길 116(정릉동)	사적	37.601246	127.006654	https://map.naver.com/p/search/%EC%84%9C%EC%9A%B8%20%EC%A0%95%EB%A6%89%20%EC%84%9C%EC%9A%B8%ED%8A%B9%EB%B3%84%EC%8B%9C%20%EC%84%B1%EB%B6%81%EA%B5%AC%20%EC%95%84%EB%A6%AC%EB%9E%91%EB%A1%9C19%EA%B8%B8%20116%28%EC%A0%95%EB%A6%89%EB%8F%99%29
종로구	구기동	북한산 진흥왕 순수비지	서울 종로구 구기동 산3번지	사적	37.625286	126.961431	https://map.naver.com/p/search/%EB%B6%81%ED%95%9C%EC%82%B0%20%EC%A7%84%ED%9D%A5%EC%99%95%20%EC%88%9C%EC%88%98%EB%B9%84%EC%A7%80%20%EC%84%9C%EC%9A%B8%20%EC%A2%85%EB%A1%9C%EA%B5%AC%20%EA%B5%AC%EA%B8%B0%EB%8F%99%20%EC%82%B03%EB%B2%88%EC%A7%80
용산구	후암동	예수시왕생칠재의찬요	서울특별시 용산구 소월로 109(후암동)	유형문화유산	37.483569	127.032598	https://map.naver.com/p/search/%EC%98%88%EC%88%98%EC%8B%9C%EC%99%95%EC%83%9D%EC%B9%A0%EC%9E%AC%EC%9D%98%EC%B0%AC%EC%9A%94%20%EC%84%9C%EC%9A%B8%ED%8A%B9%EB%B3%84%EC%8B%9C%20%EC%9A%A9%EC%82%B0%EA%B5%AC%20%EC%86%8C%EC%9B%94%EB%A1%9C%20109%28%ED%9B%84%EC%95%94%EB%8F%99%29
성동구	성동|옥수동	미타사 금수암 현왕도	서울특별시 성동구 독서당로40길 21(옥수동)	유형문화유산	37.543521	127.017215	https://map.naver.com/p/search/%EB%AF%B8%ED%83%80%EC%82%AC%20%EA%B8%88%EC%88%98%EC%95%94%20%ED%98%84%EC%99%95%EB%8F%84%20%EC%84%9C%EC%9A%B8%ED%8A%B9%EB%B3%84%EC%8B%9C%20%EC%84%B1%EB%8F%99%EA%B5%AC%20%EB%8F%85%EC%84%9C%EB%8B%B9%EB%A1%9C40%EA%B8%B8%2021%28%EC%98%A5%EC%88%98%EB%8F%99%29
서대문구	충정로2가	불설대보부모은중경	서울특별시 서대문구 충정로9길 10-10(충정로2가)	보물	37.565017	126.964891	https://map.naver.com/p/search/%EB%B6%88%EC%84%A4%EB%8C%80%EB%B3%B4%EB%B6%80%EB%AA%A8%EC%9D%80%EC%A4%91%EA%B2%BD%20%EC%84%9C%EC%9A%B8%ED%8A%B9%EB%B3%84%EC%8B%9C%20%EC%84%9C%EB%8C%80%EB%AC%B8%EA%B5%AC%20%EC%B6%A9%EC%A0%95%EB%A1%9C9%EA%B8%B8%2010-10%28%EC%B6%A9%EC%A0%95%EB%A1%9C2%EA%B0%80%29
용산구	한남동	수월관음보살도	서울특별시 용산구 이태원로55길 60-16(한남동)	보물	37.538546	126.99881	https://map.naver.com/p/search/%EC%88%98%EC%9B%94%EA%B4%80%EC%9D%8C%EB%B3%B4%EC%82%B4%EB%8F%84%20%EC%84%9C%EC%9A%B8%ED%8A%B9%EB%B3%84%EC%8B%9C%20%EC%9A%A9%EC%82%B0%EA%B5%AC%20%EC%9D%B4%ED%83%9C%EC%9B%90%EB%A1%9C55%EA%B8%B8%2060-16%28%ED%95%9C%EB%82%A8%EB%8F%99%29
용산구	한남동	금동관음보살입상	서울특별시 용산구 이태원로55길 60-16(한남동)	보물	37.538546	126.99881	https://map.naver.com/p/search/%EA%B8%88%EB%8F%99%EA%B4%80%EC%9D%8C%EB%B3%B4%EC%82%B4%EC%9E%85%EC%83%81%20%EC%84%9C%EC%9A%B8%ED%8A%B9%EB%B3%84%EC%8B%9C%20%EC%9A%A9%EC%82%B0%EA%B5%AC%20%EC%9D%B4%ED%83%9C%EC%9B%90%EB%A1%9C55%EA%B8%B8%2060-16%28%ED%95%9C%EB%82%A8%EB%8F%99%29
용산구	용산동6가	조숭 고신왕지	서울특별시 용산구 서빙고로 137(용산동6가)	보물	37.524087	126.980388	https://map.naver.com/p/search/%EC%A1%B0%EC%88%AD%20%EA%B3%A0%EC%8B%A0%EC%99%95%EC%A7%80%20%EC%84%9C%EC%9A%B8%ED%8A%B9%EB%B3%84%EC%8B%9C%20%EC%9A%A9%EC%82%B0%EA%B5%AC%20%EC%84%9C%EB%B9%99%EA%B3%A0%EB%A1%9C%20137%28%EC%9A%A9%EC%82%B0%EB%8F%996%EA%B0%80%29
용산구	용산동6가	상설고문진보대전전집 권7~8	서울특별시 용산구 서빙고로 137(용산동6가)	보물	37.524087	126.980388	https://map.naver.com/p/search/%EC%83%81%EC%84%A4%EA%B3%A0%EB%AC%B8%EC%A7%84%EB%B3%B4%EB%8C%80%EC%A0%84%EC%A0%84%EC%A7%91%20%EA%B6%8C7~8%20%EC%84%9C%EC%9A%B8%ED%8A%B9%EB%B3%84%EC%8B%9C%20%EC%9A%A9%EC%82%B0%EA%B5%AC%20%EC%84%9C%EB%B9%99%EA%B3%A0%EB%A1%9C%20137%28%EC%9A%A9%EC%82%B0%EB%8F%996%EA%B0%80%29
용산구	용산동6가	묘법연화경 권3	서울특별시 용산구 서빙고로 137(용산동6가)	보물	37.524087	126.980388	https://map.naver.com/p/search/%EB%AC%98%EB%B2%95%EC%97%B0%ED%99%94%EA%B2%BD%20%EA%B6%8C3%20%EC%84%9C%EC%9A%B8%ED%8A%B9%EB%B3%84%EC%8B%9C%20%EC%9A%A9%EC%82%B0%EA%B5%AC%20%EC%84%9C%EB%B9%99%EA%B3%A0%EB%A1%9C%20137%28%EC%9A%A9%EC%82%B0%EB%8F%996%EA%B0%80%29
용산구	용산동6가	재조본 유가사지론 권64	서울특별시 용산구 서빙고로 137(용산동6가)	보물	37.524087	126.980388	https://map.naver.com/p/search/%EC%9E%AC%EC%A1%B0%EB%B3%B8%20%EC%9C%A0%EA%B0%80%EC%82%AC%EC%A7%80%EB%A1%A0%20%EA%B6%8C64%20%EC%84%9C%EC%9A%B8%ED%8A%B9%EB%B3%84%EC%8B%9C%20%EC%9A%A9%EC%82%B0%EA%B5%AC%20%EC%84%9C%EB%B9%99%EA%B3%A0%EB%A1%9C%20137%28%EC%9A%A9%EC%82%B0%EB%8F%996%EA%B0%80%29
용산구	용산동6가	묘법연화경 권5~7	서울특별시 용산구 서빙고로 137(용산동6가)	보물	37.524087	126.980388	https://map.naver.com/p/search/%EB%AC%98%EB%B2%95%EC%97%B0%ED%99%94%EA%B2%BD%20%EA%B6%8C5~7%20%EC%84%9C%EC%9A%B8%ED%8A%B9%EB%B3%84%EC%8B%9C%20%EC%9A%A9%EC%82%B0%EA%B5%AC%20%EC%84%9C%EB%B9%99%EA%B3%A0%EB%A1%9C%20137%28%EC%9A%A9%EC%82%B0%EB%8F%996%EA%B0%80%29
종로구	신문로2가	대불정여래밀인수증요의제보살만행수능엄경(언해) 권4, 7, 8	서울특별시 종로구 새문안로 55(신문로2가)	보물	37.570143	126.970438	https://map.naver.com/p/search/%EB%8C%80%EB%B6%88%EC%A0%95%EC%97%AC%EB%9E%98%EB%B0%80%EC%9D%B8%EC%88%98%EC%A6%9D%EC%9A%94%EC%9D%98%EC%A0%9C%EB%B3%B4%EC%82%B4%EB%A7%8C%ED%96%89%EC%88%98%EB%8A%A5%EC%97%84%EA%B2%BD%28%EC%96%B8%ED%95%B4%29%20%EA%B6%8C4%2C%207%2C%208%20%EC%84%9C%EC%9A%B8%ED%8A%B9%EB%B3%84%EC%8B%9C%20%EC%A2%85%EB%A1%9C%EA%B5%AC%20%EC%83%88%EB%AC%B8%EC%95%88%EB%A1%9C%2055%28%EC%8B%A0%EB%AC%B8%EB%A1%9C2%EA%B0%80%29
용산구	한남동	청자 복숭아모양 연적	서울특별시 용산구 이태원로55길 60-16(한남동)	보물	37.538546	126.99881	https://map.naver.com/p/search/%EC%B2%AD%EC%9E%90%20%EB%B3%B5%EC%88%AD%EC%95%84%EB%AA%A8%EC%96%91%20%EC%97%B0%EC%A0%81%20%EC%84%9C%EC%9A%B8%ED%8A%B9%EB%B3%84%EC%8B%9C%20%EC%9A%A9%EC%82%B0%EA%B5%AC%20%EC%9D%B4%ED%83%9C%EC%9B%90%EB%A1%9C55%EA%B8%B8%2060-16%28%ED%95%9C%EB%82%A8%EB%8F%99%29
용산구	한남동	청자 상감모란문 주전자	서울특별시 용산구 이태원로55길 60-16(한남동)	보물	37.538546	126.99881	https://map.naver.com/p/search/%EC%B2%AD%EC%9E%90%20%EC%83%81%EA%B0%90%EB%AA%A8%EB%9E%80%EB%AC%B8%20%EC%A3%BC%EC%A0%84%EC%9E%90%20%EC%84%9C%EC%9A%B8%ED%8A%B9%EB%B3%84%EC%8B%9C%20%EC%9A%A9%EC%82%B0%EA%B5%AC%20%EC%9D%B4%ED%83%9C%EC%9B%90%EB%A1%9C55%EA%B8%B8%2060-16%28%ED%95%9C%EB%82%A8%EB%8F%99%29
용산구	용산동6가	상교정본자비도량참법 권10	서울특별시 용산구 서빙고로 137(용산동6가)	보물	37.524087	126.980388	https://map.naver.com/p/search/%EC%83%81%EA%B5%90%EC%A0%95%EB%B3%B8%EC%9E%90%EB%B9%84%EB%8F%84%EB%9F%89%EC%B0%B8%EB%B2%95%20%EA%B6%8C10%20%EC%84%9C%EC%9A%B8%ED%8A%B9%EB%B3%84%EC%8B%9C%20%EC%9A%A9%EC%82%B0%EA%B5%AC%20%EC%84%9C%EB%B9%99%EA%B3%A0%EB%A1%9C%20137%28%EC%9A%A9%EC%82%B0%EB%8F%996%EA%B0%80%29
종로구	신문로2가	삼십분공덕소경	서울특별시 종로구 새문안로 55(신문로2가)	보물	37.570143	126.970438	https://map.naver.com/p/search/%EC%82%BC%EC%8B%AD%EB%B6%84%EA%B3%B5%EB%8D%95%EC%86%8C%EA%B2%BD%20%EC%84%9C%EC%9A%B8%ED%8A%B9%EB%B3%84%EC%8B%9C%20%EC%A2%85%EB%A1%9C%EA%B5%AC%20%EC%83%88%EB%AC%B8%EC%95%88%EB%A1%9C%2055%28%EC%8B%A0%EB%AC%B8%EB%A1%9C2%EA%B0%80%29
용산구	용산동6가	상지은니 묘법연화경 권5~6	서울특별시 용산구 서빙고로 137(용산동6가)	보물	37.524087	126.980388	https://map.naver.com/p/search/%EC%83%81%EC%A7%80%EC%9D%80%EB%8B%88%20%EB%AC%98%EB%B2%95%EC%97%B0%ED%99%94%EA%B2%BD%20%EA%B6%8C5~6%20%EC%84%9C%EC%9A%B8%ED%8A%B9%EB%B3%84%EC%8B%9C%20%EC%9A%A9%EC%82%B0%EA%B5%AC%20%EC%84%9C%EB%B9%99%EA%B3%A0%EB%A1%9C%20137%28%EC%9A%A9%EC%82%B0%EB%8F%996%EA%B0%80%29
종로구	구기동	서울 승가사 석조승가대사좌상	서울특별시 종로구 비봉2길 304(구기동)	보물	37.626996	126.959478	https://map.naver.com/p/search/%EC%84%9C%EC%9A%B8%20%EC%8A%B9%EA%B0%80%EC%82%AC%20%EC%84%9D%EC%A1%B0%EC%8A%B9%EA%B0%80%EB%8C%80%EC%82%AC%EC%A2%8C%EC%83%81%20%EC%84%9C%EC%9A%B8%ED%8A%B9%EB%B3%84%EC%8B%9C%20%EC%A2%85%EB%A1%9C%EA%B5%AC%20%EB%B9%84%EB%B4%892%EA%B8%B8%20304%28%EA%B5%AC%EA%B8%B0%EB%8F%99%29
서대문구	충정로2가	묘법연화경(언해) 권1, 3, 4, 5, 6	서울특별시 서대문구 충정로9길 10-10(충정로2가)	보물	37.565017	126.964891	https://map.naver.com/p/search/%EB%AC%98%EB%B2%95%EC%97%B0%ED%99%94%EA%B2%BD%28%EC%96%B8%ED%95%B4%29%20%EA%B6%8C1%2C%203%2C%204%2C%205%2C%206%20%EC%84%9C%EC%9A%B8%ED%8A%B9%EB%B3%84%EC%8B%9C%20%EC%84%9C%EB%8C%80%EB%AC%B8%EA%B5%AC%20%EC%B6%A9%EC%A0%95%EB%A1%9C9%EA%B8%B8%2010-10%28%EC%B6%A9%EC%A0%95%EB%A1%9C2%EA%B0%80%29
관악구	신림동	청자 상감동채연화당초용문 병	서울특별시 관악구 남부순환로152길 53(신림동)	보물	37.480982	126.918218	https://map.naver.com/p/search/%EC%B2%AD%EC%9E%90%20%EC%83%81%EA%B0%90%EB%8F%99%EC%B1%84%EC%97%B0%ED%99%94%EB%8B%B9%EC%B4%88%EC%9A%A9%EB%AC%B8%20%EB%B3%91%20%EC%84%9C%EC%9A%B8%ED%8A%B9%EB%B3%84%EC%8B%9C%20%EA%B4%80%EC%95%85%EA%B5%AC%20%EB%82%A8%EB%B6%80%EC%88%9C%ED%99%98%EB%A1%9C152%EA%B8%B8%2053%28%EC%8B%A0%EB%A6%BC%EB%8F%99%29
용산구	용산동6가	청자 음각‘상약국’명 운룡문 합	서울특별시 용산구 서빙고로 137(용산동6가)	보물	37.524087	126.980388	https://map.naver.com/p/search/%EC%B2%AD%EC%9E%90%20%EC%9D%8C%EA%B0%81%E2%80%98%EC%83%81%EC%95%BD%EA%B5%AD%E2%80%99%EB%AA%85%20%EC%9A%B4%EB%A3%A1%EB%AC%B8%20%ED%95%A9%20%EC%84%9C%EC%9A%B8%ED%8A%B9%EB%B3%84%EC%8B%9C%20%EC%9A%A9%EC%82%B0%EA%B5%AC%20%EC%84%9C%EB%B9%99%EA%B3%A0%EB%A1%9C%20137%28%EC%9A%A9%EC%82%B0%EB%8F%996%EA%B0%80%29
용산구	한남동	청자 음각연화당초문 항아리	서울특별시 용산구 이태원로55길 60-16(한남동)	보물	37.538546	126.99881	https://map.naver.com/p/search/%EC%B2%AD%EC%9E%90%20%EC%9D%8C%EA%B0%81%EC%97%B0%ED%99%94%EB%8B%B9%EC%B4%88%EB%AC%B8%20%ED%95%AD%EC%95%84%EB%A6%AC%20%EC%84%9C%EC%9A%B8%ED%8A%B9%EB%B3%84%EC%8B%9C%20%EC%9A%A9%EC%82%B0%EA%B5%AC%20%EC%9D%B4%ED%83%9C%EC%9B%90%EB%A1%9C55%EA%B8%B8%2060-16%28%ED%95%9C%EB%82%A8%EB%8F%99%29
용산구	한남동	청자 음각연화당초 상감국화문 완	서울특별시 용산구 이태원로55길 60-16(한남동)	보물	37.538546	126.99881	https://map.naver.com/p/search/%EC%B2%AD%EC%9E%90%20%EC%9D%8C%EA%B0%81%EC%97%B0%ED%99%94%EB%8B%B9%EC%B4%88%20%EC%83%81%EA%B0%90%EA%B5%AD%ED%99%94%EB%AC%B8%20%EC%99%84%20%EC%84%9C%EC%9A%B8%ED%8A%B9%EB%B3%84%EC%8B%9C%20%EC%9A%A9%EC%82%B0%EA%B5%AC%20%EC%9D%B4%ED%83%9C%EC%9B%90%EB%A1%9C55%EA%B8%B8%2060-16%28%ED%95%9C%EB%82%A8%EB%8F%99%29
서초구		청자 상감운학국화문 표주박모양 주전자 및 승반	부산광역시 해운대구	보물	35.163177	129.163634	https://map.naver.com/p/search/%EC%B2%AD%EC%9E%90%20%EC%83%81%EA%B0%90%EC%9A%B4%ED%95%99%EA%B5%AD%ED%99%94%EB%AC%B8%20%ED%91%9C%EC%A3%BC%EB%B0%95%EB%AA%A8%EC%96%91%20%EC%A3%BC%EC%A0%84%EC%9E%90%20%EB%B0%8F%20%EC%8A%B9%EB%B0%98%20%EB%B6%80%EC%82%B0%EA%B4%91%EC%97%AD%EC%8B%9C%20%ED%95%B4%EC%9A%B4%EB%8C%80%EA%B5%AC
서초구		청자 상감연판문 매병	서울 서초구	보물	37.483569	127.032598	https://map.naver.com/p/search/%EC%B2%AD%EC%9E%90%20%EC%83%81%EA%B0%90%EC%97%B0%ED%8C%90%EB%AC%B8%20%EB%A7%A4%EB%B3%91%20%EC%84%9C%EC%9A%B8%20%EC%84%9C%EC%B4%88%EA%B5%AC
용산구	용산동6가	청자 철채양각연판문 병	서울특별시 용산구 서빙고로 137(용산동6가) 국립중앙박물관	보물	37.524087	126.980388	https://map.naver.com/p/search/%EC%B2%AD%EC%9E%90%20%EC%B2%A0%EC%B1%84%EC%96%91%EA%B0%81%EC%97%B0%ED%8C%90%EB%AC%B8%20%EB%B3%91%20%EC%84%9C%EC%9A%B8%ED%8A%B9%EB%B3%84%EC%8B%9C%20%EC%9A%A9%EC%82%B0%EA%B5%AC%20%EC%84%9C%EB%B9%99%EA%B3%A0%EB%A1%9C%20137%28%EC%9A%A9%EC%82%B0%EB%8F%996%EA%B0%80%29%20%EA%B5%AD%EB%A6%BD%EC%A4%91%EC%95%99%EB%B0%95%EB%AC%BC%EA%B4%80
용산구	용산동6가	청자 상감모란문 발우 및 접시	서울특별시 용산구 서빙고로 137(용산동6가)	보물	37.524087	126.980388	https://map.naver.com/p/search/%EC%B2%AD%EC%9E%90%20%EC%83%81%EA%B0%90%EB%AA%A8%EB%9E%80%EB%AC%B8%20%EB%B0%9C%EC%9A%B0%20%EB%B0%8F%20%EC%A0%91%EC%8B%9C%20%EC%84%9C%EC%9A%B8%ED%8A%B9%EB%B3%84%EC%8B%9C%20%EC%9A%A9%EC%82%B0%EA%B5%AC%20%EC%84%9C%EB%B9%99%EA%B3%A0%EB%A1%9C%20137%28%EC%9A%A9%EC%82%B0%EB%8F%996%EA%B0%80%29
용산구	용산동6가	백자 철화끈무늬 병	서울특별시 용산구 서빙고로 137(용산동6가)	보물	37.524087	126.980388	https://map.naver.com/p/search/%EB%B0%B1%EC%9E%90%20%EC%B2%A0%ED%99%94%EB%81%88%EB%AC%B4%EB%8A%AC%20%EB%B3%91%20%EC%84%9C%EC%9A%B8%ED%8A%B9%EB%B3%84%EC%8B%9C%20%EC%9A%A9%EC%82%B0%EA%B5%AC%20%EC%84%9C%EB%B9%99%EA%B3%A0%EB%A1%9C%20137%28%EC%9A%A9%EC%82%B0%EB%8F%996%EA%B0%80%29
용산구	한남동	백자 청화철화삼산뇌문 산뢰	서울특별시 용산구 이태원로55길 60-16(한남동)	보물	37.538546	126.99881	https://map.naver.com/p/search/%EB%B0%B1%EC%9E%90%20%EC%B2%AD%ED%99%94%EC%B2%A0%ED%99%94%EC%82%BC%EC%82%B0%EB%87%8C%EB%AC%B8%20%EC%82%B0%EB%A2%B0%20%EC%84%9C%EC%9A%B8%ED%8A%B9%EB%B3%84%EC%8B%9C%20%EC%9A%A9%EC%82%B0%EA%B5%AC%20%EC%9D%B4%ED%83%9C%EC%9B%90%EB%A1%9C55%EA%B8%B8%2060-16%28%ED%95%9C%EB%82%A8%EB%8F%99%29
용산구	용산동6가	백자 청화칠보난초문 병	서울특별시 용산구 서빙고로 137(용산동6가)	보물	37.524087	126.980388	https://map.naver.com/p/search/%EB%B0%B1%EC%9E%90%20%EC%B2%AD%ED%99%94%EC%B9%A0%EB%B3%B4%EB%82%9C%EC%B4%88%EB%AC%B8%20%EB%B3%91%20%EC%84%9C%EC%9A%B8%ED%8A%B9%EB%B3%84%EC%8B%9C%20%EC%9A%A9%EC%82%B0%EA%B5%AC%20%EC%84%9C%EB%B9%99%EA%B3%A0%EB%A1%9C%20137%28%EC%9A%A9%EC%82%B0%EB%8F%996%EA%B0%80%29
용산구	한남동	백자 청화초화문 필통	서울특별시 용산구 이태원로55길 60-16(한남동)	보물	37.538546	126.99881	https://map.naver.com/p/search/%EB%B0%B1%EC%9E%90%20%EC%B2%AD%ED%99%94%EC%B4%88%ED%99%94%EB%AC%B8%20%ED%95%84%ED%86%B5%20%EC%84%9C%EC%9A%B8%ED%8A%B9%EB%B3%84%EC%8B%9C%20%EC%9A%A9%EC%82%B0%EA%B5%AC%20%EC%9D%B4%ED%83%9C%EC%9B%90%EB%A1%9C55%EA%B8%B8%2060-16%28%ED%95%9C%EB%82%A8%EB%8F%99%29
용산구	용산동6가	백자 철채 뿔잔	서울특별시 용산구 서빙고로 137(용산동6가)	보물	37.524087	126.980388	https://map.naver.com/p/search/%EB%B0%B1%EC%9E%90%20%EC%B2%A0%EC%B1%84%20%EB%BF%94%EC%9E%94%20%EC%84%9C%EC%9A%B8%ED%8A%B9%EB%B3%84%EC%8B%9C%20%EC%9A%A9%EC%82%B0%EA%B5%AC%20%EC%84%9C%EB%B9%99%EA%B3%A0%EB%A1%9C%20137%28%EC%9A%A9%EC%82%B0%EB%8F%996%EA%B0%80%29
관악구	신림동	분청사기 철화당초문 장군	서울특별시 관악구 남부순환로152길 53(신림동)	보물	37.480982	126.918218	https://map.naver.com/p/search/%EB%B6%84%EC%B2%AD%EC%82%AC%EA%B8%B0%20%EC%B2%A0%ED%99%94%EB%8B%B9%EC%B4%88%EB%AC%B8%20%EC%9E%A5%EA%B5%B0%20%EC%84%9C%EC%9A%B8%ED%8A%B9%EB%B3%84%EC%8B%9C%20%EA%B4%80%EC%95%85%EA%B5%AC%20%EB%82%A8%EB%B6%80%EC%88%9C%ED%99%98%EB%A1%9C152%EA%B8%B8%2053%28%EC%8B%A0%EB%A6%BC%EB%8F%99%29
용산구	한남동	백자 청화운룡문 항아리	서울특별시 용산구 이태원로55길 60-16(한남동)	보물	37.538546	126.99881	https://map.naver.com/p/search/%EB%B0%B1%EC%9E%90%20%EC%B2%AD%ED%99%94%EC%9A%B4%EB%A3%A1%EB%AC%B8%20%ED%95%AD%EC%95%84%EB%A6%AC%20%EC%84%9C%EC%9A%B8%ED%8A%B9%EB%B3%84%EC%8B%9C%20%EC%9A%A9%EC%82%B0%EA%B5%AC%20%EC%9D%B4%ED%83%9C%EC%9B%90%EB%A1%9C55%EA%B8%B8%2060-16%28%ED%95%9C%EB%82%A8%EB%8F%99%29
용산구	한남동	백자 청화화조문 팔각통형 병	서울특별시 용산구 이태원로55길 60-16(한남동)	보물	37.538546	126.99881	https://map.naver.com/p/search/%EB%B0%B1%EC%9E%90%20%EC%B2%AD%ED%99%94%ED%99%94%EC%A1%B0%EB%AC%B8%20%ED%8C%94%EA%B0%81%ED%86%B5%ED%98%95%20%EB%B3%91%20%EC%84%9C%EC%9A%B8%ED%8A%B9%EB%B3%84%EC%8B%9C%20%EC%9A%A9%EC%82%B0%EA%B5%AC%20%EC%9D%B4%ED%83%9C%EC%9B%90%EB%A1%9C55%EA%B8%B8%2060-16%28%ED%95%9C%EB%82%A8%EB%8F%99%29
용산구	용산동6가	분청사기 상감연화당초문 병	서울특별시 용산구 서빙고로 137(용산동6가)	보물	37.524087	126.980388	https://map.naver.com/p/search/%EB%B6%84%EC%B2%AD%EC%82%AC%EA%B8%B0%20%EC%83%81%EA%B0%90%EC%97%B0%ED%99%94%EB%8B%B9%EC%B4%88%EB%AC%B8%20%EB%B3%91%20%EC%84%9C%EC%9A%B8%ED%8A%B9%EB%B3%84%EC%8B%9C%20%EC%9A%A9%EC%82%B0%EA%B5%AC%20%EC%84%9C%EB%B9%99%EA%B3%A0%EB%A1%9C%20137%28%EC%9A%A9%EC%82%B0%EB%8F%996%EA%B0%80%29
관악구	신림동	분청사기 상감모란당초문 유개항아리	서울특별시 관악구 남부순환로152길 53(신림동)	보물	37.480982	126.918218	https://map.naver.com/p/search/%EB%B6%84%EC%B2%AD%EC%82%AC%EA%B8%B0%20%EC%83%81%EA%B0%90%EB%AA%A8%EB%9E%80%EB%8B%B9%EC%B4%88%EB%AC%B8%20%EC%9C%A0%EA%B0%9C%ED%95%AD%EC%95%84%EB%A6%AC%20%EC%84%9C%EC%9A%B8%ED%8A%B9%EB%B3%84%EC%8B%9C%20%EA%B4%80%EC%95%85%EA%B5%AC%20%EB%82%A8%EB%B6%80%EC%88%9C%ED%99%98%EB%A1%9C152%EA%B8%B8%2053%28%EC%8B%A0%EB%A6%BC%EB%8F%99%29
관악구	신림동	청자 유개항아리	서울특별시 관악구 남부순환로152길 53(신림동)	보물	37.480982	126.918218	https://map.naver.com/p/search/%EC%B2%AD%EC%9E%90%20%EC%9C%A0%EA%B0%9C%ED%95%AD%EC%95%84%EB%A6%AC%20%EC%84%9C%EC%9A%B8%ED%8A%B9%EB%B3%84%EC%8B%9C%20%EA%B4%80%EC%95%85%EA%B5%AC%20%EB%82%A8%EB%B6%80%EC%88%9C%ED%99%98%EB%A1%9C152%EA%B8%B8%2053%28%EC%8B%A0%EB%A6%BC%EB%8F%99%29
용산구	용산동6가	청자 양각연화당초 상감운학문 완	서울특별시 용산구 서빙고로 137(용산동6가)	보물	37.524087	126.980388	https://map.naver.com/p/search/%EC%B2%AD%EC%9E%90%20%EC%96%91%EA%B0%81%EC%97%B0%ED%99%94%EB%8B%B9%EC%B4%88%20%EC%83%81%EA%B0%90%EC%9A%B4%ED%95%99%EB%AC%B8%20%EC%99%84%20%EC%84%9C%EC%9A%B8%ED%8A%B9%EB%B3%84%EC%8B%9C%20%EC%9A%A9%EC%82%B0%EA%B5%AC%20%EC%84%9C%EB%B9%99%EA%B3%A0%EB%A1%9C%20137%28%EC%9A%A9%EC%82%B0%EB%8F%996%EA%B0%80%29
용산구	한남동	청자 양각도철문 방형 향로	서울특별시 용산구 이태원로55길 60-16(한남동)	보물	37.538546	126.99881	https://map.naver.com/p/search/%EC%B2%AD%EC%9E%90%20%EC%96%91%EA%B0%81%EB%8F%84%EC%B2%A0%EB%AC%B8%20%EB%B0%A9%ED%98%95%20%ED%96%A5%EB%A1%9C%20%EC%84%9C%EC%9A%B8%ED%8A%B9%EB%B3%84%EC%8B%9C%20%EC%9A%A9%EC%82%B0%EA%B5%AC%20%EC%9D%B4%ED%83%9C%EC%9B%90%EB%A1%9C55%EA%B8%B8%2060-16%28%ED%95%9C%EB%82%A8%EB%8F%99%29
용산구	용산동6가	화개현구장도	서울특별시 용산구 서빙고로 137(용산동6가)	보물	37.524087	126.980388	https://map.naver.com/p/search/%ED%99%94%EA%B0%9C%ED%98%84%EA%B5%AC%EC%9E%A5%EB%8F%84%20%EC%84%9C%EC%9A%B8%ED%8A%B9%EB%B3%84%EC%8B%9C%20%EC%9A%A9%EC%82%B0%EA%B5%AC%20%EC%84%9C%EB%B9%99%EA%B3%A0%EB%A1%9C%20137%28%EC%9A%A9%EC%82%B0%EB%8F%996%EA%B0%80%29
용산구	청파동2가	근사록 권1~3, 9~14	서울특별시 용산구 청파로47길 100(청파동2가)	보물	37.545947	126.964578	https://map.naver.com/p/search/%EA%B7%BC%EC%82%AC%EB%A1%9D%20%EA%B6%8C1~3%2C%209~14%20%EC%84%9C%EC%9A%B8%ED%8A%B9%EB%B3%84%EC%8B%9C%20%EC%9A%A9%EC%82%B0%EA%B5%AC%20%EC%B2%AD%ED%8C%8C%EB%A1%9C47%EA%B8%B8%20100%28%EC%B2%AD%ED%8C%8C%EB%8F%992%EA%B0%80%29
관악구	신림동	초조본 아비담팔건도론 권24	서울특별시 관악구 남부순환로152길 53(신림동)	보물	37.480982	126.918218	https://map.naver.com/p/search/%EC%B4%88%EC%A1%B0%EB%B3%B8%20%EC%95%84%EB%B9%84%EB%8B%B4%ED%8C%94%EA%B1%B4%EB%8F%84%EB%A1%A0%20%EA%B6%8C24%20%EC%84%9C%EC%9A%B8%ED%8A%B9%EB%B3%84%EC%8B%9C%20%EA%B4%80%EC%95%85%EA%B5%AC%20%EB%82%A8%EB%B6%80%EC%88%9C%ED%99%98%EB%A1%9C152%EA%B8%B8%2053%28%EC%8B%A0%EB%A6%BC%EB%8F%99%29
관악구	신림동	초조본 아비담비바사론 권16	서울특별시 관악구 남부순환로152길 53(신림동)	보물	37.480982	126.918218	https://map.naver.com/p/search/%EC%B4%88%EC%A1%B0%EB%B3%B8%20%EC%95%84%EB%B9%84%EB%8B%B4%EB%B9%84%EB%B0%94%EC%82%AC%EB%A1%A0%20%EA%B6%8C16%20%EC%84%9C%EC%9A%B8%ED%8A%B9%EB%B3%84%EC%8B%9C%20%EA%B4%80%EC%95%85%EA%B5%AC%20%EB%82%A8%EB%B6%80%EC%88%9C%ED%99%98%EB%A1%9C152%EA%B8%B8%2053%28%EC%8B%A0%EB%A6%BC%EB%8F%99%29
종로구	명륜3가	김천리 개국원종공신녹권	서울특별시 종로구 명륜3가 53	보물	37.586499	126.996562	https://map.naver.com/p/search/%EA%B9%80%EC%B2%9C%EB%A6%AC%20%EA%B0%9C%EA%B5%AD%EC%9B%90%EC%A2%85%EA%B3%B5%EC%8B%A0%EB%85%B9%EA%B6%8C%20%EC%84%9C%EC%9A%B8%ED%8A%B9%EB%B3%84%EC%8B%9C%20%EC%A2%85%EB%A1%9C%EA%B5%AC%20%EB%AA%85%EB%A5%9C3%EA%B0%80%2053
용산구	용산동6가	대방광원각약소주경 권상	서울특별시 용산구 서빙고로 137(용산동6가)	보물	37.524087	126.980388	https://map.naver.com/p/search/%EB%8C%80%EB%B0%A9%EA%B4%91%EC%9B%90%EA%B0%81%EC%95%BD%EC%86%8C%EC%A3%BC%EA%B2%BD%20%EA%B6%8C%EC%83%81%20%EC%84%9C%EC%9A%B8%ED%8A%B9%EB%B3%84%EC%8B%9C%20%EC%9A%A9%EC%82%B0%EA%B5%AC%20%EC%84%9C%EB%B9%99%EA%B3%A0%EB%A1%9C%20137%28%EC%9A%A9%EC%82%B0%EB%8F%996%EA%B0%80%29
용산구	용산동6가	대방광불화엄경소 권30	서울특별시 용산구 서빙고로 137(용산동6가)	보물	37.524087	126.980388	https://map.naver.com/p/search/%EB%8C%80%EB%B0%A9%EA%B4%91%EB%B6%88%ED%99%94%EC%97%84%EA%B2%BD%EC%86%8C%20%EA%B6%8C30%20%EC%84%9C%EC%9A%B8%ED%8A%B9%EB%B3%84%EC%8B%9C%20%EC%9A%A9%EC%82%B0%EA%B5%AC%20%EC%84%9C%EB%B9%99%EA%B3%A0%EB%A1%9C%20137%28%EC%9A%A9%EC%82%B0%EB%8F%996%EA%B0%80%29
용산구	용산동6가	상지은니 대방광불화엄경 정원본 권4	서울특별시 용산구 서빙고로 137(용산동6가)	보물	37.524087	126.980388	https://map.naver.com/p/search/%EC%83%81%EC%A7%80%EC%9D%80%EB%8B%88%20%EB%8C%80%EB%B0%A9%EA%B4%91%EB%B6%88%ED%99%94%EC%97%84%EA%B2%BD%20%EC%A0%95%EC%9B%90%EB%B3%B8%20%EA%B6%8C4%20%EC%84%9C%EC%9A%B8%ED%8A%B9%EB%B3%84%EC%8B%9C%20%EC%9A%A9%EC%82%B0%EA%B5%AC%20%EC%84%9C%EB%B9%99%EA%B3%A0%EB%A1%9C%20137%28%EC%9A%A9%EC%82%B0%EB%8F%996%EA%B0%80%29
용산구	용산동6가	감지금니 묘법연화경 권7	서울특별시 용산구 서빙고로 137(용산동6가)	보물	37.524087	126.980388	https://map.naver.com/p/search/%EA%B0%90%EC%A7%80%EA%B8%88%EB%8B%88%20%EB%AC%98%EB%B2%95%EC%97%B0%ED%99%94%EA%B2%BD%20%EA%B6%8C7%20%EC%84%9C%EC%9A%B8%ED%8A%B9%EB%B3%84%EC%8B%9C%20%EC%9A%A9%EC%82%B0%EA%B5%AC%20%EC%84%9C%EB%B9%99%EA%B3%A0%EB%A1%9C%20137%28%EC%9A%A9%EC%82%B0%EB%8F%996%EA%B0%80%29
용산구	용산동6가	묘법연화경(언해) 권3	서울특별시 용산구 서빙고로 137(용산동6가)	보물	37.524087	126.980388	https://map.naver.com/p/search/%EB%AC%98%EB%B2%95%EC%97%B0%ED%99%94%EA%B2%BD%28%EC%96%B8%ED%95%B4%29%20%EA%B6%8C3%20%EC%84%9C%EC%9A%B8%ED%8A%B9%EB%B3%84%EC%8B%9C%20%EC%9A%A9%EC%82%B0%EA%B5%AC%20%EC%84%9C%EB%B9%99%EA%B3%A0%EB%A1%9C%20137%28%EC%9A%A9%EC%82%B0%EB%8F%996%EA%B0%80%29
용산구	용산동6가	음주전문춘추괄례시말좌전구독직해 권62~70	서울특별시 용산구 서빙고로 137(용산동6가)	보물	37.524087	126.980388	https://map.naver.com/p/search/%EC%9D%8C%EC%A3%BC%EC%A0%84%EB%AC%B8%EC%B6%98%EC%B6%94%EA%B4%84%EB%A1%80%EC%8B%9C%EB%A7%90%EC%A2%8C%EC%A0%84%EA%B5%AC%EB%8F%85%EC%A7%81%ED%95%B4%20%EA%B6%8C62~70%20%EC%84%9C%EC%9A%B8%ED%8A%B9%EB%B3%84%EC%8B%9C%20%EC%9A%A9%EC%82%B0%EA%B5%AC%20%EC%84%9C%EB%B9%99%EA%B3%A0%EB%A1%9C%20137%28%EC%9A%A9%EC%82%B0%EB%8F%996%EA%B0%80%29
용산구	용산동6가	여주 출토 동종	서울특별시 용산구 서빙고로 137(용산동6가)	보물	37.524087	126.980388	https://map.naver.com/p/search/%EC%97%AC%EC%A3%BC%20%EC%B6%9C%ED%86%A0%20%EB%8F%99%EC%A2%85%20%EC%84%9C%EC%9A%B8%ED%8A%B9%EB%B3%84%EC%8B%9C%20%EC%9A%A9%EC%82%B0%EA%B5%AC%20%EC%84%9C%EB%B9%99%EA%B3%A0%EB%A1%9C%20137%28%EC%9A%A9%EC%82%B0%EB%8F%996%EA%B0%80%29
종로구	평창동	청량산 괘불탱	서울특별시 종로구 평창30길 24(평창동)	보물	37.611807	126.975118	https://map.naver.com/p/search/%EC%B2%AD%EB%9F%89%EC%82%B0%20%EA%B4%98%EB%B6%88%ED%83%B1%20%EC%84%9C%EC%9A%B8%ED%8A%B9%EB%B3%84%EC%8B%9C%20%EC%A2%85%EB%A1%9C%EA%B5%AC%20%ED%8F%89%EC%B0%BD30%EA%B8%B8%2024%28%ED%8F%89%EC%B0%BD%EB%8F%99%29
서대문구	충정로2가	신편산학계몽 권중	서울특별시 서대문구 충정로9길 10-10(충정로2가)	보물	37.565017	126.964891	https://map.naver.com/p/search/%EC%8B%A0%ED%8E%B8%EC%82%B0%ED%95%99%EA%B3%84%EB%AA%BD%20%EA%B6%8C%EC%A4%91%20%EC%84%9C%EC%9A%B8%ED%8A%B9%EB%B3%84%EC%8B%9C%20%EC%84%9C%EB%8C%80%EB%AC%B8%EA%B5%AC%20%EC%B6%A9%EC%A0%95%EB%A1%9C9%EA%B8%B8%2010-10%28%EC%B6%A9%EC%A0%95%EB%A1%9C2%EA%B0%80%29
서대문구	충정로2가	둔촌잡영	서울특별시 서대문구 충정로9길 10-10(충정로2가)	보물	37.565017	126.964891	https://map.naver.com/p/search/%EB%91%94%EC%B4%8C%EC%9E%A1%EC%98%81%20%EC%84%9C%EC%9A%B8%ED%8A%B9%EB%B3%84%EC%8B%9C%20%EC%84%9C%EB%8C%80%EB%AC%B8%EA%B5%AC%20%EC%B6%A9%EC%A0%95%EB%A1%9C9%EA%B8%B8%2010-10%28%EC%B6%A9%EC%A0%95%EB%A1%9C2%EA%B0%80%29
서대문구	충정로2가	대방광원각수다라요의경 권상1의2,하1의1~2의2	서울특별시 서대문구 충정로9길 10-10(충정로2가)	보물	37.565017	126.964891	https://map.naver.com/p/search/%EB%8C%80%EB%B0%A9%EA%B4%91%EC%9B%90%EA%B0%81%EC%88%98%EB%8B%A4%EB%9D%BC%EC%9A%94%EC%9D%98%EA%B2%BD%20%EA%B6%8C%EC%83%811%EC%9D%982%2C%ED%95%981%EC%9D%981~2%EC%9D%982%20%EC%84%9C%EC%9A%B8%ED%8A%B9%EB%B3%84%EC%8B%9C%20%EC%84%9C%EB%8C%80%EB%AC%B8%EA%B5%AC%20%EC%B6%A9%EC%A0%95%EB%A1%9C9%EA%B8%B8%2010-10%28%EC%B6%A9%EC%A0%95%EB%A1%9C2%EA%B0%80%29
용산구	한남동	분청사기 음각연화문 편병	서울특별시 용산구 이태원로55길 60-16(한남동)	보물	37.538546	126.99881	https://map.naver.com/p/search/%EB%B6%84%EC%B2%AD%EC%82%AC%EA%B8%B0%20%EC%9D%8C%EA%B0%81%EC%97%B0%ED%99%94%EB%AC%B8%20%ED%8E%B8%EB%B3%91%20%EC%84%9C%EC%9A%B8%ED%8A%B9%EB%B3%84%EC%8B%9C%20%EC%9A%A9%EC%82%B0%EA%B5%AC%20%EC%9D%B4%ED%83%9C%EC%9B%90%EB%A1%9C55%EA%B8%B8%2060-16%28%ED%95%9C%EB%82%A8%EB%8F%99%29
용산구	한남동	백자 상감연화당초문 병	서울특별시 용산구 이태원로55길 60-16(한남동)	보물	37.538546	126.99881	https://map.naver.com/p/search/%EB%B0%B1%EC%9E%90%20%EC%83%81%EA%B0%90%EC%97%B0%ED%99%94%EB%8B%B9%EC%B4%88%EB%AC%B8%20%EB%B3%91%20%EC%84%9C%EC%9A%B8%ED%8A%B9%EB%B3%84%EC%8B%9C%20%EC%9A%A9%EC%82%B0%EA%B5%AC%20%EC%9D%B4%ED%83%9C%EC%9B%90%EB%A1%9C55%EA%B8%B8%2060-16%28%ED%95%9C%EB%82%A8%EB%8F%99%29
강서구	가양동	구급간이방 권6	서울 강서구 허준로 87, 허준박물관 (가양동)	보물	37.567852	126.851083	https://map.naver.com/p/search/%EA%B5%AC%EA%B8%89%EA%B0%84%EC%9D%B4%EB%B0%A9%20%EA%B6%8C6%20%EC%84%9C%EC%9A%B8%20%EA%B0%95%EC%84%9C%EA%B5%AC%20%ED%97%88%EC%A4%80%EB%A1%9C%2087%2C%20%ED%97%88%EC%A4%80%EB%B0%95%EB%AC%BC%EA%B4%80%20%28%EA%B0%80%EC%96%91%EB%8F%99%29
관악구	신림동	분청사기 박지태극문 편병	서울특별시 관악구 남부순환로152길 53(신림동)	보물	37.480982	126.918218	https://map.naver.com/p/search/%EB%B6%84%EC%B2%AD%EC%82%AC%EA%B8%B0%20%EB%B0%95%EC%A7%80%ED%83%9C%EA%B7%B9%EB%AC%B8%20%ED%8E%B8%EB%B3%91%20%EC%84%9C%EC%9A%B8%ED%8A%B9%EB%B3%84%EC%8B%9C%20%EA%B4%80%EC%95%85%EA%B5%AC%20%EB%82%A8%EB%B6%80%EC%88%9C%ED%99%98%EB%A1%9C152%EA%B8%B8%2053%28%EC%8B%A0%EB%A6%BC%EB%8F%99%29
용산구	한남동	백자 철화운죽문 항아리	서울특별시 용산구 이태원로55길 60-16(한남동)	보물	37.538546	126.99881	https://map.naver.com/p/search/%EB%B0%B1%EC%9E%90%20%EC%B2%A0%ED%99%94%EC%9A%B4%EC%A3%BD%EB%AC%B8%20%ED%95%AD%EC%95%84%EB%A6%AC%20%EC%84%9C%EC%9A%B8%ED%8A%B9%EB%B3%84%EC%8B%9C%20%EC%9A%A9%EC%82%B0%EA%B5%AC%20%EC%9D%B4%ED%83%9C%EC%9B%90%EB%A1%9C55%EA%B8%B8%2060-16%28%ED%95%9C%EB%82%A8%EB%8F%99%29
서대문구	충정로2가	백범일지1929년(상권)1943년(하권)	서울특별시 서대문구 충정로9길 10-10(충정로2가) 김구재단	보물	37.565106	126.964887	https://map.naver.com/p/search/%EB%B0%B1%EB%B2%94%EC%9D%BC%EC%A7%801929%EB%85%84%28%EC%83%81%EA%B6%8C%291943%EB%85%84%28%ED%95%98%EA%B6%8C%29%20%EC%84%9C%EC%9A%B8%ED%8A%B9%EB%B3%84%EC%8B%9C%20%EC%84%9C%EB%8C%80%EB%AC%B8%EA%B5%AC%20%EC%B6%A9%EC%A0%95%EB%A1%9C9%EA%B8%B8%2010-10%28%EC%B6%A9%EC%A0%95%EB%A1%9C2%EA%B0%80%29%20%EA%B9%80%EA%B5%AC%EC%9E%AC%EB%8B%A8
관악구	신림동	대불정여래밀인수증요의제보살만행수능엄경 권1~4	서울특별시 관악구 남부순환로152길 53(신림동)	보물	37.480982	126.918218	https://map.naver.com/p/search/%EB%8C%80%EB%B6%88%EC%A0%95%EC%97%AC%EB%9E%98%EB%B0%80%EC%9D%B8%EC%88%98%EC%A6%9D%EC%9A%94%EC%9D%98%EC%A0%9C%EB%B3%B4%EC%82%B4%EB%A7%8C%ED%96%89%EC%88%98%EB%8A%A5%EC%97%84%EA%B2%BD%20%EA%B6%8C1~4%20%EC%84%9C%EC%9A%B8%ED%8A%B9%EB%B3%84%EC%8B%9C%20%EA%B4%80%EC%95%85%EA%B5%AC%20%EB%82%A8%EB%B6%80%EC%88%9C%ED%99%98%EB%A1%9C152%EA%B8%B8%2053%28%EC%8B%A0%EB%A6%BC%EB%8F%99%29
용산구	용산동6가	자치통감 권236~238	서울특별시 용산구 서빙고로 137(용산동6가)	보물	37.524087	126.980388	https://map.naver.com/p/search/%EC%9E%90%EC%B9%98%ED%86%B5%EA%B0%90%20%EA%B6%8C236~238%20%EC%84%9C%EC%9A%B8%ED%8A%B9%EB%B3%84%EC%8B%9C%20%EC%9A%A9%EC%82%B0%EA%B5%AC%20%EC%84%9C%EB%B9%99%EA%B3%A0%EB%A1%9C%20137%28%EC%9A%A9%EC%82%B0%EB%8F%996%EA%B0%80%29
종로구	구기동	동인지문오칠 권7~9	서울특별시 종로구 비봉길 2-2(구기동)	보물	37.608711	126.957093	https://map.naver.com/p/search/%EB%8F%99%EC%9D%B8%EC%A7%80%EB%AC%B8%EC%98%A4%EC%B9%A0%20%EA%B6%8C7~9%20%EC%84%9C%EC%9A%B8%ED%8A%B9%EB%B3%84%EC%8B%9C%20%EC%A2%85%EB%A1%9C%EA%B5%AC%20%EB%B9%84%EB%B4%89%EA%B8%B8%202-2%28%EA%B5%AC%EA%B8%B0%EB%8F%99%29
관악구	신림동	감지금니 미륵하생경	서울특별시 관악구 남부순환로152길 53(신림동)	보물	37.480982	126.918218	https://map.naver.com/p/search/%EA%B0%90%EC%A7%80%EA%B8%88%EB%8B%88%20%EB%AF%B8%EB%A5%B5%ED%95%98%EC%83%9D%EA%B2%BD%20%EC%84%9C%EC%9A%B8%ED%8A%B9%EB%B3%84%EC%8B%9C%20%EA%B4%80%EC%95%85%EA%B5%AC%20%EB%82%A8%EB%B6%80%EC%88%9C%ED%99%98%EB%A1%9C152%EA%B8%B8%2053%28%EC%8B%A0%EB%A6%BC%EB%8F%99%29
관악구	신림동	상지은니 대반야바라밀다경 권305	서울특별시 관악구 남부순환로152길 53(신림동)	보물	37.480982	126.918218	https://map.naver.com/p/search/%EC%83%81%EC%A7%80%EC%9D%80%EB%8B%88%20%EB%8C%80%EB%B0%98%EC%95%BC%EB%B0%94%EB%9D%BC%EB%B0%80%EB%8B%A4%EA%B2%BD%20%EA%B6%8C305%20%EC%84%9C%EC%9A%B8%ED%8A%B9%EB%B3%84%EC%8B%9C%20%EA%B4%80%EC%95%85%EA%B5%AC%20%EB%82%A8%EB%B6%80%EC%88%9C%ED%99%98%EB%A1%9C152%EA%B8%B8%2053%28%EC%8B%A0%EB%A6%BC%EB%8F%99%29
종로구	신문로2가	자치통감 권131~135, 246~250	서울특별시 종로구 새문안로 55 (신문로2가, 서울역사박물관)	보물	37.570143	126.970438	https://map.naver.com/p/search/%EC%9E%90%EC%B9%98%ED%86%B5%EA%B0%90%20%EA%B6%8C131~135%2C%20246~250%20%EC%84%9C%EC%9A%B8%ED%8A%B9%EB%B3%84%EC%8B%9C%20%EC%A2%85%EB%A1%9C%EA%B5%AC%20%EC%83%88%EB%AC%B8%EC%95%88%EB%A1%9C%2055%20%28%EC%8B%A0%EB%AC%B8%EB%A1%9C2%EA%B0%80%2C%20%EC%84%9C%EC%9A%B8%EC%97%AD%EC%82%AC%EB%B0%95%EB%AC%BC%EA%B4%80%29
종로구	신문로2가	최유련 개국원종공신녹권	서울특별시 종로구 새문안로 55(신문로2가)	보물	37.570388	126.970353	https://map.naver.com/p/search/%EC%B5%9C%EC%9C%A0%EB%A0%A8%20%EA%B0%9C%EA%B5%AD%EC%9B%90%EC%A2%85%EA%B3%B5%EC%8B%A0%EB%85%B9%EA%B6%8C%20%EC%84%9C%EC%9A%B8%ED%8A%B9%EB%B3%84%EC%8B%9C%20%EC%A2%85%EB%A1%9C%EA%B5%AC%20%EC%83%88%EB%AC%B8%EC%95%88%EB%A1%9C%2055%28%EC%8B%A0%EB%AC%B8%EB%A1%9C2%EA%B0%80%29
서초구	서초동	대악후보	서울특별시 서초구 남부순환로 2364(서초동)	보물	37.477847	127.00888	https://map.naver.com/p/search/%EB%8C%80%EC%95%85%ED%9B%84%EB%B3%B4%20%EC%84%9C%EC%9A%B8%ED%8A%B9%EB%B3%84%EC%8B%9C%20%EC%84%9C%EC%B4%88%EA%B5%AC%20%EB%82%A8%EB%B6%80%EC%88%9C%ED%99%98%EB%A1%9C%202364%28%EC%84%9C%EC%B4%88%EB%8F%99%29
종로구	신문로2가	선종영가집	서울특별시 종로구 새문안로 55(신문로2가)	보물	37.570143	126.970438	https://map.naver.com/p/search/%EC%84%A0%EC%A2%85%EC%98%81%EA%B0%80%EC%A7%91%20%EC%84%9C%EC%9A%B8%ED%8A%B9%EB%B3%84%EC%8B%9C%20%EC%A2%85%EB%A1%9C%EA%B5%AC%20%EC%83%88%EB%AC%B8%EC%95%88%EB%A1%9C%2055%28%EC%8B%A0%EB%AC%B8%EB%A1%9C2%EA%B0%80%29
용산구	용산동6가	백자 청화소상팔경문 팔각연적	서울특별시 용산구 서빙고로 137(용산동6가)	보물	37.524087	126.980388	https://map.naver.com/p/search/%EB%B0%B1%EC%9E%90%20%EC%B2%AD%ED%99%94%EC%86%8C%EC%83%81%ED%8C%94%EA%B2%BD%EB%AC%B8%20%ED%8C%94%EA%B0%81%EC%97%B0%EC%A0%81%20%EC%84%9C%EC%9A%B8%ED%8A%B9%EB%B3%84%EC%8B%9C%20%EC%9A%A9%EC%82%B0%EA%B5%AC%20%EC%84%9C%EB%B9%99%EA%B3%A0%EB%A1%9C%20137%28%EC%9A%A9%EC%82%B0%EB%8F%996%EA%B0%80%29
관악구	신림동	동여도	서울특별시 관악구 관악로 1(신림동)	보물	37.464007	126.952239	https://map.naver.com/p/search/%EB%8F%99%EC%97%AC%EB%8F%84%20%EC%84%9C%EC%9A%B8%ED%8A%B9%EB%B3%84%EC%8B%9C%20%EA%B4%80%EC%95%85%EA%B5%AC%20%EA%B4%80%EC%95%85%EB%A1%9C%201%28%EC%8B%A0%EB%A6%BC%EB%8F%99%29
용산구	한남동	청자 상감‘신축’명 국화모란문 벼루	서울특별시 용산구 이태원로55길 60-16(한남동)	보물	37.538546	126.99881	https://map.naver.com/p/search/%EC%B2%AD%EC%9E%90%20%EC%83%81%EA%B0%90%E2%80%98%EC%8B%A0%EC%B6%95%E2%80%99%EB%AA%85%20%EA%B5%AD%ED%99%94%EB%AA%A8%EB%9E%80%EB%AC%B8%20%EB%B2%BC%EB%A3%A8%20%EC%84%9C%EC%9A%B8%ED%8A%B9%EB%B3%84%EC%8B%9C%20%EC%9A%A9%EC%82%B0%EA%B5%AC%20%EC%9D%B4%ED%83%9C%EC%9B%90%EB%A1%9C55%EA%B8%B8%2060-16%28%ED%95%9C%EB%82%A8%EB%8F%99%29
용산구	한남동	광덕사 소조삼존불상 발원문	서울특별시 용산구 한남대로 91 (한남동, 나인원 한남) 101동 206호	유형문화유산	37.5364406	127.0034707	https://map.naver.com/p/search/%EA%B4%91%EB%8D%95%EC%82%AC%20%EC%86%8C%EC%A1%B0%EC%82%BC%EC%A1%B4%EB%B6%88%EC%83%81%20%EB%B0%9C%EC%9B%90%EB%AC%B8%20%EC%84%9C%EC%9A%B8%ED%8A%B9%EB%B3%84%EC%8B%9C%20%EC%9A%A9%EC%82%B0%EA%B5%AC%20%ED%95%9C%EB%82%A8%EB%8C%80%EB%A1%9C%2091%20%28%ED%95%9C%EB%82%A8%EB%8F%99%2C%20%EB%82%98%EC%9D%B8%EC%9B%90%20%ED%95%9C%EB%82%A8%29%20101%EB%8F%99%20206%ED%98%B8
용산구	한남동	분청사기 철화모란문 장군	서울특별시 용산구 이태원로55길 60-16(한남동)	보물	37.538546	126.99881	https://map.naver.com/p/search/%EB%B6%84%EC%B2%AD%EC%82%AC%EA%B8%B0%20%EC%B2%A0%ED%99%94%EB%AA%A8%EB%9E%80%EB%AC%B8%20%EC%9E%A5%EA%B5%B0%20%EC%84%9C%EC%9A%B8%ED%8A%B9%EB%B3%84%EC%8B%9C%20%EC%9A%A9%EC%82%B0%EA%B5%AC%20%EC%9D%B4%ED%83%9C%EC%9B%90%EB%A1%9C55%EA%B8%B8%2060-16%28%ED%95%9C%EB%82%A8%EB%8F%99%29
용산구	한남동	백자 상감투각모란문 병	서울특별시 용산구 이태원로55길 60-16(한남동)	보물	37.538546	126.99881	https://map.naver.com/p/search/%EB%B0%B1%EC%9E%90%20%EC%83%81%EA%B0%90%ED%88%AC%EA%B0%81%EB%AA%A8%EB%9E%80%EB%AC%B8%20%EB%B3%91%20%EC%84%9C%EC%9A%B8%ED%8A%B9%EB%B3%84%EC%8B%9C%20%EC%9A%A9%EC%82%B0%EA%B5%AC%20%EC%9D%B4%ED%83%9C%EC%9B%90%EB%A1%9C55%EA%B8%B8%2060-16%28%ED%95%9C%EB%82%A8%EB%8F%99%29
용산구	한남동	이암 필 화조구자도	서울특별시 용산구 이태원로55길 60-16(한남동)	보물	37.538546	126.99881	https://map.naver.com/p/search/%EC%9D%B4%EC%95%94%20%ED%95%84%20%ED%99%94%EC%A1%B0%EA%B5%AC%EC%9E%90%EB%8F%84%20%EC%84%9C%EC%9A%B8%ED%8A%B9%EB%B3%84%EC%8B%9C%20%EC%9A%A9%EC%82%B0%EA%B5%AC%20%EC%9D%B4%ED%83%9C%EC%9B%90%EB%A1%9C55%EA%B8%B8%2060-16%28%ED%95%9C%EB%82%A8%EB%8F%99%29
종로구	견지동	영국사 영산회 후불탱	서울특별시 종로구 우정국로 55, 불교중앙박물관 (견지동,광교빌딩)	보물	37.574494	126.982017	https://map.naver.com/p/search/%EC%98%81%EA%B5%AD%EC%82%AC%20%EC%98%81%EC%82%B0%ED%9A%8C%20%ED%9B%84%EB%B6%88%ED%83%B1%20%EC%84%9C%EC%9A%B8%ED%8A%B9%EB%B3%84%EC%8B%9C%20%EC%A2%85%EB%A1%9C%EA%B5%AC%20%EC%9A%B0%EC%A0%95%EA%B5%AD%EB%A1%9C%2055%2C%20%EB%B6%88%EA%B5%90%EC%A4%91%EC%95%99%EB%B0%95%EB%AC%BC%EA%B4%80%20%28%EA%B2%AC%EC%A7%80%EB%8F%99%2C%EA%B4%91%EA%B5%90%EB%B9%8C%EB%94%A9%29
용산구	용산동6가	봉사조선창화시권	서울특별시 용산구 서빙고로 137(용산동6가)	보물	37.524087	126.980388	https://map.naver.com/p/search/%EB%B4%89%EC%82%AC%EC%A1%B0%EC%84%A0%EC%B0%BD%ED%99%94%EC%8B%9C%EA%B6%8C%20%EC%84%9C%EC%9A%B8%ED%8A%B9%EB%B3%84%EC%8B%9C%20%EC%9A%A9%EC%82%B0%EA%B5%AC%20%EC%84%9C%EB%B9%99%EA%B3%A0%EB%A1%9C%20137%28%EC%9A%A9%EC%82%B0%EB%8F%996%EA%B0%80%29
용산구	용산동6가	비해당 소상팔경시첩	서울특별시 용산구 서빙고로 137(용산동6가)	보물	37.524087	126.980388	https://map.naver.com/p/search/%EB%B9%84%ED%95%B4%EB%8B%B9%20%EC%86%8C%EC%83%81%ED%8C%94%EA%B2%BD%EC%8B%9C%EC%B2%A9%20%EC%84%9C%EC%9A%B8%ED%8A%B9%EB%B3%84%EC%8B%9C%20%EC%9A%A9%EC%82%B0%EA%B5%AC%20%EC%84%9C%EB%B9%99%EA%B3%A0%EB%A1%9C%20137%28%EC%9A%A9%EC%82%B0%EB%8F%996%EA%B0%80%29
용산구	한남동	분청사기 인화점문 장군	서울특별시 용산구 이태원로55길 60-16(한남동)	보물	37.538546	126.99881	https://map.naver.com/p/search/%EB%B6%84%EC%B2%AD%EC%82%AC%EA%B8%B0%20%EC%9D%B8%ED%99%94%EC%A0%90%EB%AC%B8%20%EC%9E%A5%EA%B5%B0%20%EC%84%9C%EC%9A%B8%ED%8A%B9%EB%B3%84%EC%8B%9C%20%EC%9A%A9%EC%82%B0%EA%B5%AC%20%EC%9D%B4%ED%83%9C%EC%9B%90%EB%A1%9C55%EA%B8%B8%2060-16%28%ED%95%9C%EB%82%A8%EB%8F%99%29
종로구		왕세자탄강진하도 병풍	서울특별시 종로구 효자로 12(세종로)	보물	37.576668	126.974922	https://map.naver.com/p/search/%EC%99%95%EC%84%B8%EC%9E%90%ED%83%84%EA%B0%95%EC%A7%84%ED%95%98%EB%8F%84%20%EB%B3%91%ED%92%8D%20%EC%84%9C%EC%9A%B8%ED%8A%B9%EB%B3%84%EC%8B%9C%20%EC%A2%85%EB%A1%9C%EA%B5%AC%20%ED%9A%A8%EC%9E%90%EB%A1%9C%2012%28%EC%84%B8%EC%A2%85%EB%A1%9C%29
종로구		은입사 귀면문 철퇴	서울특별시 종로구 효자로 12(세종로)	보물	37.576668	126.974922	https://map.naver.com/p/search/%EC%9D%80%EC%9E%85%EC%82%AC%20%EA%B7%80%EB%A9%B4%EB%AC%B8%20%EC%B2%A0%ED%87%B4%20%EC%84%9C%EC%9A%B8%ED%8A%B9%EB%B3%84%EC%8B%9C%20%EC%A2%85%EB%A1%9C%EA%B5%AC%20%ED%9A%A8%EC%9E%90%EB%A1%9C%2012%28%EC%84%B8%EC%A2%85%EB%A1%9C%29
용산구	한남동	청자 상감화조문 도판	서울특별시 용산구 이태원로55길 60-16(한남동)	보물	37.538546	126.99881	https://map.naver.com/p/search/%EC%B2%AD%EC%9E%90%20%EC%83%81%EA%B0%90%ED%99%94%EC%A1%B0%EB%AC%B8%20%EB%8F%84%ED%8C%90%20%EC%84%9C%EC%9A%B8%ED%8A%B9%EB%B3%84%EC%8B%9C%20%EC%9A%A9%EC%82%B0%EA%B5%AC%20%EC%9D%B4%ED%83%9C%EC%9B%90%EB%A1%9C55%EA%B8%B8%2060-16%28%ED%95%9C%EB%82%A8%EB%8F%99%29
용산구	한남동	백자 청화보상당초문 항아리	서울특별시 용산구 이태원로55길 60-16(한남동)	보물	37.538546	126.99881	https://map.naver.com/p/search/%EB%B0%B1%EC%9E%90%20%EC%B2%AD%ED%99%94%EB%B3%B4%EC%83%81%EB%8B%B9%EC%B4%88%EB%AC%B8%20%ED%95%AD%EC%95%84%EB%A6%AC%20%EC%84%9C%EC%9A%B8%ED%8A%B9%EB%B3%84%EC%8B%9C%20%EC%9A%A9%EC%82%B0%EA%B5%AC%20%EC%9D%B4%ED%83%9C%EC%9B%90%EB%A1%9C55%EA%B8%B8%2060-16%28%ED%95%9C%EB%82%A8%EB%8F%99%29
용산구	한강로2가	분청사기 상감사각묘지 및 분청사기 인화문 사각편병	서울특별시 용산구 한강대로 100(한강로2가)	보물	37.528791	126.968674	https://map.naver.com/p/search/%EB%B6%84%EC%B2%AD%EC%82%AC%EA%B8%B0%20%EC%83%81%EA%B0%90%EC%82%AC%EA%B0%81%EB%AC%98%EC%A7%80%20%EB%B0%8F%20%EB%B6%84%EC%B2%AD%EC%82%AC%EA%B8%B0%20%EC%9D%B8%ED%99%94%EB%AC%B8%20%EC%82%AC%EA%B0%81%ED%8E%B8%EB%B3%91%20%EC%84%9C%EC%9A%B8%ED%8A%B9%EB%B3%84%EC%8B%9C%20%EC%9A%A9%EC%82%B0%EA%B5%AC%20%ED%95%9C%EA%B0%95%EB%8C%80%EB%A1%9C%20100%28%ED%95%9C%EA%B0%95%EB%A1%9C2%EA%B0%80%29
관악구	신림동	청자 상감운학국화문 병형 주전자	서울특별시 관악구 남부순환로152길 53(신림동)	보물	37.480982	126.918218	https://map.naver.com/p/search/%EC%B2%AD%EC%9E%90%20%EC%83%81%EA%B0%90%EC%9A%B4%ED%95%99%EA%B5%AD%ED%99%94%EB%AC%B8%20%EB%B3%91%ED%98%95%20%EC%A3%BC%EC%A0%84%EC%9E%90%20%EC%84%9C%EC%9A%B8%ED%8A%B9%EB%B3%84%EC%8B%9C%20%EA%B4%80%EC%95%85%EA%B5%AC%20%EB%82%A8%EB%B6%80%EC%88%9C%ED%99%98%EB%A1%9C152%EA%B8%B8%2053%28%EC%8B%A0%EB%A6%BC%EB%8F%99%29
용산구	용산동6가	해동조계복암화상잡저	서울특별시 용산구 서빙고로 137(용산동6가)	보물	37.524087	126.980388	https://map.naver.com/p/search/%ED%95%B4%EB%8F%99%EC%A1%B0%EA%B3%84%EB%B3%B5%EC%95%94%ED%99%94%EC%83%81%EC%9E%A1%EC%A0%80%20%EC%84%9C%EC%9A%B8%ED%8A%B9%EB%B3%84%EC%8B%9C%20%EC%9A%A9%EC%82%B0%EA%B5%AC%20%EC%84%9C%EB%B9%99%EA%B3%A0%EB%A1%9C%20137%28%EC%9A%A9%EC%82%B0%EB%8F%996%EA%B0%80%29
은평구	역촌동	서울 인조별서 유기비	서울 은평구 역촌동 8-12	보물	37.608753	126.916629	https://map.naver.com/p/search/%EC%84%9C%EC%9A%B8%20%EC%9D%B8%EC%A1%B0%EB%B3%84%EC%84%9C%20%EC%9C%A0%EA%B8%B0%EB%B9%84%20%EC%84%9C%EC%9A%B8%20%EC%9D%80%ED%8F%89%EA%B5%AC%20%EC%97%AD%EC%B4%8C%EB%8F%99%208-12
종로구	신교동	조속 초서 창강필적	서울특별시 종로구 필운대로11길 22(신교동)	보물	37.573521	126.978835	https://map.naver.com/p/search/%EC%A1%B0%EC%86%8D%20%EC%B4%88%EC%84%9C%20%EC%B0%BD%EA%B0%95%ED%95%84%EC%A0%81%20%EC%84%9C%EC%9A%B8%ED%8A%B9%EB%B3%84%EC%8B%9C%20%EC%A2%85%EB%A1%9C%EA%B5%AC%20%ED%95%84%EC%9A%B4%EB%8C%80%EB%A1%9C11%EA%B8%B8%2022%28%EC%8B%A0%EA%B5%90%EB%8F%99%29
성북구	안암동5가	용비어천가 권1~2, 7~8	서울특별시 성북구 안암로 145(안암동5가)	보물	37.58991	127.031812	https://map.naver.com/p/search/%EC%9A%A9%EB%B9%84%EC%96%B4%EC%B2%9C%EA%B0%80%20%EA%B6%8C1~2%2C%207~8%20%EC%84%9C%EC%9A%B8%ED%8A%B9%EB%B3%84%EC%8B%9C%20%EC%84%B1%EB%B6%81%EA%B5%AC%20%EC%95%88%EC%95%94%EB%A1%9C%20145%28%EC%95%88%EC%95%94%EB%8F%995%EA%B0%80%29
관악구	신림동	백자 청화철화‘시’명나비문 팔각연적	서울특별시 관악구 남부순환로152길 53(신림동)	보물	37.480982	126.918218	https://map.naver.com/p/search/%EB%B0%B1%EC%9E%90%20%EC%B2%AD%ED%99%94%EC%B2%A0%ED%99%94%E2%80%98%EC%8B%9C%E2%80%99%EB%AA%85%EB%82%98%EB%B9%84%EB%AC%B8%20%ED%8C%94%EA%B0%81%EC%97%B0%EC%A0%81%20%EC%84%9C%EC%9A%B8%ED%8A%B9%EB%B3%84%EC%8B%9C%20%EA%B4%80%EC%95%85%EA%B5%AC%20%EB%82%A8%EB%B6%80%EC%88%9C%ED%99%98%EB%A1%9C152%EA%B8%B8%2053%28%EC%8B%A0%EB%A6%BC%EB%8F%99%29
성동구	성동|옥수동	미타사 극락전 아미타불회도	서울특별시 성동구 독서당로40길 21(옥수동)	유형문화유산	37.543521	127.017215	https://map.naver.com/p/search/%EB%AF%B8%ED%83%80%EC%82%AC%20%EA%B7%B9%EB%9D%BD%EC%A0%84%20%EC%95%84%EB%AF%B8%ED%83%80%EB%B6%88%ED%9A%8C%EB%8F%84%20%EC%84%9C%EC%9A%B8%ED%8A%B9%EB%B3%84%EC%8B%9C%20%EC%84%B1%EB%8F%99%EA%B5%AC%20%EB%8F%85%EC%84%9C%EB%8B%B9%EB%A1%9C40%EA%B8%B8%2021%28%EC%98%A5%EC%88%98%EB%8F%99%29
성동구	성동|옥수동	미타사 아미타삼존상 및 불복장 일괄	서울특별시 성동구 독서당로40길 21(옥수동)	유형문화유산	37.563456	127.036821	https://map.naver.com/p/search/%EB%AF%B8%ED%83%80%EC%82%AC%20%EC%95%84%EB%AF%B8%ED%83%80%EC%82%BC%EC%A1%B4%EC%83%81%20%EB%B0%8F%20%EB%B6%88%EB%B3%B5%EC%9E%A5%20%EC%9D%BC%EA%B4%84%20%EC%84%9C%EC%9A%B8%ED%8A%B9%EB%B3%84%EC%8B%9C%20%EC%84%B1%EB%8F%99%EA%B5%AC%20%EB%8F%85%EC%84%9C%EB%8B%B9%EB%A1%9C40%EA%B8%B8%2021%28%EC%98%A5%EC%88%98%EB%8F%99%29
종로구		마천목 좌명공신녹권	서울특별시 종로구 효자로 12(세종로)	보물	37.576668	126.974922	https://map.naver.com/p/search/%EB%A7%88%EC%B2%9C%EB%AA%A9%20%EC%A2%8C%EB%AA%85%EA%B3%B5%EC%8B%A0%EB%85%B9%EA%B6%8C%20%EC%84%9C%EC%9A%B8%ED%8A%B9%EB%B3%84%EC%8B%9C%20%EC%A2%85%EB%A1%9C%EA%B5%AC%20%ED%9A%A8%EC%9E%90%EB%A1%9C%2012%28%EC%84%B8%EC%A2%85%EB%A1%9C%29
종로구	신문로2가	경주이씨 양월문중 고문서 및 향안 - 이지대 왕지	서울특별시 종로구 새문안로 55(신문로2가)	보물	37.570143	126.970438	https://map.naver.com/p/search/%EA%B2%BD%EC%A3%BC%EC%9D%B4%EC%94%A8%20%EC%96%91%EC%9B%94%EB%AC%B8%EC%A4%91%20%EA%B3%A0%EB%AC%B8%EC%84%9C%20%EB%B0%8F%20%ED%96%A5%EC%95%88%20-%20%EC%9D%B4%EC%A7%80%EB%8C%80%20%EC%99%95%EC%A7%80%20%EC%84%9C%EC%9A%B8%ED%8A%B9%EB%B3%84%EC%8B%9C%20%EC%A2%85%EB%A1%9C%EA%B5%AC%20%EC%83%88%EB%AC%B8%EC%95%88%EB%A1%9C%2055%28%EC%8B%A0%EB%AC%B8%EB%A1%9C2%EA%B0%80%29
용산구	용산동6가	이채 초상	서울특별시 용산구 서빙고로 137(용산동6가)	보물	37.524087	126.980388	https://map.naver.com/p/search/%EC%9D%B4%EC%B1%84%20%EC%B4%88%EC%83%81%20%EC%84%9C%EC%9A%B8%ED%8A%B9%EB%B3%84%EC%8B%9C%20%EC%9A%A9%EC%82%B0%EA%B5%AC%20%EC%84%9C%EB%B9%99%EA%B3%A0%EB%A1%9C%20137%28%EC%9A%A9%EC%82%B0%EB%8F%996%EA%B0%80%29
서대문구	신촌동	김이안 초상	서울특별시 서대문구 연세로 50(신촌동)	보물	37.567113	126.939029	https://map.naver.com/p/search/%EA%B9%80%EC%9D%B4%EC%95%88%20%EC%B4%88%EC%83%81%20%EC%84%9C%EC%9A%B8%ED%8A%B9%EB%B3%84%EC%8B%9C%20%EC%84%9C%EB%8C%80%EB%AC%B8%EA%B5%AC%20%EC%97%B0%EC%84%B8%EB%A1%9C%2050%28%EC%8B%A0%EC%B4%8C%EB%8F%99%29
종로구		이성윤 초상	서울특별시 종로구 효자로 12(세종로)	보물	37.576668	126.974922	https://map.naver.com/p/search/%EC%9D%B4%EC%84%B1%EC%9C%A4%20%EC%B4%88%EC%83%81%20%EC%84%9C%EC%9A%B8%ED%8A%B9%EB%B3%84%EC%8B%9C%20%EC%A2%85%EB%A1%9C%EA%B5%AC%20%ED%9A%A8%EC%9E%90%EB%A1%9C%2012%28%EC%84%B8%EC%A2%85%EB%A1%9C%29
종로구		연잉군 초상	서울특별시 종로구 효자로 12(세종로)	보물	37.576668	126.974922	https://map.naver.com/p/search/%EC%97%B0%EC%9E%89%EA%B5%B0%20%EC%B4%88%EC%83%81%20%EC%84%9C%EC%9A%B8%ED%8A%B9%EB%B3%84%EC%8B%9C%20%EC%A2%85%EB%A1%9C%EA%B5%AC%20%ED%9A%A8%EC%9E%90%EB%A1%9C%2012%28%EC%84%B8%EC%A2%85%EB%A1%9C%29
종로구	신문로2가	이하응 초상 일괄 - 흑단령포본, 금관조복본, 와룡관학창의본, 흑건청포본, 복건심의본	서울특별시 종로구 새문안로 55(신문로2가)	보물	37.570143	126.970438	https://map.naver.com/p/search/%EC%9D%B4%ED%95%98%EC%9D%91%20%EC%B4%88%EC%83%81%20%EC%9D%BC%EA%B4%84%20-%20%ED%9D%91%EB%8B%A8%EB%A0%B9%ED%8F%AC%EB%B3%B8%2C%20%EA%B8%88%EA%B4%80%EC%A1%B0%EB%B3%B5%EB%B3%B8%2C%20%EC%99%80%EB%A3%A1%EA%B4%80%ED%95%99%EC%B0%BD%EC%9D%98%EB%B3%B8%2C%20%ED%9D%91%EA%B1%B4%EC%B2%AD%ED%8F%AC%EB%B3%B8%2C%20%EB%B3%B5%EA%B1%B4%EC%8B%AC%EC%9D%98%EB%B3%B8%20%EC%84%9C%EC%9A%B8%ED%8A%B9%EB%B3%84%EC%8B%9C%20%EC%A2%85%EB%A1%9C%EA%B5%AC%20%EC%83%88%EB%AC%B8%EC%95%88%EB%A1%9C%2055%28%EC%8B%A0%EB%AC%B8%EB%A1%9C2%EA%B0%80%29
서대문구	신촌동	임장 초상	서울특별시 서대문구 연세로 50(신촌동)	보물	37.567113	126.939029	https://map.naver.com/p/search/%EC%9E%84%EC%9E%A5%20%EC%B4%88%EC%83%81%20%EC%84%9C%EC%9A%B8%ED%8A%B9%EB%B3%84%EC%8B%9C%20%EC%84%9C%EB%8C%80%EB%AC%B8%EA%B5%AC%20%EC%97%B0%EC%84%B8%EB%A1%9C%2050%28%EC%8B%A0%EC%B4%8C%EB%8F%99%29
관악구	신림동	유언호 초상	서울 관악구 관악로 1,103동 서울대학교 규장각한국학연구원 (신림동,서울대학교)	보물	37.45337	126.957168	https://map.naver.com/p/search/%EC%9C%A0%EC%96%B8%ED%98%B8%20%EC%B4%88%EC%83%81%20%EC%84%9C%EC%9A%B8%20%EA%B4%80%EC%95%85%EA%B5%AC%20%EA%B4%80%EC%95%85%EB%A1%9C%201%2C103%EB%8F%99%20%EC%84%9C%EC%9A%B8%EB%8C%80%ED%95%99%EA%B5%90%20%EA%B7%9C%EC%9E%A5%EA%B0%81%ED%95%9C%EA%B5%AD%ED%95%99%EC%97%B0%EA%B5%AC%EC%9B%90%20%28%EC%8B%A0%EB%A6%BC%EB%8F%99%2C%EC%84%9C%EC%9A%B8%EB%8C%80%ED%95%99%EA%B5%90%29
노원구	하계동	서울 이윤탁 한글영비	서울특별시 노원구 한글비석로 202(하계동)	보물	37.645455	127.076772	https://map.naver.com/p/search/%EC%84%9C%EC%9A%B8%20%EC%9D%B4%EC%9C%A4%ED%83%81%20%ED%95%9C%EA%B8%80%EC%98%81%EB%B9%84%20%EC%84%9C%EC%9A%B8%ED%8A%B9%EB%B3%84%EC%8B%9C%20%EB%85%B8%EC%9B%90%EA%B5%AC%20%ED%95%9C%EA%B8%80%EB%B9%84%EC%84%9D%EB%A1%9C%20202%28%ED%95%98%EA%B3%84%EB%8F%99%29
관악구		신위 해서 천자문	서울특별시 관악구 관악로 1 서울대학교 박물관	보물	37.464458	126.952266	https://map.naver.com/p/search/%EC%8B%A0%EC%9C%84%20%ED%95%B4%EC%84%9C%20%EC%B2%9C%EC%9E%90%EB%AC%B8%20%EC%84%9C%EC%9A%B8%ED%8A%B9%EB%B3%84%EC%8B%9C%20%EA%B4%80%EC%95%85%EA%B5%AC%20%EA%B4%80%EC%95%85%EB%A1%9C%201%20%EC%84%9C%EC%9A%B8%EB%8C%80%ED%95%99%EA%B5%90%20%EB%B0%95%EB%AC%BC%EA%B4%80
종로구		청자 기린모양 연적	서울특별시 종로구	보물	37.573521	126.978835	https://map.naver.com/p/search/%EC%B2%AD%EC%9E%90%20%EA%B8%B0%EB%A6%B0%EB%AA%A8%EC%96%91%20%EC%97%B0%EC%A0%81%20%EC%84%9C%EC%9A%B8%ED%8A%B9%EB%B3%84%EC%8B%9C%20%EC%A2%85%EB%A1%9C%EA%B5%AC
관악구	신림동	청자 주전자	서울특별시 관악구 남부순환로152길 53(신림동)	보물	37.480982	126.918218	https://map.naver.com/p/search/%EC%B2%AD%EC%9E%90%20%EC%A3%BC%EC%A0%84%EC%9E%90%20%EC%84%9C%EC%9A%B8%ED%8A%B9%EB%B3%84%EC%8B%9C%20%EA%B4%80%EC%95%85%EA%B5%AC%20%EB%82%A8%EB%B6%80%EC%88%9C%ED%99%98%EB%A1%9C152%EA%B8%B8%2053%28%EC%8B%A0%EB%A6%BC%EB%8F%99%29
중구		흥천사명 동종	서울특별시 종로구 사직로 161(세종로)	보물	37.578841	126.977016	https://map.naver.com/p/search/%ED%9D%A5%EC%B2%9C%EC%82%AC%EB%AA%85%20%EB%8F%99%EC%A2%85%20%EC%84%9C%EC%9A%B8%ED%8A%B9%EB%B3%84%EC%8B%9C%20%EC%A2%85%EB%A1%9C%EA%B5%AC%20%EC%82%AC%EC%A7%81%EB%A1%9C%20161%28%EC%84%B8%EC%A2%85%EB%A1%9C%29
용산구	용산동6가	남구만 초상	서울특별시 용산구 서빙고로 137(용산동6가)	보물	37.524087	126.980388	https://map.naver.com/p/search/%EB%82%A8%EA%B5%AC%EB%A7%8C%20%EC%B4%88%EC%83%81%20%EC%84%9C%EC%9A%B8%ED%8A%B9%EB%B3%84%EC%8B%9C%20%EC%9A%A9%EC%82%B0%EA%B5%AC%20%EC%84%9C%EB%B9%99%EA%B3%A0%EB%A1%9C%20137%28%EC%9A%A9%EC%82%B0%EB%8F%996%EA%B0%80%29
서대문구	신촌동	초조본 사두간진일태자이십팔수경	서울특별시 서대문구 연세로 50(신촌동)	보물	37.567113	126.939029	https://map.naver.com/p/search/%EC%B4%88%EC%A1%B0%EB%B3%B8%20%EC%82%AC%EB%91%90%EA%B0%84%EC%A7%84%EC%9D%BC%ED%83%9C%EC%9E%90%EC%9D%B4%EC%8B%AD%ED%8C%94%EC%88%98%EA%B2%BD%20%EC%84%9C%EC%9A%B8%ED%8A%B9%EB%B3%84%EC%8B%9C%20%EC%84%9C%EB%8C%80%EB%AC%B8%EA%B5%AC%20%EC%97%B0%EC%84%B8%EB%A1%9C%2050%28%EC%8B%A0%EC%B4%8C%EB%8F%99%29
관악구	신림동	대방광불화엄경 정원본 권8	서울 관악구 남부순환로152길 53, 호림박물관 (신림동,호림박물관)	보물	37.480982	126.918218	https://map.naver.com/p/search/%EB%8C%80%EB%B0%A9%EA%B4%91%EB%B6%88%ED%99%94%EC%97%84%EA%B2%BD%20%EC%A0%95%EC%9B%90%EB%B3%B8%20%EA%B6%8C8%20%EC%84%9C%EC%9A%B8%20%EA%B4%80%EC%95%85%EA%B5%AC%20%EB%82%A8%EB%B6%80%EC%88%9C%ED%99%98%EB%A1%9C152%EA%B8%B8%2053%2C%20%ED%98%B8%EB%A6%BC%EB%B0%95%EB%AC%BC%EA%B4%80%20%28%EC%8B%A0%EB%A6%BC%EB%8F%99%2C%ED%98%B8%EB%A6%BC%EB%B0%95%EB%AC%BC%EA%B4%80%29
관악구	신림동	대방광불화엄경 주본 권34	서울 관악구 남부순환로152길 53, 호림박물관 (신림동,호림박물관)	보물	37.480982	126.918218	https://map.naver.com/p/search/%EB%8C%80%EB%B0%A9%EA%B4%91%EB%B6%88%ED%99%94%EC%97%84%EA%B2%BD%20%EC%A3%BC%EB%B3%B8%20%EA%B6%8C34%20%EC%84%9C%EC%9A%B8%20%EA%B4%80%EC%95%85%EA%B5%AC%20%EB%82%A8%EB%B6%80%EC%88%9C%ED%99%98%EB%A1%9C152%EA%B8%B8%2053%2C%20%ED%98%B8%EB%A6%BC%EB%B0%95%EB%AC%BC%EA%B4%80%20%28%EC%8B%A0%EB%A6%BC%EB%8F%99%2C%ED%98%B8%EB%A6%BC%EB%B0%95%EB%AC%BC%EA%B4%80%29
서대문구	신촌동	초조본 잡아비담심론 권9	서울특별시 서대문구 연세로 50(신촌동)	보물	37.567113	126.939029	https://map.naver.com/p/search/%EC%B4%88%EC%A1%B0%EB%B3%B8%20%EC%9E%A1%EC%95%84%EB%B9%84%EB%8B%B4%EC%8B%AC%EB%A1%A0%20%EA%B6%8C9%20%EC%84%9C%EC%9A%B8%ED%8A%B9%EB%B3%84%EC%8B%9C%20%EC%84%9C%EB%8C%80%EB%AC%B8%EA%B5%AC%20%EC%97%B0%EC%84%B8%EB%A1%9C%2050%28%EC%8B%A0%EC%B4%8C%EB%8F%99%29
성북구	안암동5가	해동팔도봉화산악지도	서울특별시 성북구 안암로 145(안암동5가)	보물	37.58991	127.031812	https://map.naver.com/p/search/%ED%95%B4%EB%8F%99%ED%8C%94%EB%8F%84%EB%B4%89%ED%99%94%EC%82%B0%EC%95%85%EC%A7%80%EB%8F%84%20%EC%84%9C%EC%9A%B8%ED%8A%B9%EB%B3%84%EC%8B%9C%20%EC%84%B1%EB%B6%81%EA%B5%AC%20%EC%95%88%EC%95%94%EB%A1%9C%20145%28%EC%95%88%EC%95%94%EB%8F%995%EA%B0%80%29
성북구	안암동5가	서궐도안	서울특별시 성북구 안암로 145(안암동5가)	보물	37.58991	127.031812	https://map.naver.com/p/search/%EC%84%9C%EA%B6%90%EB%8F%84%EC%95%88%20%EC%84%9C%EC%9A%B8%ED%8A%B9%EB%B3%84%EC%8B%9C%20%EC%84%B1%EB%B6%81%EA%B5%AC%20%EC%95%88%EC%95%94%EB%A1%9C%20145%28%EC%95%88%EC%95%94%EB%8F%995%EA%B0%80%29
용산구	용산동6가	목우자수심결(언해)	서울특별시 용산구 서빙고로 137(용산동6가)	보물	37.524087	126.980388	https://map.naver.com/p/search/%EB%AA%A9%EC%9A%B0%EC%9E%90%EC%88%98%EC%8B%AC%EA%B2%B0%28%EC%96%B8%ED%95%B4%29%20%EC%84%9C%EC%9A%B8%ED%8A%B9%EB%B3%84%EC%8B%9C%20%EC%9A%A9%EC%82%B0%EA%B5%AC%20%EC%84%9C%EB%B9%99%EA%B3%A0%EB%A1%9C%20137%28%EC%9A%A9%EC%82%B0%EB%8F%996%EA%B0%80%29
관악구	신림동	함경도전도	서울 관악구 관악로 1,103동 서울대학교 규장각한국학연구원 (신림동,서울대학교)	보물	37.45337	126.957168	https://map.naver.com/p/search/%ED%95%A8%EA%B2%BD%EB%8F%84%EC%A0%84%EB%8F%84%20%EC%84%9C%EC%9A%B8%20%EA%B4%80%EC%95%85%EA%B5%AC%20%EA%B4%80%EC%95%85%EB%A1%9C%201%2C103%EB%8F%99%20%EC%84%9C%EC%9A%B8%EB%8C%80%ED%95%99%EA%B5%90%20%EA%B7%9C%EC%9E%A5%EA%B0%81%ED%95%9C%EA%B5%AD%ED%95%99%EC%97%B0%EA%B5%AC%EC%9B%90%20%28%EC%8B%A0%EB%A6%BC%EB%8F%99%2C%EC%84%9C%EC%9A%B8%EB%8C%80%ED%95%99%EA%B5%90%29
관악구	신림동	영남지도	서울 관악구 관악로 1,103동 서울대학교 규장각한국학연구원 (신림동,서울대학교)	보물	37.464007	126.952239	https://map.naver.com/p/search/%EC%98%81%EB%82%A8%EC%A7%80%EB%8F%84%20%EC%84%9C%EC%9A%B8%20%EA%B4%80%EC%95%85%EA%B5%AC%20%EA%B4%80%EC%95%85%EB%A1%9C%201%2C103%EB%8F%99%20%EC%84%9C%EC%9A%B8%EB%8C%80%ED%95%99%EA%B5%90%20%EA%B7%9C%EC%9E%A5%EA%B0%81%ED%95%9C%EA%B5%AD%ED%95%99%EC%97%B0%EA%B5%AC%EC%9B%90%20%28%EC%8B%A0%EB%A6%BC%EB%8F%99%2C%EC%84%9C%EC%9A%B8%EB%8C%80%ED%95%99%EA%B5%90%29
관악구	신림동	전주지도	서울 관악구 관악로 1,103동 서울대학교 규장각한국학연구원 (신림동,서울대학교)	보물	37.464007	126.952239	https://map.naver.com/p/search/%EC%A0%84%EC%A3%BC%EC%A7%80%EB%8F%84%20%EC%84%9C%EC%9A%B8%20%EA%B4%80%EC%95%85%EA%B5%AC%20%EA%B4%80%EC%95%85%EB%A1%9C%201%2C103%EB%8F%99%20%EC%84%9C%EC%9A%B8%EB%8C%80%ED%95%99%EA%B5%90%20%EA%B7%9C%EC%9E%A5%EA%B0%81%ED%95%9C%EA%B5%AD%ED%95%99%EC%97%B0%EA%B5%AC%EC%9B%90%20%28%EC%8B%A0%EB%A6%BC%EB%8F%99%2C%EC%84%9C%EC%9A%B8%EB%8C%80%ED%95%99%EA%B5%90%29
관악구	규장각한국학연구원동|신림동	조선지도	서울 관악구 관악로 1,103동 서울대학교 규장각한국학연구원동 (신림동,서울대학교)	보물	37.464007	126.952239	https://map.naver.com/p/search/%EC%A1%B0%EC%84%A0%EC%A7%80%EB%8F%84%20%EC%84%9C%EC%9A%B8%20%EA%B4%80%EC%95%85%EA%B5%AC%20%EA%B4%80%EC%95%85%EB%A1%9C%201%2C103%EB%8F%99%20%EC%84%9C%EC%9A%B8%EB%8C%80%ED%95%99%EA%B5%90%20%EA%B7%9C%EC%9E%A5%EA%B0%81%ED%95%9C%EA%B5%AD%ED%95%99%EC%97%B0%EA%B5%AC%EC%9B%90%EB%8F%99%20%28%EC%8B%A0%EB%A6%BC%EB%8F%99%2C%EC%84%9C%EC%9A%B8%EB%8C%80%ED%95%99%EA%B5%90%29
관악구	신림동	호서지도	서울 관악구 관악로 1,103동 서울대학교 규장각한국학연구원 (신림동,서울대학교)	보물	37.464007	126.952239	https://map.naver.com/p/search/%ED%98%B8%EC%84%9C%EC%A7%80%EB%8F%84%20%EC%84%9C%EC%9A%B8%20%EA%B4%80%EC%95%85%EA%B5%AC%20%EA%B4%80%EC%95%85%EB%A1%9C%201%2C103%EB%8F%99%20%EC%84%9C%EC%9A%B8%EB%8C%80%ED%95%99%EA%B5%90%20%EA%B7%9C%EC%9E%A5%EA%B0%81%ED%95%9C%EA%B5%AD%ED%95%99%EC%97%B0%EA%B5%AC%EC%9B%90%20%28%EC%8B%A0%EB%A6%BC%EB%8F%99%2C%EC%84%9C%EC%9A%B8%EB%8C%80%ED%95%99%EA%B5%90%29
관악구	신림동	화동고지도	서울 관악구 관악로 1,103동 서울대학교 규장각한국학연구원 (신림동,서울대학교)	보물	37.464007	126.952239	https://map.naver.com/p/search/%ED%99%94%EB%8F%99%EA%B3%A0%EC%A7%80%EB%8F%84%20%EC%84%9C%EC%9A%B8%20%EA%B4%80%EC%95%85%EA%B5%AC%20%EA%B4%80%EC%95%85%EB%A1%9C%201%2C103%EB%8F%99%20%EC%84%9C%EC%9A%B8%EB%8C%80%ED%95%99%EA%B5%90%20%EA%B7%9C%EC%9E%A5%EA%B0%81%ED%95%9C%EA%B5%AD%ED%95%99%EC%97%B0%EA%B5%AC%EC%9B%90%20%28%EC%8B%A0%EB%A6%BC%EB%8F%99%2C%EC%84%9C%EC%9A%B8%EB%8C%80%ED%95%99%EA%B5%90%29
관악구	신림동	해동지도	서울 관악구 관악로 1,103동 서울대학교 규장각한국학연구원 (신림동,서울대학교)	보물	37.464007	126.952239	https://map.naver.com/p/search/%ED%95%B4%EB%8F%99%EC%A7%80%EB%8F%84%20%EC%84%9C%EC%9A%B8%20%EA%B4%80%EC%95%85%EA%B5%AC%20%EA%B4%80%EC%95%85%EB%A1%9C%201%2C103%EB%8F%99%20%EC%84%9C%EC%9A%B8%EB%8C%80%ED%95%99%EA%B5%90%20%EA%B7%9C%EC%9E%A5%EA%B0%81%ED%95%9C%EA%B5%AD%ED%95%99%EC%97%B0%EA%B5%AC%EC%9B%90%20%28%EC%8B%A0%EB%A6%BC%EB%8F%99%2C%EC%84%9C%EC%9A%B8%EB%8C%80%ED%95%99%EA%B5%90%29
관악구	신림동	여지도	서울 관악구 관악로 1,103동 서울대학교 규장각한국학연구원 (신림동,서울대학교)	보물	37.464007	126.952239	https://map.naver.com/p/search/%EC%97%AC%EC%A7%80%EB%8F%84%20%EC%84%9C%EC%9A%B8%20%EA%B4%80%EC%95%85%EA%B5%AC%20%EA%B4%80%EC%95%85%EB%A1%9C%201%2C103%EB%8F%99%20%EC%84%9C%EC%9A%B8%EB%8C%80%ED%95%99%EA%B5%90%20%EA%B7%9C%EC%9E%A5%EA%B0%81%ED%95%9C%EA%B5%AD%ED%95%99%EC%97%B0%EA%B5%AC%EC%9B%90%20%28%EC%8B%A0%EB%A6%BC%EB%8F%99%2C%EC%84%9C%EC%9A%B8%EB%8C%80%ED%95%99%EA%B5%90%29
서초구	반포동	해동여지도	서울특별시 서초구 반포대로 201(반포동)	보물	37.49743	127.003102	https://map.naver.com/p/search/%ED%95%B4%EB%8F%99%EC%97%AC%EC%A7%80%EB%8F%84%20%EC%84%9C%EC%9A%B8%ED%8A%B9%EB%B3%84%EC%8B%9C%20%EC%84%9C%EC%B4%88%EA%B5%AC%20%EB%B0%98%ED%8F%AC%EB%8C%80%EB%A1%9C%20201%28%EB%B0%98%ED%8F%AC%EB%8F%99%29
성북구	안암동5가	청구도	서울특별시 성북구 안암로 145(안암동5가)	보물	37.5894	127.016749	https://map.naver.com/p/search/%EC%B2%AD%EA%B5%AC%EB%8F%84%20%EC%84%9C%EC%9A%B8%ED%8A%B9%EB%B3%84%EC%8B%9C%20%EC%84%B1%EB%B6%81%EA%B5%AC%20%EC%95%88%EC%95%94%EB%A1%9C%20145%28%EC%95%88%EC%95%94%EB%8F%995%EA%B0%80%29
서초구	반포동	목장지도	서울특별시 서초구 반포대로 201(반포동)	보물	37.49743	127.003102	https://map.naver.com/p/search/%EB%AA%A9%EC%9E%A5%EC%A7%80%EB%8F%84%20%EC%84%9C%EC%9A%B8%ED%8A%B9%EB%B3%84%EC%8B%9C%20%EC%84%9C%EC%B4%88%EA%B5%AC%20%EB%B0%98%ED%8F%AC%EB%8C%80%EB%A1%9C%20201%28%EB%B0%98%ED%8F%AC%EB%8F%99%29
중랑구	망우동	망우 독립유공자 묘역 - 오재영 묘소	서울특별시 중랑구 망우로76길 50-13(망우동)	국가등록유산	37.597916	127.106539	https://map.naver.com/p/search/%EB%A7%9D%EC%9A%B0%20%EB%8F%85%EB%A6%BD%EC%9C%A0%EA%B3%B5%EC%9E%90%20%EB%AC%98%EC%97%AD%20-%20%EC%98%A4%EC%9E%AC%EC%98%81%20%EB%AC%98%EC%86%8C%20%EC%84%9C%EC%9A%B8%ED%8A%B9%EB%B3%84%EC%8B%9C%20%EC%A4%91%EB%9E%91%EA%B5%AC%20%EB%A7%9D%EC%9A%B0%EB%A1%9C76%EA%B8%B8%2050-13%28%EB%A7%9D%EC%9A%B0%EB%8F%99%29
영등포구	여의도동	대한민국임시의정원 문서	서울특별시 영등포구 의사당대로 1(여의도동)	국가등록유산	37.531917	126.914203	https://map.naver.com/p/search/%EB%8C%80%ED%95%9C%EB%AF%BC%EA%B5%AD%EC%9E%84%EC%8B%9C%EC%9D%98%EC%A0%95%EC%9B%90%20%EB%AC%B8%EC%84%9C%20%EC%84%9C%EC%9A%B8%ED%8A%B9%EB%B3%84%EC%8B%9C%20%EC%98%81%EB%93%B1%ED%8F%AC%EA%B5%AC%20%EC%9D%98%EC%82%AC%EB%8B%B9%EB%8C%80%EB%A1%9C%201%28%EC%97%AC%EC%9D%98%EB%8F%84%EB%8F%99%29
용산구	용산동6가	서울 지장암 목조비로자나불좌상	서울특별시 용산구 서빙고로 137(용산동6가)	보물	37.524087	126.980388	https://map.naver.com/p/search/%EC%84%9C%EC%9A%B8%20%EC%A7%80%EC%9E%A5%EC%95%94%20%EB%AA%A9%EC%A1%B0%EB%B9%84%EB%A1%9C%EC%9E%90%EB%82%98%EB%B6%88%EC%A2%8C%EC%83%81%20%EC%84%9C%EC%9A%B8%ED%8A%B9%EB%B3%84%EC%8B%9C%20%EC%9A%A9%EC%82%B0%EA%B5%AC%20%EC%84%9C%EB%B9%99%EA%B3%A0%EB%A1%9C%20137%28%EC%9A%A9%EC%82%B0%EB%8F%996%EA%B0%80%29
용산구	용산동6가	황기로 초서 - 차운시	서울특별시 용산구 서빙고로 137 (용산동6가) 유물관리부	보물	37.5231057	126.9821761	https://map.naver.com/p/search/%ED%99%A9%EA%B8%B0%EB%A1%9C%20%EC%B4%88%EC%84%9C%20-%20%EC%B0%A8%EC%9A%B4%EC%8B%9C%20%EC%84%9C%EC%9A%B8%ED%8A%B9%EB%B3%84%EC%8B%9C%20%EC%9A%A9%EC%82%B0%EA%B5%AC%20%EC%84%9C%EB%B9%99%EA%B3%A0%EB%A1%9C%20137%20%28%EC%9A%A9%EC%82%B0%EB%8F%996%EA%B0%80%29%20%EC%9C%A0%EB%AC%BC%EA%B4%80%EB%A6%AC%EB%B6%80
용산구	용산동6가	효종어필 칠언시	서울특별시 용산구 서빙고로 137(용산동6가)	보물	37.524087	126.980388	https://map.naver.com/p/search/%ED%9A%A8%EC%A2%85%EC%96%B4%ED%95%84%20%EC%B9%A0%EC%96%B8%EC%8B%9C%20%EC%84%9C%EC%9A%B8%ED%8A%B9%EB%B3%84%EC%8B%9C%20%EC%9A%A9%EC%82%B0%EA%B5%AC%20%EC%84%9C%EB%B9%99%EA%B3%A0%EB%A1%9C%20137%28%EC%9A%A9%EC%82%B0%EB%8F%996%EA%B0%80%29
용산구	한남동	김정희 예서대련 호고연경	서울특별시 용산구 이태원로55길 60-16(한남동)	보물	37.538546	126.99881	https://map.naver.com/p/search/%EA%B9%80%EC%A0%95%ED%9D%AC%20%EC%98%88%EC%84%9C%EB%8C%80%EB%A0%A8%20%ED%98%B8%EA%B3%A0%EC%97%B0%EA%B2%BD%20%EC%84%9C%EC%9A%B8%ED%8A%B9%EB%B3%84%EC%8B%9C%20%EC%9A%A9%EC%82%B0%EA%B5%AC%20%EC%9D%B4%ED%83%9C%EC%9B%90%EB%A1%9C55%EA%B8%B8%2060-16%28%ED%95%9C%EB%82%A8%EB%8F%99%29
서초구		재조본 대승법계무차별론	서울특별시 서초구 나루터로4길 60 신반포20차아파트	보물	37.510139	127.011757	https://map.naver.com/p/search/%EC%9E%AC%EC%A1%B0%EB%B3%B8%20%EB%8C%80%EC%8A%B9%EB%B2%95%EA%B3%84%EB%AC%B4%EC%B0%A8%EB%B3%84%EB%A1%A0%20%EC%84%9C%EC%9A%B8%ED%8A%B9%EB%B3%84%EC%8B%9C%20%EC%84%9C%EC%B4%88%EA%B5%AC%20%EB%82%98%EB%A3%A8%ED%84%B0%EB%A1%9C4%EA%B8%B8%2060%20%EC%8B%A0%EB%B0%98%ED%8F%AC20%EC%B0%A8%EC%95%84%ED%8C%8C%ED%8A%B8
동작구	상도동	지리전서동림조담	서울특별시 동작구 장승배기로 78(상도동)	보물	37.568443	126.977744	https://map.naver.com/p/search/%EC%A7%80%EB%A6%AC%EC%A0%84%EC%84%9C%EB%8F%99%EB%A6%BC%EC%A1%B0%EB%8B%B4%20%EC%84%9C%EC%9A%B8%ED%8A%B9%EB%B3%84%EC%8B%9C%20%EB%8F%99%EC%9E%91%EA%B5%AC%20%EC%9E%A5%EC%8A%B9%EB%B0%B0%EA%B8%B0%EB%A1%9C%2078%28%EC%83%81%EB%8F%84%EB%8F%99%29
종로구	와룡동	창덕궁 향나무	서울특별시 종로구 율곡로 99(와룡동)	천연기념물	37.582604	126.991938	https://map.naver.com/p/search/%EC%B0%BD%EB%8D%95%EA%B6%81%20%ED%96%A5%EB%82%98%EB%AC%B4%20%EC%84%9C%EC%9A%B8%ED%8A%B9%EB%B3%84%EC%8B%9C%20%EC%A2%85%EB%A1%9C%EA%B5%AC%20%EC%9C%A8%EA%B3%A1%EB%A1%9C%2099%28%EC%99%80%EB%A3%A1%EB%8F%99%29
용산구	용산동6가	방상시 탈	서울특별시 용산구 서빙고로 137(용산동6가)	국가민속유산	37.524087	126.980388	https://map.naver.com/p/search/%EB%B0%A9%EC%83%81%EC%8B%9C%20%ED%83%88%20%EC%84%9C%EC%9A%B8%ED%8A%B9%EB%B3%84%EC%8B%9C%20%EC%9A%A9%EC%82%B0%EA%B5%AC%20%EC%84%9C%EB%B9%99%EA%B3%A0%EB%A1%9C%20137%28%EC%9A%A9%EC%82%B0%EB%8F%996%EA%B0%80%29
종로구	통일로18가|무악동	인왕산 국사당	서울특별시 종로구 통일로18가길 20(무악동)	국가민속유산	37.578879	126.959516	https://map.naver.com/p/search/%EC%9D%B8%EC%99%95%EC%82%B0%20%EA%B5%AD%EC%82%AC%EB%8B%B9%20%EC%84%9C%EC%9A%B8%ED%8A%B9%EB%B3%84%EC%8B%9C%20%EC%A2%85%EB%A1%9C%EA%B5%AC%20%ED%86%B5%EC%9D%BC%EB%A1%9C18%EA%B0%80%EA%B8%B8%2020%28%EB%AC%B4%EC%95%85%EB%8F%99%29
광진구	능동|군자동	전 황후 황원삼	서울특별시 광진구 능동로 209(군자동)	국가민속유산	37.551471	127.073884	https://map.naver.com/p/search/%EC%A0%84%20%ED%99%A9%ED%9B%84%20%ED%99%A9%EC%9B%90%EC%82%BC%20%EC%84%9C%EC%9A%B8%ED%8A%B9%EB%B3%84%EC%8B%9C%20%EA%B4%91%EC%A7%84%EA%B5%AC%20%EB%8A%A5%EB%8F%99%EB%A1%9C%20209%28%EA%B5%B0%EC%9E%90%EB%8F%99%29
광진구	능동|군자동	수복칠보석류문 황갈단 당의	서울특별시 광진구 능동로 209(군자동)	국가민속유산	37.551471	127.073884	https://map.naver.com/p/search/%EC%88%98%EB%B3%B5%EC%B9%A0%EB%B3%B4%EC%84%9D%EB%A5%98%EB%AC%B8%20%ED%99%A9%EA%B0%88%EB%8B%A8%20%EB%8B%B9%EC%9D%98%20%EC%84%9C%EC%9A%B8%ED%8A%B9%EB%B3%84%EC%8B%9C%20%EA%B4%91%EC%A7%84%EA%B5%AC%20%EB%8A%A5%EB%8F%99%EB%A1%9C%20209%28%EA%B5%B0%EC%9E%90%EB%8F%99%29
성동구	성동|옥수동	월인석보 권7-10	서울특별시 성동구 독서당로40길 21(옥수동)	유형문화유산	37.543521	127.017215	https://map.naver.com/p/search/%EC%9B%94%EC%9D%B8%EC%84%9D%EB%B3%B4%20%EA%B6%8C7-10%20%EC%84%9C%EC%9A%B8%ED%8A%B9%EB%B3%84%EC%8B%9C%20%EC%84%B1%EB%8F%99%EA%B5%AC%20%EB%8F%85%EC%84%9C%EB%8B%B9%EB%A1%9C40%EA%B8%B8%2021%28%EC%98%A5%EC%88%98%EB%8F%99%29
성동구	성동|옥수동	미타사 극락전 치성광여래도	서울특별시 성동구 독서당로40길 21(옥수동)	유형문화유산	37.543521	127.017215	https://map.naver.com/p/search/%EB%AF%B8%ED%83%80%EC%82%AC%20%EA%B7%B9%EB%9D%BD%EC%A0%84%20%EC%B9%98%EC%84%B1%EA%B4%91%EC%97%AC%EB%9E%98%EB%8F%84%20%EC%84%9C%EC%9A%B8%ED%8A%B9%EB%B3%84%EC%8B%9C%20%EC%84%B1%EB%8F%99%EA%B5%AC%20%EB%8F%85%EC%84%9C%EB%8B%B9%EB%A1%9C40%EA%B8%B8%2021%28%EC%98%A5%EC%88%98%EB%8F%99%29
성동구	성동|옥수동	미타사 아미타여래괘불도	서울특별시 성동구 독서당로40길 21(옥수동)	유형문화유산	37.543521	127.017215	https://map.naver.com/p/search/%EB%AF%B8%ED%83%80%EC%82%AC%20%EC%95%84%EB%AF%B8%ED%83%80%EC%97%AC%EB%9E%98%EA%B4%98%EB%B6%88%EB%8F%84%20%EC%84%9C%EC%9A%B8%ED%8A%B9%EB%B3%84%EC%8B%9C%20%EC%84%B1%EB%8F%99%EA%B5%AC%20%EB%8F%85%EC%84%9C%EB%8B%B9%EB%A1%9C40%EA%B8%B8%2021%28%EC%98%A5%EC%88%98%EB%8F%99%29
종로구	견지동	신겸 필 감지금니묘법연화경	서울특별시 종로구 우정국로 55(견지동)	유형문화유산	37.574494	126.982017	https://map.naver.com/p/search/%EC%8B%A0%EA%B2%B8%20%ED%95%84%20%EA%B0%90%EC%A7%80%EA%B8%88%EB%8B%88%EB%AC%98%EB%B2%95%EC%97%B0%ED%99%94%EA%B2%BD%20%EC%84%9C%EC%9A%B8%ED%8A%B9%EB%B3%84%EC%8B%9C%20%EC%A2%85%EB%A1%9C%EA%B5%AC%20%EC%9A%B0%EC%A0%95%EA%B5%AD%EB%A1%9C%2055%28%EA%B2%AC%EC%A7%80%EB%8F%99%29
광진구	능동|군자동	수복칠보석류보상화문 황갈단 당의	서울특별시 광진구 능동로 209(군자동)	국가민속유산	37.551471	127.073884	https://map.naver.com/p/search/%EC%88%98%EB%B3%B5%EC%B9%A0%EB%B3%B4%EC%84%9D%EB%A5%98%EB%B3%B4%EC%83%81%ED%99%94%EB%AC%B8%20%ED%99%A9%EA%B0%88%EB%8B%A8%20%EB%8B%B9%EC%9D%98%20%EC%84%9C%EC%9A%B8%ED%8A%B9%EB%B3%84%EC%8B%9C%20%EA%B4%91%EC%A7%84%EA%B5%AC%20%EB%8A%A5%EB%8F%99%EB%A1%9C%20209%28%EA%B5%B0%EC%9E%90%EB%8F%99%29
광진구	능동|군자동	곤룡포 부 용문보	서울특별시 광진구 능동로 209(군자동)	국가민속유산	37.551471	127.073884	https://map.naver.com/p/search/%EA%B3%A4%EB%A3%A1%ED%8F%AC%20%EB%B6%80%20%EC%9A%A9%EB%AC%B8%EB%B3%B4%20%EC%84%9C%EC%9A%B8%ED%8A%B9%EB%B3%84%EC%8B%9C%20%EA%B4%91%EC%A7%84%EA%B5%AC%20%EB%8A%A5%EB%8F%99%EB%A1%9C%20209%28%EA%B5%B0%EC%9E%90%EB%8F%99%29
서대문구	대현동	청초중단	서울특별시 서대문구 이화여대길 52(대현동)	국가민속유산	37.56174	126.947245	https://map.naver.com/p/search/%EC%B2%AD%EC%B4%88%EC%A4%91%EB%8B%A8%20%EC%84%9C%EC%9A%B8%ED%8A%B9%EB%B3%84%EC%8B%9C%20%EC%84%9C%EB%8C%80%EB%AC%B8%EA%B5%AC%20%EC%9D%B4%ED%99%94%EC%97%AC%EB%8C%80%EA%B8%B8%2052%28%EB%8C%80%ED%98%84%EB%8F%99%29
서대문구	대현동	왕비 녹원삼	서울특별시 서대문구 이화여대길 52(대현동)	국가민속유산	37.56174	126.947245	https://map.naver.com/p/search/%EC%99%95%EB%B9%84%20%EB%85%B9%EC%9B%90%EC%82%BC%20%EC%84%9C%EC%9A%B8%ED%8A%B9%EB%B3%84%EC%8B%9C%20%EC%84%9C%EB%8C%80%EB%AC%B8%EA%B5%AC%20%EC%9D%B4%ED%99%94%EC%97%AC%EB%8C%80%EA%B8%B8%2052%28%EB%8C%80%ED%98%84%EB%8F%99%29
서대문구	신촌동	벽역신방	서울특별시 서대문구 연세로 50-1 (신촌동) 연세대학교 의과대학 동은의학박물관	보물	37.5647113	126.9394992	https://map.naver.com/p/search/%EB%B2%BD%EC%97%AD%EC%8B%A0%EB%B0%A9%20%EC%84%9C%EC%9A%B8%ED%8A%B9%EB%B3%84%EC%8B%9C%20%EC%84%9C%EB%8C%80%EB%AC%B8%EA%B5%AC%20%EC%97%B0%EC%84%B8%EB%A1%9C%2050-1%20%28%EC%8B%A0%EC%B4%8C%EB%8F%99%29%20%EC%97%B0%EC%84%B8%EB%8C%80%ED%95%99%EA%B5%90%20%EC%9D%98%EA%B3%BC%EB%8C%80%ED%95%99%20%EB%8F%99%EC%9D%80%EC%9D%98%ED%95%99%EB%B0%95%EB%AC%BC%EA%B4%80
종로구	와룡동	창덕궁 다래나무	서울특별시 종로구 율곡로 99(와룡동)	천연기념물	37.582604	126.991938	https://map.naver.com/p/search/%EC%B0%BD%EB%8D%95%EA%B6%81%20%EB%8B%A4%EB%9E%98%EB%82%98%EB%AC%B4%20%EC%84%9C%EC%9A%B8%ED%8A%B9%EB%B3%84%EC%8B%9C%20%EC%A2%85%EB%A1%9C%EA%B5%AC%20%EC%9C%A8%EA%B3%A1%EB%A1%9C%2099%28%EC%99%80%EB%A3%A1%EB%8F%99%29
종로구	삼청동	서울 삼청동 등나무	서울특별시 종로구 삼청로 95(삼청동)	천연기념물	37.584747	126.981062	https://map.naver.com/p/search/%EC%84%9C%EC%9A%B8%20%EC%82%BC%EC%B2%AD%EB%8F%99%20%EB%93%B1%EB%82%98%EB%AC%B4%20%EC%84%9C%EC%9A%B8%ED%8A%B9%EB%B3%84%EC%8B%9C%20%EC%A2%85%EB%A1%9C%EA%B5%AC%20%EC%82%BC%EC%B2%AD%EB%A1%9C%2095%28%EC%82%BC%EC%B2%AD%EB%8F%99%29
종로구	삼청동	서울 삼청동 측백나무	서울특별시 종로구 삼청로 95(삼청동)	천연기념물	37.584747	126.981062	https://map.naver.com/p/search/%EC%84%9C%EC%9A%B8%20%EC%82%BC%EC%B2%AD%EB%8F%99%20%EC%B8%A1%EB%B0%B1%EB%82%98%EB%AC%B4%20%EC%84%9C%EC%9A%B8%ED%8A%B9%EB%B3%84%EC%8B%9C%20%EC%A2%85%EB%A1%9C%EA%B5%AC%20%EC%82%BC%EC%B2%AD%EB%A1%9C%2095%28%EC%82%BC%EC%B2%AD%EB%8F%99%29
종로구	와룡동	창덕궁 회화나무 군	서울특별시 종로구 율곡로 99(와룡동)	천연기념물	37.582604	126.991938	https://map.naver.com/p/search/%EC%B0%BD%EB%8D%95%EA%B6%81%20%ED%9A%8C%ED%99%94%EB%82%98%EB%AC%B4%20%EA%B5%B0%20%EC%84%9C%EC%9A%B8%ED%8A%B9%EB%B3%84%EC%8B%9C%20%EC%A2%85%EB%A1%9C%EA%B5%AC%20%EC%9C%A8%EA%B3%A1%EB%A1%9C%2099%28%EC%99%80%EB%A3%A1%EB%8F%99%29
서초구	반포동	신묘삼월 문무과전시방목	서울특별시 서초구 고무래로 35(반포동, 반포리체아파트) 103동 3102호	보물	37.503765	127.013345	https://map.naver.com/p/search/%EC%8B%A0%EB%AC%98%EC%82%BC%EC%9B%94%20%EB%AC%B8%EB%AC%B4%EA%B3%BC%EC%A0%84%EC%8B%9C%EB%B0%A9%EB%AA%A9%20%EC%84%9C%EC%9A%B8%ED%8A%B9%EB%B3%84%EC%8B%9C%20%EC%84%9C%EC%B4%88%EA%B5%AC%20%EA%B3%A0%EB%AC%B4%EB%9E%98%EB%A1%9C%2035%28%EB%B0%98%ED%8F%AC%EB%8F%99%2C%20%EB%B0%98%ED%8F%AC%EB%A6%AC%EC%B2%B4%EC%95%84%ED%8C%8C%ED%8A%B8%29%20103%EB%8F%99%203102%ED%98%B8
종로구	인사동|관훈동	감로탱화	서울특별시 종로구 인사동길 62-5 (관훈동) 5층	보물	37.5754765	126.983857	https://map.naver.com/p/search/%EA%B0%90%EB%A1%9C%ED%83%B1%ED%99%94%20%EC%84%9C%EC%9A%B8%ED%8A%B9%EB%B3%84%EC%8B%9C%20%EC%A2%85%EB%A1%9C%EA%B5%AC%20%EC%9D%B8%EC%82%AC%EB%8F%99%EA%B8%B8%2062-5%20%28%EA%B4%80%ED%9B%88%EB%8F%99%29%205%EC%B8%B5
중랑구	묵동	법집별행록절요병입사기	서울특별시 중랑구 숙선옹주로 69(묵동)	유형문화유산	37.606324	127.092584	https://map.naver.com/p/search/%EB%B2%95%EC%A7%91%EB%B3%84%ED%96%89%EB%A1%9D%EC%A0%88%EC%9A%94%EB%B3%91%EC%9E%85%EC%82%AC%EA%B8%B0%20%EC%84%9C%EC%9A%B8%ED%8A%B9%EB%B3%84%EC%8B%9C%20%EC%A4%91%EB%9E%91%EA%B5%AC%20%EC%88%99%EC%84%A0%EC%98%B9%EC%A3%BC%EB%A1%9C%2069%28%EB%AC%B5%EB%8F%99%29
종로구		경산 정원용 의대	서울특별시 종로구 삼청로 37(세종로)	국가민속유산	37.581565	126.978931	https://map.naver.com/p/search/%EA%B2%BD%EC%82%B0%20%EC%A0%95%EC%9B%90%EC%9A%A9%20%EC%9D%98%EB%8C%80%20%EC%84%9C%EC%9A%B8%ED%8A%B9%EB%B3%84%EC%8B%9C%20%EC%A2%85%EB%A1%9C%EA%B5%AC%20%EC%82%BC%EC%B2%AD%EB%A1%9C%2037%28%EC%84%B8%EC%A2%85%EB%A1%9C%29
광진구	능동|군자동	황후 청석	서울특별시 광진구 능동로 209(군자동)	국가민속유산	37.551471	127.073884	https://map.naver.com/p/search/%ED%99%A9%ED%9B%84%20%EC%B2%AD%EC%84%9D%20%EC%84%9C%EC%9A%B8%ED%8A%B9%EB%B3%84%EC%8B%9C%20%EA%B4%91%EC%A7%84%EA%B5%AC%20%EB%8A%A5%EB%8F%99%EB%A1%9C%20209%28%EA%B5%B0%EC%9E%90%EB%8F%99%29
용산구	청파동3가	초충수병(4폭)	서울특별시 용산구 청파로47길 99(청파동3가)	국가민속유산	37.544223	126.964953	https://map.naver.com/p/search/%EC%B4%88%EC%B6%A9%EC%88%98%EB%B3%91%284%ED%8F%AD%29%20%EC%84%9C%EC%9A%B8%ED%8A%B9%EB%B3%84%EC%8B%9C%20%EC%9A%A9%EC%82%B0%EA%B5%AC%20%EC%B2%AD%ED%8C%8C%EB%A1%9C47%EA%B8%B8%2099%28%EC%B2%AD%ED%8C%8C%EB%8F%993%EA%B0%80%29
용산구	용산동6가	적의본 및 폐슬본	서울특별시 용산구 서빙고로 137(용산동6가)	국가민속유산	37.524087	126.980388	https://map.naver.com/p/search/%EC%A0%81%EC%9D%98%EB%B3%B8%20%EB%B0%8F%20%ED%8F%90%EC%8A%AC%EB%B3%B8%20%EC%84%9C%EC%9A%B8%ED%8A%B9%EB%B3%84%EC%8B%9C%20%EC%9A%A9%EC%82%B0%EA%B5%AC%20%EC%84%9C%EB%B9%99%EA%B3%A0%EB%A1%9C%20137%28%EC%9A%A9%EC%82%B0%EB%8F%996%EA%B0%80%29
성북구	안암동5가	고대박물관 소장 홍진종 의복	서울특별시 성북구 안암로 145(안암동5가)	국가민속유산	37.58991	127.031812	https://map.naver.com/p/search/%EA%B3%A0%EB%8C%80%EB%B0%95%EB%AC%BC%EA%B4%80%20%EC%86%8C%EC%9E%A5%20%ED%99%8D%EC%A7%84%EC%A2%85%20%EC%9D%98%EB%B3%B5%20%EC%84%9C%EC%9A%B8%ED%8A%B9%EB%B3%84%EC%8B%9C%20%EC%84%B1%EB%B6%81%EA%B5%AC%20%EC%95%88%EC%95%94%EB%A1%9C%20145%28%EC%95%88%EC%95%94%EB%8F%995%EA%B0%80%29
용산구	청파동2가	흥완군 의복	서울특별시 용산구 청파로47길 100(청파동2가)	국가민속유산	37.545947	126.964578	https://map.naver.com/p/search/%ED%9D%A5%EC%99%84%EA%B5%B0%20%EC%9D%98%EB%B3%B5%20%EC%84%9C%EC%9A%B8%ED%8A%B9%EB%B3%84%EC%8B%9C%20%EC%9A%A9%EC%82%B0%EA%B5%AC%20%EC%B2%AD%ED%8C%8C%EB%A1%9C47%EA%B8%B8%20100%28%EC%B2%AD%ED%8C%8C%EB%8F%992%EA%B0%80%29
종로구		장영직 유품	서울특별시 종로구 삼청로 37(세종로)	국가민속유산	37.581565	126.978931	https://map.naver.com/p/search/%EC%9E%A5%EC%98%81%EC%A7%81%20%EC%9C%A0%ED%92%88%20%EC%84%9C%EC%9A%B8%ED%8A%B9%EB%B3%84%EC%8B%9C%20%EC%A2%85%EB%A1%9C%EA%B5%AC%20%EC%82%BC%EC%B2%AD%EB%A1%9C%2037%28%EC%84%B8%EC%A2%85%EB%A1%9C%29
서대문구	대현동	영암 최원립장군 묘 출토복식?유물	서울특별시 서대문구 이화여대길 52(대현동)	국가민속유산	37.56174	126.947245	https://map.naver.com/p/search/%EC%98%81%EC%95%94%20%EC%B5%9C%EC%9B%90%EB%A6%BD%EC%9E%A5%EA%B5%B0%20%EB%AC%98%20%EC%B6%9C%ED%86%A0%EB%B3%B5%EC%8B%9D%3F%EC%9C%A0%EB%AC%BC%20%EC%84%9C%EC%9A%B8%ED%8A%B9%EB%B3%84%EC%8B%9C%20%EC%84%9C%EB%8C%80%EB%AC%B8%EA%B5%AC%20%EC%9D%B4%ED%99%94%EC%97%AC%EB%8C%80%EA%B8%B8%2052%28%EB%8C%80%ED%98%84%EB%8F%99%29
종로구		영친왕 일가 복식 및 장신구류	서울특별시 종로구 효자로 12(세종로)	국가민속유산	37.576668	126.974922	https://map.naver.com/p/search/%EC%98%81%EC%B9%9C%EC%99%95%20%EC%9D%BC%EA%B0%80%20%EB%B3%B5%EC%8B%9D%20%EB%B0%8F%20%EC%9E%A5%EC%8B%A0%EA%B5%AC%EB%A5%98%20%EC%84%9C%EC%9A%B8%ED%8A%B9%EB%B3%84%EC%8B%9C%20%EC%A2%85%EB%A1%9C%EA%B5%AC%20%ED%9A%A8%EC%9E%90%EB%A1%9C%2012%28%EC%84%B8%EC%A2%85%EB%A1%9C%29
관악구	신림동	금동탄생불입상	서울 관악구 남부순환로152길 53, 호림박물관 (신림동,호림박물관)	보물	37.480982	126.918218	https://map.naver.com/p/search/%EA%B8%88%EB%8F%99%ED%83%84%EC%83%9D%EB%B6%88%EC%9E%85%EC%83%81%20%EC%84%9C%EC%9A%B8%20%EA%B4%80%EC%95%85%EA%B5%AC%20%EB%82%A8%EB%B6%80%EC%88%9C%ED%99%98%EB%A1%9C152%EA%B8%B8%2053%2C%20%ED%98%B8%EB%A6%BC%EB%B0%95%EB%AC%BC%EA%B4%80%20%28%EC%8B%A0%EB%A6%BC%EB%8F%99%2C%ED%98%B8%EB%A6%BC%EB%B0%95%EB%AC%BC%EA%B4%80%29
용산구	한남동	백자 청화 ‘망우대’명 초충문 접시	서울특별시 용산구 이태원로55길 60-16(한남동)	보물	37.538546	126.99881	https://map.naver.com/p/search/%EB%B0%B1%EC%9E%90%20%EC%B2%AD%ED%99%94%20%E2%80%98%EB%A7%9D%EC%9A%B0%EB%8C%80%E2%80%99%EB%AA%85%20%EC%B4%88%EC%B6%A9%EB%AC%B8%20%EC%A0%91%EC%8B%9C%20%EC%84%9C%EC%9A%B8%ED%8A%B9%EB%B3%84%EC%8B%9C%20%EC%9A%A9%EC%82%B0%EA%B5%AC%20%EC%9D%B4%ED%83%9C%EC%9B%90%EB%A1%9C55%EA%B8%B8%2060-16%28%ED%95%9C%EB%82%A8%EB%8F%99%29
중구	저동1가	대동여지도	서울특별시 중구 삼일대로 330(저동1가) (재)한국교회사연구소	유형문화유산	37.564406	126.988468	https://map.naver.com/p/search/%EB%8C%80%EB%8F%99%EC%97%AC%EC%A7%80%EB%8F%84%20%EC%84%9C%EC%9A%B8%ED%8A%B9%EB%B3%84%EC%8B%9C%20%EC%A4%91%EA%B5%AC%20%EC%82%BC%EC%9D%BC%EB%8C%80%EB%A1%9C%20330%28%EC%A0%80%EB%8F%991%EA%B0%80%29%20%28%EC%9E%AC%29%ED%95%9C%EA%B5%AD%EA%B5%90%ED%9A%8C%EC%82%AC%EC%97%B0%EA%B5%AC%EC%86%8C
강남구	삼성동	봉은사 판전	서울특별시 강남구 봉은사로 531(삼성동)	유형문화유산	37.5151279	127.0562378	https://map.naver.com/p/search/%EB%B4%89%EC%9D%80%EC%82%AC%20%ED%8C%90%EC%A0%84%20%EC%84%9C%EC%9A%B8%ED%8A%B9%EB%B3%84%EC%8B%9C%20%EA%B0%95%EB%82%A8%EA%B5%AC%20%EB%B4%89%EC%9D%80%EC%82%AC%EB%A1%9C%20531%28%EC%82%BC%EC%84%B1%EB%8F%99%29
중랑구	묵동	장세호 유서	서울특별시 중랑구 숙선옹주로 69(묵동)	유형문화유산	37.61486	127.084029	https://map.naver.com/p/search/%EC%9E%A5%EC%84%B8%ED%98%B8%20%EC%9C%A0%EC%84%9C%20%EC%84%9C%EC%9A%B8%ED%8A%B9%EB%B3%84%EC%8B%9C%20%EC%A4%91%EB%9E%91%EA%B5%AC%20%EC%88%99%EC%84%A0%EC%98%B9%EC%A3%BC%EB%A1%9C%2069%28%EB%AC%B5%EB%8F%99%29
성북구	동소문동4가	서울 돈암장	서울특별시 성북구 동소문로3길 84(동소문동4가)	국가등록유산	37.59146	127.009464	https://map.naver.com/p/search/%EC%84%9C%EC%9A%B8%20%EB%8F%88%EC%95%94%EC%9E%A5%20%EC%84%9C%EC%9A%B8%ED%8A%B9%EB%B3%84%EC%8B%9C%20%EC%84%B1%EB%B6%81%EA%B5%AC%20%EB%8F%99%EC%86%8C%EB%AC%B8%EB%A1%9C3%EA%B8%B8%2084%28%EB%8F%99%EC%86%8C%EB%AC%B8%EB%8F%994%EA%B0%80%29
성북구	동선동3가	서울 동선동 권진규 아틀리에	서울특별시 성북구 동소문로26마길 2-15(동선동3가)	국가등록유산	37.594333	127.021677	https://map.naver.com/p/search/%EC%84%9C%EC%9A%B8%20%EB%8F%99%EC%84%A0%EB%8F%99%20%EA%B6%8C%EC%A7%84%EA%B7%9C%20%EC%95%84%ED%8B%80%EB%A6%AC%EC%97%90%20%EC%84%9C%EC%9A%B8%ED%8A%B9%EB%B3%84%EC%8B%9C%20%EC%84%B1%EB%B6%81%EA%B5%AC%20%EB%8F%99%EC%86%8C%EB%AC%B8%EB%A1%9C26%EB%A7%88%EA%B8%B8%202-15%28%EB%8F%99%EC%84%A0%EB%8F%993%EA%B0%80%29
마포구	창전동	서울 창전동 공민왕 사당	서울특별시 마포구 독막로21길 13(창전동)	국가등록유산	37.548589	126.92855	https://map.naver.com/p/search/%EC%84%9C%EC%9A%B8%20%EC%B0%BD%EC%A0%84%EB%8F%99%20%EA%B3%B5%EB%AF%BC%EC%99%95%20%EC%82%AC%EB%8B%B9%20%EC%84%9C%EC%9A%B8%ED%8A%B9%EB%B3%84%EC%8B%9C%20%EB%A7%88%ED%8F%AC%EA%B5%AC%20%EB%8F%85%EB%A7%89%EB%A1%9C21%EA%B8%B8%2013%28%EC%B0%BD%EC%A0%84%EB%8F%99%29
중랑구	묵동	불조삼경	서울특별시 중랑구 숙선옹주로 69(묵동)	유형문화유산	37.614857	127.084038	https://map.naver.com/p/search/%EB%B6%88%EC%A1%B0%EC%82%BC%EA%B2%BD%20%EC%84%9C%EC%9A%B8%ED%8A%B9%EB%B3%84%EC%8B%9C%20%EC%A4%91%EB%9E%91%EA%B5%AC%20%EC%88%99%EC%84%A0%EC%98%B9%EC%A3%BC%EB%A1%9C%2069%28%EB%AC%B5%EB%8F%99%29
중구	서소문동	서울 구 대법원 청사	서울특별시 중구 덕수궁길 15(서소문동)	국가등록유산	37.564318	126.974444	https://map.naver.com/p/search/%EC%84%9C%EC%9A%B8%20%EA%B5%AC%20%EB%8C%80%EB%B2%95%EC%9B%90%20%EC%B2%AD%EC%82%AC%20%EC%84%9C%EC%9A%B8%ED%8A%B9%EB%B3%84%EC%8B%9C%20%EC%A4%91%EA%B5%AC%20%EB%8D%95%EC%88%98%EA%B6%81%EA%B8%B8%2015%28%EC%84%9C%EC%86%8C%EB%AC%B8%EB%8F%99%29
중구	정동	경운궁 양이재	서울특별시 중구 세종대로21길 15(정동)	국가등록유산	37.566988	126.975504	https://map.naver.com/p/search/%EA%B2%BD%EC%9A%B4%EA%B6%81%20%EC%96%91%EC%9D%B4%EC%9E%AC%20%EC%84%9C%EC%9A%B8%ED%8A%B9%EB%B3%84%EC%8B%9C%20%EC%A4%91%EA%B5%AC%20%EC%84%B8%EC%A2%85%EB%8C%80%EB%A1%9C21%EA%B8%B8%2015%28%EC%A0%95%EB%8F%99%29
성북구	하월곡동	동덕여자의숙 태극기	서울특별시 성북구 화랑로13길 60(하월곡동)	국가등록유산	37.606369	127.041822	https://map.naver.com/p/search/%EB%8F%99%EB%8D%95%EC%97%AC%EC%9E%90%EC%9D%98%EC%88%99%20%ED%83%9C%EA%B7%B9%EA%B8%B0%20%EC%84%9C%EC%9A%B8%ED%8A%B9%EB%B3%84%EC%8B%9C%20%EC%84%B1%EB%B6%81%EA%B5%AC%20%ED%99%94%EB%9E%91%EB%A1%9C13%EA%B8%B8%2060%28%ED%95%98%EC%9B%94%EA%B3%A1%EB%8F%99%29
마포구	서교동	서울 서교동 최규하 가옥	서울특별시 마포구 동교로15길 10(서교동)	국가등록유산	37.555316	126.914875	https://map.naver.com/p/search/%EC%84%9C%EC%9A%B8%20%EC%84%9C%EA%B5%90%EB%8F%99%20%EC%B5%9C%EA%B7%9C%ED%95%98%20%EA%B0%80%EC%98%A5%20%EC%84%9C%EC%9A%B8%ED%8A%B9%EB%B3%84%EC%8B%9C%20%EB%A7%88%ED%8F%AC%EA%B5%AC%20%EB%8F%99%EA%B5%90%EB%A1%9C15%EA%B8%B8%2010%28%EC%84%9C%EA%B5%90%EB%8F%99%29
성북구	성북동	묘법연화경	서울특별시 성북구 대사관로13길 44(성북동)	유형문화유산	37.60176	126.99101	https://map.naver.com/p/search/%EB%AC%98%EB%B2%95%EC%97%B0%ED%99%94%EA%B2%BD%20%EC%84%9C%EC%9A%B8%ED%8A%B9%EB%B3%84%EC%8B%9C%20%EC%84%B1%EB%B6%81%EA%B5%AC%20%EB%8C%80%EC%82%AC%EA%B4%80%EB%A1%9C13%EA%B8%B8%2044%28%EC%84%B1%EB%B6%81%EB%8F%99%29
용산구	용산동6가	백악춘효	서울특별시 용산구 서빙고로 137(용산동6가)	국가등록유산	37.524087	126.980388	https://map.naver.com/p/search/%EB%B0%B1%EC%95%85%EC%B6%98%ED%9A%A8%20%EC%84%9C%EC%9A%B8%ED%8A%B9%EB%B3%84%EC%8B%9C%20%EC%9A%A9%EC%82%B0%EA%B5%AC%20%EC%84%9C%EB%B9%99%EA%B3%A0%EB%A1%9C%20137%28%EC%9A%A9%EC%82%B0%EB%8F%996%EA%B0%80%29
노원구	공릉동	제14회 런던올림픽 참가 페넌트	서울특별시 노원구 화랑로 727(공릉동)	국가등록유산	37.636414	127.10375	https://map.naver.com/p/search/%EC%A0%9C14%ED%9A%8C%20%EB%9F%B0%EB%8D%98%EC%98%AC%EB%A6%BC%ED%94%BD%20%EC%B0%B8%EA%B0%80%20%ED%8E%98%EB%84%8C%ED%8A%B8%20%EC%84%9C%EC%9A%B8%ED%8A%B9%EB%B3%84%EC%8B%9C%20%EB%85%B8%EC%9B%90%EA%B5%AC%20%ED%99%94%EB%9E%91%EB%A1%9C%20727%28%EA%B3%B5%EB%A6%89%EB%8F%99%29
성북구	성북동	몽산화상육도보설	서울특별시 성북구 대사관로13길 44(성북동)	유형문화유산	37.601764	126.991005	https://map.naver.com/p/search/%EB%AA%BD%EC%82%B0%ED%99%94%EC%83%81%EC%9C%A1%EB%8F%84%EB%B3%B4%EC%84%A4%20%EC%84%9C%EC%9A%B8%ED%8A%B9%EB%B3%84%EC%8B%9C%20%EC%84%B1%EB%B6%81%EA%B5%AC%20%EB%8C%80%EC%82%AC%EA%B4%80%EB%A1%9C13%EA%B8%B8%2044%28%EC%84%B1%EB%B6%81%EB%8F%99%29
양천구	신정동	임병찬 초상	서울특별시 양천구 신정로11길 20(신정동, 동일하이빌아파트) 203동 1602호	유형문화유산	37.511478	126.840665	https://map.naver.com/p/search/%EC%9E%84%EB%B3%91%EC%B0%AC%20%EC%B4%88%EC%83%81%20%EC%84%9C%EC%9A%B8%ED%8A%B9%EB%B3%84%EC%8B%9C%20%EC%96%91%EC%B2%9C%EA%B5%AC%20%EC%8B%A0%EC%A0%95%EB%A1%9C11%EA%B8%B8%2020%28%EC%8B%A0%EC%A0%95%EB%8F%99%2C%20%EB%8F%99%EC%9D%BC%ED%95%98%EC%9D%B4%EB%B9%8C%EC%95%84%ED%8C%8C%ED%8A%B8%29%20203%EB%8F%99%201602%ED%98%B8
서대문구	신촌동	러들로 흉판	서울특별시 서대문구 연세로 50-1(신촌동)	국가등록유산	37.562345	126.940827	https://map.naver.com/p/search/%EB%9F%AC%EB%93%A4%EB%A1%9C%20%ED%9D%89%ED%8C%90%20%EC%84%9C%EC%9A%B8%ED%8A%B9%EB%B3%84%EC%8B%9C%20%EC%84%9C%EB%8C%80%EB%AC%B8%EA%B5%AC%20%EC%97%B0%EC%84%B8%EB%A1%9C%2050-1%28%EC%8B%A0%EC%B4%8C%EB%8F%99%29
강북구	우이동	서울 손병희 묘소	서울 강북구 우이동 산 28-1	국가등록유산	37.659236	127.005757	https://map.naver.com/p/search/%EC%84%9C%EC%9A%B8%20%EC%86%90%EB%B3%91%ED%9D%AC%20%EB%AC%98%EC%86%8C%20%EC%84%9C%EC%9A%B8%20%EA%B0%95%EB%B6%81%EA%B5%AC%20%EC%9A%B0%EC%9D%B4%EB%8F%99%20%EC%82%B0%2028-1
중구		일제강점기 문자보급교재	서울특별시 중구 세종대로21길 30 조선일보 사료관	국가등록유산	37.5677893	126.9758472	https://map.naver.com/p/search/%EC%9D%BC%EC%A0%9C%EA%B0%95%EC%A0%90%EA%B8%B0%20%EB%AC%B8%EC%9E%90%EB%B3%B4%EA%B8%89%EA%B5%90%EC%9E%AC%20%EC%84%9C%EC%9A%B8%ED%8A%B9%EB%B3%84%EC%8B%9C%20%EC%A4%91%EA%B5%AC%20%EC%84%B8%EC%A2%85%EB%8C%80%EB%A1%9C21%EA%B8%B8%2030%20%EC%A1%B0%EC%84%A0%EC%9D%BC%EB%B3%B4%20%EC%82%AC%EB%A3%8C%EA%B4%80
서초구	반포동	대한매일신보	서울특별시 서초구 반포대로 201(반포동)	국가등록유산	37.497462	127.003009	https://map.naver.com/p/search/%EB%8C%80%ED%95%9C%EB%A7%A4%EC%9D%BC%EC%8B%A0%EB%B3%B4%20%EC%84%9C%EC%9A%B8%ED%8A%B9%EB%B3%84%EC%8B%9C%20%EC%84%9C%EC%B4%88%EA%B5%AC%20%EB%B0%98%ED%8F%AC%EB%8C%80%EB%A1%9C%20201%28%EB%B0%98%ED%8F%AC%EB%8F%99%29
강북구	수유동	서울 이시영 묘소	서울특별시 강북구 삼각산로 5(수유동)	국가등록유산	37.637268	126.997015	https://map.naver.com/p/search/%EC%84%9C%EC%9A%B8%20%EC%9D%B4%EC%8B%9C%EC%98%81%20%EB%AC%98%EC%86%8C%20%EC%84%9C%EC%9A%B8%ED%8A%B9%EB%B3%84%EC%8B%9C%20%EA%B0%95%EB%B6%81%EA%B5%AC%20%EC%82%BC%EA%B0%81%EC%82%B0%EB%A1%9C%205%28%EC%88%98%EC%9C%A0%EB%8F%99%29
강남구	신사동	서울 안창호 묘소	서울특별시 강남구 도산대로45길 20(신사동)	국가등록유산	37.523955	127.035521	https://map.naver.com/p/search/%EC%84%9C%EC%9A%B8%20%EC%95%88%EC%B0%BD%ED%98%B8%20%EB%AC%98%EC%86%8C%20%EC%84%9C%EC%9A%B8%ED%8A%B9%EB%B3%84%EC%8B%9C%20%EA%B0%95%EB%82%A8%EA%B5%AC%20%EB%8F%84%EC%82%B0%EB%8C%80%EB%A1%9C45%EA%B8%B8%2020%28%EC%8B%A0%EC%82%AC%EB%8F%99%29
강북구	수유동	서울 김창숙 묘소	서울특별시 강북구 수유동 산 127-4	국가등록유산	37.645493	127.000102	https://map.naver.com/p/search/%EC%84%9C%EC%9A%B8%20%EA%B9%80%EC%B0%BD%EC%88%99%20%EB%AC%98%EC%86%8C%20%EC%84%9C%EC%9A%B8%ED%8A%B9%EB%B3%84%EC%8B%9C%20%EA%B0%95%EB%B6%81%EA%B5%AC%20%EC%88%98%EC%9C%A0%EB%8F%99%20%EC%82%B0%20127-4
종로구	서린동	배설 유품	서울특별시 종로구 청계천로 1(서린동)	국가등록유산	37.569555	126.977673	https://map.naver.com/p/search/%EB%B0%B0%EC%84%A4%20%EC%9C%A0%ED%92%88%20%EC%84%9C%EC%9A%B8%ED%8A%B9%EB%B3%84%EC%8B%9C%20%EC%A2%85%EB%A1%9C%EA%B5%AC%20%EC%B2%AD%EA%B3%84%EC%B2%9C%EB%A1%9C%201%28%EC%84%9C%EB%A6%B0%EB%8F%99%29
노원구	공릉동	제14회 런던올림픽 후원권	서울특별시 노원구 화랑로 727(공릉동)	국가등록유산	37.636414	127.10375	https://map.naver.com/p/search/%EC%A0%9C14%ED%9A%8C%20%EB%9F%B0%EB%8D%98%EC%98%AC%EB%A6%BC%ED%94%BD%20%ED%9B%84%EC%9B%90%EA%B6%8C%20%EC%84%9C%EC%9A%B8%ED%8A%B9%EB%B3%84%EC%8B%9C%20%EB%85%B8%EC%9B%90%EA%B5%AC%20%ED%99%94%EB%9E%91%EB%A1%9C%20727%28%EA%B3%B5%EB%A6%89%EB%8F%99%29
노원구	공릉동	청년단 야구대회 우승기	서울특별시 노원구 화랑로 727(공릉동)	국가등록유산	37.636414	127.10375	https://map.naver.com/p/search/%EC%B2%AD%EB%85%84%EB%8B%A8%20%EC%95%BC%EA%B5%AC%EB%8C%80%ED%9A%8C%20%EC%9A%B0%EC%8A%B9%EA%B8%B0%20%EC%84%9C%EC%9A%B8%ED%8A%B9%EB%B3%84%EC%8B%9C%20%EB%85%B8%EC%9B%90%EA%B5%AC%20%ED%99%94%EB%9E%91%EB%A1%9C%20727%28%EA%B3%B5%EB%A6%89%EB%8F%99%29
노원구	공릉동	전국체육대회 우승기, 2위기, 3위기	서울특별시 노원구 화랑로 727(공릉동)	국가등록유산	37.636414	127.10375	https://map.naver.com/p/search/%EC%A0%84%EA%B5%AD%EC%B2%B4%EC%9C%A1%EB%8C%80%ED%9A%8C%20%EC%9A%B0%EC%8A%B9%EA%B8%B0%2C%202%EC%9C%84%EA%B8%B0%2C%203%EC%9C%84%EA%B8%B0%20%EC%84%9C%EC%9A%B8%ED%8A%B9%EB%B3%84%EC%8B%9C%20%EB%85%B8%EC%9B%90%EA%B5%AC%20%ED%99%94%EB%9E%91%EB%A1%9C%20727%28%EA%B3%B5%EB%A6%89%EB%8F%99%29
서대문구	신촌동	협성회회보	서울특별시 서대문구 연세로 50(신촌동)	국가등록유산	37.567113	126.939029	https://map.naver.com/p/search/%ED%98%91%EC%84%B1%ED%9A%8C%ED%9A%8C%EB%B3%B4%20%EC%84%9C%EC%9A%B8%ED%8A%B9%EB%B3%84%EC%8B%9C%20%EC%84%9C%EB%8C%80%EB%AC%B8%EA%B5%AC%20%EC%97%B0%EC%84%B8%EB%A1%9C%2050%28%EC%8B%A0%EC%B4%8C%EB%8F%99%29
서대문구	신촌동	친목회회보	서울특별시 서대문구 연세로 50(신촌동)	국가등록유산	37.567113	126.939029	https://map.naver.com/p/search/%EC%B9%9C%EB%AA%A9%ED%9A%8C%ED%9A%8C%EB%B3%B4%20%EC%84%9C%EC%9A%B8%ED%8A%B9%EB%B3%84%EC%8B%9C%20%EC%84%9C%EB%8C%80%EB%AC%B8%EA%B5%AC%20%EC%97%B0%EC%84%B8%EB%A1%9C%2050%28%EC%8B%A0%EC%B4%8C%EB%8F%99%29
성북구	안암동5가	국문연구안	서울특별시 성북구 안암로 145(안암동5가) 고려대도서관	국가등록유산	37.5894	127.016749	https://map.naver.com/p/search/%EA%B5%AD%EB%AC%B8%EC%97%B0%EA%B5%AC%EC%95%88%20%EC%84%9C%EC%9A%B8%ED%8A%B9%EB%B3%84%EC%8B%9C%20%EC%84%B1%EB%B6%81%EA%B5%AC%20%EC%95%88%EC%95%94%EB%A1%9C%20145%28%EC%95%88%EC%95%94%EB%8F%995%EA%B0%80%29%20%EA%B3%A0%EB%A0%A4%EB%8C%80%EB%8F%84%EC%84%9C%EA%B4%80
종로구		고바우 영감 원화	서울특별시 종로구 세종대로 198(세종로)	국가등록유산	37.573924	126.977813	https://map.naver.com/p/search/%EA%B3%A0%EB%B0%94%EC%9A%B0%20%EC%98%81%EA%B0%90%20%EC%9B%90%ED%99%94%20%EC%84%9C%EC%9A%B8%ED%8A%B9%EB%B3%84%EC%8B%9C%20%EC%A2%85%EB%A1%9C%EA%B5%AC%20%EC%84%B8%EC%A2%85%EB%8C%80%EB%A1%9C%20198%28%EC%84%B8%EC%A2%85%EB%A1%9C%29
동대문구	청량리동	공병우 세벌식 타자기	서울특별시 동대문구 회기로 56(청량리동)	국가등록유산	37.591001	127.042714	https://map.naver.com/p/search/%EA%B3%B5%EB%B3%91%EC%9A%B0%20%EC%84%B8%EB%B2%8C%EC%8B%9D%20%ED%83%80%EC%9E%90%EA%B8%B0%20%EC%84%9C%EC%9A%B8%ED%8A%B9%EB%B3%84%EC%8B%9C%20%EB%8F%99%EB%8C%80%EB%AC%B8%EA%B5%AC%20%ED%9A%8C%EA%B8%B0%EB%A1%9C%2056%28%EC%B2%AD%EB%9F%89%EB%A6%AC%EB%8F%99%29
종로구		정조 홍용한 갱화시첩	서울특별시 종로구 효자로 12(세종로)	유형문화유산	37.576668	126.974922	https://map.naver.com/p/search/%EC%A0%95%EC%A1%B0%20%ED%99%8D%EC%9A%A9%ED%95%9C%20%EA%B0%B1%ED%99%94%EC%8B%9C%EC%B2%A9%20%EC%84%9C%EC%9A%B8%ED%8A%B9%EB%B3%84%EC%8B%9C%20%EC%A2%85%EB%A1%9C%EA%B5%AC%20%ED%9A%A8%EC%9E%90%EB%A1%9C%2012%28%EC%84%B8%EC%A2%85%EB%A1%9C%29
종로구		금성 라디오 A-501	서울특별시 종로구 세종대로 198(세종로)	국가등록유산	37.573924	126.977813	https://map.naver.com/p/search/%EA%B8%88%EC%84%B1%20%EB%9D%BC%EB%94%94%EC%98%A4%20A-501%20%EC%84%9C%EC%9A%B8%ED%8A%B9%EB%B3%84%EC%8B%9C%20%EC%A2%85%EB%A1%9C%EA%B5%AC%20%EC%84%B8%EC%A2%85%EB%8C%80%EB%A1%9C%20198%28%EC%84%B8%EC%A2%85%EB%A1%9C%29
종로구		금성 텔레비전 VD-191	서울특별시 종로구 세종대로 198(세종로)	국가등록유산	37.573924	126.977813	https://map.naver.com/p/search/%EA%B8%88%EC%84%B1%20%ED%85%94%EB%A0%88%EB%B9%84%EC%A0%84%20VD-191%20%EC%84%9C%EC%9A%B8%ED%8A%B9%EB%B3%84%EC%8B%9C%20%EC%A2%85%EB%A1%9C%EA%B5%AC%20%EC%84%B8%EC%A2%85%EB%8C%80%EB%A1%9C%20198%28%EC%84%B8%EC%A2%85%EB%A1%9C%29
성북구	안암동5가	과학조선(科學朝鮮)	서울특별시 성북구 안암로 145(안암동5가)	국가등록유산	37.58991	127.031812	https://map.naver.com/p/search/%EA%B3%BC%ED%95%99%EC%A1%B0%EC%84%A0%28%E7%A7%91%E5%AD%B8%E6%9C%9D%E9%AE%AE%29%20%EC%84%9C%EC%9A%B8%ED%8A%B9%EB%B3%84%EC%8B%9C%20%EC%84%B1%EB%B6%81%EA%B5%AC%20%EC%95%88%EC%95%94%EB%A1%9C%20145%28%EC%95%88%EC%95%94%EB%8F%995%EA%B0%80%29
성북구	성북동	서울 성북동 한국순교복자성직수도회 구 본원	서울특별시 성북구 성북로24길 3(성북동)	국가등록유산	37.594713	126.995366	https://map.naver.com/p/search/%EC%84%9C%EC%9A%B8%20%EC%84%B1%EB%B6%81%EB%8F%99%20%ED%95%9C%EA%B5%AD%EC%88%9C%EA%B5%90%EB%B3%B5%EC%9E%90%EC%84%B1%EC%A7%81%EC%88%98%EB%8F%84%ED%9A%8C%20%EA%B5%AC%20%EB%B3%B8%EC%9B%90%20%EC%84%9C%EC%9A%B8%ED%8A%B9%EB%B3%84%EC%8B%9C%20%EC%84%B1%EB%B6%81%EA%B5%AC%20%EC%84%B1%EB%B6%81%EB%A1%9C24%EA%B8%B8%203%28%EC%84%B1%EB%B6%81%EB%8F%99%29
서대문구	신촌동	고종황제 하사 족자	서울특별시 서대문구 연세로 50-1(신촌동)	국가등록유산	37.562345	126.940827	https://map.naver.com/p/search/%EA%B3%A0%EC%A2%85%ED%99%A9%EC%A0%9C%20%ED%95%98%EC%82%AC%20%EC%A1%B1%EC%9E%90%20%EC%84%9C%EC%9A%B8%ED%8A%B9%EB%B3%84%EC%8B%9C%20%EC%84%9C%EB%8C%80%EB%AC%B8%EA%B5%AC%20%EC%97%B0%EC%84%B8%EB%A1%9C%2050-1%28%EC%8B%A0%EC%B4%8C%EB%8F%99%29
광진구	광장동	간호교과서	서울특별시 광진구 광장로5길 25-1(광장동)	국가등록유산	37.550335	127.104057	https://map.naver.com/p/search/%EA%B0%84%ED%98%B8%EA%B5%90%EA%B3%BC%EC%84%9C%20%EC%84%9C%EC%9A%B8%ED%8A%B9%EB%B3%84%EC%8B%9C%20%EA%B4%91%EC%A7%84%EA%B5%AC%20%EA%B4%91%EC%9E%A5%EB%A1%9C5%EA%B8%B8%2025-1%28%EA%B4%91%EC%9E%A5%EB%8F%99%29
서대문구	신촌동	발해태조건국지?명림답부전	서울특별시 서대문구 연세로 50(신촌동)	국가등록유산	37.567113	126.939029	https://map.naver.com/p/search/%EB%B0%9C%ED%95%B4%ED%83%9C%EC%A1%B0%EA%B1%B4%EA%B5%AD%EC%A7%80%3F%EB%AA%85%EB%A6%BC%EB%8B%B5%EB%B6%80%EC%A0%84%20%EC%84%9C%EC%9A%B8%ED%8A%B9%EB%B3%84%EC%8B%9C%20%EC%84%9C%EB%8C%80%EB%AC%B8%EA%B5%AC%20%EC%97%B0%EC%84%B8%EB%A1%9C%2050%28%EC%8B%A0%EC%B4%8C%EB%8F%99%29
서초구	서초동	신약 마가전 복음서 언해	서울특별시 서초구 남부순환로 2569(서초동)	국가등록유산	37.484658	127.031743	https://map.naver.com/p/search/%EC%8B%A0%EC%95%BD%20%EB%A7%88%EA%B0%80%EC%A0%84%20%EB%B3%B5%EC%9D%8C%EC%84%9C%20%EC%96%B8%ED%95%B4%20%EC%84%9C%EC%9A%B8%ED%8A%B9%EB%B3%84%EC%8B%9C%20%EC%84%9C%EC%B4%88%EA%B5%AC%20%EB%82%A8%EB%B6%80%EC%88%9C%ED%99%98%EB%A1%9C%202569%28%EC%84%9C%EC%B4%88%EB%8F%99%29
도봉구	방학동	서울 방학동 전형필 가옥	서울특별시 도봉구 시루봉로 149-18(방학동)	국가등록유산	37.664897	127.028209	https://map.naver.com/p/search/%EC%84%9C%EC%9A%B8%20%EB%B0%A9%ED%95%99%EB%8F%99%20%EC%A0%84%ED%98%95%ED%95%84%20%EA%B0%80%EC%98%A5%20%EC%84%9C%EC%9A%B8%ED%8A%B9%EB%B3%84%EC%8B%9C%20%EB%8F%84%EB%B4%89%EA%B5%AC%20%EC%8B%9C%EB%A3%A8%EB%B4%89%EB%A1%9C%20149-18%28%EB%B0%A9%ED%95%99%EB%8F%99%29
강북구	우이동	서울 여운형 묘소	서울특별시 강북구 삼양로155길 28(우이동)	국가등록유산	37.657106	127.012064	https://map.naver.com/p/search/%EC%84%9C%EC%9A%B8%20%EC%97%AC%EC%9A%B4%ED%98%95%20%EB%AC%98%EC%86%8C%20%EC%84%9C%EC%9A%B8%ED%8A%B9%EB%B3%84%EC%8B%9C%20%EA%B0%95%EB%B6%81%EA%B5%AC%20%EC%82%BC%EC%96%91%EB%A1%9C155%EA%B8%B8%2028%28%EC%9A%B0%EC%9D%B4%EB%8F%99%29
종로구	안국동	김선희 혼례복	서울특별시 종로구 율곡로3길 4(안국동)	국가등록유산	37.5894	127.016749	https://map.naver.com/p/search/%EA%B9%80%EC%84%A0%ED%9D%AC%20%ED%98%BC%EB%A1%80%EB%B3%B5%20%EC%84%9C%EC%9A%B8%ED%8A%B9%EB%B3%84%EC%8B%9C%20%EC%A2%85%EB%A1%9C%EA%B5%AC%20%EC%9C%A8%EA%B3%A1%EB%A1%9C3%EA%B8%B8%204%28%EC%95%88%EA%B5%AD%EB%8F%99%29
노원구		채용신 필 황석 초상	서울특별시 노원구 화랑로 574	유형문화유산	37.627244	127.103326	https://map.naver.com/p/search/%EC%B1%84%EC%9A%A9%EC%8B%A0%20%ED%95%84%20%ED%99%A9%EC%84%9D%20%EC%B4%88%EC%83%81%20%EC%84%9C%EC%9A%B8%ED%8A%B9%EB%B3%84%EC%8B%9C%20%EB%85%B8%EC%9B%90%EA%B5%AC%20%ED%99%94%EB%9E%91%EB%A1%9C%20574
마포구	공덕동	청자상감노압문용두주자	서울특별시 마포구 만리재옛길 23(공덕동) 금성문화재단	유형문화유산	37.566325	126.901491	https://map.naver.com/p/search/%EC%B2%AD%EC%9E%90%EC%83%81%EA%B0%90%EB%85%B8%EC%95%95%EB%AC%B8%EC%9A%A9%EB%91%90%EC%A3%BC%EC%9E%90%20%EC%84%9C%EC%9A%B8%ED%8A%B9%EB%B3%84%EC%8B%9C%20%EB%A7%88%ED%8F%AC%EA%B5%AC%20%EB%A7%8C%EB%A6%AC%EC%9E%AC%EC%98%9B%EA%B8%B8%2023%28%EA%B3%B5%EB%8D%95%EB%8F%99%29%20%EA%B8%88%EC%84%B1%EB%AC%B8%ED%99%94%EC%9E%AC%EB%8B%A8
서대문구	신촌동	대한국독립협회지장	서울특별시 서대문구 연세로 50(신촌동)	국가등록유산	37.567113	126.939029	https://map.naver.com/p/search/%EB%8C%80%ED%95%9C%EA%B5%AD%EB%8F%85%EB%A6%BD%ED%98%91%ED%9A%8C%EC%A7%80%EC%9E%A5%20%EC%84%9C%EC%9A%B8%ED%8A%B9%EB%B3%84%EC%8B%9C%20%EC%84%9C%EB%8C%80%EB%AC%B8%EA%B5%AC%20%EC%97%B0%EC%84%B8%EB%A1%9C%2050%28%EC%8B%A0%EC%B4%8C%EB%8F%99%29
종로구	원서동	서울 구 공간사옥	서울특별시 종로구 율곡로 83(원서동)	국가등록유산	37.577737	126.988351	https://map.naver.com/p/search/%EC%84%9C%EC%9A%B8%20%EA%B5%AC%20%EA%B3%B5%EA%B0%84%EC%82%AC%EC%98%A5%20%EC%84%9C%EC%9A%B8%ED%8A%B9%EB%B3%84%EC%8B%9C%20%EC%A2%85%EB%A1%9C%EA%B5%AC%20%EC%9C%A8%EA%B3%A1%EB%A1%9C%2083%28%EC%9B%90%EC%84%9C%EB%8F%99%29
강남구	개포동	저항라 적삼	서울특별시 강남구 삼성로 29(개포동)	국가등록유산	37.486764	127.065703	https://map.naver.com/p/search/%EC%A0%80%ED%95%AD%EB%9D%BC%20%EC%A0%81%EC%82%BC%20%EC%84%9C%EC%9A%B8%ED%8A%B9%EB%B3%84%EC%8B%9C%20%EA%B0%95%EB%82%A8%EA%B5%AC%20%EC%82%BC%EC%84%B1%EB%A1%9C%2029%28%EA%B0%9C%ED%8F%AC%EB%8F%99%29
서초구	서초동	구약전서	서울특별시 서초구 남부순환로 2569(서초동)	국가등록유산	37.484658	127.031743	https://map.naver.com/p/search/%EA%B5%AC%EC%95%BD%EC%A0%84%EC%84%9C%20%EC%84%9C%EC%9A%B8%ED%8A%B9%EB%B3%84%EC%8B%9C%20%EC%84%9C%EC%B4%88%EA%B5%AC%20%EB%82%A8%EB%B6%80%EC%88%9C%ED%99%98%EB%A1%9C%202569%28%EC%84%9C%EC%B4%88%EB%8F%99%29
중구	정동	대한성공회 서울주교좌성당 모자이크 제단화	서울특별시 중구 세종대로21길 15(정동)	국가등록유산	37.566988	126.975504	https://map.naver.com/p/search/%EB%8C%80%ED%95%9C%EC%84%B1%EA%B3%B5%ED%9A%8C%20%EC%84%9C%EC%9A%B8%EC%A3%BC%EA%B5%90%EC%A2%8C%EC%84%B1%EB%8B%B9%20%EB%AA%A8%EC%9E%90%EC%9D%B4%ED%81%AC%20%EC%A0%9C%EB%8B%A8%ED%99%94%20%EC%84%9C%EC%9A%B8%ED%8A%B9%EB%B3%84%EC%8B%9C%20%EC%A4%91%EA%B5%AC%20%EC%84%B8%EC%A2%85%EB%8C%80%EB%A1%9C21%EA%B8%B8%2015%28%EC%A0%95%EB%8F%99%29
서대문구	신촌동	천로역정(합질)	서울특별시 서대문구 연세로 50(신촌동)	국가등록유산	37.567113	126.939029	https://map.naver.com/p/search/%EC%B2%9C%EB%A1%9C%EC%97%AD%EC%A0%95%28%ED%95%A9%EC%A7%88%29%20%EC%84%9C%EC%9A%B8%ED%8A%B9%EB%B3%84%EC%8B%9C%20%EC%84%9C%EB%8C%80%EB%AC%B8%EA%B5%AC%20%EC%97%B0%EC%84%B8%EB%A1%9C%2050%28%EC%8B%A0%EC%B4%8C%EB%8F%99%29
성북구	안암동5가	조선요리제법	서울특별시 성북구 안암로 145(안암동5가)	국가등록유산	37.58991	127.031812	https://map.naver.com/p/search/%EC%A1%B0%EC%84%A0%EC%9A%94%EB%A6%AC%EC%A0%9C%EB%B2%95%20%EC%84%9C%EC%9A%B8%ED%8A%B9%EB%B3%84%EC%8B%9C%20%EC%84%B1%EB%B6%81%EA%B5%AC%20%EC%95%88%EC%95%94%EB%A1%9C%20145%28%EC%95%88%EC%95%94%EB%8F%995%EA%B0%80%29
동작구	신대방동	서울 구 공군사관학교 교회	서울특별시 동작구 여의대방로20길 33(신대방동) 동부공원녹지사업소	국가등록유산	37.494896	126.919452	https://map.naver.com/p/search/%EC%84%9C%EC%9A%B8%20%EA%B5%AC%20%EA%B3%B5%EA%B5%B0%EC%82%AC%EA%B4%80%ED%95%99%EA%B5%90%20%EA%B5%90%ED%9A%8C%20%EC%84%9C%EC%9A%B8%ED%8A%B9%EB%B3%84%EC%8B%9C%20%EB%8F%99%EC%9E%91%EA%B5%AC%20%EC%97%AC%EC%9D%98%EB%8C%80%EB%B0%A9%EB%A1%9C20%EA%B8%B8%2033%28%EC%8B%A0%EB%8C%80%EB%B0%A9%EB%8F%99%29%20%EB%8F%99%EB%B6%80%EA%B3%B5%EC%9B%90%EB%85%B9%EC%A7%80%EC%82%AC%EC%97%85%EC%86%8C
서초구	반포동	전보장정	서울특별시 서초구 반포대로 201(반포동)	국가등록유산	37.497462	127.003009	https://map.naver.com/p/search/%EC%A0%84%EB%B3%B4%EC%9E%A5%EC%A0%95%20%EC%84%9C%EC%9A%B8%ED%8A%B9%EB%B3%84%EC%8B%9C%20%EC%84%9C%EC%B4%88%EA%B5%AC%20%EB%B0%98%ED%8F%AC%EB%8C%80%EB%A1%9C%20201%28%EB%B0%98%ED%8F%AC%EB%8F%99%29
성북구	안암동5가	신록	서울특별시 성북구 안암로 145(안암동5가)	국가등록유산	37.58991	127.031812	https://map.naver.com/p/search/%EC%8B%A0%EB%A1%9D%20%EC%84%9C%EC%9A%B8%ED%8A%B9%EB%B3%84%EC%8B%9C%20%EC%84%B1%EB%B6%81%EA%B5%AC%20%EC%95%88%EC%95%94%EB%A1%9C%20145%28%EC%95%88%EC%95%94%EB%8F%995%EA%B0%80%29
중구	태평로1가	채색필사본 대동여지도	서울특별시 중구 세종대로 136 (태평로1가)	국가등록유산	37.5684423	126.9777456	https://map.naver.com/p/search/%EC%B1%84%EC%83%89%ED%95%84%EC%82%AC%EB%B3%B8%20%EB%8C%80%EB%8F%99%EC%97%AC%EC%A7%80%EB%8F%84%20%EC%84%9C%EC%9A%B8%ED%8A%B9%EB%B3%84%EC%8B%9C%20%EC%A4%91%EA%B5%AC%20%EC%84%B8%EC%A2%85%EB%8C%80%EB%A1%9C%20136%20%28%ED%83%9C%ED%8F%89%EB%A1%9C1%EA%B0%80%29
서대문구	신촌동	예수성교전서	서울특별시 서대문구 연세로 50(신촌동)	국가등록유산	37.567113	126.939029	https://map.naver.com/p/search/%EC%98%88%EC%88%98%EC%84%B1%EA%B5%90%EC%A0%84%EC%84%9C%20%EC%84%9C%EC%9A%B8%ED%8A%B9%EB%B3%84%EC%8B%9C%20%EC%84%9C%EB%8C%80%EB%AC%B8%EA%B5%AC%20%EC%97%B0%EC%84%B8%EB%A1%9C%2050%28%EC%8B%A0%EC%B4%8C%EB%8F%99%29
동작구	상도동	찬송가(UNION HYMNAL)	서울특별시 동작구 상도로 369(상도동)	국가등록유산	37.49635	126.957227	https://map.naver.com/p/search/%EC%B0%AC%EC%86%A1%EA%B0%80%28UNION%20HYMNAL%29%20%EC%84%9C%EC%9A%B8%ED%8A%B9%EB%B3%84%EC%8B%9C%20%EB%8F%99%EC%9E%91%EA%B5%AC%20%EC%83%81%EB%8F%84%EB%A1%9C%20369%28%EC%83%81%EB%8F%84%EB%8F%99%29
서초구	서초동	소미타참서	서울특별시 서초구 남부순환로328길 49(서초동)	유형문화유산	37.475984	127.013466	https://map.naver.com/p/search/%EC%86%8C%EB%AF%B8%ED%83%80%EC%B0%B8%EC%84%9C%20%EC%84%9C%EC%9A%B8%ED%8A%B9%EB%B3%84%EC%8B%9C%20%EC%84%9C%EC%B4%88%EA%B5%AC%20%EB%82%A8%EB%B6%80%EC%88%9C%ED%99%98%EB%A1%9C328%EA%B8%B8%2049%28%EC%84%9C%EC%B4%88%EB%8F%99%29
중랑구	묵동	지장보살본원경	서울특별시 중랑구 숙선옹주로 69(묵동)	유형문화유산	37.616438	127.08263	https://map.naver.com/p/search/%EC%A7%80%EC%9E%A5%EB%B3%B4%EC%82%B4%EB%B3%B8%EC%9B%90%EA%B2%BD%20%EC%84%9C%EC%9A%B8%ED%8A%B9%EB%B3%84%EC%8B%9C%20%EC%A4%91%EB%9E%91%EA%B5%AC%20%EC%88%99%EC%84%A0%EC%98%B9%EC%A3%BC%EB%A1%9C%2069%28%EB%AC%B5%EB%8F%99%29
종로구	행촌동	서울 앨버트 테일러 가옥(딜쿠샤)	서울특별시 종로구 사직로2길 17(행촌동)	국가등록유산	37.573045	126.963485	https://map.naver.com/p/search/%EC%84%9C%EC%9A%B8%20%EC%95%A8%EB%B2%84%ED%8A%B8%20%ED%85%8C%EC%9D%BC%EB%9F%AC%20%EA%B0%80%EC%98%A5%28%EB%94%9C%EC%BF%A0%EC%83%A4%29%20%EC%84%9C%EC%9A%B8%ED%8A%B9%EB%B3%84%EC%8B%9C%20%EC%A2%85%EB%A1%9C%EA%B5%AC%20%EC%82%AC%EC%A7%81%EB%A1%9C2%EA%B8%B8%2017%28%ED%96%89%EC%B4%8C%EB%8F%99%29
중랑구	면목동	망우 독립유공자 묘역 - 서광조 묘소	서울특별시 중랑구 용마산로62길 53(면목동)	국가등록유산	37.578197	127.094841	https://map.naver.com/p/search/%EB%A7%9D%EC%9A%B0%20%EB%8F%85%EB%A6%BD%EC%9C%A0%EA%B3%B5%EC%9E%90%20%EB%AC%98%EC%97%AD%20-%20%EC%84%9C%EA%B4%91%EC%A1%B0%20%EB%AC%98%EC%86%8C%20%EC%84%9C%EC%9A%B8%ED%8A%B9%EB%B3%84%EC%8B%9C%20%EC%A4%91%EB%9E%91%EA%B5%AC%20%EC%9A%A9%EB%A7%88%EC%82%B0%EB%A1%9C62%EA%B8%B8%2053%28%EB%A9%B4%EB%AA%A9%EB%8F%99%29
서초구	반포동	도화임본	서울특별시 서초구 반포대로 201(반포동)	국가등록유산	37.49743	127.003102	https://map.naver.com/p/search/%EB%8F%84%ED%99%94%EC%9E%84%EB%B3%B8%20%EC%84%9C%EC%9A%B8%ED%8A%B9%EB%B3%84%EC%8B%9C%20%EC%84%9C%EC%B4%88%EA%B5%AC%20%EB%B0%98%ED%8F%AC%EB%8C%80%EB%A1%9C%20201%28%EB%B0%98%ED%8F%AC%EB%8F%99%29
중구	필동|필동3가	서울 동국대학교 구 본관(석조관)	서울특별시 중구 필동로1길 30(필동3가) 동국대학교	국가등록유산	37.558258	127.000187	https://map.naver.com/p/search/%EC%84%9C%EC%9A%B8%20%EB%8F%99%EA%B5%AD%EB%8C%80%ED%95%99%EA%B5%90%20%EA%B5%AC%20%EB%B3%B8%EA%B4%80%28%EC%84%9D%EC%A1%B0%EA%B4%80%29%20%EC%84%9C%EC%9A%B8%ED%8A%B9%EB%B3%84%EC%8B%9C%20%EC%A4%91%EA%B5%AC%20%ED%95%84%EB%8F%99%EB%A1%9C1%EA%B8%B8%2030%28%ED%95%84%EB%8F%993%EA%B0%80%29%20%EB%8F%99%EA%B5%AD%EB%8C%80%ED%95%99%EA%B5%90
용산구	용산동6가	이봉창 의사 친필 편지, 봉투 및 의거자금 송금증서	서울특별시 용산구 서빙고로 137(용산동6가)	국가등록유산	37.524087	126.980388	https://map.naver.com/p/search/%EC%9D%B4%EB%B4%89%EC%B0%BD%20%EC%9D%98%EC%82%AC%20%EC%B9%9C%ED%95%84%20%ED%8E%B8%EC%A7%80%2C%20%EB%B4%89%ED%88%AC%20%EB%B0%8F%20%EC%9D%98%EA%B1%B0%EC%9E%90%EA%B8%88%20%EC%86%A1%EA%B8%88%EC%A6%9D%EC%84%9C%20%EC%84%9C%EC%9A%B8%ED%8A%B9%EB%B3%84%EC%8B%9C%20%EC%9A%A9%EC%82%B0%EA%B5%AC%20%EC%84%9C%EB%B9%99%EA%B3%A0%EB%A1%9C%20137%28%EC%9A%A9%EC%82%B0%EB%8F%996%EA%B0%80%29
성동구	성동|사근동	서울 한양대학교 구 본관	서울특별시 성동구 왕십리로 222(사근동) 한양대학교	국가등록유산	37.554504	127.046611	https://map.naver.com/p/search/%EC%84%9C%EC%9A%B8%20%ED%95%9C%EC%96%91%EB%8C%80%ED%95%99%EA%B5%90%20%EA%B5%AC%20%EB%B3%B8%EA%B4%80%20%EC%84%9C%EC%9A%B8%ED%8A%B9%EB%B3%84%EC%8B%9C%20%EC%84%B1%EB%8F%99%EA%B5%AC%20%EC%99%95%EC%8B%AD%EB%A6%AC%EB%A1%9C%20222%28%EC%82%AC%EA%B7%BC%EB%8F%99%29%20%ED%95%9C%EC%96%91%EB%8C%80%ED%95%99%EA%B5%90
동작구	상도동	대한민국 임시정부 환국기념 23인 필묵	서울특별시 동작구 상도로 369(상도동)	국가등록유산	37.49669	126.957504	https://map.naver.com/p/search/%EB%8C%80%ED%95%9C%EB%AF%BC%EA%B5%AD%20%EC%9E%84%EC%8B%9C%EC%A0%95%EB%B6%80%20%ED%99%98%EA%B5%AD%EA%B8%B0%EB%85%90%2023%EC%9D%B8%20%ED%95%84%EB%AC%B5%20%EC%84%9C%EC%9A%B8%ED%8A%B9%EB%B3%84%EC%8B%9C%20%EB%8F%99%EC%9E%91%EA%B5%AC%20%EC%83%81%EB%8F%84%EB%A1%9C%20369%28%EC%83%81%EB%8F%84%EB%8F%99%29
종로구	견지동	지장사 목조여래좌상 및 복장유물	서울특별시 종로구 우정국로 55(견지동)	유형문화유산	37.574494	126.982017	https://map.naver.com/p/search/%EC%A7%80%EC%9E%A5%EC%82%AC%20%EB%AA%A9%EC%A1%B0%EC%97%AC%EB%9E%98%EC%A2%8C%EC%83%81%20%EB%B0%8F%20%EB%B3%B5%EC%9E%A5%EC%9C%A0%EB%AC%BC%20%EC%84%9C%EC%9A%B8%ED%8A%B9%EB%B3%84%EC%8B%9C%20%EC%A2%85%EB%A1%9C%EA%B5%AC%20%EC%9A%B0%EC%A0%95%EA%B5%AD%EB%A1%9C%2055%28%EA%B2%AC%EC%A7%80%EB%8F%99%29
동작구	송월동	대구 경상감영 측우대	서울특별시 종로구 송월길 52 (송월동) 국립기상박물관	국보	37.5713736	126.9659039	https://map.naver.com/p/search/%EB%8C%80%EA%B5%AC%20%EA%B2%BD%EC%83%81%EA%B0%90%EC%98%81%20%EC%B8%A1%EC%9A%B0%EB%8C%80%20%EC%84%9C%EC%9A%B8%ED%8A%B9%EB%B3%84%EC%8B%9C%20%EC%A2%85%EB%A1%9C%EA%B5%AC%20%EC%86%A1%EC%9B%94%EA%B8%B8%2052%20%28%EC%86%A1%EC%9B%94%EB%8F%99%29%20%EA%B5%AD%EB%A6%BD%EA%B8%B0%EC%83%81%EB%B0%95%EB%AC%BC%EA%B4%80
동대문구	청량리동	배자예부운략 권1~3, 권4	서울특별시 동대문구 회기로 56(청량리동)	유형문화유산	37.591001	127.042714	https://map.naver.com/p/search/%EB%B0%B0%EC%9E%90%EC%98%88%EB%B6%80%EC%9A%B4%EB%9E%B5%20%EA%B6%8C1~3%2C%20%EA%B6%8C4%20%EC%84%9C%EC%9A%B8%ED%8A%B9%EB%B3%84%EC%8B%9C%20%EB%8F%99%EB%8C%80%EB%AC%B8%EA%B5%AC%20%ED%9A%8C%EA%B8%B0%EB%A1%9C%2056%28%EC%B2%AD%EB%9F%89%EB%A6%AC%EB%8F%99%29
종로구		창덕궁 이문원 측우대	서울특별시 종로구 효자로 12(세종로)	국보	37.576668	126.974922	https://map.naver.com/p/search/%EC%B0%BD%EB%8D%95%EA%B6%81%20%EC%9D%B4%EB%AC%B8%EC%9B%90%20%EC%B8%A1%EC%9A%B0%EB%8C%80%20%EC%84%9C%EC%9A%B8%ED%8A%B9%EB%B3%84%EC%8B%9C%20%EC%A2%85%EB%A1%9C%EA%B5%AC%20%ED%9A%A8%EC%9E%90%EB%A1%9C%2012%28%EC%84%B8%EC%A2%85%EB%A1%9C%29
용산구	용산동6가	무예제보	서울특별시 용산구 서빙고로 139(용산동6가)	유형문화유산	37.521182	126.980919	https://map.naver.com/p/search/%EB%AC%B4%EC%98%88%EC%A0%9C%EB%B3%B4%20%EC%84%9C%EC%9A%B8%ED%8A%B9%EB%B3%84%EC%8B%9C%20%EC%9A%A9%EC%82%B0%EA%B5%AC%20%EC%84%9C%EB%B9%99%EA%B3%A0%EB%A1%9C%20139%28%EC%9A%A9%EC%82%B0%EB%8F%996%EA%B0%80%29
성북구	돈암동	적조사 신중도	서울특별시 성북구 흥천사길 49-23(돈암동)	유형문화유산	37.598408	127.007441	https://map.naver.com/p/search/%EC%A0%81%EC%A1%B0%EC%82%AC%20%EC%8B%A0%EC%A4%91%EB%8F%84%20%EC%84%9C%EC%9A%B8%ED%8A%B9%EB%B3%84%EC%8B%9C%20%EC%84%B1%EB%B6%81%EA%B5%AC%20%ED%9D%A5%EC%B2%9C%EC%82%AC%EA%B8%B8%2049-23%28%EB%8F%88%EC%95%94%EB%8F%99%29
종로구	안국동	자수 연지화조문 방석	서울특별시 종로구 율곡로2길 4 (안국동) 서울공예박물관	유형문화유산	37.5768611	126.9835871	https://map.naver.com/p/search/%EC%9E%90%EC%88%98%20%EC%97%B0%EC%A7%80%ED%99%94%EC%A1%B0%EB%AC%B8%20%EB%B0%A9%EC%84%9D%20%EC%84%9C%EC%9A%B8%ED%8A%B9%EB%B3%84%EC%8B%9C%20%EC%A2%85%EB%A1%9C%EA%B5%AC%20%EC%9C%A8%EA%B3%A1%EB%A1%9C2%EA%B8%B8%204%20%28%EC%95%88%EA%B5%AD%EB%8F%99%29%20%EC%84%9C%EC%9A%B8%EA%B3%B5%EC%98%88%EB%B0%95%EB%AC%BC%EA%B4%80
종로구	안국동	자수 연지봉황문 방석	서울특별시 종로구 율곡로2길 4 (안국동) 서울공예박물관	유형문화유산	37.5768611	126.9835871	https://map.naver.com/p/search/%EC%9E%90%EC%88%98%20%EC%97%B0%EC%A7%80%EB%B4%89%ED%99%A9%EB%AC%B8%20%EB%B0%A9%EC%84%9D%20%EC%84%9C%EC%9A%B8%ED%8A%B9%EB%B3%84%EC%8B%9C%20%EC%A2%85%EB%A1%9C%EA%B5%AC%20%EC%9C%A8%EA%B3%A1%EB%A1%9C2%EA%B8%B8%204%20%28%EC%95%88%EA%B5%AD%EB%8F%99%29%20%EC%84%9C%EC%9A%B8%EA%B3%B5%EC%98%88%EB%B0%95%EB%AC%BC%EA%B4%80
동대문구	청량리동	자치통감강목 권11	서울특별시 동대문구 회기로 56(청량리동)	유형문화유산	37.591001	127.042714	https://map.naver.com/p/search/%EC%9E%90%EC%B9%98%ED%86%B5%EA%B0%90%EA%B0%95%EB%AA%A9%20%EA%B6%8C11%20%EC%84%9C%EC%9A%B8%ED%8A%B9%EB%B3%84%EC%8B%9C%20%EB%8F%99%EB%8C%80%EB%AC%B8%EA%B5%AC%20%ED%9A%8C%EA%B8%B0%EB%A1%9C%2056%28%EC%B2%AD%EB%9F%89%EB%A6%AC%EB%8F%99%29
성북구	종암로21가|종암동	역정감구봉수지도	서울특별시 성북구 종암로21가길 36 (종암동)	유형문화유산	37.5983101	127.0325429	https://map.naver.com/p/search/%EC%97%AD%EC%A0%95%EA%B0%90%EA%B5%AC%EB%B4%89%EC%88%98%EC%A7%80%EB%8F%84%20%EC%84%9C%EC%9A%B8%ED%8A%B9%EB%B3%84%EC%8B%9C%20%EC%84%B1%EB%B6%81%EA%B5%AC%20%EC%A2%85%EC%95%94%EB%A1%9C21%EA%B0%80%EA%B8%B8%2036%20%28%EC%A2%85%EC%95%94%EB%8F%99%29
서초구	서초동	예수시왕생칠재의찬요	서울특별시 서초구 남부순환로328길 49(서초동)	유형문화유산	37.475983	127.013424	https://map.naver.com/p/search/%EC%98%88%EC%88%98%EC%8B%9C%EC%99%95%EC%83%9D%EC%B9%A0%EC%9E%AC%EC%9D%98%EC%B0%AC%EC%9A%94%20%EC%84%9C%EC%9A%B8%ED%8A%B9%EB%B3%84%EC%8B%9C%20%EC%84%9C%EC%B4%88%EA%B5%AC%20%EB%82%A8%EB%B6%80%EC%88%9C%ED%99%98%EB%A1%9C328%EA%B8%B8%2049%28%EC%84%9C%EC%B4%88%EB%8F%99%29
서초구	우면동	묘법연화경 권1-2	서울특별시 서초구 바우뫼로7길 111(우면동)	유형문화유산	37.47375	127.022282	https://map.naver.com/p/search/%EB%AC%98%EB%B2%95%EC%97%B0%ED%99%94%EA%B2%BD%20%EA%B6%8C1-2%20%EC%84%9C%EC%9A%B8%ED%8A%B9%EB%B3%84%EC%8B%9C%20%EC%84%9C%EC%B4%88%EA%B5%AC%20%EB%B0%94%EC%9A%B0%EB%AB%BC%EB%A1%9C7%EA%B8%B8%20111%28%EC%9A%B0%EB%A9%B4%EB%8F%99%29
중랑구	묵동	선종영가집	서울특별시 중랑구 숙선옹주로 69(묵동)	유형문화유산	37.616438	127.08263	https://map.naver.com/p/search/%EC%84%A0%EC%A2%85%EC%98%81%EA%B0%80%EC%A7%91%20%EC%84%9C%EC%9A%B8%ED%8A%B9%EB%B3%84%EC%8B%9C%20%EC%A4%91%EB%9E%91%EA%B5%AC%20%EC%88%99%EC%84%A0%EC%98%B9%EC%A3%BC%EB%A1%9C%2069%28%EB%AC%B5%EB%8F%99%29
동대문구	청량리동	속자치통감강목 권7	서울특별시 동대문구 회기로 56(청량리동)	유형문화유산	37.591001	127.042714	https://map.naver.com/p/search/%EC%86%8D%EC%9E%90%EC%B9%98%ED%86%B5%EA%B0%90%EA%B0%95%EB%AA%A9%20%EA%B6%8C7%20%EC%84%9C%EC%9A%B8%ED%8A%B9%EB%B3%84%EC%8B%9C%20%EB%8F%99%EB%8C%80%EB%AC%B8%EA%B5%AC%20%ED%9A%8C%EA%B8%B0%EB%A1%9C%2056%28%EC%B2%AD%EB%9F%89%EB%A6%AC%EB%8F%99%29
서대문구	봉원동	봉원사 독성도	서울특별시 서대문구 봉원사길 120(봉원동)	유형문화유산	37.572346	126.946982	https://map.naver.com/p/search/%EB%B4%89%EC%9B%90%EC%82%AC%20%EB%8F%85%EC%84%B1%EB%8F%84%20%EC%84%9C%EC%9A%B8%ED%8A%B9%EB%B3%84%EC%8B%9C%20%EC%84%9C%EB%8C%80%EB%AC%B8%EA%B5%AC%20%EB%B4%89%EC%9B%90%EC%82%AC%EA%B8%B8%20120%28%EB%B4%89%EC%9B%90%EB%8F%99%29
중랑구	묵동	옥추경	서울특별시 중랑구 숙선옹주로 69(묵동)	유형문화유산	37.616438	127.08263	https://map.naver.com/p/search/%EC%98%A5%EC%B6%94%EA%B2%BD%20%EC%84%9C%EC%9A%B8%ED%8A%B9%EB%B3%84%EC%8B%9C%20%EC%A4%91%EB%9E%91%EA%B5%AC%20%EC%88%99%EC%84%A0%EC%98%B9%EC%A3%BC%EB%A1%9C%2069%28%EB%AC%B5%EB%8F%99%29
중랑구	망우동	주역전의대전	서울특별시 중랑구 망우로74길 7 (망우동, 세움삼익플라주) 402호	유형문화유산	37.5999651	127.1040007	https://map.naver.com/p/search/%EC%A3%BC%EC%97%AD%EC%A0%84%EC%9D%98%EB%8C%80%EC%A0%84%20%EC%84%9C%EC%9A%B8%ED%8A%B9%EB%B3%84%EC%8B%9C%20%EC%A4%91%EB%9E%91%EA%B5%AC%20%EB%A7%9D%EC%9A%B0%EB%A1%9C74%EA%B8%B8%207%20%28%EB%A7%9D%EC%9A%B0%EB%8F%99%2C%20%EC%84%B8%EC%9B%80%EC%82%BC%EC%9D%B5%ED%94%8C%EB%9D%BC%EC%A3%BC%29%20402%ED%98%B8
종로구	명륜3가	선조 기축년사초	서울특별시 종로구 성균관로 25-2(명륜3가)	유형문화유산	37.587954	126.992159	https://map.naver.com/p/search/%EC%84%A0%EC%A1%B0%20%EA%B8%B0%EC%B6%95%EB%85%84%EC%82%AC%EC%B4%88%20%EC%84%9C%EC%9A%B8%ED%8A%B9%EB%B3%84%EC%8B%9C%20%EC%A2%85%EB%A1%9C%EA%B5%AC%20%EC%84%B1%EA%B7%A0%EA%B4%80%EB%A1%9C%2025-2%28%EB%AA%85%EB%A5%9C3%EA%B0%80%29
강북구	수유동	현수제승법수	서울특별시 강북구 4.19로28길 101(수유동)	유형문화유산	37.643596	126.996719	https://map.naver.com/p/search/%ED%98%84%EC%88%98%EC%A0%9C%EC%8A%B9%EB%B2%95%EC%88%98%20%EC%84%9C%EC%9A%B8%ED%8A%B9%EB%B3%84%EC%8B%9C%20%EA%B0%95%EB%B6%81%EA%B5%AC%204.19%EB%A1%9C28%EA%B8%B8%20101%28%EC%88%98%EC%9C%A0%EB%8F%99%29
강남구	도곡동	금강경삼가해 권1	서울특별시 강남구 남부순환로351길 22-6(도곡동)	유형문화유산	37.486324	127.034559	https://map.naver.com/p/search/%EA%B8%88%EA%B0%95%EA%B2%BD%EC%82%BC%EA%B0%80%ED%95%B4%20%EA%B6%8C1%20%EC%84%9C%EC%9A%B8%ED%8A%B9%EB%B3%84%EC%8B%9C%20%EA%B0%95%EB%82%A8%EA%B5%AC%20%EB%82%A8%EB%B6%80%EC%88%9C%ED%99%98%EB%A1%9C351%EA%B8%B8%2022-6%28%EB%8F%84%EA%B3%A1%EB%8F%99%29
중랑구	망우동	근사록	서울특별시 중랑구 망우로74길 7 (망우동, 세움삼익플라주) 402호	유형문화유산	37.5999651	127.1040007	https://map.naver.com/p/search/%EA%B7%BC%EC%82%AC%EB%A1%9D%20%EC%84%9C%EC%9A%B8%ED%8A%B9%EB%B3%84%EC%8B%9C%20%EC%A4%91%EB%9E%91%EA%B5%AC%20%EB%A7%9D%EC%9A%B0%EB%A1%9C74%EA%B8%B8%207%20%28%EB%A7%9D%EC%9A%B0%EB%8F%99%2C%20%EC%84%B8%EC%9B%80%EC%82%BC%EC%9D%B5%ED%94%8C%EB%9D%BC%EC%A3%BC%29%20402%ED%98%B8
중구	남산동1가	청자 음각앵무문 정병	서울특별시 중구 퇴계로18길 14(남산동1가)	보물	37.560183	126.985084	https://map.naver.com/p/search/%EC%B2%AD%EC%9E%90%20%EC%9D%8C%EA%B0%81%EC%95%B5%EB%AC%B4%EB%AC%B8%20%EC%A0%95%EB%B3%91%20%EC%84%9C%EC%9A%B8%ED%8A%B9%EB%B3%84%EC%8B%9C%20%EC%A4%91%EA%B5%AC%20%ED%87%B4%EA%B3%84%EB%A1%9C18%EA%B8%B8%2014%28%EB%82%A8%EC%82%B0%EB%8F%991%EA%B0%80%29
중구	남산동1가	백자 채연	서울특별시 중구 퇴계로18길 14(남산동1가)	유형문화유산	37.560183	126.985084	https://map.naver.com/p/search/%EB%B0%B1%EC%9E%90%20%EC%B1%84%EC%97%B0%20%EC%84%9C%EC%9A%B8%ED%8A%B9%EB%B3%84%EC%8B%9C%20%EC%A4%91%EA%B5%AC%20%ED%87%B4%EA%B3%84%EB%A1%9C18%EA%B8%B8%2014%28%EB%82%A8%EC%82%B0%EB%8F%991%EA%B0%80%29
종로구	안국동	자수 상궁청신녀명 연화봉황문 방석	서울특별시 종로구 율곡로2길 4 (안국동) 서울공예박물관	유형문화유산	37.5768611	126.9835871	https://map.naver.com/p/search/%EC%9E%90%EC%88%98%20%EC%83%81%EA%B6%81%EC%B2%AD%EC%8B%A0%EB%85%80%EB%AA%85%20%EC%97%B0%ED%99%94%EB%B4%89%ED%99%A9%EB%AC%B8%20%EB%B0%A9%EC%84%9D%20%EC%84%9C%EC%9A%B8%ED%8A%B9%EB%B3%84%EC%8B%9C%20%EC%A2%85%EB%A1%9C%EA%B5%AC%20%EC%9C%A8%EA%B3%A1%EB%A1%9C2%EA%B8%B8%204%20%28%EC%95%88%EA%B5%AD%EB%8F%99%29%20%EC%84%9C%EC%9A%B8%EA%B3%B5%EC%98%88%EB%B0%95%EB%AC%BC%EA%B4%80
종로구	안국동	자수 아미타불명 번	서울특별시 종로구 율곡로2길 4 (안국동) 서울공예박물관	유형문화유산	37.5768611	126.9835871	https://map.naver.com/p/search/%EC%9E%90%EC%88%98%20%EC%95%84%EB%AF%B8%ED%83%80%EB%B6%88%EB%AA%85%20%EB%B2%88%20%EC%84%9C%EC%9A%B8%ED%8A%B9%EB%B3%84%EC%8B%9C%20%EC%A2%85%EB%A1%9C%EA%B5%AC%20%EC%9C%A8%EA%B3%A1%EB%A1%9C2%EA%B8%B8%204%20%28%EC%95%88%EA%B5%AD%EB%8F%99%29%20%EC%84%9C%EC%9A%B8%EA%B3%B5%EC%98%88%EB%B0%95%EB%AC%BC%EA%B4%80
종로구	안국동	선학원 신중도	서울특별시 종로구 윤보선길 35-4(안국동)	유형문화유산	37.577735	126.983228	https://map.naver.com/p/search/%EC%84%A0%ED%95%99%EC%9B%90%20%EC%8B%A0%EC%A4%91%EB%8F%84%20%EC%84%9C%EC%9A%B8%ED%8A%B9%EB%B3%84%EC%8B%9C%20%EC%A2%85%EB%A1%9C%EA%B5%AC%20%EC%9C%A4%EB%B3%B4%EC%84%A0%EA%B8%B8%2035-4%28%EC%95%88%EA%B5%AD%EB%8F%99%29
동대문구	청량리동	영가대사증도가 남명천선사계송(언해)	서울특별시 동대문구 회기로 56(청량리동)	유형문화유산	37.591001	127.042714	https://map.naver.com/p/search/%EC%98%81%EA%B0%80%EB%8C%80%EC%82%AC%EC%A6%9D%EB%8F%84%EA%B0%80%20%EB%82%A8%EB%AA%85%EC%B2%9C%EC%84%A0%EC%82%AC%EA%B3%84%EC%86%A1%28%EC%96%B8%ED%95%B4%29%20%EC%84%9C%EC%9A%B8%ED%8A%B9%EB%B3%84%EC%8B%9C%20%EB%8F%99%EB%8C%80%EB%AC%B8%EA%B5%AC%20%ED%9A%8C%EA%B8%B0%EB%A1%9C%2056%28%EC%B2%AD%EB%9F%89%EB%A6%AC%EB%8F%99%29
중랑구	망우동	초사후어	서울특별시 중랑구 망우로74길 7 (망우동, 세움삼익플라주) 402호	유형문화유산	37.5999651	127.1040007	https://map.naver.com/p/search/%EC%B4%88%EC%82%AC%ED%9B%84%EC%96%B4%20%EC%84%9C%EC%9A%B8%ED%8A%B9%EB%B3%84%EC%8B%9C%20%EC%A4%91%EB%9E%91%EA%B5%AC%20%EB%A7%9D%EC%9A%B0%EB%A1%9C74%EA%B8%B8%207%20%28%EB%A7%9D%EC%9A%B0%EB%8F%99%2C%20%EC%84%B8%EC%9B%80%EC%82%BC%EC%9D%B5%ED%94%8C%EB%9D%BC%EC%A3%BC%29%20402%ED%98%B8
강북구	수유동	사릉 석물 채석장 터	서울특별시 강북구 4.19로30길 18(수유동)	기념물	37.642527	127.001356	https://map.naver.com/p/search/%EC%82%AC%EB%A6%89%20%EC%84%9D%EB%AC%BC%20%EC%B1%84%EC%84%9D%EC%9E%A5%20%ED%84%B0%20%EC%84%9C%EC%9A%B8%ED%8A%B9%EB%B3%84%EC%8B%9C%20%EA%B0%95%EB%B6%81%EA%B5%AC%204.19%EB%A1%9C30%EA%B8%B8%2018%28%EC%88%98%EC%9C%A0%EB%8F%99%29
종로구	신문로2가	비변사계회도	서울특별시 종로구 새문안로 55(신문로2가)	유형문화유산	37.570143	126.970438	https://map.naver.com/p/search/%EB%B9%84%EB%B3%80%EC%82%AC%EA%B3%84%ED%9A%8C%EB%8F%84%20%EC%84%9C%EC%9A%B8%ED%8A%B9%EB%B3%84%EC%8B%9C%20%EC%A2%85%EB%A1%9C%EA%B5%AC%20%EC%83%88%EB%AC%B8%EC%95%88%EB%A1%9C%2055%28%EC%8B%A0%EB%AC%B8%EB%A1%9C2%EA%B0%80%29
은평구	수색동	백자호	서울특별시 은평구 수색로 322 (수색동, DMC SK VIEW IPARK Foret)	유형문화유산	37.5862631	126.8932591	https://map.naver.com/p/search/%EB%B0%B1%EC%9E%90%ED%98%B8%20%EC%84%9C%EC%9A%B8%ED%8A%B9%EB%B3%84%EC%8B%9C%20%EC%9D%80%ED%8F%89%EA%B5%AC%20%EC%88%98%EC%83%89%EB%A1%9C%20322%20%28%EC%88%98%EC%83%89%EB%8F%99%2C%20DMC%20SK%20VIEW%20IPARK%20Foret%29
구로구	개봉동	묘법연화경	서울특별시 구로구 개봉로3길 106-18(개봉동)	유형문화유산	37.48636	126.849904	https://map.naver.com/p/search/%EB%AC%98%EB%B2%95%EC%97%B0%ED%99%94%EA%B2%BD%20%EC%84%9C%EC%9A%B8%ED%8A%B9%EB%B3%84%EC%8B%9C%20%EA%B5%AC%EB%A1%9C%EA%B5%AC%20%EA%B0%9C%EB%B4%89%EB%A1%9C3%EA%B8%B8%20106-18%28%EA%B0%9C%EB%B4%89%EB%8F%99%29
용산구	용산동6가	몽산화상법어약록	서울특별시 용산구 서빙고로 139(용산동6가)	유형문화유산	37.521182	126.980919	https://map.naver.com/p/search/%EB%AA%BD%EC%82%B0%ED%99%94%EC%83%81%EB%B2%95%EC%96%B4%EC%95%BD%EB%A1%9D%20%EC%84%9C%EC%9A%B8%ED%8A%B9%EB%B3%84%EC%8B%9C%20%EC%9A%A9%EC%82%B0%EA%B5%AC%20%EC%84%9C%EB%B9%99%EA%B3%A0%EB%A1%9C%20139%28%EC%9A%A9%EC%82%B0%EB%8F%996%EA%B0%80%29
종로구	안국동	자수 연화당초문 현우경 표지	서울특별시 종로구 율곡로3길 4 (안국동) 서울공예박물관	유형문화유산	37.5768611	126.9835871	https://map.naver.com/p/search/%EC%9E%90%EC%88%98%20%EC%97%B0%ED%99%94%EB%8B%B9%EC%B4%88%EB%AC%B8%20%ED%98%84%EC%9A%B0%EA%B2%BD%20%ED%91%9C%EC%A7%80%20%EC%84%9C%EC%9A%B8%ED%8A%B9%EB%B3%84%EC%8B%9C%20%EC%A2%85%EB%A1%9C%EA%B5%AC%20%EC%9C%A8%EA%B3%A1%EB%A1%9C3%EA%B8%B8%204%20%28%EC%95%88%EA%B5%AD%EB%8F%99%29%20%EC%84%9C%EC%9A%B8%EA%B3%B5%EC%98%88%EB%B0%95%EB%AC%BC%EA%B4%80
동대문구	청량리동	논어언해 권3	서울특별시 동대문구 회기로 56(청량리동)	유형문화유산	37.591001	127.042714	https://map.naver.com/p/search/%EB%85%BC%EC%96%B4%EC%96%B8%ED%95%B4%20%EA%B6%8C3%20%EC%84%9C%EC%9A%B8%ED%8A%B9%EB%B3%84%EC%8B%9C%20%EB%8F%99%EB%8C%80%EB%AC%B8%EA%B5%AC%20%ED%9A%8C%EA%B8%B0%EB%A1%9C%2056%28%EC%B2%AD%EB%9F%89%EB%A6%AC%EB%8F%99%29
종로구	명륜3가	명공묘선육방옹시집	서울특별시 종로구 성균관로 25-2(명륜3가)	유형문화유산	37.587954	126.992159	https://map.naver.com/p/search/%EB%AA%85%EA%B3%B5%EB%AC%98%EC%84%A0%EC%9C%A1%EB%B0%A9%EC%98%B9%EC%8B%9C%EC%A7%91%20%EC%84%9C%EC%9A%B8%ED%8A%B9%EB%B3%84%EC%8B%9C%20%EC%A2%85%EB%A1%9C%EA%B5%AC%20%EC%84%B1%EA%B7%A0%EA%B4%80%EB%A1%9C%2025-2%28%EB%AA%85%EB%A5%9C3%EA%B0%80%29
은평구	진관동	화주당 무신도	서울특별시 은평구 진관2로 57-23(진관동)	민속문화유산	37.635135	126.925378	https://map.naver.com/p/search/%ED%99%94%EC%A3%BC%EB%8B%B9%20%EB%AC%B4%EC%8B%A0%EB%8F%84%20%EC%84%9C%EC%9A%B8%ED%8A%B9%EB%B3%84%EC%8B%9C%20%EC%9D%80%ED%8F%89%EA%B5%AC%20%EC%A7%84%EA%B4%802%EB%A1%9C%2057-23%28%EC%A7%84%EA%B4%80%EB%8F%99%29
성북구	돈암동	흥천사 조왕도	서울특별시 성북구 흥천사길 29(돈암동)	문화유산자료	37.597961	127.008131	https://map.naver.com/p/search/%ED%9D%A5%EC%B2%9C%EC%82%AC%20%EC%A1%B0%EC%99%95%EB%8F%84%20%EC%84%9C%EC%9A%B8%ED%8A%B9%EB%B3%84%EC%8B%9C%20%EC%84%B1%EB%B6%81%EA%B5%AC%20%ED%9D%A5%EC%B2%9C%EC%82%AC%EA%B8%B8%2029%28%EB%8F%88%EC%95%94%EB%8F%99%29
서대문구	충정로2가	대방광불화엄경 진본 권37	서울특별시 서대문구 충정로9길 10-10(충정로2가)	국보	37.565017	126.964891	https://map.naver.com/p/search/%EB%8C%80%EB%B0%A9%EA%B4%91%EB%B6%88%ED%99%94%EC%97%84%EA%B2%BD%20%EC%A7%84%EB%B3%B8%20%EA%B6%8C37%20%EC%84%9C%EC%9A%B8%ED%8A%B9%EB%B3%84%EC%8B%9C%20%EC%84%9C%EB%8C%80%EB%AC%B8%EA%B5%AC%20%EC%B6%A9%EC%A0%95%EB%A1%9C9%EA%B8%B8%2010-10%28%EC%B6%A9%EC%A0%95%EB%A1%9C2%EA%B0%80%29
중구	일산동|식사동	보협인석탑	경기도 고양시 일산동구 동국로 32 (식사동) 동국대바이오메디캠퍼스 산학협력관 수장고	국보	37.6777607	126.8069508	https://map.naver.com/p/search/%EB%B3%B4%ED%98%91%EC%9D%B8%EC%84%9D%ED%83%91%20%EA%B2%BD%EA%B8%B0%EB%8F%84%20%EA%B3%A0%EC%96%91%EC%8B%9C%20%EC%9D%BC%EC%82%B0%EB%8F%99%EA%B5%AC%20%EB%8F%99%EA%B5%AD%EB%A1%9C%2032%20%28%EC%8B%9D%EC%82%AC%EB%8F%99%29%20%EB%8F%99%EA%B5%AD%EB%8C%80%EB%B0%94%EC%9D%B4%EC%98%A4%EB%A9%94%EB%94%94%EC%BA%A0%ED%8D%BC%EC%8A%A4%20%EC%82%B0%ED%95%99%ED%98%91%EB%A0%A5%EA%B4%80%20%EC%88%98%EC%9E%A5%EA%B3%A0
용산구	용산동6가	감지은니 불공견삭신변진언경 권13	서울특별시 용산구 서빙고로 137(용산동6가)	국보	37.524087	126.980388	https://map.naver.com/p/search/%EA%B0%90%EC%A7%80%EC%9D%80%EB%8B%88%20%EB%B6%88%EA%B3%B5%EA%B2%AC%EC%82%AD%EC%8B%A0%EB%B3%80%EC%A7%84%EC%96%B8%EA%B2%BD%20%EA%B6%8C13%20%EC%84%9C%EC%9A%B8%ED%8A%B9%EB%B3%84%EC%8B%9C%20%EC%9A%A9%EC%82%B0%EA%B5%AC%20%EC%84%9C%EB%B9%99%EA%B3%A0%EB%A1%9C%20137%28%EC%9A%A9%EC%82%B0%EB%8F%996%EA%B0%80%29
용산구	용산동6가	한인애국단원 편지 및 봉투	서울특별시 용산구 서빙고로 137(용산동6가)	국가등록유산	37.524087	126.980388	https://map.naver.com/p/search/%ED%95%9C%EC%9D%B8%EC%95%A0%EA%B5%AD%EB%8B%A8%EC%9B%90%20%ED%8E%B8%EC%A7%80%20%EB%B0%8F%20%EB%B4%89%ED%88%AC%20%EC%84%9C%EC%9A%B8%ED%8A%B9%EB%B3%84%EC%8B%9C%20%EC%9A%A9%EC%82%B0%EA%B5%AC%20%EC%84%9C%EB%B9%99%EA%B3%A0%EB%A1%9C%20137%28%EC%9A%A9%EC%82%B0%EB%8F%996%EA%B0%80%29
노원구	공릉동	안필호, 숙부인 장흥마씨 부부 초상	서울특별시 노원구 화랑로 570(공릉동) 육군박물관	유형문화유산	37.654358	127.056473	https://map.naver.com/p/search/%EC%95%88%ED%95%84%ED%98%B8%2C%20%EC%88%99%EB%B6%80%EC%9D%B8%20%EC%9E%A5%ED%9D%A5%EB%A7%88%EC%94%A8%20%EB%B6%80%EB%B6%80%20%EC%B4%88%EC%83%81%20%EC%84%9C%EC%9A%B8%ED%8A%B9%EB%B3%84%EC%8B%9C%20%EB%85%B8%EC%9B%90%EA%B5%AC%20%ED%99%94%EB%9E%91%EB%A1%9C%20570%28%EA%B3%B5%EB%A6%89%EB%8F%99%29%20%EC%9C%A1%EA%B5%B0%EB%B0%95%EB%AC%BC%EA%B4%80
성북구	성북동	서울 보화각	서울특별시 성북구 성북로 102-11(성북동)	국가등록유산	37.594466	126.99622	https://map.naver.com/p/search/%EC%84%9C%EC%9A%B8%20%EB%B3%B4%ED%99%94%EA%B0%81%20%EC%84%9C%EC%9A%B8%ED%8A%B9%EB%B3%84%EC%8B%9C%20%EC%84%B1%EB%B6%81%EA%B5%AC%20%EC%84%B1%EB%B6%81%EB%A1%9C%20102-11%28%EC%84%B1%EB%B6%81%EB%8F%99%29
종로구	계동	서울 중앙고등학교 서관	서울특별시 종로구 창덕궁길 164(계동)	사적	37.584119	126.986866	https://map.naver.com/p/search/%EC%84%9C%EC%9A%B8%20%EC%A4%91%EC%95%99%EA%B3%A0%EB%93%B1%ED%95%99%EA%B5%90%20%EC%84%9C%EA%B4%80%20%EC%84%9C%EC%9A%B8%ED%8A%B9%EB%B3%84%EC%8B%9C%20%EC%A2%85%EB%A1%9C%EA%B5%AC%20%EC%B0%BD%EB%8D%95%EA%B6%81%EA%B8%B8%20164%28%EA%B3%84%EB%8F%99%29
성북구	안암동5가	서울 고려대학교 본관	서울특별시 성북구 안암로 145(안암동5가) 고려대학교	사적	37.584894	127.021667	https://map.naver.com/p/search/%EC%84%9C%EC%9A%B8%20%EA%B3%A0%EB%A0%A4%EB%8C%80%ED%95%99%EA%B5%90%20%EB%B3%B8%EA%B4%80%20%EC%84%9C%EC%9A%B8%ED%8A%B9%EB%B3%84%EC%8B%9C%20%EC%84%B1%EB%B6%81%EA%B5%AC%20%EC%95%88%EC%95%94%EB%A1%9C%20145%28%EC%95%88%EC%95%94%EB%8F%995%EA%B0%80%29%20%EA%B3%A0%EB%A0%A4%EB%8C%80%ED%95%99%EA%B5%90
은평구	진관동	서울 금성당	서울특별시 은평구 진관동 175-836번지	국가민속유산	37.635118	126.925462	https://map.naver.com/p/search/%EC%84%9C%EC%9A%B8%20%EA%B8%88%EC%84%B1%EB%8B%B9%20%EC%84%9C%EC%9A%B8%ED%8A%B9%EB%B3%84%EC%8B%9C%20%EC%9D%80%ED%8F%89%EA%B5%AC%20%EC%A7%84%EA%B4%80%EB%8F%99%20175-836%EB%B2%88%EC%A7%80
중랑구	묵동	법장사 목조여래좌상	서울특별시 중랑구 숙선옹주로 69(묵동)	문화유산자료	37.614842	127.084035	https://map.naver.com/p/search/%EB%B2%95%EC%9E%A5%EC%82%AC%20%EB%AA%A9%EC%A1%B0%EC%97%AC%EB%9E%98%EC%A2%8C%EC%83%81%20%EC%84%9C%EC%9A%B8%ED%8A%B9%EB%B3%84%EC%8B%9C%20%EC%A4%91%EB%9E%91%EA%B5%AC%20%EC%88%99%EC%84%A0%EC%98%B9%EC%A3%BC%EB%A1%9C%2069%28%EB%AC%B5%EB%8F%99%29
금천구	시흥동	서울 호암산성	서울 금천구 시흥동 산83-1번지 외	사적	37.446273	126.914557	https://map.naver.com/p/search/%EC%84%9C%EC%9A%B8%20%ED%98%B8%EC%95%94%EC%82%B0%EC%84%B1%20%EC%84%9C%EC%9A%B8%20%EA%B8%88%EC%B2%9C%EA%B5%AC%20%EC%8B%9C%ED%9D%A5%EB%8F%99%20%EC%82%B083-1%EB%B2%88%EC%A7%80%20%EC%99%B8
마포구	합정동	서울 양화나루와 잠두봉 유적	서울특별시 마포구 토정로 6(합정동)	사적	37.544143	126.911779	https://map.naver.com/p/search/%EC%84%9C%EC%9A%B8%20%EC%96%91%ED%99%94%EB%82%98%EB%A3%A8%EC%99%80%20%EC%9E%A0%EB%91%90%EB%B4%89%20%EC%9C%A0%EC%A0%81%20%EC%84%9C%EC%9A%B8%ED%8A%B9%EB%B3%84%EC%8B%9C%20%EB%A7%88%ED%8F%AC%EA%B5%AC%20%ED%86%A0%EC%A0%95%EB%A1%9C%206%28%ED%95%A9%EC%A0%95%EB%8F%99%29
동대문구	제기동	서울 선농단	서울특별시 동대문구 무학로44길 38(제기동)	사적	37.58102	127.032114	https://map.naver.com/p/search/%EC%84%9C%EC%9A%B8%20%EC%84%A0%EB%86%8D%EB%8B%A8%20%EC%84%9C%EC%9A%B8%ED%8A%B9%EB%B3%84%EC%8B%9C%20%EB%8F%99%EB%8C%80%EB%AC%B8%EA%B5%AC%20%EB%AC%B4%ED%95%99%EB%A1%9C44%EA%B8%B8%2038%28%EC%A0%9C%EA%B8%B0%EB%8F%99%29
용산구	원효로4가	서울 용산신학교	서울특별시 용산구 원효로19길 49(원효로4가)	사적	37.534367	126.953728	https://map.naver.com/p/search/%EC%84%9C%EC%9A%B8%20%EC%9A%A9%EC%82%B0%EC%8B%A0%ED%95%99%EA%B5%90%20%EC%84%9C%EC%9A%B8%ED%8A%B9%EB%B3%84%EC%8B%9C%20%EC%9A%A9%EC%82%B0%EA%B5%AC%20%EC%9B%90%ED%9A%A8%EB%A1%9C19%EA%B8%B8%2049%28%EC%9B%90%ED%9A%A8%EB%A1%9C4%EA%B0%80%29
종로구	운니동	영산회상도	서울특별시 종로구 삼일대로 470 (운니동)	보물	37.5766766	126.9870063	https://map.naver.com/p/search/%EC%98%81%EC%82%B0%ED%9A%8C%EC%83%81%EB%8F%84%20%EC%84%9C%EC%9A%B8%ED%8A%B9%EB%B3%84%EC%8B%9C%20%EC%A2%85%EB%A1%9C%EA%B5%AC%20%EC%82%BC%EC%9D%BC%EB%8C%80%EB%A1%9C%20470%20%28%EC%9A%B4%EB%8B%88%EB%8F%99%29
용산구	용산동6가	고려 수월관음보살도	서울특별시 용산구 서빙고로 137 (용산동6가)	보물	37.5231057	126.9821761	https://map.naver.com/p/search/%EA%B3%A0%EB%A0%A4%20%EC%88%98%EC%9B%94%EA%B4%80%EC%9D%8C%EB%B3%B4%EC%82%B4%EB%8F%84%20%EC%84%9C%EC%9A%B8%ED%8A%B9%EB%B3%84%EC%8B%9C%20%EC%9A%A9%EC%82%B0%EA%B5%AC%20%EC%84%9C%EB%B9%99%EA%B3%A0%EB%A1%9C%20137%20%28%EC%9A%A9%EC%82%B0%EB%8F%996%EA%B0%80%29
종로구	사직동	목우자수심결(언해)	서울특별시 종로구 사직로9길 15-14(사직동)	유형문화유산	37.573521	126.978835	https://map.naver.com/p/search/%EB%AA%A9%EC%9A%B0%EC%9E%90%EC%88%98%EC%8B%AC%EA%B2%B0%28%EC%96%B8%ED%95%B4%29%20%EC%84%9C%EC%9A%B8%ED%8A%B9%EB%B3%84%EC%8B%9C%20%EC%A2%85%EB%A1%9C%EA%B5%AC%20%EC%82%AC%EC%A7%81%EB%A1%9C9%EA%B8%B8%2015-14%28%EC%82%AC%EC%A7%81%EB%8F%99%29
종로구	재동	서울 재동 백송	서울특별시 종로구 북촌로 15(재동)	천연기념물	37.578325	126.984585	https://map.naver.com/p/search/%EC%84%9C%EC%9A%B8%20%EC%9E%AC%EB%8F%99%20%EB%B0%B1%EC%86%A1%20%EC%84%9C%EC%9A%B8%ED%8A%B9%EB%B3%84%EC%8B%9C%20%EC%A2%85%EB%A1%9C%EA%B5%AC%20%EB%B6%81%EC%B4%8C%EB%A1%9C%2015%28%EC%9E%AC%EB%8F%99%29
종로구	동숭동	구 공업전습소 본관	서울특별시 종로구 대학로 86(동숭동)	사적	37.578826	127.002919	https://map.naver.com/p/search/%EA%B5%AC%20%EA%B3%B5%EC%97%85%EC%A0%84%EC%8A%B5%EC%86%8C%20%EB%B3%B8%EA%B4%80%20%EC%84%9C%EC%9A%B8%ED%8A%B9%EB%B3%84%EC%8B%9C%20%EC%A2%85%EB%A1%9C%EA%B5%AC%20%EB%8C%80%ED%95%99%EB%A1%9C%2086%28%EB%8F%99%EC%88%AD%EB%8F%99%29
종로구	계동	서울 중앙고등학교 동관	서울특별시 종로구 창덕궁길 164(계동)	사적	37.584119	126.986866	https://map.naver.com/p/search/%EC%84%9C%EC%9A%B8%20%EC%A4%91%EC%95%99%EA%B3%A0%EB%93%B1%ED%95%99%EA%B5%90%20%EB%8F%99%EA%B4%80%20%EC%84%9C%EC%9A%B8%ED%8A%B9%EB%B3%84%EC%8B%9C%20%EC%A2%85%EB%A1%9C%EA%B5%AC%20%EC%B0%BD%EB%8D%95%EA%B6%81%EA%B8%B8%20164%28%EA%B3%84%EB%8F%99%29
중구	봉래동2가	구 서울역사	서울특별시 중구 청파로 426(봉래동2가)	사적	37.557447	126.969512	https://map.naver.com/p/search/%EA%B5%AC%20%EC%84%9C%EC%9A%B8%EC%97%AD%EC%82%AC%20%EC%84%9C%EC%9A%B8%ED%8A%B9%EB%B3%84%EC%8B%9C%20%EC%A4%91%EA%B5%AC%20%EC%B2%AD%ED%8C%8C%EB%A1%9C%20426%28%EB%B4%89%EB%9E%98%EB%8F%992%EA%B0%80%29
성북구	안암동5가	서울 고려대학교 중앙도서관	서울특별시 성북구 안암로 145(안암동5가) 고려대학교 안암캠퍼스	사적	37.584894	127.021667	https://map.naver.com/p/search/%EC%84%9C%EC%9A%B8%20%EA%B3%A0%EB%A0%A4%EB%8C%80%ED%95%99%EA%B5%90%20%EC%A4%91%EC%95%99%EB%8F%84%EC%84%9C%EA%B4%80%20%EC%84%9C%EC%9A%B8%ED%8A%B9%EB%B3%84%EC%8B%9C%20%EC%84%B1%EB%B6%81%EA%B5%AC%20%EC%95%88%EC%95%94%EB%A1%9C%20145%28%EC%95%88%EC%95%94%EB%8F%995%EA%B0%80%29%20%EA%B3%A0%EB%A0%A4%EB%8C%80%ED%95%99%EA%B5%90%20%EC%95%88%EC%95%94%EC%BA%A0%ED%8D%BC%EC%8A%A4
용산구	효창동	서울 효창공원	서울특별시 용산구 효창원로 177-18(효창동) 효창공원	사적	37.545334	126.96159	https://map.naver.com/p/search/%EC%84%9C%EC%9A%B8%20%ED%9A%A8%EC%B0%BD%EA%B3%B5%EC%9B%90%20%EC%84%9C%EC%9A%B8%ED%8A%B9%EB%B3%84%EC%8B%9C%20%EC%9A%A9%EC%82%B0%EA%B5%AC%20%ED%9A%A8%EC%B0%BD%EC%9B%90%EB%A1%9C%20177-18%28%ED%9A%A8%EC%B0%BD%EB%8F%99%29%20%ED%9A%A8%EC%B0%BD%EA%B3%B5%EC%9B%90
용산구	한남동	청자 상감용봉모란문 합 및 탁	서울특별시 용산구 이태원로55길 60-16(한남동)	국보	37.538546	126.99881	https://map.naver.com/p/search/%EC%B2%AD%EC%9E%90%20%EC%83%81%EA%B0%90%EC%9A%A9%EB%B4%89%EB%AA%A8%EB%9E%80%EB%AC%B8%20%ED%95%A9%20%EB%B0%8F%20%ED%83%81%20%EC%84%9C%EC%9A%B8%ED%8A%B9%EB%B3%84%EC%8B%9C%20%EC%9A%A9%EC%82%B0%EA%B5%AC%20%EC%9D%B4%ED%83%9C%EC%9B%90%EB%A1%9C55%EA%B8%B8%2060-16%28%ED%95%9C%EB%82%A8%EB%8F%99%29
종로구		경복궁 근정전	서울특별시 종로구 삼청로 37(세종로)	국보	37.581565	126.978931	https://map.naver.com/p/search/%EA%B2%BD%EB%B3%B5%EA%B6%81%20%EA%B7%BC%EC%A0%95%EC%A0%84%20%EC%84%9C%EC%9A%B8%ED%8A%B9%EB%B3%84%EC%8B%9C%20%EC%A2%85%EB%A1%9C%EA%B5%AC%20%EC%82%BC%EC%B2%AD%EB%A1%9C%2037%28%EC%84%B8%EC%A2%85%EB%A1%9C%29
종로구		경복궁 경회루	서울특별시 종로구 삼청로 37(세종로)	국보	37.581565	126.978931	https://map.naver.com/p/search/%EA%B2%BD%EB%B3%B5%EA%B6%81%20%EA%B2%BD%ED%9A%8C%EB%A3%A8%20%EC%84%9C%EC%9A%B8%ED%8A%B9%EB%B3%84%EC%8B%9C%20%EC%A2%85%EB%A1%9C%EA%B5%AC%20%EC%82%BC%EC%B2%AD%EB%A1%9C%2037%28%EC%84%B8%EC%A2%85%EB%A1%9C%29
종로구		천상열차분야지도 각석	서울특별시 종로구 효자로 12(세종로)	국보	37.576668	126.974922	https://map.naver.com/p/search/%EC%B2%9C%EC%83%81%EC%97%B4%EC%B0%A8%EB%B6%84%EC%95%BC%EC%A7%80%EB%8F%84%20%EA%B0%81%EC%84%9D%20%EC%84%9C%EC%9A%B8%ED%8A%B9%EB%B3%84%EC%8B%9C%20%EC%A2%85%EB%A1%9C%EA%B5%AC%20%ED%9A%A8%EC%9E%90%EB%A1%9C%2012%28%EC%84%B8%EC%A2%85%EB%A1%9C%29
성동구	성동|옥수동	미타사 금수암 치성광여래도	서울특별시 성동구 독서당로40길 21(옥수동)	유형문화유산	37.563456	127.036821	https://map.naver.com/p/search/%EB%AF%B8%ED%83%80%EC%82%AC%20%EA%B8%88%EC%88%98%EC%95%94%20%EC%B9%98%EC%84%B1%EA%B4%91%EC%97%AC%EB%9E%98%EB%8F%84%20%EC%84%9C%EC%9A%B8%ED%8A%B9%EB%B3%84%EC%8B%9C%20%EC%84%B1%EB%8F%99%EA%B5%AC%20%EB%8F%85%EC%84%9C%EB%8B%B9%EB%A1%9C40%EA%B8%B8%2021%28%EC%98%A5%EC%88%98%EB%8F%99%29
성동구	성동|옥수동	미타사 극락전 지장시왕도	서울특별시 성동구 독서당로40길 21(옥수동)	유형문화유산	37.563456	127.036821	https://map.naver.com/p/search/%EB%AF%B8%ED%83%80%EC%82%AC%20%EA%B7%B9%EB%9D%BD%EC%A0%84%20%EC%A7%80%EC%9E%A5%EC%8B%9C%EC%99%95%EB%8F%84%20%EC%84%9C%EC%9A%B8%ED%8A%B9%EB%B3%84%EC%8B%9C%20%EC%84%B1%EB%8F%99%EA%B5%AC%20%EB%8F%85%EC%84%9C%EB%8B%B9%EB%A1%9C40%EA%B8%B8%2021%28%EC%98%A5%EC%88%98%EB%8F%99%29
종로구	종로2가	서울 탑골공원	서울특별시 종로구 종로 99(종로2가)	사적	37.571005	126.988285	https://map.naver.com/p/search/%EC%84%9C%EC%9A%B8%20%ED%83%91%EA%B3%A8%EA%B3%B5%EC%9B%90%20%EC%84%9C%EC%9A%B8%ED%8A%B9%EB%B3%84%EC%8B%9C%20%EC%A2%85%EB%A1%9C%EA%B5%AC%20%EC%A2%85%EB%A1%9C%2099%28%EC%A2%85%EB%A1%9C2%EA%B0%80%29
종로구	안국동	안국동 윤보선가	서울특별시 종로구 윤보선길 62(안국동)	사적	37.57895	126.9837	https://map.naver.com/p/search/%EC%95%88%EA%B5%AD%EB%8F%99%20%EC%9C%A4%EB%B3%B4%EC%84%A0%EA%B0%80%20%EC%84%9C%EC%9A%B8%ED%8A%B9%EB%B3%84%EC%8B%9C%20%EC%A2%85%EB%A1%9C%EA%B5%AC%20%EC%9C%A4%EB%B3%B4%EC%84%A0%EA%B8%B8%2062%28%EC%95%88%EA%B5%AD%EB%8F%99%29
종로구	명륜3가	서울 문묘 은행나무	서울특별시 종로구 성균관로 31(명륜3가)	천연기념물	37.585488	126.996725	https://map.naver.com/p/search/%EC%84%9C%EC%9A%B8%20%EB%AC%B8%EB%AC%98%20%EC%9D%80%ED%96%89%EB%82%98%EB%AC%B4%20%EC%84%9C%EC%9A%B8%ED%8A%B9%EB%B3%84%EC%8B%9C%20%EC%A2%85%EB%A1%9C%EA%B5%AC%20%EC%84%B1%EA%B7%A0%EA%B4%80%EB%A1%9C%2031%28%EB%AA%85%EB%A5%9C3%EA%B0%80%29
종로구	통일로18가|무악동	국사당의 무신도	서울특별시 종로구 통일로18가길 20(무악동)	국가민속유산	37.573521	126.978835	https://map.naver.com/p/search/%EA%B5%AD%EC%82%AC%EB%8B%B9%EC%9D%98%20%EB%AC%B4%EC%8B%A0%EB%8F%84%20%EC%84%9C%EC%9A%B8%ED%8A%B9%EB%B3%84%EC%8B%9C%20%EC%A2%85%EB%A1%9C%EA%B5%AC%20%ED%86%B5%EC%9D%BC%EB%A1%9C18%EA%B0%80%EA%B8%B8%2020%28%EB%AC%B4%EC%95%85%EB%8F%99%29
송파구	방이동	서울 몽촌토성	서울특별시 송파구 올림픽로 424(방이동)	사적	37.520934	127.122959	https://map.naver.com/p/search/%EC%84%9C%EC%9A%B8%20%EB%AA%BD%EC%B4%8C%ED%86%A0%EC%84%B1%20%EC%84%9C%EC%9A%B8%ED%8A%B9%EB%B3%84%EC%8B%9C%20%EC%86%A1%ED%8C%8C%EA%B5%AC%20%EC%98%AC%EB%A6%BC%ED%94%BD%EB%A1%9C%20424%28%EB%B0%A9%EC%9D%B4%EB%8F%99%29
서대문구	현저동	서울 구 서대문형무소	서울특별시 서대문구 통일로 251(현저동)	사적	37.57422	126.95619	https://map.naver.com/p/search/%EC%84%9C%EC%9A%B8%20%EA%B5%AC%20%EC%84%9C%EB%8C%80%EB%AC%B8%ED%98%95%EB%AC%B4%EC%86%8C%20%EC%84%9C%EC%9A%B8%ED%8A%B9%EB%B3%84%EC%8B%9C%20%EC%84%9C%EB%8C%80%EB%AC%B8%EA%B5%AC%20%ED%86%B5%EC%9D%BC%EB%A1%9C%20251%28%ED%98%84%EC%A0%80%EB%8F%99%29
동대문구	청량리동	서울 영휘원과 숭인원	서울특별시 동대문구 홍릉로 90(청량리동) 영휘원	사적	37.589595	127.043549	https://map.naver.com/p/search/%EC%84%9C%EC%9A%B8%20%EC%98%81%ED%9C%98%EC%9B%90%EA%B3%BC%20%EC%88%AD%EC%9D%B8%EC%9B%90%20%EC%84%9C%EC%9A%B8%ED%8A%B9%EB%B3%84%EC%8B%9C%20%EB%8F%99%EB%8C%80%EB%AC%B8%EA%B5%AC%20%ED%99%8D%EB%A6%89%EB%A1%9C%2090%28%EC%B2%AD%EB%9F%89%EB%A6%AC%EB%8F%99%29%20%EC%98%81%ED%9C%98%EC%9B%90
서울특별시	용산동6가	영축사명 영산회상도	서울특별시 용산구 서빙고로 137 (용산동6가)	보물	37.5231057	126.9821761	https://map.naver.com/p/search/%EC%98%81%EC%B6%95%EC%82%AC%EB%AA%85%20%EC%98%81%EC%82%B0%ED%9A%8C%EC%83%81%EB%8F%84%20%EC%84%9C%EC%9A%B8%ED%8A%B9%EB%B3%84%EC%8B%9C%20%EC%9A%A9%EC%82%B0%EA%B5%AC%20%EC%84%9C%EB%B9%99%EA%B3%A0%EB%A1%9C%20137%20%28%EC%9A%A9%EC%82%B0%EB%8F%996%EA%B0%80%29
광진구	구의동	아차산 일대 보루군	서울특별시 광진구 영화사로 140 (구의동)	사적	37.5518616	127.0981208	https://map.naver.com/p/search/%EC%95%84%EC%B0%A8%EC%82%B0%20%EC%9D%BC%EB%8C%80%20%EB%B3%B4%EB%A3%A8%EA%B5%B0%20%EC%84%9C%EC%9A%B8%ED%8A%B9%EB%B3%84%EC%8B%9C%20%EA%B4%91%EC%A7%84%EA%B5%AC%20%EC%98%81%ED%99%94%EC%82%AC%EB%A1%9C%20140%20%28%EA%B5%AC%EC%9D%98%EB%8F%99%29
중구	남대문로3가	서울 한국은행 본관	서울특별시 중구 남대문로 39(남대문로3가)	사적	37.562061	126.980521	https://map.naver.com/p/search/%EC%84%9C%EC%9A%B8%20%ED%95%9C%EA%B5%AD%EC%9D%80%ED%96%89%20%EB%B3%B8%EA%B4%80%20%EC%84%9C%EC%9A%B8%ED%8A%B9%EB%B3%84%EC%8B%9C%20%EC%A4%91%EA%B5%AC%20%EB%82%A8%EB%8C%80%EB%AC%B8%EB%A1%9C%2039%28%EB%82%A8%EB%8C%80%EB%AC%B8%EB%A1%9C3%EA%B0%80%29
강서구	가양동	서울 양천고성지	서울 강서구 가양동 산8-4번지 외	사적	37.573352	126.839413	https://map.naver.com/p/search/%EC%84%9C%EC%9A%B8%20%EC%96%91%EC%B2%9C%EA%B3%A0%EC%84%B1%EC%A7%80%20%EC%84%9C%EC%9A%B8%20%EA%B0%95%EC%84%9C%EA%B5%AC%20%EA%B0%80%EC%96%91%EB%8F%99%20%EC%82%B08-4%EB%B2%88%EC%A7%80%20%EC%99%B8
노원구	월계동|창동	서울 초안산 분묘군	서울 노원구 월계동 산8-3번지 외 , 도봉구 창동 산202-1 외	사적	37.637748	127.046301	https://map.naver.com/p/search/%EC%84%9C%EC%9A%B8%20%EC%B4%88%EC%95%88%EC%82%B0%20%EB%B6%84%EB%AC%98%EA%B5%B0%20%EC%84%9C%EC%9A%B8%20%EB%85%B8%EC%9B%90%EA%B5%AC%20%EC%9B%94%EA%B3%84%EB%8F%99%20%EC%82%B08-3%EB%B2%88%EC%A7%80%20%EC%99%B8%20%2C%20%EB%8F%84%EB%B4%89%EA%B5%AC%20%EC%B0%BD%EB%8F%99%20%EC%82%B0202-1%20%EC%99%B8
중구	관철동	서울 청계천 유적(광통교지,수표교지와 오간수문지)	서울특별시 종로구 관철동 270-1번지 외, 중구 남대문로 9 외	사적	37.569055	126.981031	https://map.naver.com/p/search/%EC%84%9C%EC%9A%B8%20%EC%B2%AD%EA%B3%84%EC%B2%9C%20%EC%9C%A0%EC%A0%81%28%EA%B4%91%ED%86%B5%EA%B5%90%EC%A7%80%2C%EC%88%98%ED%91%9C%EA%B5%90%EC%A7%80%EC%99%80%20%EC%98%A4%EA%B0%84%EC%88%98%EB%AC%B8%EC%A7%80%29%20%EC%84%9C%EC%9A%B8%ED%8A%B9%EB%B3%84%EC%8B%9C%20%EC%A2%85%EB%A1%9C%EA%B5%AC%20%EA%B4%80%EC%B2%A0%EB%8F%99%20270-1%EB%B2%88%EC%A7%80%20%EC%99%B8%2C%20%EC%A4%91%EA%B5%AC%20%EB%82%A8%EB%8C%80%EB%AC%B8%EB%A1%9C%209%20%EC%99%B8
강남구	일산동|식사동	봉은사 시왕도	경기도 고양시 일산동구 동국로 32 (식사동) 동국대 바이오메디캠퍼스 산학협력관(수장고)	유형문화유산	37.6787899	126.8062039	https://map.naver.com/p/search/%EB%B4%89%EC%9D%80%EC%82%AC%20%EC%8B%9C%EC%99%95%EB%8F%84%20%EA%B2%BD%EA%B8%B0%EB%8F%84%20%EA%B3%A0%EC%96%91%EC%8B%9C%20%EC%9D%BC%EC%82%B0%EB%8F%99%EA%B5%AC%20%EB%8F%99%EA%B5%AD%EB%A1%9C%2032%20%28%EC%8B%9D%EC%82%AC%EB%8F%99%29%20%EB%8F%99%EA%B5%AD%EB%8C%80%20%EB%B0%94%EC%9D%B4%EC%98%A4%EB%A9%94%EB%94%94%EC%BA%A0%ED%8D%BC%EC%8A%A4%20%EC%82%B0%ED%95%99%ED%98%91%EB%A0%A5%EA%B4%80%28%EC%88%98%EC%9E%A5%EA%B3%A0%29
용산구	후암동	경조당상구선생안	서울특별시 용산구 소월로 109(후암동)	유형문화유산	37.532527	126.99049	https://map.naver.com/p/search/%EA%B2%BD%EC%A1%B0%EB%8B%B9%EC%83%81%EA%B5%AC%EC%84%A0%EC%83%9D%EC%95%88%20%EC%84%9C%EC%9A%B8%ED%8A%B9%EB%B3%84%EC%8B%9C%20%EC%9A%A9%EC%82%B0%EA%B5%AC%20%EC%86%8C%EC%9B%94%EB%A1%9C%20109%28%ED%9B%84%EC%95%94%EB%8F%99%29
종로구	평동	서울 경교장	서울특별시 종로구 새문안로 29(평동)	사적	37.569399	126.966407	https://map.naver.com/p/search/%EC%84%9C%EC%9A%B8%20%EA%B2%BD%EA%B5%90%EC%9E%A5%20%EC%84%9C%EC%9A%B8%ED%8A%B9%EB%B3%84%EC%8B%9C%20%EC%A2%85%EB%A1%9C%EA%B5%AC%20%EC%83%88%EB%AC%B8%EC%95%88%EB%A1%9C%2029%28%ED%8F%89%EB%8F%99%29
성북구	안암동5가	사영 김병기 일가 옷	서울특별시 성북구 안암로 145(안암동5가)	국가민속유산	37.58991	127.031812	https://map.naver.com/p/search/%EC%82%AC%EC%98%81%20%EA%B9%80%EB%B3%91%EA%B8%B0%20%EC%9D%BC%EA%B0%80%20%EC%98%B7%20%EC%84%9C%EC%9A%B8%ED%8A%B9%EB%B3%84%EC%8B%9C%20%EC%84%B1%EB%B6%81%EA%B5%AC%20%EC%95%88%EC%95%94%EB%A1%9C%20145%28%EC%95%88%EC%95%94%EB%8F%995%EA%B0%80%29
종로구		남은들 상여	서울특별시 종로구 효자로 12(세종로)	국가민속유산	37.577208	126.975241	https://map.naver.com/p/search/%EB%82%A8%EC%9D%80%EB%93%A4%20%EC%83%81%EC%97%AC%20%EC%84%9C%EC%9A%B8%ED%8A%B9%EB%B3%84%EC%8B%9C%20%EC%A2%85%EB%A1%9C%EA%B5%AC%20%ED%9A%A8%EC%9E%90%EB%A1%9C%2012%28%EC%84%B8%EC%A2%85%EB%A1%9C%29
종로구	안국동	운봉수 향낭	서울특별시 종로구 율곡로3길 4(안국동)	국가민속유산	37.576859	126.983587	https://map.naver.com/p/search/%EC%9A%B4%EB%B4%89%EC%88%98%20%ED%96%A5%EB%82%AD%20%EC%84%9C%EC%9A%B8%ED%8A%B9%EB%B3%84%EC%8B%9C%20%EC%A2%85%EB%A1%9C%EA%B5%AC%20%EC%9C%A8%EA%B3%A1%EB%A1%9C3%EA%B8%B8%204%28%EC%95%88%EA%B5%AD%EB%8F%99%29
종로구	안국동	일월수 다라니주머니	서울특별시 종로구 율곡로3길 4 (안국동) 서울공예박물관	국가민속유산	37.5768586	126.983587	https://map.naver.com/p/search/%EC%9D%BC%EC%9B%94%EC%88%98%20%EB%8B%A4%EB%9D%BC%EB%8B%88%EC%A3%BC%EB%A8%B8%EB%8B%88%20%EC%84%9C%EC%9A%B8%ED%8A%B9%EB%B3%84%EC%8B%9C%20%EC%A2%85%EB%A1%9C%EA%B5%AC%20%EC%9C%A8%EA%B3%A1%EB%A1%9C3%EA%B8%B8%204%20%28%EC%95%88%EA%B5%AD%EB%8F%99%29%20%EC%84%9C%EC%9A%B8%EA%B3%B5%EC%98%88%EB%B0%95%EB%AC%BC%EA%B4%80
종로구	안국동	오조룡 왕비 보	서울특별시 종로구 율곡로3길 4 (안국동) 서울공예박물관	국가민속유산	37.5768586	126.983587	https://map.naver.com/p/search/%EC%98%A4%EC%A1%B0%EB%A3%A1%20%EC%99%95%EB%B9%84%20%EB%B3%B4%20%EC%84%9C%EC%9A%B8%ED%8A%B9%EB%B3%84%EC%8B%9C%20%EC%A2%85%EB%A1%9C%EA%B5%AC%20%EC%9C%A8%EA%B3%A1%EB%A1%9C3%EA%B8%B8%204%20%28%EC%95%88%EA%B5%AD%EB%8F%99%29%20%EC%84%9C%EC%9A%B8%EA%B3%B5%EC%98%88%EB%B0%95%EB%AC%BC%EA%B4%80
광진구	능동|군자동	전 고종 익선관	서울특별시 광진구 능동로 209(군자동)	국가민속유산	37.551471	127.073884	https://map.naver.com/p/search/%EC%A0%84%20%EA%B3%A0%EC%A2%85%20%EC%9D%B5%EC%84%A0%EA%B4%80%20%EC%84%9C%EC%9A%B8%ED%8A%B9%EB%B3%84%EC%8B%9C%20%EA%B4%91%EC%A7%84%EA%B5%AC%20%EB%8A%A5%EB%8F%99%EB%A1%9C%20209%28%EA%B5%B0%EC%9E%90%EB%8F%99%29
광진구	능동|군자동	전 고종 패옥	서울특별시 광진구 능동로 209(군자동)	국가민속유산	37.551471	127.073884	https://map.naver.com/p/search/%EC%A0%84%20%EA%B3%A0%EC%A2%85%20%ED%8C%A8%EC%98%A5%20%EC%84%9C%EC%9A%B8%ED%8A%B9%EB%B3%84%EC%8B%9C%20%EA%B4%91%EC%A7%84%EA%B5%AC%20%EB%8A%A5%EB%8F%99%EB%A1%9C%20209%28%EA%B5%B0%EC%9E%90%EB%8F%99%29
광진구	능동|군자동	황후 적의	서울특별시 광진구 능동로 209(군자동)	국가민속유산	37.551471	127.073884	https://map.naver.com/p/search/%ED%99%A9%ED%9B%84%20%EC%A0%81%EC%9D%98%20%EC%84%9C%EC%9A%B8%ED%8A%B9%EB%B3%84%EC%8B%9C%20%EA%B4%91%EC%A7%84%EA%B5%AC%20%EB%8A%A5%EB%8F%99%EB%A1%9C%20209%28%EA%B5%B0%EC%9E%90%EB%8F%99%29
용산구	청파동3가	십장생수 이층롱	서울특별시 용산구 청파로47길 99(청파동3가)	국가민속유산	37.544223	126.964953	https://map.naver.com/p/search/%EC%8B%AD%EC%9E%A5%EC%83%9D%EC%88%98%20%EC%9D%B4%EC%B8%B5%EB%A1%B1%20%EC%84%9C%EC%9A%B8%ED%8A%B9%EB%B3%84%EC%8B%9C%20%EC%9A%A9%EC%82%B0%EA%B5%AC%20%EC%B2%AD%ED%8C%8C%EB%A1%9C47%EA%B8%B8%2099%28%EC%B2%AD%ED%8C%8C%EB%8F%993%EA%B0%80%29
종로구		산청 전주최씨 고령댁 상여	서울특별시 종로구 삼청로 37(세종로)	국가민속유산	37.581565	126.978931	https://map.naver.com/p/search/%EC%82%B0%EC%B2%AD%20%EC%A0%84%EC%A3%BC%EC%B5%9C%EC%94%A8%20%EA%B3%A0%EB%A0%B9%EB%8C%81%20%EC%83%81%EC%97%AC%20%EC%84%9C%EC%9A%B8%ED%8A%B9%EB%B3%84%EC%8B%9C%20%EC%A2%85%EB%A1%9C%EA%B5%AC%20%EC%82%BC%EC%B2%AD%EB%A1%9C%2037%28%EC%84%B8%EC%A2%85%EB%A1%9C%29
종로구		변수 묘 출토유물	서울특별시 종로구 삼청로 37(세종로)	국가민속유산	37.581565	126.978931	https://map.naver.com/p/search/%EB%B3%80%EC%88%98%20%EB%AC%98%20%EC%B6%9C%ED%86%A0%EC%9C%A0%EB%AC%BC%20%EC%84%9C%EC%9A%B8%ED%8A%B9%EB%B3%84%EC%8B%9C%20%EC%A2%85%EB%A1%9C%EA%B5%AC%20%EC%82%BC%EC%B2%AD%EB%A1%9C%2037%28%EC%84%B8%EC%A2%85%EB%A1%9C%29
중구	을지로2가	서울 남대문로 한국전력공사 사옥	서울특별시 중구 남대문로 92(을지로2가)	국가등록유산	37.565352	126.982884	https://map.naver.com/p/search/%EC%84%9C%EC%9A%B8%20%EB%82%A8%EB%8C%80%EB%AC%B8%EB%A1%9C%20%ED%95%9C%EA%B5%AD%EC%A0%84%EB%A0%A5%EA%B3%B5%EC%82%AC%20%EC%82%AC%EC%98%A5%20%EC%84%9C%EC%9A%B8%ED%8A%B9%EB%B3%84%EC%8B%9C%20%EC%A4%91%EA%B5%AC%20%EB%82%A8%EB%8C%80%EB%AC%B8%EB%A1%9C%2092%28%EC%9D%84%EC%A7%80%EB%A1%9C2%EA%B0%80%29
광진구	능동|화양동	서울 건국대학교 구 서북학회회관	서울특별시 광진구 능동로 120(화양동)	국가등록유산	37.543888	127.075955	https://map.naver.com/p/search/%EC%84%9C%EC%9A%B8%20%EA%B1%B4%EA%B5%AD%EB%8C%80%ED%95%99%EA%B5%90%20%EA%B5%AC%20%EC%84%9C%EB%B6%81%ED%95%99%ED%9A%8C%ED%9A%8C%EA%B4%80%20%EC%84%9C%EC%9A%B8%ED%8A%B9%EB%B3%84%EC%8B%9C%20%EA%B4%91%EC%A7%84%EA%B5%AC%20%EB%8A%A5%EB%8F%99%EB%A1%9C%20120%28%ED%99%94%EC%96%91%EB%8F%99%29
서대문구	충정로2가	서울 한국기독교장로회총회 선교교육원	서울특별시 서대문구 경기대로 55(충정로2가)	국가등록유산	37.56421	126.963237	https://map.naver.com/p/search/%EC%84%9C%EC%9A%B8%20%ED%95%9C%EA%B5%AD%EA%B8%B0%EB%8F%85%EA%B5%90%EC%9E%A5%EB%A1%9C%ED%9A%8C%EC%B4%9D%ED%9A%8C%20%EC%84%A0%EA%B5%90%EA%B5%90%EC%9C%A1%EC%9B%90%20%EC%84%9C%EC%9A%B8%ED%8A%B9%EB%B3%84%EC%8B%9C%20%EC%84%9C%EB%8C%80%EB%AC%B8%EA%B5%AC%20%EA%B2%BD%EA%B8%B0%EB%8C%80%EB%A1%9C%2055%28%EC%B6%A9%EC%A0%95%EB%A1%9C2%EA%B0%80%29
종로구	혜화동	서울 혜화동성당	서울특별시 종로구 창경궁로 288(혜화동)	국가등록유산	37.586205	127.00276	https://map.naver.com/p/search/%EC%84%9C%EC%9A%B8%20%ED%98%9C%ED%99%94%EB%8F%99%EC%84%B1%EB%8B%B9%20%EC%84%9C%EC%9A%B8%ED%8A%B9%EB%B3%84%EC%8B%9C%20%EC%A2%85%EB%A1%9C%EA%B5%AC%20%EC%B0%BD%EA%B2%BD%EA%B6%81%EB%A1%9C%20288%28%ED%98%9C%ED%99%94%EB%8F%99%29
종로구		창덕궁 희정당 총석정절경도	서울특별시 종로구 효자로 12(세종로)	국가등록유산	37.576668	126.974922	https://map.naver.com/p/search/%EC%B0%BD%EB%8D%95%EA%B6%81%20%ED%9D%AC%EC%A0%95%EB%8B%B9%20%EC%B4%9D%EC%84%9D%EC%A0%95%EC%A0%88%EA%B2%BD%EB%8F%84%20%EC%84%9C%EC%9A%B8%ED%8A%B9%EB%B3%84%EC%8B%9C%20%EC%A2%85%EB%A1%9C%EA%B5%AC%20%ED%9A%A8%EC%9E%90%EB%A1%9C%2012%28%EC%84%B8%EC%A2%85%EB%A1%9C%29
종로구		창덕궁 희정당 금강산만물초승경도	서울특별시 종로구 효자로 12(세종로)	국가등록유산	37.576668	126.974922	https://map.naver.com/p/search/%EC%B0%BD%EB%8D%95%EA%B6%81%20%ED%9D%AC%EC%A0%95%EB%8B%B9%20%EA%B8%88%EA%B0%95%EC%82%B0%EB%A7%8C%EB%AC%BC%EC%B4%88%EC%8A%B9%EA%B2%BD%EB%8F%84%20%EC%84%9C%EC%9A%B8%ED%8A%B9%EB%B3%84%EC%8B%9C%20%EC%A2%85%EB%A1%9C%EA%B5%AC%20%ED%9A%A8%EC%9E%90%EB%A1%9C%2012%28%EC%84%B8%EC%A2%85%EB%A1%9C%29
용산구	이촌동	서울 한강철도교	서울특별시 용산구 이촌동 198-2번지 외 23필지	국가등록유산	37.523732	126.956431	https://map.naver.com/p/search/%EC%84%9C%EC%9A%B8%20%ED%95%9C%EA%B0%95%EC%B2%A0%EB%8F%84%EA%B5%90%20%EC%84%9C%EC%9A%B8%ED%8A%B9%EB%B3%84%EC%8B%9C%20%EC%9A%A9%EC%82%B0%EA%B5%AC%20%EC%9D%B4%EC%B4%8C%EB%8F%99%20198-2%EB%B2%88%EC%A7%80%20%EC%99%B8%2023%ED%95%84%EC%A7%80
성북구	성북동	서울 성북동 최순우 가옥	서울특별시 성북구 성북로15길 9(성북동)	국가등록유산	37.592943	127.00037	https://map.naver.com/p/search/%EC%84%9C%EC%9A%B8%20%EC%84%B1%EB%B6%81%EB%8F%99%20%EC%B5%9C%EC%88%9C%EC%9A%B0%20%EA%B0%80%EC%98%A5%20%EC%84%9C%EC%9A%B8%ED%8A%B9%EB%B3%84%EC%8B%9C%20%EC%84%B1%EB%B6%81%EA%B5%AC%20%EC%84%B1%EB%B6%81%EB%A1%9C15%EA%B8%B8%209%28%EC%84%B1%EB%B6%81%EB%8F%99%29
종로구	인의동	전차 363호	서울특별시 종로구 창경궁로 113(인의동)	국가등록유산	37.572619	126.997459	https://map.naver.com/p/search/%EC%A0%84%EC%B0%A8%20363%ED%98%B8%20%EC%84%9C%EC%9A%B8%ED%8A%B9%EB%B3%84%EC%8B%9C%20%EC%A2%85%EB%A1%9C%EA%B5%AC%20%EC%B0%BD%EA%B2%BD%EA%B6%81%EB%A1%9C%20113%28%EC%9D%B8%EC%9D%98%EB%8F%99%29
중랑구	묵동	선문염송집	서울특별시 중랑구 숙선옹주로 69(묵동)	유형문화유산	37.61487	127.084081	https://map.naver.com/p/search/%EC%84%A0%EB%AC%B8%EC%97%BC%EC%86%A1%EC%A7%91%20%EC%84%9C%EC%9A%B8%ED%8A%B9%EB%B3%84%EC%8B%9C%20%EC%A4%91%EB%9E%91%EA%B5%AC%20%EC%88%99%EC%84%A0%EC%98%B9%EC%A3%BC%EB%A1%9C%2069%28%EB%AC%B5%EB%8F%99%29
서대문구	봉원동	봉원사 도량장엄용 불화(오여래도?사보살도?팔금강도?십이지신도)	서울특별시 서대문구 봉원사길 120(봉원동)	유형문화유산	37.571993	126.947803	https://map.naver.com/p/search/%EB%B4%89%EC%9B%90%EC%82%AC%20%EB%8F%84%EB%9F%89%EC%9E%A5%EC%97%84%EC%9A%A9%20%EB%B6%88%ED%99%94%28%EC%98%A4%EC%97%AC%EB%9E%98%EB%8F%84%3F%EC%82%AC%EB%B3%B4%EC%82%B4%EB%8F%84%3F%ED%8C%94%EA%B8%88%EA%B0%95%EB%8F%84%3F%EC%8B%AD%EC%9D%B4%EC%A7%80%EC%8B%A0%EB%8F%84%29%20%EC%84%9C%EC%9A%B8%ED%8A%B9%EB%B3%84%EC%8B%9C%20%EC%84%9C%EB%8C%80%EB%AC%B8%EA%B5%AC%20%EB%B4%89%EC%9B%90%EC%82%AC%EA%B8%B8%20120%28%EB%B4%89%EC%9B%90%EB%8F%99%29
광진구	능동|군자동	별전 괴불(17족)	서울특별시 광진구 능동로 209(군자동)	국가민속유산	37.551471	127.073884	https://map.naver.com/p/search/%EB%B3%84%EC%A0%84%20%EA%B4%B4%EB%B6%88%2817%EC%A1%B1%29%20%EC%84%9C%EC%9A%B8%ED%8A%B9%EB%B3%84%EC%8B%9C%20%EA%B4%91%EC%A7%84%EA%B5%AC%20%EB%8A%A5%EB%8F%99%EB%A1%9C%20209%28%EA%B5%B0%EC%9E%90%EB%8F%99%29
광진구	능동|군자동	광화당 원삼	서울특별시 광진구 능동로 209(군자동)	국가민속유산	37.551471	127.073884	https://map.naver.com/p/search/%EA%B4%91%ED%99%94%EB%8B%B9%20%EC%9B%90%EC%82%BC%20%EC%84%9C%EC%9A%B8%ED%8A%B9%EB%B3%84%EC%8B%9C%20%EA%B4%91%EC%A7%84%EA%B5%AC%20%EB%8A%A5%EB%8F%99%EB%A1%9C%20209%28%EA%B5%B0%EC%9E%90%EB%8F%99%29
광진구	능동|군자동	토황색 명주 저고리	서울특별시 광진구 능동로 209(군자동)	국가민속유산	37.551471	127.073884	https://map.naver.com/p/search/%ED%86%A0%ED%99%A9%EC%83%89%20%EB%AA%85%EC%A3%BC%20%EC%A0%80%EA%B3%A0%EB%A6%AC%20%EC%84%9C%EC%9A%B8%ED%8A%B9%EB%B3%84%EC%8B%9C%20%EA%B4%91%EC%A7%84%EA%B5%AC%20%EB%8A%A5%EB%8F%99%EB%A1%9C%20209%28%EA%B5%B0%EC%9E%90%EB%8F%99%29
용산구	용산동6가	구장복	서울특별시 용산구 서빙고로 137(용산동6가)	국가민속유산	37.524087	126.980388	https://map.naver.com/p/search/%EA%B5%AC%EC%9E%A5%EB%B3%B5%20%EC%84%9C%EC%9A%B8%ED%8A%B9%EB%B3%84%EC%8B%9C%20%EC%9A%A9%EC%82%B0%EA%B5%AC%20%EC%84%9C%EB%B9%99%EA%B3%A0%EB%A1%9C%20137%28%EC%9A%A9%EC%82%B0%EB%8F%996%EA%B0%80%29
중구	정동	서울 이화여자고등학교 심슨기념관	서울특별시 중구 정동길 26(정동)	국가등록유산	37.565828	126.971304	https://map.naver.com/p/search/%EC%84%9C%EC%9A%B8%20%EC%9D%B4%ED%99%94%EC%97%AC%EC%9E%90%EA%B3%A0%EB%93%B1%ED%95%99%EA%B5%90%20%EC%8B%AC%EC%8A%A8%EA%B8%B0%EB%85%90%EA%B4%80%20%EC%84%9C%EC%9A%B8%ED%8A%B9%EB%B3%84%EC%8B%9C%20%EC%A4%91%EA%B5%AC%20%EC%A0%95%EB%8F%99%EA%B8%B8%2026%28%EC%A0%95%EB%8F%99%29
동작구	대방동	서울공업고등학교 본관	서울특별시 동작구 대방동1길 46(대방동)	국가등록유산	37.501385	126.922632	https://map.naver.com/p/search/%EC%84%9C%EC%9A%B8%EA%B3%B5%EC%97%85%EA%B3%A0%EB%93%B1%ED%95%99%EA%B5%90%20%EB%B3%B8%EA%B4%80%20%EC%84%9C%EC%9A%B8%ED%8A%B9%EB%B3%84%EC%8B%9C%20%EB%8F%99%EC%9E%91%EA%B5%AC%20%EB%8C%80%EB%B0%A9%EB%8F%991%EA%B8%B8%2046%28%EB%8C%80%EB%B0%A9%EB%8F%99%29
종로구	와룡동	창경궁 대온실	서울특별시 종로구 창경궁로 185(와룡동)	국가등록유산	37.577624	126.993842	https://map.naver.com/p/search/%EC%B0%BD%EA%B2%BD%EA%B6%81%20%EB%8C%80%EC%98%A8%EC%8B%A4%20%EC%84%9C%EC%9A%B8%ED%8A%B9%EB%B3%84%EC%8B%9C%20%EC%A2%85%EB%A1%9C%EA%B5%AC%20%EC%B0%BD%EA%B2%BD%EA%B6%81%EB%A1%9C%20185%28%EC%99%80%EB%A3%A1%EB%8F%99%29
종로구	홍지동	서울 홍지동 이광수 별장 터	서울특별시 종로구 홍지문1길 10(홍지동)	국가등록유산	37.600282	126.956024	https://map.naver.com/p/search/%EC%84%9C%EC%9A%B8%20%ED%99%8D%EC%A7%80%EB%8F%99%20%EC%9D%B4%EA%B4%91%EC%88%98%20%EB%B3%84%EC%9E%A5%20%ED%84%B0%20%EC%84%9C%EC%9A%B8%ED%8A%B9%EB%B3%84%EC%8B%9C%20%EC%A2%85%EB%A1%9C%EA%B5%AC%20%ED%99%8D%EC%A7%80%EB%AC%B81%EA%B8%B8%2010%28%ED%99%8D%EC%A7%80%EB%8F%99%29
성북구	석관동	서울 의릉 구 중앙정보부 강당	서울특별시 성북구 화랑로32길 146-37(석관동)	국가등록유산	37.602498	127.056631	https://map.naver.com/p/search/%EC%84%9C%EC%9A%B8%20%EC%9D%98%EB%A6%89%20%EA%B5%AC%20%EC%A4%91%EC%95%99%EC%A0%95%EB%B3%B4%EB%B6%80%20%EA%B0%95%EB%8B%B9%20%EC%84%9C%EC%9A%B8%ED%8A%B9%EB%B3%84%EC%8B%9C%20%EC%84%B1%EB%B6%81%EA%B5%AC%20%ED%99%94%EB%9E%91%EB%A1%9C32%EA%B8%B8%20146-37%28%EC%84%9D%EA%B4%80%EB%8F%99%29
중구	을지로1가	서울 구 미국문화원	서울특별시 중구 을지로 23(을지로1가)	국가등록유산	37.566272	126.980412	https://map.naver.com/p/search/%EC%84%9C%EC%9A%B8%20%EA%B5%AC%20%EB%AF%B8%EA%B5%AD%EB%AC%B8%ED%99%94%EC%9B%90%20%EC%84%9C%EC%9A%B8%ED%8A%B9%EB%B3%84%EC%8B%9C%20%EC%A4%91%EA%B5%AC%20%EC%9D%84%EC%A7%80%EB%A1%9C%2023%28%EC%9D%84%EC%A7%80%EB%A1%9C1%EA%B0%80%29
노원구	공릉동	서울 구 화랑대역	서울특별시 노원구 화랑로 610(공릉동)	국가등록유산	37.624255	127.093283	https://map.naver.com/p/search/%EC%84%9C%EC%9A%B8%20%EA%B5%AC%20%ED%99%94%EB%9E%91%EB%8C%80%EC%97%AD%20%EC%84%9C%EC%9A%B8%ED%8A%B9%EB%B3%84%EC%8B%9C%20%EB%85%B8%EC%9B%90%EA%B5%AC%20%ED%99%94%EB%9E%91%EB%A1%9C%20610%28%EA%B3%B5%EB%A6%89%EB%8F%99%29
종로구	명륜1가	서울 명륜동 장면 가옥	서울특별시 종로구 혜화로5길 53(명륜1가)	국가등록유산	37.587163	126.995754	https://map.naver.com/p/search/%EC%84%9C%EC%9A%B8%20%EB%AA%85%EB%A5%9C%EB%8F%99%20%EC%9E%A5%EB%A9%B4%20%EA%B0%80%EC%98%A5%20%EC%84%9C%EC%9A%B8%ED%8A%B9%EB%B3%84%EC%8B%9C%20%EC%A2%85%EB%A1%9C%EA%B5%AC%20%ED%98%9C%ED%99%94%EB%A1%9C5%EA%B8%B8%2053%28%EB%AA%85%EB%A5%9C1%EA%B0%80%29
광진구	구의동	서울 구의정수장 제1?2공장	서울특별시 광진구 광나루로 531(구의동)	국가등록유산	37.545118	127.088671	https://map.naver.com/p/search/%EC%84%9C%EC%9A%B8%20%EA%B5%AC%EC%9D%98%EC%A0%95%EC%88%98%EC%9E%A5%20%EC%A0%9C1%3F2%EA%B3%B5%EC%9E%A5%20%EC%84%9C%EC%9A%B8%ED%8A%B9%EB%B3%84%EC%8B%9C%20%EA%B4%91%EC%A7%84%EA%B5%AC%20%EA%B4%91%EB%82%98%EB%A3%A8%EB%A1%9C%20531%28%EA%B5%AC%EC%9D%98%EB%8F%99%29
용산구	용산동1가	박정희대통령 업무용 세단	서울특별시 용산구 이태원로 29(용산동1가)	국가등록유산	37.537396	126.978512	https://map.naver.com/p/search/%EB%B0%95%EC%A0%95%ED%9D%AC%EB%8C%80%ED%86%B5%EB%A0%B9%20%EC%97%85%EB%AC%B4%EC%9A%A9%20%EC%84%B8%EB%8B%A8%20%EC%84%9C%EC%9A%B8%ED%8A%B9%EB%B3%84%EC%8B%9C%20%EC%9A%A9%EC%82%B0%EA%B5%AC%20%EC%9D%B4%ED%83%9C%EC%9B%90%EB%A1%9C%2029%28%EC%9A%A9%EC%82%B0%EB%8F%991%EA%B0%80%29
중구	정동	서울 구 신아일보 별관	서울특별시 중구 정동길 33(정동)	국가등록유산	37.566253	126.972187	https://map.naver.com/p/search/%EC%84%9C%EC%9A%B8%20%EA%B5%AC%20%EC%8B%A0%EC%95%84%EC%9D%BC%EB%B3%B4%20%EB%B3%84%EA%B4%80%20%EC%84%9C%EC%9A%B8%ED%8A%B9%EB%B3%84%EC%8B%9C%20%EC%A4%91%EA%B5%AC%20%EC%A0%95%EB%8F%99%EA%B8%B8%2033%28%EC%A0%95%EB%8F%99%29
중구	다산로36가|신당동	서울 신당동 박정희 가옥	서울특별시 중구 다산로36가길 25(신당동)	국가등록유산	37.561488	127.019869	https://map.naver.com/p/search/%EC%84%9C%EC%9A%B8%20%EC%8B%A0%EB%8B%B9%EB%8F%99%20%EB%B0%95%EC%A0%95%ED%9D%AC%20%EA%B0%80%EC%98%A5%20%EC%84%9C%EC%9A%B8%ED%8A%B9%EB%B3%84%EC%8B%9C%20%EC%A4%91%EA%B5%AC%20%EB%8B%A4%EC%82%B0%EB%A1%9C36%EA%B0%80%EA%B8%B8%2025%28%EC%8B%A0%EB%8B%B9%EB%8F%99%29
용산구	한강로3가	서울 구 용산철도병원 본관	서울특별시 용산구 한강대로14길 35-29(한강로3가)	국가등록유산	37.525665	126.965808	https://map.naver.com/p/search/%EC%84%9C%EC%9A%B8%20%EA%B5%AC%20%EC%9A%A9%EC%82%B0%EC%B2%A0%EB%8F%84%EB%B3%91%EC%9B%90%20%EB%B3%B8%EA%B4%80%20%EC%84%9C%EC%9A%B8%ED%8A%B9%EB%B3%84%EC%8B%9C%20%EC%9A%A9%EC%82%B0%EA%B5%AC%20%ED%95%9C%EA%B0%95%EB%8C%80%EB%A1%9C14%EA%B8%B8%2035-29%28%ED%95%9C%EA%B0%95%EB%A1%9C3%EA%B0%80%29
노원구	공릉동	서울대학교 구 공과대학 본관과 교사	서울특별시 노원구 공릉로 232(공릉동)	국가등록유산	37.631622	127.078372	https://map.naver.com/p/search/%EC%84%9C%EC%9A%B8%EB%8C%80%ED%95%99%EA%B5%90%20%EA%B5%AC%20%EA%B3%B5%EA%B3%BC%EB%8C%80%ED%95%99%20%EB%B3%B8%EA%B4%80%EA%B3%BC%20%EA%B5%90%EC%82%AC%20%EC%84%9C%EC%9A%B8%ED%8A%B9%EB%B3%84%EC%8B%9C%20%EB%85%B8%EC%9B%90%EA%B5%AC%20%EA%B3%B5%EB%A6%89%EB%A1%9C%20232%28%EA%B3%B5%EB%A6%89%EB%8F%99%29
서대문구	대현동	서울 이화여자대학교 파이퍼 홀	서울특별시 서대문구 이화여대길 52(대현동)	국가등록유산	37.56174	126.947245	https://map.naver.com/p/search/%EC%84%9C%EC%9A%B8%20%EC%9D%B4%ED%99%94%EC%97%AC%EC%9E%90%EB%8C%80%ED%95%99%EA%B5%90%20%ED%8C%8C%EC%9D%B4%ED%8D%BC%20%ED%99%80%20%EC%84%9C%EC%9A%B8%ED%8A%B9%EB%B3%84%EC%8B%9C%20%EC%84%9C%EB%8C%80%EB%AC%B8%EA%B5%AC%20%EC%9D%B4%ED%99%94%EC%97%AC%EB%8C%80%EA%B8%B8%2052%28%EB%8C%80%ED%98%84%EB%8F%99%29
영등포구	영등포동4가	서울 구 경성방직 사무동	서울특별시 영등포구 영중로 15(영등포동4가)	국가등록유산	37.517015	126.903298	https://map.naver.com/p/search/%EC%84%9C%EC%9A%B8%20%EA%B5%AC%20%EA%B2%BD%EC%84%B1%EB%B0%A9%EC%A7%81%20%EC%82%AC%EB%AC%B4%EB%8F%99%20%EC%84%9C%EC%9A%B8%ED%8A%B9%EB%B3%84%EC%8B%9C%20%EC%98%81%EB%93%B1%ED%8F%AC%EA%B5%AC%20%EC%98%81%EC%A4%91%EB%A1%9C%2015%28%EC%98%81%EB%93%B1%ED%8F%AC%EB%8F%994%EA%B0%80%29
종로구	누하동	서울 누하동 이상범 가옥과 화실	서울특별시 종로구 필운대로 31-7(누하동)	국가등록유산	37.578862	126.968383	https://map.naver.com/p/search/%EC%84%9C%EC%9A%B8%20%EB%88%84%ED%95%98%EB%8F%99%20%EC%9D%B4%EC%83%81%EB%B2%94%20%EA%B0%80%EC%98%A5%EA%B3%BC%20%ED%99%94%EC%8B%A4%20%EC%84%9C%EC%9A%B8%ED%8A%B9%EB%B3%84%EC%8B%9C%20%EC%A2%85%EB%A1%9C%EA%B5%AC%20%ED%95%84%EC%9A%B4%EB%8C%80%EB%A1%9C%2031-7%28%EB%88%84%ED%95%98%EB%8F%99%29
종로구	계동	서울 계동 근대 한옥	서울특별시 종로구 계동길 37(계동)	국가등록유산	37.579077	126.986275	https://map.naver.com/p/search/%EC%84%9C%EC%9A%B8%20%EA%B3%84%EB%8F%99%20%EA%B7%BC%EB%8C%80%20%ED%95%9C%EC%98%A5%20%EC%84%9C%EC%9A%B8%ED%8A%B9%EB%B3%84%EC%8B%9C%20%EC%A2%85%EB%A1%9C%EA%B5%AC%20%EA%B3%84%EB%8F%99%EA%B8%B8%2037%28%EA%B3%84%EB%8F%99%29
종로구	와룡동	창덕궁 경훈각 삼선관파도	서울특별시 종로구 율곡로 99(와룡동)	국가등록유산	37.582604	126.991938	https://map.naver.com/p/search/%EC%B0%BD%EB%8D%95%EA%B6%81%20%EA%B2%BD%ED%9B%88%EA%B0%81%20%EC%82%BC%EC%84%A0%EA%B4%80%ED%8C%8C%EB%8F%84%20%EC%84%9C%EC%9A%B8%ED%8A%B9%EB%B3%84%EC%8B%9C%20%EC%A2%85%EB%A1%9C%EA%B5%AC%20%EC%9C%A8%EA%B3%A1%EB%A1%9C%2099%28%EC%99%80%EB%A3%A1%EB%8F%99%29
종로구		순종어차	서울특별시 종로구 효자로 12(세종로)	국가등록유산	37.576668	126.974922	https://map.naver.com/p/search/%EC%88%9C%EC%A2%85%EC%96%B4%EC%B0%A8%20%EC%84%9C%EC%9A%B8%ED%8A%B9%EB%B3%84%EC%8B%9C%20%EC%A2%85%EB%A1%9C%EA%B5%AC%20%ED%9A%A8%EC%9E%90%EB%A1%9C%2012%28%EC%84%B8%EC%A2%85%EB%A1%9C%29
노원구	공릉동	서울대학교 구 공과대학 광산학과 교사	서울특별시 노원구 공릉로 232(공릉동)	국가등록유산	37.629872	127.079648	https://map.naver.com/p/search/%EC%84%9C%EC%9A%B8%EB%8C%80%ED%95%99%EA%B5%90%20%EA%B5%AC%20%EA%B3%B5%EA%B3%BC%EB%8C%80%ED%95%99%20%EA%B4%91%EC%82%B0%ED%95%99%EA%B3%BC%20%EA%B5%90%EC%82%AC%20%EC%84%9C%EC%9A%B8%ED%8A%B9%EB%B3%84%EC%8B%9C%20%EB%85%B8%EC%9B%90%EA%B5%AC%20%EA%B3%B5%EB%A6%89%EB%A1%9C%20232%28%EA%B3%B5%EB%A6%89%EB%8F%99%29
성동구	성동|옥수동	미타사 극락전 감로도	서울특별시 성동구 독서당로40길 21(옥수동)	유형문화유산	37.543521	127.017215	https://map.naver.com/p/search/%EB%AF%B8%ED%83%80%EC%82%AC%20%EA%B7%B9%EB%9D%BD%EC%A0%84%20%EA%B0%90%EB%A1%9C%EB%8F%84%20%EC%84%9C%EC%9A%B8%ED%8A%B9%EB%B3%84%EC%8B%9C%20%EC%84%B1%EB%8F%99%EA%B5%AC%20%EB%8F%85%EC%84%9C%EB%8B%B9%EB%A1%9C40%EA%B8%B8%2021%28%EC%98%A5%EC%88%98%EB%8F%99%29
종로구		서울 구 국군기무사령부 본관	서울특별시 종로구 삼청로 37(세종로)	국가등록유산	37.581565	126.978931	https://map.naver.com/p/search/%EC%84%9C%EC%9A%B8%20%EA%B5%AC%20%EA%B5%AD%EA%B5%B0%EA%B8%B0%EB%AC%B4%EC%82%AC%EB%A0%B9%EB%B6%80%20%EB%B3%B8%EA%B4%80%20%EC%84%9C%EC%9A%B8%ED%8A%B9%EB%B3%84%EC%8B%9C%20%EC%A2%85%EB%A1%9C%EA%B5%AC%20%EC%82%BC%EC%B2%AD%EB%A1%9C%2037%28%EC%84%B8%EC%A2%85%EB%A1%9C%29
영등포구	여의도동	뉴욕 월도프 아스토리아 호텔 게양 태극기	서울특별시 영등포구 의사당대로 1(여의도동)	국가등록유산	37.531917	126.914203	https://map.naver.com/p/search/%EB%89%B4%EC%9A%95%20%EC%9B%94%EB%8F%84%ED%94%84%20%EC%95%84%EC%8A%A4%ED%86%A0%EB%A6%AC%EC%95%84%20%ED%98%B8%ED%85%94%20%EA%B2%8C%EC%96%91%20%ED%83%9C%EA%B7%B9%EA%B8%B0%20%EC%84%9C%EC%9A%B8%ED%8A%B9%EB%B3%84%EC%8B%9C%20%EC%98%81%EB%93%B1%ED%8F%AC%EA%B5%AC%20%EC%9D%98%EC%82%AC%EB%8B%B9%EB%8C%80%EB%A1%9C%201%28%EC%97%AC%EC%9D%98%EB%8F%84%EB%8F%99%29
용산구	용산동1가	이승만대통령 의전용 세단	서울특별시 용산구 이태원로 29(용산동1가)	국가등록유산	37.537396	126.978512	https://map.naver.com/p/search/%EC%9D%B4%EC%8A%B9%EB%A7%8C%EB%8C%80%ED%86%B5%EB%A0%B9%20%EC%9D%98%EC%A0%84%EC%9A%A9%20%EC%84%B8%EB%8B%A8%20%EC%84%9C%EC%9A%B8%ED%8A%B9%EB%B3%84%EC%8B%9C%20%EC%9A%A9%EC%82%B0%EA%B5%AC%20%EC%9D%B4%ED%83%9C%EC%9B%90%EB%A1%9C%2029%28%EC%9A%A9%EC%82%B0%EB%8F%991%EA%B0%80%29
노원구	공릉동	박정희대통령 의전용 세단	서울특별시 노원구 화랑로 574(공릉동)	국가등록유산	37.627244	127.103326	https://map.naver.com/p/search/%EB%B0%95%EC%A0%95%ED%9D%AC%EB%8C%80%ED%86%B5%EB%A0%B9%20%EC%9D%98%EC%A0%84%EC%9A%A9%20%EC%84%B8%EB%8B%A8%20%EC%84%9C%EC%9A%B8%ED%8A%B9%EB%B3%84%EC%8B%9C%20%EB%85%B8%EC%9B%90%EA%B5%AC%20%ED%99%94%EB%9E%91%EB%A1%9C%20574%28%EA%B3%B5%EB%A6%89%EB%8F%99%29
서대문구	신촌동	에비슨의 수술장면 유리건판 필름	서울특별시 서대문구 연세로 50(신촌동)	국가등록유산	37.567113	126.939029	https://map.naver.com/p/search/%EC%97%90%EB%B9%84%EC%8A%A8%EC%9D%98%20%EC%88%98%EC%88%A0%EC%9E%A5%EB%A9%B4%20%EC%9C%A0%EB%A6%AC%EA%B1%B4%ED%8C%90%20%ED%95%84%EB%A6%84%20%EC%84%9C%EC%9A%B8%ED%8A%B9%EB%B3%84%EC%8B%9C%20%EC%84%9C%EB%8C%80%EB%AC%B8%EA%B5%AC%20%EC%97%B0%EC%84%B8%EB%A1%9C%2050%28%EC%8B%A0%EC%B4%8C%EB%8F%99%29
서대문구	충정로2가	백범 김구 인장 金九	서울특별시 서대문구 충정로9길 10-10(충정로2가)	국가등록유산	37.565106	126.964887	https://map.naver.com/p/search/%EB%B0%B1%EB%B2%94%20%EA%B9%80%EA%B5%AC%20%EC%9D%B8%EC%9E%A5%20%EF%A4%8A%E4%B9%9D%20%EC%84%9C%EC%9A%B8%ED%8A%B9%EB%B3%84%EC%8B%9C%20%EC%84%9C%EB%8C%80%EB%AC%B8%EA%B5%AC%20%EC%B6%A9%EC%A0%95%EB%A1%9C9%EA%B8%B8%2010-10%28%EC%B6%A9%EC%A0%95%EB%A1%9C2%EA%B0%80%29
용산구	용산동6가	건칠반	서울특별시 용산구 서빙고로 137(용산동6가)	국가등록유산	37.524087	126.980388	https://map.naver.com/p/search/%EA%B1%B4%EC%B9%A0%EB%B0%98%20%EC%84%9C%EC%9A%B8%ED%8A%B9%EB%B3%84%EC%8B%9C%20%EC%9A%A9%EC%82%B0%EA%B5%AC%20%EC%84%9C%EB%B9%99%EA%B3%A0%EB%A1%9C%20137%28%EC%9A%A9%EC%82%B0%EB%8F%996%EA%B0%80%29
종로구		은제이화문탕기	서울특별시 종로구 효자로 12(세종로)	국가등록유산	37.576668	126.974922	https://map.naver.com/p/search/%EC%9D%80%EC%A0%9C%EC%9D%B4%ED%99%94%EB%AC%B8%ED%83%95%EA%B8%B0%20%EC%84%9C%EC%9A%B8%ED%8A%B9%EB%B3%84%EC%8B%9C%20%EC%A2%85%EB%A1%9C%EA%B5%AC%20%ED%9A%A8%EC%9E%90%EB%A1%9C%2012%28%EC%84%B8%EC%A2%85%EB%A1%9C%29
용산구	용산동6가	면제갑옷	서울특별시 용산구 서빙고로 137(용산동6가)	국가등록유산	37.524087	126.980388	https://map.naver.com/p/search/%EB%A9%B4%EC%A0%9C%EA%B0%91%EC%98%B7%20%EC%84%9C%EC%9A%B8%ED%8A%B9%EB%B3%84%EC%8B%9C%20%EC%9A%A9%EC%82%B0%EA%B5%AC%20%EC%84%9C%EB%B9%99%EA%B3%A0%EB%A1%9C%20137%28%EC%9A%A9%EC%82%B0%EB%8F%996%EA%B0%80%29
노원구	공릉동	한국광복군 군복	서울특별시 노원구 화랑로 574(공릉동)	국가등록유산	37.627244	127.103326	https://map.naver.com/p/search/%ED%95%9C%EA%B5%AD%EA%B4%91%EB%B3%B5%EA%B5%B0%20%EA%B5%B0%EB%B3%B5%20%EC%84%9C%EC%9A%B8%ED%8A%B9%EB%B3%84%EC%8B%9C%20%EB%85%B8%EC%9B%90%EA%B5%AC%20%ED%99%94%EB%9E%91%EB%A1%9C%20574%28%EA%B3%B5%EB%A6%89%EB%8F%99%29
용산구	용산동1가	휴전협정 조인시 사용 책상	서울특별시 용산구 이태원로 29(용산동1가)	국가등록유산	37.537396	126.978512	https://map.naver.com/p/search/%ED%9C%B4%EC%A0%84%ED%98%91%EC%A0%95%20%EC%A1%B0%EC%9D%B8%EC%8B%9C%20%EC%82%AC%EC%9A%A9%20%EC%B1%85%EC%83%81%20%EC%84%9C%EC%9A%B8%ED%8A%B9%EB%B3%84%EC%8B%9C%20%EC%9A%A9%EC%82%B0%EA%B5%AC%20%EC%9D%B4%ED%83%9C%EC%9B%90%EB%A1%9C%2029%28%EC%9A%A9%EC%82%B0%EB%8F%991%EA%B0%80%29
강남구	도곡동	명신여학교 태극기?현판?완문	서울특별시 강남구 남부순환로 2807(도곡동)	국가등록유산	37.490395	127.052304	https://map.naver.com/p/search/%EB%AA%85%EC%8B%A0%EC%97%AC%ED%95%99%EA%B5%90%20%ED%83%9C%EA%B7%B9%EA%B8%B0%3F%ED%98%84%ED%8C%90%3F%EC%99%84%EB%AC%B8%20%EC%84%9C%EC%9A%B8%ED%8A%B9%EB%B3%84%EC%8B%9C%20%EA%B0%95%EB%82%A8%EA%B5%AC%20%EB%82%A8%EB%B6%80%EC%88%9C%ED%99%98%EB%A1%9C%202807%28%EB%8F%84%EA%B3%A1%EB%8F%99%29
중구	정동	김소월 시집 진달래꽃	서울특별시 중구 서소문로11길 19(정동)	국가등록유산	37.563701	126.972278	https://map.naver.com/p/search/%EA%B9%80%EC%86%8C%EC%9B%94%20%EC%8B%9C%EC%A7%91%20%EC%A7%84%EB%8B%AC%EB%9E%98%EA%BD%83%20%EC%84%9C%EC%9A%B8%ED%8A%B9%EB%B3%84%EC%8B%9C%20%EC%A4%91%EA%B5%AC%20%EC%84%9C%EC%86%8C%EB%AC%B8%EB%A1%9C11%EA%B8%B8%2019%28%EC%A0%95%EB%8F%99%29
서대문구	신촌동	독립신문	서울특별시 서대문구 연세로 50(신촌동)	국가등록유산	37.567113	126.939029	https://map.naver.com/p/search/%EB%8F%85%EB%A6%BD%EC%8B%A0%EB%AC%B8%20%EC%84%9C%EC%9A%B8%ED%8A%B9%EB%B3%84%EC%8B%9C%20%EC%84%9C%EB%8C%80%EB%AC%B8%EA%B5%AC%20%EC%97%B0%EC%84%B8%EB%A1%9C%2050%28%EC%8B%A0%EC%B4%8C%EB%8F%99%29
강북구	번동	서울 창녕위궁 재사	서울특별시 강북구 월계로 173(번동)	국가등록유산	37.623336	127.040734	https://map.naver.com/p/search/%EC%84%9C%EC%9A%B8%20%EC%B0%BD%EB%85%95%EC%9C%84%EA%B6%81%20%EC%9E%AC%EC%82%AC%20%EC%84%9C%EC%9A%B8%ED%8A%B9%EB%B3%84%EC%8B%9C%20%EA%B0%95%EB%B6%81%EA%B5%AC%20%EC%9B%94%EA%B3%84%EB%A1%9C%20173%28%EB%B2%88%EB%8F%99%29
종로구	평창동	서울 평창동 박종화 가옥	서울특별시 종로구 평창11길 80(평창동)	국가등록유산	37.612364	126.967387	https://map.naver.com/p/search/%EC%84%9C%EC%9A%B8%20%ED%8F%89%EC%B0%BD%EB%8F%99%20%EB%B0%95%EC%A2%85%ED%99%94%20%EA%B0%80%EC%98%A5%20%EC%84%9C%EC%9A%B8%ED%8A%B9%EB%B3%84%EC%8B%9C%20%EC%A2%85%EB%A1%9C%EA%B5%AC%20%ED%8F%89%EC%B0%BD11%EA%B8%B8%2080%28%ED%8F%89%EC%B0%BD%EB%8F%99%29
종로구		창덕궁 대조전 봉황도	서울특별시 종로구 효자로 12(세종로)	국가등록유산	37.576668	126.974922	https://map.naver.com/p/search/%EC%B0%BD%EB%8D%95%EA%B6%81%20%EB%8C%80%EC%A1%B0%EC%A0%84%20%EB%B4%89%ED%99%A9%EB%8F%84%20%EC%84%9C%EC%9A%B8%ED%8A%B9%EB%B3%84%EC%8B%9C%20%EC%A2%85%EB%A1%9C%EA%B5%AC%20%ED%9A%A8%EC%9E%90%EB%A1%9C%2012%28%EC%84%B8%EC%A2%85%EB%A1%9C%29
종로구	와룡동	창덕궁 경훈각 조일선관도	서울특별시 종로구 율곡로 99(와룡동)	국가등록유산	37.582604	126.991938	https://map.naver.com/p/search/%EC%B0%BD%EB%8D%95%EA%B6%81%20%EA%B2%BD%ED%9B%88%EA%B0%81%20%EC%A1%B0%EC%9D%BC%EC%84%A0%EA%B4%80%EB%8F%84%20%EC%84%9C%EC%9A%B8%ED%8A%B9%EB%B3%84%EC%8B%9C%20%EC%A2%85%EB%A1%9C%EA%B5%AC%20%EC%9C%A8%EA%B3%A1%EB%A1%9C%2099%28%EC%99%80%EB%A3%A1%EB%8F%99%29
서초구	서초동	대혜원명 동종	서울특별시 서초구 서초중앙로 188 (서초동, 아크로비스타) C동 2307호	보물	37.4981994	127.013331	https://map.naver.com/p/search/%EB%8C%80%ED%98%9C%EC%9B%90%EB%AA%85%20%EB%8F%99%EC%A2%85%20%EC%84%9C%EC%9A%B8%ED%8A%B9%EB%B3%84%EC%8B%9C%20%EC%84%9C%EC%B4%88%EA%B5%AC%20%EC%84%9C%EC%B4%88%EC%A4%91%EC%95%99%EB%A1%9C%20188%20%28%EC%84%9C%EC%B4%88%EB%8F%99%2C%20%EC%95%84%ED%81%AC%EB%A1%9C%EB%B9%84%EC%8A%A4%ED%83%80%29%20C%EB%8F%99%202307%ED%98%B8
동대문구	전농동	서울 청량리역 검수차고	서울 동대문구 왕산로 214, 외 1필지 (전농동)	국가등록유산	37.579529	127.049756	https://map.naver.com/p/search/%EC%84%9C%EC%9A%B8%20%EC%B2%AD%EB%9F%89%EB%A6%AC%EC%97%AD%20%EA%B2%80%EC%88%98%EC%B0%A8%EA%B3%A0%20%EC%84%9C%EC%9A%B8%20%EB%8F%99%EB%8C%80%EB%AC%B8%EA%B5%AC%20%EC%99%95%EC%82%B0%EB%A1%9C%20214%2C%20%EC%99%B8%201%ED%95%84%EC%A7%80%20%28%EC%A0%84%EB%86%8D%EB%8F%99%29
종로구		순종황후어차	서울특별시 종로구 효자로 12(세종로)	국가등록유산	37.576668	126.974922	https://map.naver.com/p/search/%EC%88%9C%EC%A2%85%ED%99%A9%ED%9B%84%EC%96%B4%EC%B0%A8%20%EC%84%9C%EC%9A%B8%ED%8A%B9%EB%B3%84%EC%8B%9C%20%EC%A2%85%EB%A1%9C%EA%B5%AC%20%ED%9A%A8%EC%9E%90%EB%A1%9C%2012%28%EC%84%B8%EC%A2%85%EB%A1%9C%29
용산구	효창동	백범 김구 유묵 韓美親善平等互助	서울특별시 용산구 임정로 26(효창동)	국가등록유산	37.532527	126.99049	https://map.naver.com/p/search/%EB%B0%B1%EB%B2%94%20%EA%B9%80%EA%B5%AC%20%EC%9C%A0%EB%AC%B5%20%E9%9F%93%E7%BE%8E%E8%A6%AA%E5%96%84%E5%B9%B3%E7%AD%89%E4%BA%92%E5%8A%A9%20%EC%84%9C%EC%9A%B8%ED%8A%B9%EB%B3%84%EC%8B%9C%20%EC%9A%A9%EC%82%B0%EA%B5%AC%20%EC%9E%84%EC%A0%95%EB%A1%9C%2026%28%ED%9A%A8%EC%B0%BD%EB%8F%99%29
종로구	서린동	배설 만사집	서울특별시 종로구 청계천로 1(서린동)	국가등록유산	37.569544	126.978002	https://map.naver.com/p/search/%EB%B0%B0%EC%84%A4%20%EB%A7%8C%EC%82%AC%EC%A7%91%20%EC%84%9C%EC%9A%B8%ED%8A%B9%EB%B3%84%EC%8B%9C%20%EC%A2%85%EB%A1%9C%EA%B5%AC%20%EC%B2%AD%EA%B3%84%EC%B2%9C%EB%A1%9C%201%28%EC%84%9C%EB%A6%B0%EB%8F%99%29
종로구	서린동	일제강점기 문자보급교재	서울특별시 종로구 청계천로 1(서린동)	국가등록유산	37.573521	126.978835	https://map.naver.com/p/search/%EC%9D%BC%EC%A0%9C%EA%B0%95%EC%A0%90%EA%B8%B0%20%EB%AC%B8%EC%9E%90%EB%B3%B4%EA%B8%89%EA%B5%90%EC%9E%AC%20%EC%84%9C%EC%9A%B8%ED%8A%B9%EB%B3%84%EC%8B%9C%20%EC%A2%85%EB%A1%9C%EA%B5%AC%20%EC%B2%AD%EA%B3%84%EC%B2%9C%EB%A1%9C%201%28%EC%84%9C%EB%A6%B0%EB%8F%99%29
용산구	용산동6가	운낭자상	서울특별시 용산구 서빙고로 137(용산동6가)	국가등록유산	37.524087	126.980388	https://map.naver.com/p/search/%EC%9A%B4%EB%82%AD%EC%9E%90%EC%83%81%20%EC%84%9C%EC%9A%B8%ED%8A%B9%EB%B3%84%EC%8B%9C%20%EC%9A%A9%EC%82%B0%EA%B5%AC%20%EC%84%9C%EB%B9%99%EA%B3%A0%EB%A1%9C%20137%28%EC%9A%A9%EC%82%B0%EB%8F%996%EA%B0%80%29
노원구	공릉동	이원순 유물	서울특별시 노원구 화랑로 727(공릉동)	국가등록유산	37.636414	127.10375	https://map.naver.com/p/search/%EC%9D%B4%EC%9B%90%EC%88%9C%20%EC%9C%A0%EB%AC%BC%20%EC%84%9C%EC%9A%B8%ED%8A%B9%EB%B3%84%EC%8B%9C%20%EB%85%B8%EC%9B%90%EA%B5%AC%20%ED%99%94%EB%9E%91%EB%A1%9C%20727%28%EA%B3%B5%EB%A6%89%EB%8F%99%29
강남구		삼해주	서울특별시 강남구	무형유산	37.517305	127.047502	https://map.naver.com/p/search/%EC%82%BC%ED%95%B4%EC%A3%BC%20%EC%84%9C%EC%9A%B8%ED%8A%B9%EB%B3%84%EC%8B%9C%20%EA%B0%95%EB%82%A8%EA%B5%AC
서울특별시	풍납동	향온주	서울특별시 송파구 풍성로14길 44-10 (풍납동)	무형유산	37.5329449	127.1145342	https://map.naver.com/p/search/%ED%96%A5%EC%98%A8%EC%A3%BC%20%EC%84%9C%EC%9A%B8%ED%8A%B9%EB%B3%84%EC%8B%9C%20%EC%86%A1%ED%8C%8C%EA%B5%AC%20%ED%92%8D%EC%84%B1%EB%A1%9C14%EA%B8%B8%2044-10%20%28%ED%92%8D%EB%82%A9%EB%8F%99%29
서대문구	대현동	유제화형촛대	서울특별시 서대문구 이화여대길 52(대현동)	국가등록유산	37.562566	126.947459	https://map.naver.com/p/search/%EC%9C%A0%EC%A0%9C%ED%99%94%ED%98%95%EC%B4%9B%EB%8C%80%20%EC%84%9C%EC%9A%B8%ED%8A%B9%EB%B3%84%EC%8B%9C%20%EC%84%9C%EB%8C%80%EB%AC%B8%EA%B5%AC%20%EC%9D%B4%ED%99%94%EC%97%AC%EB%8C%80%EA%B8%B8%2052%28%EB%8C%80%ED%98%84%EB%8F%99%29
종로구	신문로2가	전차 381호	서울특별시 종로구 새문안로 50(신문로2가)	국가등록유산	37.570143	126.970438	https://map.naver.com/p/search/%EC%A0%84%EC%B0%A8%20381%ED%98%B8%20%EC%84%9C%EC%9A%B8%ED%8A%B9%EB%B3%84%EC%8B%9C%20%EC%A2%85%EB%A1%9C%EA%B5%AC%20%EC%83%88%EB%AC%B8%EC%95%88%EB%A1%9C%2050%28%EC%8B%A0%EB%AC%B8%EB%A1%9C2%EA%B0%80%29
중구	만리동2가	제11회 베를린올림픽 마라톤 우승 유물	서울특별시 중구 손기정로 101(만리동2가)	국가등록유산	37.55548	126.964816	https://map.naver.com/p/search/%EC%A0%9C11%ED%9A%8C%20%EB%B2%A0%EB%A5%BC%EB%A6%B0%EC%98%AC%EB%A6%BC%ED%94%BD%20%EB%A7%88%EB%9D%BC%ED%86%A4%20%EC%9A%B0%EC%8A%B9%20%EC%9C%A0%EB%AC%BC%20%EC%84%9C%EC%9A%B8%ED%8A%B9%EB%B3%84%EC%8B%9C%20%EC%A4%91%EA%B5%AC%20%EC%86%90%EA%B8%B0%EC%A0%95%EB%A1%9C%20101%28%EB%A7%8C%EB%A6%AC%EB%8F%992%EA%B0%80%29
노원구	공릉동	제1회 아시안컵 축구대회 우승컵	서울특별시 노원구 화랑로 727(공릉동)	국가등록유산	37.636414	127.10375	https://map.naver.com/p/search/%EC%A0%9C1%ED%9A%8C%20%EC%95%84%EC%8B%9C%EC%95%88%EC%BB%B5%20%EC%B6%95%EA%B5%AC%EB%8C%80%ED%9A%8C%20%EC%9A%B0%EC%8A%B9%EC%BB%B5%20%EC%84%9C%EC%9A%B8%ED%8A%B9%EB%B3%84%EC%8B%9C%20%EB%85%B8%EC%9B%90%EA%B5%AC%20%ED%99%94%EB%9E%91%EB%A1%9C%20727%28%EA%B3%B5%EB%A6%89%EB%8F%99%29
동대문구	회기동	청강 김영훈 진료 기록물	서울특별시 동대문구 경희대로 26(회기동)	국가등록유산	37.596449	127.052501	https://map.naver.com/p/search/%EC%B2%AD%EA%B0%95%20%EA%B9%80%EC%98%81%ED%9B%88%20%EC%A7%84%EB%A3%8C%20%EA%B8%B0%EB%A1%9D%EB%AC%BC%20%EC%84%9C%EC%9A%B8%ED%8A%B9%EB%B3%84%EC%8B%9C%20%EB%8F%99%EB%8C%80%EB%AC%B8%EA%B5%AC%20%EA%B2%BD%ED%9D%AC%EB%8C%80%EB%A1%9C%2026%28%ED%9A%8C%EA%B8%B0%EB%8F%99%29
관악구	신림동	한성순보	서울특별시 관악구 관악로 1(신림동)	국가등록유산	37.464007	126.952239	https://map.naver.com/p/search/%ED%95%9C%EC%84%B1%EC%88%9C%EB%B3%B4%20%EC%84%9C%EC%9A%B8%ED%8A%B9%EB%B3%84%EC%8B%9C%20%EA%B4%80%EC%95%85%EA%B5%AC%20%EA%B4%80%EC%95%85%EB%A1%9C%201%28%EC%8B%A0%EB%A6%BC%EB%8F%99%29
서대문구	신촌동	매일신문	서울특별시 서대문구 연세로 50(신촌동)	국가등록유산	37.567113	126.939029	https://map.naver.com/p/search/%EB%A7%A4%EC%9D%BC%EC%8B%A0%EB%AC%B8%20%EC%84%9C%EC%9A%B8%ED%8A%B9%EB%B3%84%EC%8B%9C%20%EC%84%9C%EB%8C%80%EB%AC%B8%EA%B5%AC%20%EC%97%B0%EC%84%B8%EB%A1%9C%2050%28%EC%8B%A0%EC%B4%8C%EB%8F%99%29
종로구		대한매일신보	서울특별시 종로구 효자로 12(세종로)	국가등록유산	37.576668	126.974922	https://map.naver.com/p/search/%EB%8C%80%ED%95%9C%EB%A7%A4%EC%9D%BC%EC%8B%A0%EB%B3%B4%20%EC%84%9C%EC%9A%B8%ED%8A%B9%EB%B3%84%EC%8B%9C%20%EC%A2%85%EB%A1%9C%EA%B5%AC%20%ED%9A%A8%EC%9E%90%EB%A1%9C%2012%28%EC%84%B8%EC%A2%85%EB%A1%9C%29
관악구	신림동	대한매일신보	서울특별시 관악구 관악로 1(신림동)	국가등록유산	37.464007	126.952239	https://map.naver.com/p/search/%EB%8C%80%ED%95%9C%EB%A7%A4%EC%9D%BC%EC%8B%A0%EB%B3%B4%20%EC%84%9C%EC%9A%B8%ED%8A%B9%EB%B3%84%EC%8B%9C%20%EA%B4%80%EC%95%85%EA%B5%AC%20%EA%B4%80%EC%95%85%EB%A1%9C%201%28%EC%8B%A0%EB%A6%BC%EB%8F%99%29
관악구	신림동	대조선독립협회회보	서울특별시 관악구 관악로 1(신림동)	국가등록유산	37.464007	126.952239	https://map.naver.com/p/search/%EB%8C%80%EC%A1%B0%EC%84%A0%EB%8F%85%EB%A6%BD%ED%98%91%ED%9A%8C%ED%9A%8C%EB%B3%B4%20%EC%84%9C%EC%9A%B8%ED%8A%B9%EB%B3%84%EC%8B%9C%20%EA%B4%80%EC%95%85%EA%B5%AC%20%EA%B4%80%EC%95%85%EB%A1%9C%201%28%EC%8B%A0%EB%A6%BC%EB%8F%99%29
강북구	수유동	서울 이준 묘소	서울특별시 강북구 수유동 127-2, 127-15	국가등록유산	37.627616	127.009755	https://map.naver.com/p/search/%EC%84%9C%EC%9A%B8%20%EC%9D%B4%EC%A4%80%20%EB%AC%98%EC%86%8C%20%EC%84%9C%EC%9A%B8%ED%8A%B9%EB%B3%84%EC%8B%9C%20%EA%B0%95%EB%B6%81%EA%B5%AC%20%EC%88%98%EC%9C%A0%EB%8F%99%20127-2%2C%20127-15
강북구	수유동	서울 신익희 묘소	서울특별시 강북구 4.19로12길 60-93(수유동)	국가등록유산	37.637268	126.997015	https://map.naver.com/p/search/%EC%84%9C%EC%9A%B8%20%EC%8B%A0%EC%9D%B5%ED%9D%AC%20%EB%AC%98%EC%86%8C%20%EC%84%9C%EC%9A%B8%ED%8A%B9%EB%B3%84%EC%8B%9C%20%EA%B0%95%EB%B6%81%EA%B5%AC%204.19%EB%A1%9C12%EA%B8%B8%2060-93%28%EC%88%98%EC%9C%A0%EB%8F%99%29
서대문구	충정로2가	백범 김구 혈의(血衣) 일괄	서울특별시 서대문구 충정로9길 10-10(충정로2가) 김구재단	국가등록유산	37.565106	126.964887	https://map.naver.com/p/search/%EB%B0%B1%EB%B2%94%20%EA%B9%80%EA%B5%AC%20%ED%98%88%EC%9D%98%28%E8%A1%80%E8%A1%A3%29%20%EC%9D%BC%EA%B4%84%20%EC%84%9C%EC%9A%B8%ED%8A%B9%EB%B3%84%EC%8B%9C%20%EC%84%9C%EB%8C%80%EB%AC%B8%EA%B5%AC%20%EC%B6%A9%EC%A0%95%EB%A1%9C9%EA%B8%B8%2010-10%28%EC%B6%A9%EC%A0%95%EB%A1%9C2%EA%B0%80%29%20%EA%B9%80%EA%B5%AC%EC%9E%AC%EB%8B%A8
용산구	효창동	백범 김구 유묵 愼其獨	서울특별시 용산구 임정로 26(효창동) 백범기념관	국가등록유산	37.544257	126.959247	https://map.naver.com/p/search/%EB%B0%B1%EB%B2%94%20%EA%B9%80%EA%B5%AC%20%EC%9C%A0%EB%AC%B5%20%E6%84%BC%E5%85%B6%E7%8D%A8%20%EC%84%9C%EC%9A%B8%ED%8A%B9%EB%B3%84%EC%8B%9C%20%EC%9A%A9%EC%82%B0%EA%B5%AC%20%EC%9E%84%EC%A0%95%EB%A1%9C%2026%28%ED%9A%A8%EC%B0%BD%EB%8F%99%29%20%EB%B0%B1%EB%B2%94%EA%B8%B0%EB%85%90%EA%B4%80
강동구	강동|길동	엄복동 자전거	서울특별시 강동구 천중로49길 76(길동, 주풍그린빌)	국가등록유산	37.544071	127.144233	https://map.naver.com/p/search/%EC%97%84%EB%B3%B5%EB%8F%99%20%EC%9E%90%EC%A0%84%EA%B1%B0%20%EC%84%9C%EC%9A%B8%ED%8A%B9%EB%B3%84%EC%8B%9C%20%EA%B0%95%EB%8F%99%EA%B5%AC%20%EC%B2%9C%EC%A4%91%EB%A1%9C49%EA%B8%B8%2076%28%EA%B8%B8%EB%8F%99%2C%20%EC%A3%BC%ED%92%8D%EA%B7%B8%EB%A6%B0%EB%B9%8C%29
종로구	사직동	십우도송	서울특별시 종로구 사직로9길 15-14(사직동)	유형문화유산	37.576474	126.966458	https://map.naver.com/p/search/%EC%8B%AD%EC%9A%B0%EB%8F%84%EC%86%A1%20%EC%84%9C%EC%9A%B8%ED%8A%B9%EB%B3%84%EC%8B%9C%20%EC%A2%85%EB%A1%9C%EA%B5%AC%20%EC%82%AC%EC%A7%81%EB%A1%9C9%EA%B8%B8%2015-14%28%EC%82%AC%EC%A7%81%EB%8F%99%29
강남구	개포동	이해상 내외 상복	서울특별시 강남구 삼성로 29(개포동)	국가등록유산	37.486764	127.065703	https://map.naver.com/p/search/%EC%9D%B4%ED%95%B4%EC%83%81%20%EB%82%B4%EC%99%B8%20%EC%83%81%EB%B3%B5%20%EC%84%9C%EC%9A%B8%ED%8A%B9%EB%B3%84%EC%8B%9C%20%EA%B0%95%EB%82%A8%EA%B5%AC%20%EC%82%BC%EC%84%B1%EB%A1%9C%2029%28%EA%B0%9C%ED%8F%AC%EB%8F%99%29
서대문구	신촌동	연세 101 아날로그 전자계산기	서울특별시 서대문구 연세로 50(신촌동) 연세대학교	국가등록유산	37.567113	126.939029	https://map.naver.com/p/search/%EC%97%B0%EC%84%B8%20101%20%EC%95%84%EB%82%A0%EB%A1%9C%EA%B7%B8%20%EC%A0%84%EC%9E%90%EA%B3%84%EC%82%B0%EA%B8%B0%20%EC%84%9C%EC%9A%B8%ED%8A%B9%EB%B3%84%EC%8B%9C%20%EC%84%9C%EB%8C%80%EB%AC%B8%EA%B5%AC%20%EC%97%B0%EC%84%B8%EB%A1%9C%2050%28%EC%8B%A0%EC%B4%8C%EB%8F%99%29%20%EC%97%B0%EC%84%B8%EB%8C%80%ED%95%99%EA%B5%90
서대문구	신촌동	과학조선(科學朝鮮)	서울특별시 서대문구 연세로 50(신촌동)	국가등록유산	37.567113	126.939029	https://map.naver.com/p/search/%EA%B3%BC%ED%95%99%EC%A1%B0%EC%84%A0%28%E7%A7%91%E5%AD%B8%E6%9C%9D%E9%AE%AE%29%20%EC%84%9C%EC%9A%B8%ED%8A%B9%EB%B3%84%EC%8B%9C%20%EC%84%9C%EB%8C%80%EB%AC%B8%EA%B5%AC%20%EC%97%B0%EC%84%B8%EB%A1%9C%2050%28%EC%8B%A0%EC%B4%8C%EB%8F%99%29
서대문구	봉원동	봉원사 도량장엄용 불화(칠여래도?사보살도?팔금강도)	서울특별시 서대문구 봉원사길 120(봉원동)	유형문화유산	37.571993	126.947803	https://map.naver.com/p/search/%EB%B4%89%EC%9B%90%EC%82%AC%20%EB%8F%84%EB%9F%89%EC%9E%A5%EC%97%84%EC%9A%A9%20%EB%B6%88%ED%99%94%28%EC%B9%A0%EC%97%AC%EB%9E%98%EB%8F%84%3F%EC%82%AC%EB%B3%B4%EC%82%B4%EB%8F%84%3F%ED%8C%94%EA%B8%88%EA%B0%95%EB%8F%84%29%20%EC%84%9C%EC%9A%B8%ED%8A%B9%EB%B3%84%EC%8B%9C%20%EC%84%9C%EB%8C%80%EB%AC%B8%EA%B5%AC%20%EB%B4%89%EC%9B%90%EC%82%AC%EA%B8%B8%20120%28%EB%B4%89%EC%9B%90%EB%8F%99%29
종로구	사직동	남명천화상송증도가	서울특별시 종로구 사직로9길 15-14(사직동)	유형문화유산	37.576474	126.966458	https://map.naver.com/p/search/%EB%82%A8%EB%AA%85%EC%B2%9C%ED%99%94%EC%83%81%EC%86%A1%EC%A6%9D%EB%8F%84%EA%B0%80%20%EC%84%9C%EC%9A%B8%ED%8A%B9%EB%B3%84%EC%8B%9C%20%EC%A2%85%EB%A1%9C%EA%B5%AC%20%EC%82%AC%EC%A7%81%EB%A1%9C9%EA%B8%B8%2015-14%28%EC%82%AC%EC%A7%81%EB%8F%99%29
노원구	공릉동	연구용 원자로 TRIGA Mark-Ⅱ	서울특별시 노원구 노원로 130(공릉동) 한국전력공사 인재개발원	국가등록유산	37.630146	127.085414	https://map.naver.com/p/search/%EC%97%B0%EA%B5%AC%EC%9A%A9%20%EC%9B%90%EC%9E%90%EB%A1%9C%20TRIGA%20Mark-%E2%85%A1%20%EC%84%9C%EC%9A%B8%ED%8A%B9%EB%B3%84%EC%8B%9C%20%EB%85%B8%EC%9B%90%EA%B5%AC%20%EB%85%B8%EC%9B%90%EB%A1%9C%20130%28%EA%B3%B5%EB%A6%89%EB%8F%99%29%20%ED%95%9C%EA%B5%AD%EC%A0%84%EB%A0%A5%EA%B3%B5%EC%82%AC%20%EC%9D%B8%EC%9E%AC%EA%B0%9C%EB%B0%9C%EC%9B%90
종로구	송월동	서울 기상관측소	서울특별시 종로구 송월길 52(송월동)	국가등록유산	37.571374	126.965904	https://map.naver.com/p/search/%EC%84%9C%EC%9A%B8%20%EA%B8%B0%EC%83%81%EA%B4%80%EC%B8%A1%EC%86%8C%20%EC%84%9C%EC%9A%B8%ED%8A%B9%EB%B3%84%EC%8B%9C%20%EC%A2%85%EB%A1%9C%EA%B5%AC%20%EC%86%A1%EC%9B%94%EA%B8%B8%2052%28%EC%86%A1%EC%9B%94%EB%8F%99%29
종로구	이태원동	프란체스카 여사 의복과 소품	서울특별시 용산구 장문로 27 (이태원동, 청화아파트) 2동 307호	국가등록유산	37.5299597	126.9948167	https://map.naver.com/p/search/%ED%94%84%EB%9E%80%EC%B2%B4%EC%8A%A4%EC%B9%B4%20%EC%97%AC%EC%82%AC%20%EC%9D%98%EB%B3%B5%EA%B3%BC%20%EC%86%8C%ED%92%88%20%EC%84%9C%EC%9A%B8%ED%8A%B9%EB%B3%84%EC%8B%9C%20%EC%9A%A9%EC%82%B0%EA%B5%AC%20%EC%9E%A5%EB%AC%B8%EB%A1%9C%2027%20%28%EC%9D%B4%ED%83%9C%EC%9B%90%EB%8F%99%2C%20%EC%B2%AD%ED%99%94%EC%95%84%ED%8C%8C%ED%8A%B8%29%202%EB%8F%99%20307%ED%98%B8
종로구	이태원동	양단 아리랑 드레스	서울특별시 용산구 장문로 27 (이태원동, 청화아파트) 2동 307호	국가등록유산	37.5299597	126.9948167	https://map.naver.com/p/search/%EC%96%91%EB%8B%A8%20%EC%95%84%EB%A6%AC%EB%9E%91%20%EB%93%9C%EB%A0%88%EC%8A%A4%20%EC%84%9C%EC%9A%B8%ED%8A%B9%EB%B3%84%EC%8B%9C%20%EC%9A%A9%EC%82%B0%EA%B5%AC%20%EC%9E%A5%EB%AC%B8%EB%A1%9C%2027%20%28%EC%9D%B4%ED%83%9C%EC%9B%90%EB%8F%99%2C%20%EC%B2%AD%ED%99%94%EC%95%84%ED%8C%8C%ED%8A%B8%29%202%EB%8F%99%20307%ED%98%B8
서대문구	신촌동	대한국야소교회 대표자 호소문	서울특별시 서대문구 연세로 50-1 (신촌동, 연세대학교 의과대학 동은의학박물관)	국가등록유산	37.564711	126.939499	https://map.naver.com/p/search/%EB%8C%80%ED%95%9C%EA%B5%AD%EC%95%BC%EC%86%8C%EA%B5%90%ED%9A%8C%20%EB%8C%80%ED%91%9C%EC%9E%90%20%ED%98%B8%EC%86%8C%EB%AC%B8%20%EC%84%9C%EC%9A%B8%ED%8A%B9%EB%B3%84%EC%8B%9C%20%EC%84%9C%EB%8C%80%EB%AC%B8%EA%B5%AC%20%EC%97%B0%EC%84%B8%EB%A1%9C%2050-1%20%28%EC%8B%A0%EC%B4%8C%EB%8F%99%2C%20%EC%97%B0%EC%84%B8%EB%8C%80%ED%95%99%EA%B5%90%20%EC%9D%98%EA%B3%BC%EB%8C%80%ED%95%99%20%EB%8F%99%EC%9D%80%EC%9D%98%ED%95%99%EB%B0%95%EB%AC%BC%EA%B4%80%29
서초구	서초동	예수성교 누가복음전서	서울특별시 서초구 남부순환로 2569(서초동)	국가등록유산	37.484658	127.031743	https://map.naver.com/p/search/%EC%98%88%EC%88%98%EC%84%B1%EA%B5%90%20%EB%88%84%EA%B0%80%EB%B3%B5%EC%9D%8C%EC%A0%84%EC%84%9C%20%EC%84%9C%EC%9A%B8%ED%8A%B9%EB%B3%84%EC%8B%9C%20%EC%84%9C%EC%B4%88%EA%B5%AC%20%EB%82%A8%EB%B6%80%EC%88%9C%ED%99%98%EB%A1%9C%202569%28%EC%84%9C%EC%B4%88%EB%8F%99%29
용산구	용산동2가	서울 해병대사령부 초대교회	서울특별시 용산구 용산동2가 2-18	국가등록유산	37.542992	126.982908	https://map.naver.com/p/search/%EC%84%9C%EC%9A%B8%20%ED%95%B4%EB%B3%91%EB%8C%80%EC%82%AC%EB%A0%B9%EB%B6%80%20%EC%B4%88%EB%8C%80%EA%B5%90%ED%9A%8C%20%EC%84%9C%EC%9A%B8%ED%8A%B9%EB%B3%84%EC%8B%9C%20%EC%9A%A9%EC%82%B0%EA%B5%AC%20%EC%9A%A9%EC%82%B0%EB%8F%992%EA%B0%80%202-18
성동구	성동|사근동	아날로그 전자계산기 3호기	서울특별시 성동구 왕십리로 222(사근동)	국가등록유산	37.554504	127.046611	https://map.naver.com/p/search/%EC%95%84%EB%82%A0%EB%A1%9C%EA%B7%B8%20%EC%A0%84%EC%9E%90%EA%B3%84%EC%82%B0%EA%B8%B0%203%ED%98%B8%EA%B8%B0%20%EC%84%9C%EC%9A%B8%ED%8A%B9%EB%B3%84%EC%8B%9C%20%EC%84%B1%EB%8F%99%EA%B5%AC%20%EC%99%95%EC%8B%AD%EB%A6%AC%EB%A1%9C%20222%28%EC%82%AC%EA%B7%BC%EB%8F%99%29
성북구	돈암동	서울 흥천사 대방	서울특별시 성북구 흥천사길 29(돈암동)	국가등록유산	37.598253	127.009164	https://map.naver.com/p/search/%EC%84%9C%EC%9A%B8%20%ED%9D%A5%EC%B2%9C%EC%82%AC%20%EB%8C%80%EB%B0%A9%20%EC%84%9C%EC%9A%B8%ED%8A%B9%EB%B3%84%EC%8B%9C%20%EC%84%B1%EB%B6%81%EA%B5%AC%20%ED%9D%A5%EC%B2%9C%EC%82%AC%EA%B8%B8%2029%28%EB%8F%88%EC%95%94%EB%8F%99%29
종로구	청운동	서울 경기상업고등학교 본관 및 청송관	서울특별시 종로구 자하문로 136(청운동)	국가등록유산	37.588779	126.969813	https://map.naver.com/p/search/%EC%84%9C%EC%9A%B8%20%EA%B2%BD%EA%B8%B0%EC%83%81%EC%97%85%EA%B3%A0%EB%93%B1%ED%95%99%EA%B5%90%20%EB%B3%B8%EA%B4%80%20%EB%B0%8F%20%EC%B2%AD%EC%86%A1%EA%B4%80%20%EC%84%9C%EC%9A%B8%ED%8A%B9%EB%B3%84%EC%8B%9C%20%EC%A2%85%EB%A1%9C%EA%B5%AC%20%EC%9E%90%ED%95%98%EB%AC%B8%EB%A1%9C%20136%28%EC%B2%AD%EC%9A%B4%EB%8F%99%29
종로구	이태원동	군용 담요 코트	서울특별시 용산구 장문로 27 (이태원동, 청화아파트) 2동 307호	국가등록유산	37.5299597	126.9948167	https://map.naver.com/p/search/%EA%B5%B0%EC%9A%A9%20%EB%8B%B4%EC%9A%94%20%EC%BD%94%ED%8A%B8%20%EC%84%9C%EC%9A%B8%ED%8A%B9%EB%B3%84%EC%8B%9C%20%EC%9A%A9%EC%82%B0%EA%B5%AC%20%EC%9E%A5%EB%AC%B8%EB%A1%9C%2027%20%28%EC%9D%B4%ED%83%9C%EC%9B%90%EB%8F%99%2C%20%EC%B2%AD%ED%99%94%EC%95%84%ED%8C%8C%ED%8A%B8%29%202%EB%8F%99%20307%ED%98%B8
종로구	사직동	나옹화상행장	서울특별시 종로구 사직로9길 15-14(사직동)	유형문화유산	37.576474	126.966458	https://map.naver.com/p/search/%EB%82%98%EC%98%B9%ED%99%94%EC%83%81%ED%96%89%EC%9E%A5%20%EC%84%9C%EC%9A%B8%ED%8A%B9%EB%B3%84%EC%8B%9C%20%EC%A2%85%EB%A1%9C%EA%B5%AC%20%EC%82%AC%EC%A7%81%EB%A1%9C9%EA%B8%B8%2015-14%28%EC%82%AC%EC%A7%81%EB%8F%99%29
중랑구	묵동	황명이학명신언행록	서울특별시 중랑구 숙선옹주로 69(묵동)	유형문화유산	37.614863	127.084035	https://map.naver.com/p/search/%ED%99%A9%EB%AA%85%EC%9D%B4%ED%95%99%EB%AA%85%EC%8B%A0%EC%96%B8%ED%96%89%EB%A1%9D%20%EC%84%9C%EC%9A%B8%ED%8A%B9%EB%B3%84%EC%8B%9C%20%EC%A4%91%EB%9E%91%EA%B5%AC%20%EC%88%99%EC%84%A0%EC%98%B9%EC%A3%BC%EB%A1%9C%2069%28%EB%AC%B5%EB%8F%99%29
서초구	서초동	3?1 독립선언서	서울특별시 서초구 남부순환로 2406(서초동)	국가등록유산	37.478536	127.010742	https://map.naver.com/p/search/3%3F1%20%EB%8F%85%EB%A6%BD%EC%84%A0%EC%96%B8%EC%84%9C%20%EC%84%9C%EC%9A%B8%ED%8A%B9%EB%B3%84%EC%8B%9C%20%EC%84%9C%EC%B4%88%EA%B5%AC%20%EB%82%A8%EB%B6%80%EC%88%9C%ED%99%98%EB%A1%9C%202406%28%EC%84%9C%EC%B4%88%EB%8F%99%29
종로구	필운동	서울 배화학원 캐롤라이나관	서울특별시 종로구 필운대로1길 34(필운동)	국가등록유산	37.579176	126.965892	https://map.naver.com/p/search/%EC%84%9C%EC%9A%B8%20%EB%B0%B0%ED%99%94%ED%95%99%EC%9B%90%20%EC%BA%90%EB%A1%A4%EB%9D%BC%EC%9D%B4%EB%82%98%EA%B4%80%20%EC%84%9C%EC%9A%B8%ED%8A%B9%EB%B3%84%EC%8B%9C%20%EC%A2%85%EB%A1%9C%EA%B5%AC%20%ED%95%84%EC%9A%B4%EB%8C%80%EB%A1%9C1%EA%B8%B8%2034%28%ED%95%84%EC%9A%B4%EB%8F%99%29
서대문구	대현동	서울 이화여자대학교 토마스홀	서울특별시 서대문구 이화여대길 52(대현동)	국가등록유산	37.56174	126.947245	https://map.naver.com/p/search/%EC%84%9C%EC%9A%B8%20%EC%9D%B4%ED%99%94%EC%97%AC%EC%9E%90%EB%8C%80%ED%95%99%EA%B5%90%20%ED%86%A0%EB%A7%88%EC%8A%A4%ED%99%80%20%EC%84%9C%EC%9A%B8%ED%8A%B9%EB%B3%84%EC%8B%9C%20%EC%84%9C%EB%8C%80%EB%AC%B8%EA%B5%AC%20%EC%9D%B4%ED%99%94%EC%97%AC%EB%8C%80%EA%B8%B8%2052%28%EB%8C%80%ED%98%84%EB%8F%99%29
서대문구	신촌동	윤동주 친필원고	서울특별시 서대문구 연세로 50(신촌동)	국가등록유산	37.567113	126.939029	https://map.naver.com/p/search/%EC%9C%A4%EB%8F%99%EC%A3%BC%20%EC%B9%9C%ED%95%84%EC%9B%90%EA%B3%A0%20%EC%84%9C%EC%9A%B8%ED%8A%B9%EB%B3%84%EC%8B%9C%20%EC%84%9C%EB%8C%80%EB%AC%B8%EA%B5%AC%20%EC%97%B0%EC%84%B8%EB%A1%9C%2050%28%EC%8B%A0%EC%B4%8C%EB%8F%99%29
동대문구	회기동	서울 경희대학교 본관	서울특별시 동대문구 경희대로 26(회기동) 경희대학교,경희초,중,고,여자중고등학교	국가등록유산	37.596449	127.052501	https://map.naver.com/p/search/%EC%84%9C%EC%9A%B8%20%EA%B2%BD%ED%9D%AC%EB%8C%80%ED%95%99%EA%B5%90%20%EB%B3%B8%EA%B4%80%20%EC%84%9C%EC%9A%B8%ED%8A%B9%EB%B3%84%EC%8B%9C%20%EB%8F%99%EB%8C%80%EB%AC%B8%EA%B5%AC%20%EA%B2%BD%ED%9D%AC%EB%8C%80%EB%A1%9C%2026%28%ED%9A%8C%EA%B8%B0%EB%8F%99%29%20%EA%B2%BD%ED%9D%AC%EB%8C%80%ED%95%99%EA%B5%90%2C%EA%B2%BD%ED%9D%AC%EC%B4%88%2C%EC%A4%91%2C%EA%B3%A0%2C%EC%97%AC%EC%9E%90%EC%A4%91%EA%B3%A0%EB%93%B1%ED%95%99%EA%B5%90
관악구	신림동	국한회어	서울특별시 관악구 관악로 1(신림동)	국가등록유산	37.464007	126.952239	https://map.naver.com/p/search/%EA%B5%AD%ED%95%9C%ED%9A%8C%EC%96%B4%20%EC%84%9C%EC%9A%B8%ED%8A%B9%EB%B3%84%EC%8B%9C%20%EA%B4%80%EC%95%85%EA%B5%AC%20%EA%B4%80%EC%95%85%EB%A1%9C%201%28%EC%8B%A0%EB%A6%BC%EB%8F%99%29
종로구	신문로1가	국어문법 원고	서울특별시 종로구 새문안로3길 7(신문로1가)	국가등록유산	37.570933	126.97233	https://map.naver.com/p/search/%EA%B5%AD%EC%96%B4%EB%AC%B8%EB%B2%95%20%EC%9B%90%EA%B3%A0%20%EC%84%9C%EC%9A%B8%ED%8A%B9%EB%B3%84%EC%8B%9C%20%EC%A2%85%EB%A1%9C%EA%B5%AC%20%EC%83%88%EB%AC%B8%EC%95%88%EB%A1%9C3%EA%B8%B8%207%28%EC%8B%A0%EB%AC%B8%EB%A1%9C1%EA%B0%80%29
마포구	신수동	국문정리	서울특별시 마포구 백범로 35(신수동)	국가등록유산	37.551713	126.941063	https://map.naver.com/p/search/%EA%B5%AD%EB%AC%B8%EC%A0%95%EB%A6%AC%20%EC%84%9C%EC%9A%B8%ED%8A%B9%EB%B3%84%EC%8B%9C%20%EB%A7%88%ED%8F%AC%EA%B5%AC%20%EB%B0%B1%EB%B2%94%EB%A1%9C%2035%28%EC%8B%A0%EC%88%98%EB%8F%99%29
종로구	평창동	공병우 세벌식 타자기	서울특별시 종로구 평창11길 3(평창동)	국가등록유산	37.573521	126.978835	https://map.naver.com/p/search/%EA%B3%B5%EB%B3%91%EC%9A%B0%20%EC%84%B8%EB%B2%8C%EC%8B%9D%20%ED%83%80%EC%9E%90%EA%B8%B0%20%EC%84%9C%EC%9A%B8%ED%8A%B9%EB%B3%84%EC%8B%9C%20%EC%A2%85%EB%A1%9C%EA%B5%AC%20%ED%8F%89%EC%B0%BD11%EA%B8%B8%203%28%ED%8F%89%EC%B0%BD%EB%8F%99%29
관악구	신림동	치도규칙	서울특별시 관악구 관악로 1(신림동) 1105동	국가등록유산	37.464007	126.952239	https://map.naver.com/p/search/%EC%B9%98%EB%8F%84%EA%B7%9C%EC%B9%99%20%EC%84%9C%EC%9A%B8%ED%8A%B9%EB%B3%84%EC%8B%9C%20%EA%B4%80%EC%95%85%EA%B5%AC%20%EA%B4%80%EC%95%85%EB%A1%9C%201%28%EC%8B%A0%EB%A6%BC%EB%8F%99%29%201105%EB%8F%99
성북구	안암동5가	유길준 단령	서울특별시 성북구 안암로 145(안암동5가)	국가등록유산	37.58991	127.031812	https://map.naver.com/p/search/%EC%9C%A0%EA%B8%B8%EC%A4%80%20%EB%8B%A8%EB%A0%B9%20%EC%84%9C%EC%9A%B8%ED%8A%B9%EB%B3%84%EC%8B%9C%20%EC%84%B1%EB%B6%81%EA%B5%AC%20%EC%95%88%EC%95%94%EB%A1%9C%20145%28%EC%95%88%EC%95%94%EB%8F%995%EA%B0%80%29
서대문구	신촌동	알렌 수증 훈공일등 태극대수장	서울특별시 서대문구 연세로 50-1(신촌동, 연세대학교 의과대학 동은의학박물관)	국가등록유산	37.564711	126.939499	https://map.naver.com/p/search/%EC%95%8C%EB%A0%8C%20%EC%88%98%EC%A6%9D%20%ED%9B%88%EA%B3%B5%EC%9D%BC%EB%93%B1%20%ED%83%9C%EA%B7%B9%EB%8C%80%EC%88%98%EC%9E%A5%20%EC%84%9C%EC%9A%B8%ED%8A%B9%EB%B3%84%EC%8B%9C%20%EC%84%9C%EB%8C%80%EB%AC%B8%EA%B5%AC%20%EC%97%B0%EC%84%B8%EB%A1%9C%2050-1%28%EC%8B%A0%EC%B4%8C%EB%8F%99%2C%20%EC%97%B0%EC%84%B8%EB%8C%80%ED%95%99%EA%B5%90%20%EC%9D%98%EA%B3%BC%EB%8C%80%ED%95%99%20%EB%8F%99%EC%9D%80%EC%9D%98%ED%95%99%EB%B0%95%EB%AC%BC%EA%B4%80%29
중구	남대문로4가	서울 남대문로 2층 한옥 상가	서울특별시 중구 남대문로 11(남대문로4가)	국가등록유산	37.560982	126.977022	https://map.naver.com/p/search/%EC%84%9C%EC%9A%B8%20%EB%82%A8%EB%8C%80%EB%AC%B8%EB%A1%9C%202%EC%B8%B5%20%ED%95%9C%EC%98%A5%20%EC%83%81%EA%B0%80%20%EC%84%9C%EC%9A%B8%ED%8A%B9%EB%B3%84%EC%8B%9C%20%EC%A4%91%EA%B5%AC%20%EB%82%A8%EB%8C%80%EB%AC%B8%EB%A1%9C%2011%28%EB%82%A8%EB%8C%80%EB%AC%B8%EB%A1%9C4%EA%B0%80%29
강동구	강동|천호동	3?1 독립선언서	서울특별시 강동구 올림픽로89길 39-4(천호동, 다성이즈빌) 509호	국가등록유산	37.547647	127.123701	https://map.naver.com/p/search/3%3F1%20%EB%8F%85%EB%A6%BD%EC%84%A0%EC%96%B8%EC%84%9C%20%EC%84%9C%EC%9A%B8%ED%8A%B9%EB%B3%84%EC%8B%9C%20%EA%B0%95%EB%8F%99%EA%B5%AC%20%EC%98%AC%EB%A6%BC%ED%94%BD%EB%A1%9C89%EA%B8%B8%2039-4%28%EC%B2%9C%ED%98%B8%EB%8F%99%2C%20%EB%8B%A4%EC%84%B1%EC%9D%B4%EC%A6%88%EB%B9%8C%29%20509%ED%98%B8
종로구	필운동	서울 배화여자고등학교 캠벨기념관	서울특별시 종로구 필운대로1길 34(필운동)	국가등록유산	37.579176	126.965892	https://map.naver.com/p/search/%EC%84%9C%EC%9A%B8%20%EB%B0%B0%ED%99%94%EC%97%AC%EC%9E%90%EA%B3%A0%EB%93%B1%ED%95%99%EA%B5%90%20%EC%BA%A0%EB%B2%A8%EA%B8%B0%EB%85%90%EA%B4%80%20%EC%84%9C%EC%9A%B8%ED%8A%B9%EB%B3%84%EC%8B%9C%20%EC%A2%85%EB%A1%9C%EA%B5%AC%20%ED%95%84%EC%9A%B4%EB%8C%80%EB%A1%9C1%EA%B8%B8%2034%28%ED%95%84%EC%9A%B4%EB%8F%99%29
용산구	효창동	김 골롬바와 아녜스 자매(석고상)	서울특별시 용산구 효창원로70길 35(효창동)	국가등록유산	37.542028	126.963845	https://map.naver.com/p/search/%EA%B9%80%20%EA%B3%A8%EB%A1%AC%EB%B0%94%EC%99%80%20%EC%95%84%EB%85%9C%EC%8A%A4%20%EC%9E%90%EB%A7%A4%28%EC%84%9D%EA%B3%A0%EC%83%81%29%20%EC%84%9C%EC%9A%B8%ED%8A%B9%EB%B3%84%EC%8B%9C%20%EC%9A%A9%EC%82%B0%EA%B5%AC%20%ED%9A%A8%EC%B0%BD%EC%9B%90%EB%A1%9C70%EA%B8%B8%2035%28%ED%9A%A8%EC%B0%BD%EB%8F%99%29
중랑구	망우동	망우 독립유공자 묘역 - 서동일 묘소	서울특별시 중랑구 망우동 산 57-3	국가등록유산	37.597916	127.106539	https://map.naver.com/p/search/%EB%A7%9D%EC%9A%B0%20%EB%8F%85%EB%A6%BD%EC%9C%A0%EA%B3%B5%EC%9E%90%20%EB%AC%98%EC%97%AD%20-%20%EC%84%9C%EB%8F%99%EC%9D%BC%20%EB%AC%98%EC%86%8C%20%EC%84%9C%EC%9A%B8%ED%8A%B9%EB%B3%84%EC%8B%9C%20%EC%A4%91%EB%9E%91%EA%B5%AC%20%EB%A7%9D%EC%9A%B0%EB%8F%99%20%EC%82%B0%2057-3
서대문구	대현동	백자 청화매조죽문 항아리	서울특별시 서대문구 이화여대길 52(대현동)	보물	37.56174	126.947245	https://map.naver.com/p/search/%EB%B0%B1%EC%9E%90%20%EC%B2%AD%ED%99%94%EB%A7%A4%EC%A1%B0%EC%A3%BD%EB%AC%B8%20%ED%95%AD%EC%95%84%EB%A6%AC%20%EC%84%9C%EC%9A%B8%ED%8A%B9%EB%B3%84%EC%8B%9C%20%EC%84%9C%EB%8C%80%EB%AC%B8%EA%B5%AC%20%EC%9D%B4%ED%99%94%EC%97%AC%EB%8C%80%EA%B8%B8%2052%28%EB%8C%80%ED%98%84%EB%8F%99%29
용산구	용산동6가	한인애국단원 이력서 및 봉투	서울특별시 용산구 서빙고로 137(용산동6가)	국가등록유산	37.524087	126.980388	https://map.naver.com/p/search/%ED%95%9C%EC%9D%B8%EC%95%A0%EA%B5%AD%EB%8B%A8%EC%9B%90%20%EC%9D%B4%EB%A0%A5%EC%84%9C%20%EB%B0%8F%20%EB%B4%89%ED%88%AC%20%EC%84%9C%EC%9A%B8%ED%8A%B9%EB%B3%84%EC%8B%9C%20%EC%9A%A9%EC%82%B0%EA%B5%AC%20%EC%84%9C%EB%B9%99%EA%B3%A0%EB%A1%9C%20137%28%EC%9A%A9%EC%82%B0%EB%8F%996%EA%B0%80%29
영등포구	여의도동	대한민국임시의정원인	서울특별시 영등포구 의사당대로 1(여의도동) 국회	국가등록유산	37.531917	126.914203	https://map.naver.com/p/search/%EB%8C%80%ED%95%9C%EB%AF%BC%EA%B5%AD%EC%9E%84%EC%8B%9C%EC%9D%98%EC%A0%95%EC%9B%90%EC%9D%B8%20%EC%84%9C%EC%9A%B8%ED%8A%B9%EB%B3%84%EC%8B%9C%20%EC%98%81%EB%93%B1%ED%8F%AC%EA%B5%AC%20%EC%9D%98%EC%82%AC%EB%8B%B9%EB%8C%80%EB%A1%9C%201%28%EC%97%AC%EC%9D%98%EB%8F%84%EB%8F%99%29%20%EA%B5%AD%ED%9A%8C
서대문구	신촌동	서울 연세대학교 핀슨관	서울특별시 서대문구 연세로 50(신촌동)  연세대학교 핀슨관	국가등록유산	37.564711	126.939499	https://map.naver.com/p/search/%EC%84%9C%EC%9A%B8%20%EC%97%B0%EC%84%B8%EB%8C%80%ED%95%99%EA%B5%90%20%ED%95%80%EC%8A%A8%EA%B4%80%20%EC%84%9C%EC%9A%B8%ED%8A%B9%EB%B3%84%EC%8B%9C%20%EC%84%9C%EB%8C%80%EB%AC%B8%EA%B5%AC%20%EC%97%B0%EC%84%B8%EB%A1%9C%2050%28%EC%8B%A0%EC%B4%8C%EB%8F%99%29%20%20%EC%97%B0%EC%84%B8%EB%8C%80%ED%95%99%EA%B5%90%20%ED%95%80%EC%8A%A8%EA%B4%80
용산구	용산동6가	송기주 네벌식 타자기	서울특별시 용산구 서빙고로 139 (용산동6가) 국립한글박물관	국가등록유산	37.5210688	126.9804863	https://map.naver.com/p/search/%EC%86%A1%EA%B8%B0%EC%A3%BC%20%EB%84%A4%EB%B2%8C%EC%8B%9D%20%ED%83%80%EC%9E%90%EA%B8%B0%20%EC%84%9C%EC%9A%B8%ED%8A%B9%EB%B3%84%EC%8B%9C%20%EC%9A%A9%EC%82%B0%EA%B5%AC%20%EC%84%9C%EB%B9%99%EA%B3%A0%EB%A1%9C%20139%20%28%EC%9A%A9%EC%82%B0%EB%8F%996%EA%B0%80%29%20%EA%B5%AD%EB%A6%BD%ED%95%9C%EA%B8%80%EB%B0%95%EB%AC%BC%EA%B4%80
종로구	안국동	청동은입사향완	서울특별시 종로구 율곡로3길 4 (안국동) 서울공예박물관	유형문화유산	37.5768611	126.9835871	https://map.naver.com/p/search/%EC%B2%AD%EB%8F%99%EC%9D%80%EC%9E%85%EC%82%AC%ED%96%A5%EC%99%84%20%EC%84%9C%EC%9A%B8%ED%8A%B9%EB%B3%84%EC%8B%9C%20%EC%A2%85%EB%A1%9C%EA%B5%AC%20%EC%9C%A8%EA%B3%A1%EB%A1%9C3%EA%B8%B8%204%20%28%EC%95%88%EA%B5%AD%EB%8F%99%29%20%EC%84%9C%EC%9A%B8%EA%B3%B5%EC%98%88%EB%B0%95%EB%AC%BC%EA%B4%80
중랑구	묵동	배자예부운략	서울특별시 중랑구 숙선옹주로 69(묵동)	유형문화유산	37.614859	127.084027	https://map.naver.com/p/search/%EB%B0%B0%EC%9E%90%EC%98%88%EB%B6%80%EC%9A%B4%EB%9E%B5%20%EC%84%9C%EC%9A%B8%ED%8A%B9%EB%B3%84%EC%8B%9C%20%EC%A4%91%EB%9E%91%EA%B5%AC%20%EC%88%99%EC%84%A0%EC%98%B9%EC%A3%BC%EB%A1%9C%2069%28%EB%AC%B5%EB%8F%99%29
도봉구	방학동	서울 연산군묘	서울특별시 도봉구 방학로17길 46(방학동)	사적	37.66142	127.021799	https://map.naver.com/p/search/%EC%84%9C%EC%9A%B8%20%EC%97%B0%EC%82%B0%EA%B5%B0%EB%AC%98%20%EC%84%9C%EC%9A%B8%ED%8A%B9%EB%B3%84%EC%8B%9C%20%EB%8F%84%EB%B4%89%EA%B5%AC%20%EB%B0%A9%ED%95%99%EB%A1%9C17%EA%B8%B8%2046%28%EB%B0%A9%ED%95%99%EB%8F%99%29
종로구	이화동	서울 이화장	서울특별시 종로구 이화장1길 32(이화동)	사적	37.578359	127.006434	https://map.naver.com/p/search/%EC%84%9C%EC%9A%B8%20%EC%9D%B4%ED%99%94%EC%9E%A5%20%EC%84%9C%EC%9A%B8%ED%8A%B9%EB%B3%84%EC%8B%9C%20%EC%A2%85%EB%A1%9C%EA%B5%AC%20%EC%9D%B4%ED%99%94%EC%9E%A51%EA%B8%B8%2032%28%EC%9D%B4%ED%99%94%EB%8F%99%29
종로구	부암동	서울 부암동 백석동천	서울특별시 종로구 부암동 115번지 등	명승	37.600433	126.966336	https://map.naver.com/p/search/%EC%84%9C%EC%9A%B8%20%EB%B6%80%EC%95%94%EB%8F%99%20%EB%B0%B1%EC%84%9D%EB%8F%99%EC%B2%9C%20%EC%84%9C%EC%9A%B8%ED%8A%B9%EB%B3%84%EC%8B%9C%20%EC%A2%85%EB%A1%9C%EA%B5%AC%20%EB%B6%80%EC%95%94%EB%8F%99%20115%EB%B2%88%EC%A7%80%20%EB%93%B1
종로구	견지동	서울 조계사 백송	서울특별시 종로구 우정국로 55(견지동)	천연기념물	37.574494	126.982017	https://map.naver.com/p/search/%EC%84%9C%EC%9A%B8%20%EC%A1%B0%EA%B3%84%EC%82%AC%20%EB%B0%B1%EC%86%A1%20%EC%84%9C%EC%9A%B8%ED%8A%B9%EB%B3%84%EC%8B%9C%20%EC%A2%85%EB%A1%9C%EA%B5%AC%20%EC%9A%B0%EC%A0%95%EA%B5%AD%EB%A1%9C%2055%28%EA%B2%AC%EC%A7%80%EB%8F%99%29
노원구	공릉동	각궁	서울특별시 노원구 화랑로 574(공릉동)	국가민속유산	37.627244	127.103326	https://map.naver.com/p/search/%EA%B0%81%EA%B6%81%20%EC%84%9C%EC%9A%B8%ED%8A%B9%EB%B3%84%EC%8B%9C%20%EB%85%B8%EC%9B%90%EA%B5%AC%20%ED%99%94%EB%9E%91%EB%A1%9C%20574%28%EA%B3%B5%EB%A6%89%EB%8F%99%29
광진구	능동|군자동	전 고종갓	서울특별시 광진구 능동로 209(군자동)	국가민속유산	37.551471	127.073884	https://map.naver.com/p/search/%EC%A0%84%20%EA%B3%A0%EC%A2%85%EA%B0%93%20%EC%84%9C%EC%9A%B8%ED%8A%B9%EB%B3%84%EC%8B%9C%20%EA%B4%91%EC%A7%84%EA%B5%AC%20%EB%8A%A5%EB%8F%99%EB%A1%9C%20209%28%EA%B5%B0%EC%9E%90%EB%8F%99%29
광진구	능동|군자동	동궁비 원삼	서울특별시 광진구 능동로 209(군자동)	국가민속유산	37.551471	127.073884	https://map.naver.com/p/search/%EB%8F%99%EA%B6%81%EB%B9%84%20%EC%9B%90%EC%82%BC%20%EC%84%9C%EC%9A%B8%ED%8A%B9%EB%B3%84%EC%8B%9C%20%EA%B4%91%EC%A7%84%EA%B5%AC%20%EB%8A%A5%EB%8F%99%EB%A1%9C%20209%28%EA%B5%B0%EC%9E%90%EB%8F%99%29
광진구	능동|군자동	옥색 명주 장옷	서울특별시 광진구 능동로 209(군자동)	국가민속유산	37.551471	127.073884	https://map.naver.com/p/search/%EC%98%A5%EC%83%89%20%EB%AA%85%EC%A3%BC%20%EC%9E%A5%EC%98%B7%20%EC%84%9C%EC%9A%B8%ED%8A%B9%EB%B3%84%EC%8B%9C%20%EA%B4%91%EC%A7%84%EA%B5%AC%20%EB%8A%A5%EB%8F%99%EB%A1%9C%20209%28%EA%B5%B0%EC%9E%90%EB%8F%99%29
광진구	능동|군자동	청색 숙고사 장옷	서울특별시 광진구 능동로 209(군자동)	국가민속유산	37.551471	127.073884	https://map.naver.com/p/search/%EC%B2%AD%EC%83%89%20%EC%88%99%EA%B3%A0%EC%82%AC%20%EC%9E%A5%EC%98%B7%20%EC%84%9C%EC%9A%B8%ED%8A%B9%EB%B3%84%EC%8B%9C%20%EA%B4%91%EC%A7%84%EA%B5%AC%20%EB%8A%A5%EB%8F%99%EB%A1%9C%20209%28%EA%B5%B0%EC%9E%90%EB%8F%99%29
종로구	계동	서울 중앙고등학교 본관	서울특별시 종로구 창덕궁길 164(계동)	사적	37.584119	126.986866	https://map.naver.com/p/search/%EC%84%9C%EC%9A%B8%20%EC%A4%91%EC%95%99%EA%B3%A0%EB%93%B1%ED%95%99%EA%B5%90%20%EB%B3%B8%EA%B4%80%20%EC%84%9C%EC%9A%B8%ED%8A%B9%EB%B3%84%EC%8B%9C%20%EC%A2%85%EB%A1%9C%EA%B5%AC%20%EC%B0%BD%EB%8D%95%EA%B6%81%EA%B8%B8%20164%28%EA%B3%84%EB%8F%99%29
성북구	성북동	만해 한용운 심우장	서울특별시 성북구 성북로29길 24(성북동)	사적	37.59363	126.991683	https://map.naver.com/p/search/%EB%A7%8C%ED%95%B4%20%ED%95%9C%EC%9A%A9%EC%9A%B4%20%EC%8B%AC%EC%9A%B0%EC%9E%A5%20%EC%84%9C%EC%9A%B8%ED%8A%B9%EB%B3%84%EC%8B%9C%20%EC%84%B1%EB%B6%81%EA%B5%AC%20%EC%84%B1%EB%B6%81%EB%A1%9C29%EA%B8%B8%2024%28%EC%84%B1%EB%B6%81%EB%8F%99%29
용산구	용산동6가	대구 비산동 청동기 일괄 - 투겁창 및 꺾창	서울특별시 용산구 서빙고로 137(용산동6가)	국보	37.524087	126.980388	https://map.naver.com/p/search/%EB%8C%80%EA%B5%AC%20%EB%B9%84%EC%82%B0%EB%8F%99%20%EC%B2%AD%EB%8F%99%EA%B8%B0%20%EC%9D%BC%EA%B4%84%20-%20%ED%88%AC%EA%B2%81%EC%B0%BD%20%EB%B0%8F%20%EA%BA%BE%EC%B0%BD%20%EC%84%9C%EC%9A%B8%ED%8A%B9%EB%B3%84%EC%8B%9C%20%EC%9A%A9%EC%82%B0%EA%B5%AC%20%EC%84%9C%EB%B9%99%EA%B3%A0%EB%A1%9C%20137%28%EC%9A%A9%EC%82%B0%EB%8F%996%EA%B0%80%29
종로구	청운동|성북동	서울 백악산 일원	서울 종로구 청운동 산2-27번지 성북구 성북동 산87-1번지 등	명승	37.58627	126.9766	https://map.naver.com/p/search/%EC%84%9C%EC%9A%B8%20%EB%B0%B1%EC%95%85%EC%82%B0%20%EC%9D%BC%EC%9B%90%20%EC%84%9C%EC%9A%B8%20%EC%A2%85%EB%A1%9C%EA%B5%AC%20%EC%B2%AD%EC%9A%B4%EB%8F%99%20%EC%82%B02-27%EB%B2%88%EC%A7%80%20%EC%84%B1%EB%B6%81%EA%B5%AC%20%EC%84%B1%EB%B6%81%EB%8F%99%20%EC%82%B087-1%EB%B2%88%EC%A7%80%20%EB%93%B1
서대문구	대현동	적초의	서울특별시 서대문구 이화여대길 52(대현동)	국가민속유산	37.56174	126.947245	https://map.naver.com/p/search/%EC%A0%81%EC%B4%88%EC%9D%98%20%EC%84%9C%EC%9A%B8%ED%8A%B9%EB%B3%84%EC%8B%9C%20%EC%84%9C%EB%8C%80%EB%AC%B8%EA%B5%AC%20%EC%9D%B4%ED%99%94%EC%97%AC%EB%8C%80%EA%B8%B8%2052%28%EB%8C%80%ED%98%84%EB%8F%99%29
동대문구	제기동	서울 선농단 향나무	서울특별시 동대문구 무학로44길 38(제기동) 선농단	천연기념물	37.58102	127.032114	https://map.naver.com/p/search/%EC%84%9C%EC%9A%B8%20%EC%84%A0%EB%86%8D%EB%8B%A8%20%ED%96%A5%EB%82%98%EB%AC%B4%20%EC%84%9C%EC%9A%B8%ED%8A%B9%EB%B3%84%EC%8B%9C%20%EB%8F%99%EB%8C%80%EB%AC%B8%EA%B5%AC%20%EB%AC%B4%ED%95%99%EB%A1%9C44%EA%B8%B8%2038%28%EC%A0%9C%EA%B8%B0%EB%8F%99%29%20%EC%84%A0%EB%86%8D%EB%8B%A8
관악구	신림동	서울 신림동 굴참나무	서울특별시 관악구 난곡로35길 28-7(신림동, 건영아파트)	천연기념물	37.470979	126.916641	https://map.naver.com/p/search/%EC%84%9C%EC%9A%B8%20%EC%8B%A0%EB%A6%BC%EB%8F%99%20%EA%B5%B4%EC%B0%B8%EB%82%98%EB%AC%B4%20%EC%84%9C%EC%9A%B8%ED%8A%B9%EB%B3%84%EC%8B%9C%20%EA%B4%80%EC%95%85%EA%B5%AC%20%EB%82%9C%EA%B3%A1%EB%A1%9C35%EA%B8%B8%2028-7%28%EC%8B%A0%EB%A6%BC%EB%8F%99%2C%20%EA%B1%B4%EC%98%81%EC%95%84%ED%8C%8C%ED%8A%B8%29
종로구	와룡동	창덕궁 뽕나무	서울특별시 종로구 율곡로 99(와룡동)	천연기념물	37.582604	126.991938	https://map.naver.com/p/search/%EC%B0%BD%EB%8D%95%EA%B6%81%20%EB%BD%95%EB%82%98%EB%AC%B4%20%EC%84%9C%EC%9A%B8%ED%8A%B9%EB%B3%84%EC%8B%9C%20%EC%A2%85%EB%A1%9C%EA%B5%AC%20%EC%9C%A8%EA%B3%A1%EB%A1%9C%2099%28%EC%99%80%EB%A3%A1%EB%8F%99%29
광진구	능동|군자동	전 왕비 당의	서울특별시 광진구 능동로 209(군자동)	국가민속유산	37.551471	127.073884	https://map.naver.com/p/search/%EC%A0%84%20%EC%99%95%EB%B9%84%20%EB%8B%B9%EC%9D%98%20%EC%84%9C%EC%9A%B8%ED%8A%B9%EB%B3%84%EC%8B%9C%20%EA%B4%91%EC%A7%84%EA%B5%AC%20%EB%8A%A5%EB%8F%99%EB%A1%9C%20209%28%EA%B5%B0%EC%9E%90%EB%8F%99%29
관악구	신림동	고려사	서울특별시 관악구 관악로 1 (신림동, 서울대학교)	보물	37.464007	126.952239	https://map.naver.com/p/search/%EA%B3%A0%EB%A0%A4%EC%82%AC%20%EC%84%9C%EC%9A%B8%ED%8A%B9%EB%B3%84%EC%8B%9C%20%EA%B4%80%EC%95%85%EA%B5%AC%20%EA%B4%80%EC%95%85%EB%A1%9C%201%20%28%EC%8B%A0%EB%A6%BC%EB%8F%99%2C%20%EC%84%9C%EC%9A%B8%EB%8C%80%ED%95%99%EA%B5%90%29
종로구	안국동	백자청화파초국화문호	서울특별시 종로구 율곡로3길 4(안국동)	유형문화유산	37.576648	126.983533	https://map.naver.com/p/search/%EB%B0%B1%EC%9E%90%EC%B2%AD%ED%99%94%ED%8C%8C%EC%B4%88%EA%B5%AD%ED%99%94%EB%AC%B8%ED%98%B8%20%EC%84%9C%EC%9A%B8%ED%8A%B9%EB%B3%84%EC%8B%9C%20%EC%A2%85%EB%A1%9C%EA%B5%AC%20%EC%9C%A8%EA%B3%A1%EB%A1%9C3%EA%B8%B8%204%28%EC%95%88%EA%B5%AD%EB%8F%99%29
서초구	반포동	송양휘산법	서울특별시 서초구 주흥6길 10(반포동)	유형문화유산	37.5052	127.020018	https://map.naver.com/p/search/%EC%86%A1%EC%96%91%ED%9C%98%EC%82%B0%EB%B2%95%20%EC%84%9C%EC%9A%B8%ED%8A%B9%EB%B3%84%EC%8B%9C%20%EC%84%9C%EC%B4%88%EA%B5%AC%20%EC%A3%BC%ED%9D%A56%EA%B8%B8%2010%28%EB%B0%98%ED%8F%AC%EB%8F%99%29
성북구	성북동	서울 성북동 별서	서울특별시 성북구 선잠로2길 47(성북동)	명승	37.596511	126.999394	https://map.naver.com/p/search/%EC%84%9C%EC%9A%B8%20%EC%84%B1%EB%B6%81%EB%8F%99%20%EB%B3%84%EC%84%9C%20%EC%84%9C%EC%9A%B8%ED%8A%B9%EB%B3%84%EC%8B%9C%20%EC%84%B1%EB%B6%81%EA%B5%AC%20%EC%84%A0%EC%9E%A0%EB%A1%9C2%EA%B8%B8%2047%28%EC%84%B1%EB%B6%81%EB%8F%99%29
종로구	안국동	이택균필 <책가도 병풍>	서울특별시 종로구 율곡로3길 4(안국동)	유형문화유산	37.576627	126.983383	https://map.naver.com/p/search/%EC%9D%B4%ED%83%9D%EA%B7%A0%ED%95%84%20%3C%EC%B1%85%EA%B0%80%EB%8F%84%20%EB%B3%91%ED%92%8D%3E%20%EC%84%9C%EC%9A%B8%ED%8A%B9%EB%B3%84%EC%8B%9C%20%EC%A2%85%EB%A1%9C%EA%B5%AC%20%EC%9C%A8%EA%B3%A1%EB%A1%9C3%EA%B8%B8%204%28%EC%95%88%EA%B5%AD%EB%8F%99%29
성동구	성동|옥수동	옥수동 미타사 극락전과 독성전	서울특별시 성동구 독서당로40길 21 (옥수동)	유형문화유산	37.543817	127.017765	https://map.naver.com/p/search/%EC%98%A5%EC%88%98%EB%8F%99%20%EB%AF%B8%ED%83%80%EC%82%AC%20%EA%B7%B9%EB%9D%BD%EC%A0%84%EA%B3%BC%20%EB%8F%85%EC%84%B1%EC%A0%84%20%EC%84%9C%EC%9A%B8%ED%8A%B9%EB%B3%84%EC%8B%9C%20%EC%84%B1%EB%8F%99%EA%B5%AC%20%EB%8F%85%EC%84%9C%EB%8B%B9%EB%A1%9C40%EA%B8%B8%2021%20%28%EC%98%A5%EC%88%98%EB%8F%99%29
종로구		의정부지	서울특별시 종로구 종로1길 45(세종로)	사적	37.574654	126.978324	https://map.naver.com/p/search/%EC%9D%98%EC%A0%95%EB%B6%80%EC%A7%80%20%EC%84%9C%EC%9A%B8%ED%8A%B9%EB%B3%84%EC%8B%9C%20%EC%A2%85%EB%A1%9C%EA%B5%AC%20%EC%A2%85%EB%A1%9C1%EA%B8%B8%2045%28%EC%84%B8%EC%A2%85%EB%A1%9C%29
서대문구	신촌동	독립신문(獨立新聞) 상해판	서울특별시 서대문구 연세로 50(신촌동)	국가등록유산	37.567113	126.939029	https://map.naver.com/p/search/%EB%8F%85%EB%A6%BD%EC%8B%A0%EB%AC%B8%28%E7%8D%A8%E7%AB%8B%E6%96%B0%E8%81%9E%29%20%EC%83%81%ED%95%B4%ED%8C%90%20%EC%84%9C%EC%9A%B8%ED%8A%B9%EB%B3%84%EC%8B%9C%20%EC%84%9C%EB%8C%80%EB%AC%B8%EA%B5%AC%20%EC%97%B0%EC%84%B8%EB%A1%9C%2050%28%EC%8B%A0%EC%B4%8C%EB%8F%99%29
동작구	신대방동	소방 헬기 까치2호	서울특별시 동작구 여의대방로20길 33(신대방동) 보라매안전체험관	국가등록유산	37.494896	126.919452	https://map.naver.com/p/search/%EC%86%8C%EB%B0%A9%20%ED%97%AC%EA%B8%B0%20%EA%B9%8C%EC%B9%982%ED%98%B8%20%EC%84%9C%EC%9A%B8%ED%8A%B9%EB%B3%84%EC%8B%9C%20%EB%8F%99%EC%9E%91%EA%B5%AC%20%EC%97%AC%EC%9D%98%EB%8C%80%EB%B0%A9%EB%A1%9C20%EA%B8%B8%2033%28%EC%8B%A0%EB%8C%80%EB%B0%A9%EB%8F%99%29%20%EB%B3%B4%EB%9D%BC%EB%A7%A4%EC%95%88%EC%A0%84%EC%B2%B4%ED%97%98%EA%B4%80
서대문구	신촌동	서울 연세대학교 언더우드 가옥	서울특별시 서대문구 연세로 50 (신촌동, 연세대학교)	국가등록유산	37.567113	126.939029	https://map.naver.com/p/search/%EC%84%9C%EC%9A%B8%20%EC%97%B0%EC%84%B8%EB%8C%80%ED%95%99%EA%B5%90%20%EC%96%B8%EB%8D%94%EC%9A%B0%EB%93%9C%20%EA%B0%80%EC%98%A5%20%EC%84%9C%EC%9A%B8%ED%8A%B9%EB%B3%84%EC%8B%9C%20%EC%84%9C%EB%8C%80%EB%AC%B8%EA%B5%AC%20%EC%97%B0%EC%84%B8%EB%A1%9C%2050%20%28%EC%8B%A0%EC%B4%8C%EB%8F%99%2C%20%EC%97%B0%EC%84%B8%EB%8C%80%ED%95%99%EA%B5%90%29
관악구	신림동	고려사	서울특별시 관악구 관악로 1 (신림동, 서울대학교) 규장각한국학연구원	보물	37.464007	126.952239	https://map.naver.com/p/search/%EA%B3%A0%EB%A0%A4%EC%82%AC%20%EC%84%9C%EC%9A%B8%ED%8A%B9%EB%B3%84%EC%8B%9C%20%EA%B4%80%EC%95%85%EA%B5%AC%20%EA%B4%80%EC%95%85%EB%A1%9C%201%20%28%EC%8B%A0%EB%A6%BC%EB%8F%99%2C%20%EC%84%9C%EC%9A%B8%EB%8C%80%ED%95%99%EA%B5%90%29%20%EA%B7%9C%EC%9E%A5%EA%B0%81%ED%95%9C%EA%B5%AD%ED%95%99%EC%97%B0%EA%B5%AC%EC%9B%90
용산구	용산동6가	허목 초상	서울특별시 용산구 서빙고로 137(용산동6가)	보물	37.524087	126.980388	https://map.naver.com/p/search/%ED%97%88%EB%AA%A9%20%EC%B4%88%EC%83%81%20%EC%84%9C%EC%9A%B8%ED%8A%B9%EB%B3%84%EC%8B%9C%20%EC%9A%A9%EC%82%B0%EA%B5%AC%20%EC%84%9C%EB%B9%99%EA%B3%A0%EB%A1%9C%20137%28%EC%9A%A9%EC%82%B0%EB%8F%996%EA%B0%80%29
서대문구	신촌동	고려사	서울특별시 서대문구 연세로 50 (신촌동, 연세대학교) 학술정보원	보물	37.567113	126.939029	https://map.naver.com/p/search/%EA%B3%A0%EB%A0%A4%EC%82%AC%20%EC%84%9C%EC%9A%B8%ED%8A%B9%EB%B3%84%EC%8B%9C%20%EC%84%9C%EB%8C%80%EB%AC%B8%EA%B5%AC%20%EC%97%B0%EC%84%B8%EB%A1%9C%2050%20%28%EC%8B%A0%EC%B4%8C%EB%8F%99%2C%20%EC%97%B0%EC%84%B8%EB%8C%80%ED%95%99%EA%B5%90%29%20%ED%95%99%EC%88%A0%EC%A0%95%EB%B3%B4%EC%9B%90
동대문구	청량리동	대방광원각수다라요의경(언해) 권상1의 2	서울특별시 동대문구 회기로 56 (청량리동, 세종대왕기념관)	보물	37.591001	127.042714	https://map.naver.com/p/search/%EB%8C%80%EB%B0%A9%EA%B4%91%EC%9B%90%EA%B0%81%EC%88%98%EB%8B%A4%EB%9D%BC%EC%9A%94%EC%9D%98%EA%B2%BD%28%EC%96%B8%ED%95%B4%29%20%EA%B6%8C%EC%83%811%EC%9D%98%202%20%EC%84%9C%EC%9A%B8%ED%8A%B9%EB%B3%84%EC%8B%9C%20%EB%8F%99%EB%8C%80%EB%AC%B8%EA%B5%AC%20%ED%9A%8C%EA%B8%B0%EB%A1%9C%2056%20%28%EC%B2%AD%EB%9F%89%EB%A6%AC%EB%8F%99%2C%20%EC%84%B8%EC%A2%85%EB%8C%80%EC%99%95%EA%B8%B0%EB%85%90%EA%B4%80%29
동대문구	청량리동	용비어천가	서울특별시 동대문구 회기로 56(청량리동)	유형문화유산	37.591001	127.042714	https://map.naver.com/p/search/%EC%9A%A9%EB%B9%84%EC%96%B4%EC%B2%9C%EA%B0%80%20%EC%84%9C%EC%9A%B8%ED%8A%B9%EB%B3%84%EC%8B%9C%20%EB%8F%99%EB%8C%80%EB%AC%B8%EA%B5%AC%20%ED%9A%8C%EA%B8%B0%EB%A1%9C%2056%28%EC%B2%AD%EB%9F%89%EB%A6%AC%EB%8F%99%29
강북구	수유동	법집별행록절요병입사기	서울특별시 강북구 4.19로28길 101(수유동)	유형문화유산	37.643596	126.996719	https://map.naver.com/p/search/%EB%B2%95%EC%A7%91%EB%B3%84%ED%96%89%EB%A1%9D%EC%A0%88%EC%9A%94%EB%B3%91%EC%9E%85%EC%82%AC%EA%B8%B0%20%EC%84%9C%EC%9A%B8%ED%8A%B9%EB%B3%84%EC%8B%9C%20%EA%B0%95%EB%B6%81%EA%B5%AC%204.19%EB%A1%9C28%EA%B8%B8%20101%28%EC%88%98%EC%9C%A0%EB%8F%99%29
중랑구	묵동	육경합부	서울특별시 중랑구 숙선옹주로 69(묵동)	유형문화유산	37.616438	127.08263	https://map.naver.com/p/search/%EC%9C%A1%EA%B2%BD%ED%95%A9%EB%B6%80%20%EC%84%9C%EC%9A%B8%ED%8A%B9%EB%B3%84%EC%8B%9C%20%EC%A4%91%EB%9E%91%EA%B5%AC%20%EC%88%99%EC%84%A0%EC%98%B9%EC%A3%BC%EB%A1%9C%2069%28%EB%AC%B5%EB%8F%99%29
서대문구	봉원동	봉원사 칠성각	서울특별시 서대문구 봉원사길 120(봉원동)	문화유산자료	37.572346	126.946982	https://map.naver.com/p/search/%EB%B4%89%EC%9B%90%EC%82%AC%20%EC%B9%A0%EC%84%B1%EA%B0%81%20%EC%84%9C%EC%9A%B8%ED%8A%B9%EB%B3%84%EC%8B%9C%20%EC%84%9C%EB%8C%80%EB%AC%B8%EA%B5%AC%20%EB%B4%89%EC%9B%90%EC%82%AC%EA%B8%B8%20120%28%EB%B4%89%EC%9B%90%EB%8F%99%29
서대문구	봉원동	봉원사 대방 석조여래좌상	서울특별시 서대문구 봉원사길 120(봉원동)	문화유산자료	37.572346	126.946982	https://map.naver.com/p/search/%EB%B4%89%EC%9B%90%EC%82%AC%20%EB%8C%80%EB%B0%A9%20%EC%84%9D%EC%A1%B0%EC%97%AC%EB%9E%98%EC%A2%8C%EC%83%81%20%EC%84%9C%EC%9A%B8%ED%8A%B9%EB%B3%84%EC%8B%9C%20%EC%84%9C%EB%8C%80%EB%AC%B8%EA%B5%AC%20%EB%B4%89%EC%9B%90%EC%82%AC%EA%B8%B8%20120%28%EB%B4%89%EC%9B%90%EB%8F%99%29
동대문구	회기동	연화사 목각석가여래설법상	서울특별시 동대문구 경희대로3길 56(회기동)	유형문화유산	37.594382	127.050703	https://map.naver.com/p/search/%EC%97%B0%ED%99%94%EC%82%AC%20%EB%AA%A9%EA%B0%81%EC%84%9D%EA%B0%80%EC%97%AC%EB%9E%98%EC%84%A4%EB%B2%95%EC%83%81%20%EC%84%9C%EC%9A%B8%ED%8A%B9%EB%B3%84%EC%8B%9C%20%EB%8F%99%EB%8C%80%EB%AC%B8%EA%B5%AC%20%EA%B2%BD%ED%9D%AC%EB%8C%80%EB%A1%9C3%EA%B8%B8%2056%28%ED%9A%8C%EA%B8%B0%EB%8F%99%29
서대문구	봉원동	봉원사 약사불회도	서울특별시 서대문구 봉원사길 120(봉원동)	유형문화유산	37.572346	126.946982	https://map.naver.com/p/search/%EB%B4%89%EC%9B%90%EC%82%AC%20%EC%95%BD%EC%82%AC%EB%B6%88%ED%9A%8C%EB%8F%84%20%EC%84%9C%EC%9A%B8%ED%8A%B9%EB%B3%84%EC%8B%9C%20%EC%84%9C%EB%8C%80%EB%AC%B8%EA%B5%AC%20%EB%B4%89%EC%9B%90%EC%82%AC%EA%B8%B8%20120%28%EB%B4%89%EC%9B%90%EB%8F%99%29
서대문구	봉원동	봉원사 산신도	서울특별시 서대문구 봉원사길 120(봉원동)	유형문화유산	37.572346	126.946982	https://map.naver.com/p/search/%EB%B4%89%EC%9B%90%EC%82%AC%20%EC%82%B0%EC%8B%A0%EB%8F%84%20%EC%84%9C%EC%9A%B8%ED%8A%B9%EB%B3%84%EC%8B%9C%20%EC%84%9C%EB%8C%80%EB%AC%B8%EA%B5%AC%20%EB%B4%89%EC%9B%90%EC%82%AC%EA%B8%B8%20120%28%EB%B4%89%EC%9B%90%EB%8F%99%29
강북구	수유동	송계별업 터	서울특별시 강북구 삼각산로 5(수유동)	문화유산자료	37.637268	126.997015	https://map.naver.com/p/search/%EC%86%A1%EA%B3%84%EB%B3%84%EC%97%85%20%ED%84%B0%20%EC%84%9C%EC%9A%B8%ED%8A%B9%EB%B3%84%EC%8B%9C%20%EA%B0%95%EB%B6%81%EA%B5%AC%20%EC%82%BC%EA%B0%81%EC%82%B0%EB%A1%9C%205%28%EC%88%98%EC%9C%A0%EB%8F%99%29
동작구	송월동	공주 충청감영 측우기	서울특별시 종로구 송월길 52 (송월동) 국립기상박물관	국보	37.5713736	126.9659039	https://map.naver.com/p/search/%EA%B3%B5%EC%A3%BC%20%EC%B6%A9%EC%B2%AD%EA%B0%90%EC%98%81%20%EC%B8%A1%EC%9A%B0%EA%B8%B0%20%EC%84%9C%EC%9A%B8%ED%8A%B9%EB%B3%84%EC%8B%9C%20%EC%A2%85%EB%A1%9C%EA%B5%AC%20%EC%86%A1%EC%9B%94%EA%B8%B8%2052%20%28%EC%86%A1%EC%9B%94%EB%8F%99%29%20%EA%B5%AD%EB%A6%BD%EA%B8%B0%EC%83%81%EB%B0%95%EB%AC%BC%EA%B4%80
중구	필동|필동3가	불교	서울특별시 중구 필동로1길 30(필동3가) 동국대학교	국가등록유산	37.558258	127.000187	https://map.naver.com/p/search/%EB%B6%88%EA%B5%90%20%EC%84%9C%EC%9A%B8%ED%8A%B9%EB%B3%84%EC%8B%9C%20%EC%A4%91%EA%B5%AC%20%ED%95%84%EB%8F%99%EB%A1%9C1%EA%B8%B8%2030%28%ED%95%84%EB%8F%993%EA%B0%80%29%20%EB%8F%99%EA%B5%AD%EB%8C%80%ED%95%99%EA%B5%90
종로구	화동	서울 구 경기고등학교	서울특별시 종로구 북촌로5길 48(화동)	국가등록유산	37.58104	126.982952	https://map.naver.com/p/search/%EC%84%9C%EC%9A%B8%20%EA%B5%AC%20%EA%B2%BD%EA%B8%B0%EA%B3%A0%EB%93%B1%ED%95%99%EA%B5%90%20%EC%84%9C%EC%9A%B8%ED%8A%B9%EB%B3%84%EC%8B%9C%20%EC%A2%85%EB%A1%9C%EA%B5%AC%20%EB%B6%81%EC%B4%8C%EB%A1%9C5%EA%B8%B8%2048%28%ED%99%94%EB%8F%99%29
종로구	신문로1가	조선말 큰사전 원고	서울특별시 종로구 새문안로3길 7(신문로1가)	국가등록유산	37.570933	126.97233	https://map.naver.com/p/search/%EC%A1%B0%EC%84%A0%EB%A7%90%20%ED%81%B0%EC%82%AC%EC%A0%84%20%EC%9B%90%EA%B3%A0%20%EC%84%9C%EC%9A%B8%ED%8A%B9%EB%B3%84%EC%8B%9C%20%EC%A2%85%EB%A1%9C%EA%B5%AC%20%EC%83%88%EB%AC%B8%EC%95%88%EB%A1%9C3%EA%B8%B8%207%28%EC%8B%A0%EB%AC%B8%EB%A1%9C1%EA%B0%80%29
서대문구	봉원동	봉원사 목조지장보살삼존상 및 시왕상 일괄	서울특별시 서대문구 봉원사길 120(봉원동)	유형문화유산	37.572346	126.946982	https://map.naver.com/p/search/%EB%B4%89%EC%9B%90%EC%82%AC%20%EB%AA%A9%EC%A1%B0%EC%A7%80%EC%9E%A5%EB%B3%B4%EC%82%B4%EC%82%BC%EC%A1%B4%EC%83%81%20%EB%B0%8F%20%EC%8B%9C%EC%99%95%EC%83%81%20%EC%9D%BC%EA%B4%84%20%EC%84%9C%EC%9A%B8%ED%8A%B9%EB%B3%84%EC%8B%9C%20%EC%84%9C%EB%8C%80%EB%AC%B8%EA%B5%AC%20%EB%B4%89%EC%9B%90%EC%82%AC%EA%B8%B8%20120%28%EB%B4%89%EC%9B%90%EB%8F%99%29
서대문구	봉원동	불설대보부모은중경	서울특별시 서대문구 봉원사길 120(봉원동)	유형문화유산	37.572346	126.946982	https://map.naver.com/p/search/%EB%B6%88%EC%84%A4%EB%8C%80%EB%B3%B4%EB%B6%80%EB%AA%A8%EC%9D%80%EC%A4%91%EA%B2%BD%20%EC%84%9C%EC%9A%B8%ED%8A%B9%EB%B3%84%EC%8B%9C%20%EC%84%9C%EB%8C%80%EB%AC%B8%EA%B5%AC%20%EB%B4%89%EC%9B%90%EC%82%AC%EA%B8%B8%20120%28%EB%B4%89%EC%9B%90%EB%8F%99%29
중랑구	묵동	숙선옹주(선빈)안씨 묘	서울특별시 중랑구 묵동 산37-13	기념물	37.614142	127.082109	https://map.naver.com/p/search/%EC%88%99%EC%84%A0%EC%98%B9%EC%A3%BC%28%EC%84%A0%EB%B9%88%29%EC%95%88%EC%94%A8%20%EB%AC%98%20%EC%84%9C%EC%9A%B8%ED%8A%B9%EB%B3%84%EC%8B%9C%20%EC%A4%91%EB%9E%91%EA%B5%AC%20%EB%AC%B5%EB%8F%99%20%EC%82%B037-13
노원구	공릉동	보병 부령 상복	서울특별시 노원구 화랑로 574 (공릉동, 육군박물관)	국가등록유산	37.627244	127.103326	https://map.naver.com/p/search/%EB%B3%B4%EB%B3%91%20%EB%B6%80%EB%A0%B9%20%EC%83%81%EB%B3%B5%20%EC%84%9C%EC%9A%B8%ED%8A%B9%EB%B3%84%EC%8B%9C%20%EB%85%B8%EC%9B%90%EA%B5%AC%20%ED%99%94%EB%9E%91%EB%A1%9C%20574%20%28%EA%B3%B5%EB%A6%89%EB%8F%99%2C%20%EC%9C%A1%EA%B5%B0%EB%B0%95%EB%AC%BC%EA%B4%80%29
종로구	창의문로5가|부암동	만해 한용운 심우송 병풍	서울특별시 종로구 창의문로5가길 23-2(부암동)	문화유산자료	37.59023	126.961621	https://map.naver.com/p/search/%EB%A7%8C%ED%95%B4%20%ED%95%9C%EC%9A%A9%EC%9A%B4%20%EC%8B%AC%EC%9A%B0%EC%86%A1%20%EB%B3%91%ED%92%8D%20%EC%84%9C%EC%9A%B8%ED%8A%B9%EB%B3%84%EC%8B%9C%20%EC%A2%85%EB%A1%9C%EA%B5%AC%20%EC%B0%BD%EC%9D%98%EB%AC%B8%EB%A1%9C5%EA%B0%80%EA%B8%B8%2023-2%28%EB%B6%80%EC%95%94%EB%8F%99%29
성북구	돈암동	흥천사 약사여래좌상 및 복장유물	서울특별시 성북구 흥천사길 29(돈암동)	문화유산자료	37.597961	127.008131	https://map.naver.com/p/search/%ED%9D%A5%EC%B2%9C%EC%82%AC%20%EC%95%BD%EC%82%AC%EC%97%AC%EB%9E%98%EC%A2%8C%EC%83%81%20%EB%B0%8F%20%EB%B3%B5%EC%9E%A5%EC%9C%A0%EB%AC%BC%20%EC%84%9C%EC%9A%B8%ED%8A%B9%EB%B3%84%EC%8B%9C%20%EC%84%B1%EB%B6%81%EA%B5%AC%20%ED%9D%A5%EC%B2%9C%EC%82%AC%EA%B8%B8%2029%28%EB%8F%88%EC%95%94%EB%8F%99%29
서대문구	연희동	봉원사 치성광여래도	서울특별시 서대문구 연희로 248(연희동)	문화유산자료	37.579225	126.9368	https://map.naver.com/p/search/%EB%B4%89%EC%9B%90%EC%82%AC%20%EC%B9%98%EC%84%B1%EA%B4%91%EC%97%AC%EB%9E%98%EB%8F%84%20%EC%84%9C%EC%9A%B8%ED%8A%B9%EB%B3%84%EC%8B%9C%20%EC%84%9C%EB%8C%80%EB%AC%B8%EA%B5%AC%20%EC%97%B0%ED%9D%AC%EB%A1%9C%20248%28%EC%97%B0%ED%9D%AC%EB%8F%99%29
서대문구	연대동|신촌동	봉원사 시왕도 및 사자?장군도	서울특별시 서대문구 연대동문1길 50(신촌동)	유형문화유산	37.572	126.947822	https://map.naver.com/p/search/%EB%B4%89%EC%9B%90%EC%82%AC%20%EC%8B%9C%EC%99%95%EB%8F%84%20%EB%B0%8F%20%EC%82%AC%EC%9E%90%3F%EC%9E%A5%EA%B5%B0%EB%8F%84%20%EC%84%9C%EC%9A%B8%ED%8A%B9%EB%B3%84%EC%8B%9C%20%EC%84%9C%EB%8C%80%EB%AC%B8%EA%B5%AC%20%EC%97%B0%EB%8C%80%EB%8F%99%EB%AC%B81%EA%B8%B8%2050%28%EC%8B%A0%EC%B4%8C%EB%8F%99%29
노원구	공릉동	보병 부위 예복	서울특별시 노원구 화랑로 574 (공릉동, 육군박물관)	국가등록유산	37.627244	127.103326	https://map.naver.com/p/search/%EB%B3%B4%EB%B3%91%20%EB%B6%80%EC%9C%84%20%EC%98%88%EB%B3%B5%20%EC%84%9C%EC%9A%B8%ED%8A%B9%EB%B3%84%EC%8B%9C%20%EB%85%B8%EC%9B%90%EA%B5%AC%20%ED%99%94%EB%9E%91%EB%A1%9C%20574%20%28%EA%B3%B5%EB%A6%89%EB%8F%99%2C%20%EC%9C%A1%EA%B5%B0%EB%B0%95%EB%AC%BC%EA%B4%80%29
노원구	공릉동	보병 부위 예복 및 상복(황석)	서울특별시 노원구 화랑로 574 (공릉동, 육군박물관)	국가등록유산	37.627244	127.103326	https://map.naver.com/p/search/%EB%B3%B4%EB%B3%91%20%EB%B6%80%EC%9C%84%20%EC%98%88%EB%B3%B5%20%EB%B0%8F%20%EC%83%81%EB%B3%B5%28%ED%99%A9%EC%84%9D%29%20%EC%84%9C%EC%9A%B8%ED%8A%B9%EB%B3%84%EC%8B%9C%20%EB%85%B8%EC%9B%90%EA%B5%AC%20%ED%99%94%EB%9E%91%EB%A1%9C%20574%20%28%EA%B3%B5%EB%A6%89%EB%8F%99%2C%20%EC%9C%A1%EA%B5%B0%EB%B0%95%EB%AC%BC%EA%B4%80%29
서대문구	신촌동	연세대학교 4월혁명연구반 4?19 혁명 계엄 포고문	서울특별시 서대문구 연세로 50(신촌동) 연세대학교 박물관	국가등록유산	37.567113	126.939029	https://map.naver.com/p/search/%EC%97%B0%EC%84%B8%EB%8C%80%ED%95%99%EA%B5%90%204%EC%9B%94%ED%98%81%EB%AA%85%EC%97%B0%EA%B5%AC%EB%B0%98%204%3F19%20%ED%98%81%EB%AA%85%20%EA%B3%84%EC%97%84%20%ED%8F%AC%EA%B3%A0%EB%AC%B8%20%EC%84%9C%EC%9A%B8%ED%8A%B9%EB%B3%84%EC%8B%9C%20%EC%84%9C%EB%8C%80%EB%AC%B8%EA%B5%AC%20%EC%97%B0%EC%84%B8%EB%A1%9C%2050%28%EC%8B%A0%EC%B4%8C%EB%8F%99%29%20%EC%97%B0%EC%84%B8%EB%8C%80%ED%95%99%EA%B5%90%20%EB%B0%95%EB%AC%BC%EA%B4%80
종로구	신문로2가	이긍연 을미의병 일기	서울특별시 종로구 새문안로 55(신문로2가) 서울역사박물관	국가등록유산	37.570143	126.970438	https://map.naver.com/p/search/%EC%9D%B4%EA%B8%8D%EC%97%B0%20%EC%9D%84%EB%AF%B8%EC%9D%98%EB%B3%91%20%EC%9D%BC%EA%B8%B0%20%EC%84%9C%EC%9A%B8%ED%8A%B9%EB%B3%84%EC%8B%9C%20%EC%A2%85%EB%A1%9C%EA%B5%AC%20%EC%83%88%EB%AC%B8%EC%95%88%EB%A1%9C%2055%28%EC%8B%A0%EB%AC%B8%EB%A1%9C2%EA%B0%80%29%20%EC%84%9C%EC%9A%B8%EC%97%AD%EC%82%AC%EB%B0%95%EB%AC%BC%EA%B4%80
중구	필동|필동3가	대각교의식(大覺敎儀式)	서울특별시 중구 필동로1길 30 (필동3가, 동국대학교 중앙도서관)	국가등록유산	37.558258	127.000187	https://map.naver.com/p/search/%EB%8C%80%EA%B0%81%EA%B5%90%EC%9D%98%EC%8B%9D%28%E5%A4%A7%E8%A6%BA%E6%95%8E%E5%84%80%E5%BC%8F%29%20%EC%84%9C%EC%9A%B8%ED%8A%B9%EB%B3%84%EC%8B%9C%20%EC%A4%91%EA%B5%AC%20%ED%95%84%EB%8F%99%EB%A1%9C1%EA%B8%B8%2030%20%28%ED%95%84%EB%8F%993%EA%B0%80%2C%20%EB%8F%99%EA%B5%AD%EB%8C%80%ED%95%99%EA%B5%90%20%EC%A4%91%EC%95%99%EB%8F%84%EC%84%9C%EA%B4%80%29
송파구	방이동	서윤복 제51회 보스턴 마라톤 대회 우승메달	서울특별시 송파구 올림픽로 424(방이동) 서울올림픽기념관	국가등록유산	37.520934	127.122959	https://map.naver.com/p/search/%EC%84%9C%EC%9C%A4%EB%B3%B5%20%EC%A0%9C51%ED%9A%8C%20%EB%B3%B4%EC%8A%A4%ED%84%B4%20%EB%A7%88%EB%9D%BC%ED%86%A4%20%EB%8C%80%ED%9A%8C%20%EC%9A%B0%EC%8A%B9%EB%A9%94%EB%8B%AC%20%EC%84%9C%EC%9A%B8%ED%8A%B9%EB%B3%84%EC%8B%9C%20%EC%86%A1%ED%8C%8C%EA%B5%AC%20%EC%98%AC%EB%A6%BC%ED%94%BD%EB%A1%9C%20424%28%EB%B0%A9%EC%9D%B4%EB%8F%99%29%20%EC%84%9C%EC%9A%B8%EC%98%AC%EB%A6%BC%ED%94%BD%EA%B8%B0%EB%85%90%EA%B4%80
서대문구	봉원동	수륙무차평등재의촬요	서울특별시 서대문구 봉원사길 120(봉원동)	유형문화유산	37.572346	126.946982	https://map.naver.com/p/search/%EC%88%98%EB%A5%99%EB%AC%B4%EC%B0%A8%ED%8F%89%EB%93%B1%EC%9E%AC%EC%9D%98%EC%B4%AC%EC%9A%94%20%EC%84%9C%EC%9A%B8%ED%8A%B9%EB%B3%84%EC%8B%9C%20%EC%84%9C%EB%8C%80%EB%AC%B8%EA%B5%AC%20%EB%B4%89%EC%9B%90%EC%82%AC%EA%B8%B8%20120%28%EB%B4%89%EC%9B%90%EB%8F%99%29
송파구	방이동	서울 영국사지 출토 의식공양구 일괄	서울특별시 송파구 위례성대로 71(방이동)	보물	37.515567	127.120766	https://map.naver.com/p/search/%EC%84%9C%EC%9A%B8%20%EC%98%81%EA%B5%AD%EC%82%AC%EC%A7%80%20%EC%B6%9C%ED%86%A0%20%EC%9D%98%EC%8B%9D%EA%B3%B5%EC%96%91%EA%B5%AC%20%EC%9D%BC%EA%B4%84%20%EC%84%9C%EC%9A%B8%ED%8A%B9%EB%B3%84%EC%8B%9C%20%EC%86%A1%ED%8C%8C%EA%B5%AC%20%EC%9C%84%EB%A1%80%EC%84%B1%EB%8C%80%EB%A1%9C%2071%28%EB%B0%A9%EC%9D%B4%EB%8F%99%29
종로구	옥인동	인왕산 수성동 계곡	서울특별시 종로구 옥인동 179-1	자연유산	37.583008	126.963776	https://map.naver.com/p/search/%EC%9D%B8%EC%99%95%EC%82%B0%20%EC%88%98%EC%84%B1%EB%8F%99%20%EA%B3%84%EA%B3%A1%20%EC%84%9C%EC%9A%B8%ED%8A%B9%EB%B3%84%EC%8B%9C%20%EC%A2%85%EB%A1%9C%EA%B5%AC%20%EC%98%A5%EC%9D%B8%EB%8F%99%20179-1
종로구	삼청동	삼청동문	서울특별시 종로구 삼청동 63-1	문화유산자료	37.583756	126.982225	https://map.naver.com/p/search/%EC%82%BC%EC%B2%AD%EB%8F%99%EB%AC%B8%20%EC%84%9C%EC%9A%B8%ED%8A%B9%EB%B3%84%EC%8B%9C%20%EC%A2%85%EB%A1%9C%EA%B5%AC%20%EC%82%BC%EC%B2%AD%EB%8F%99%2063-1
성북구	안암동5가	개운사 괘불도와 괘불함	서울특별시 성북구 개운사길 73(안암동5가)	유형문화유산	37.590038	127.02828	https://map.naver.com/p/search/%EA%B0%9C%EC%9A%B4%EC%82%AC%20%EA%B4%98%EB%B6%88%EB%8F%84%EC%99%80%20%EA%B4%98%EB%B6%88%ED%95%A8%20%EC%84%9C%EC%9A%B8%ED%8A%B9%EB%B3%84%EC%8B%9C%20%EC%84%B1%EB%B6%81%EA%B5%AC%20%EA%B0%9C%EC%9A%B4%EC%82%AC%EA%B8%B8%2073%28%EC%95%88%EC%95%94%EB%8F%995%EA%B0%80%29
종로구	원서동	원서동백홍범가옥	서울특별시 종로구 창덕궁5길 22-8 (원서동) 9-9, 9-14, 9-29	민속문화유산	37.58361	126.988411	https://map.naver.com/p/search/%EC%9B%90%EC%84%9C%EB%8F%99%EB%B0%B1%ED%99%8D%EB%B2%94%EA%B0%80%EC%98%A5%20%EC%84%9C%EC%9A%B8%ED%8A%B9%EB%B3%84%EC%8B%9C%20%EC%A2%85%EB%A1%9C%EA%B5%AC%20%EC%B0%BD%EB%8D%95%EA%B6%815%EA%B8%B8%2022-8%20%28%EC%9B%90%EC%84%9C%EB%8F%99%29%209-9%2C%209-14%2C%209-29
종로구	인사동|경운동	경운동 가옥	서울특별시 종로구 인사동10길 23-9(경운동)	민속문화유산	37.574707	126.985944	https://map.naver.com/p/search/%EA%B2%BD%EC%9A%B4%EB%8F%99%20%EA%B0%80%EC%98%A5%20%EC%84%9C%EC%9A%B8%ED%8A%B9%EB%B3%84%EC%8B%9C%20%EC%A2%85%EB%A1%9C%EA%B5%AC%20%EC%9D%B8%EC%82%AC%EB%8F%9910%EA%B8%B8%2023-9%28%EA%B2%BD%EC%9A%B4%EB%8F%99%29
종로구	필운동	필운동 홍건익 가옥	서울특별시 종로구 필운대로1길 14-4(필운동)	민속문화유산	37.577975	126.968868	https://map.naver.com/p/search/%ED%95%84%EC%9A%B4%EB%8F%99%20%ED%99%8D%EA%B1%B4%EC%9D%B5%20%EA%B0%80%EC%98%A5%20%EC%84%9C%EC%9A%B8%ED%8A%B9%EB%B3%84%EC%8B%9C%20%EC%A2%85%EB%A1%9C%EA%B5%AC%20%ED%95%84%EC%9A%B4%EB%8C%80%EB%A1%9C1%EA%B8%B8%2014-4%28%ED%95%84%EC%9A%B4%EB%8F%99%29
종로구	평창동	평창동보현산신각	서울특별시 종로구 평창동 541-1	민속문화유산	37.61432	126.966103	https://map.naver.com/p/search/%ED%8F%89%EC%B0%BD%EB%8F%99%EB%B3%B4%ED%98%84%EC%82%B0%EC%8B%A0%EA%B0%81%20%EC%84%9C%EC%9A%B8%ED%8A%B9%EB%B3%84%EC%8B%9C%20%EC%A2%85%EB%A1%9C%EA%B5%AC%20%ED%8F%89%EC%B0%BD%EB%8F%99%20541-1
중구	필동|필동3가	상교정본자비도량참법 권4?6	서울특별시 중구 필동로1길 30(필동3가)	보물	37.558258	127.000187	https://map.naver.com/p/search/%EC%83%81%EA%B5%90%EC%A0%95%EB%B3%B8%EC%9E%90%EB%B9%84%EB%8F%84%EB%9F%89%EC%B0%B8%EB%B2%95%20%EA%B6%8C4%3F6%20%EC%84%9C%EC%9A%B8%ED%8A%B9%EB%B3%84%EC%8B%9C%20%EC%A4%91%EA%B5%AC%20%ED%95%84%EB%8F%99%EB%A1%9C1%EA%B8%B8%2030%28%ED%95%84%EB%8F%993%EA%B0%80%29
종로구	경운동	천도교 중앙대교당	서울특별시 종로구 삼일대로 457(경운동)	유형문화유산	37.575346	126.986185	https://map.naver.com/p/search/%EC%B2%9C%EB%8F%84%EA%B5%90%20%EC%A4%91%EC%95%99%EB%8C%80%EA%B5%90%EB%8B%B9%20%EC%84%9C%EC%9A%B8%ED%8A%B9%EB%B3%84%EC%8B%9C%20%EC%A2%85%EB%A1%9C%EA%B5%AC%20%EC%82%BC%EC%9D%BC%EB%8C%80%EB%A1%9C%20457%28%EA%B2%BD%EC%9A%B4%EB%8F%99%29
서대문구	봉원동	봉원사 지장시왕도	서울특별시 서대문구 봉원사길 120(봉원동)	문화유산자료	37.572346	126.946982	https://map.naver.com/p/search/%EB%B4%89%EC%9B%90%EC%82%AC%20%EC%A7%80%EC%9E%A5%EC%8B%9C%EC%99%95%EB%8F%84%20%EC%84%9C%EC%9A%B8%ED%8A%B9%EB%B3%84%EC%8B%9C%20%EC%84%9C%EB%8C%80%EB%AC%B8%EA%B5%AC%20%EB%B4%89%EC%9B%90%EC%82%AC%EA%B8%B8%20120%28%EB%B4%89%EC%9B%90%EB%8F%99%29
은평구	불광동	불설아미타경	서울특별시 은평구 진흥로 351-1(불광동)	유형문화유산	37.617486	126.947304	https://map.naver.com/p/search/%EB%B6%88%EC%84%A4%EC%95%84%EB%AF%B8%ED%83%80%EA%B2%BD%20%EC%84%9C%EC%9A%B8%ED%8A%B9%EB%B3%84%EC%8B%9C%20%EC%9D%80%ED%8F%89%EA%B5%AC%20%EC%A7%84%ED%9D%A5%EB%A1%9C%20351-1%28%EB%B6%88%EA%B4%91%EB%8F%99%29
종로구	안국동	청자상감운학문매병	서울특별시 종로구 율곡로3길 4(안국동)	유형문화유산	37.576627	126.983373	https://map.naver.com/p/search/%EC%B2%AD%EC%9E%90%EC%83%81%EA%B0%90%EC%9A%B4%ED%95%99%EB%AC%B8%EB%A7%A4%EB%B3%91%20%EC%84%9C%EC%9A%B8%ED%8A%B9%EB%B3%84%EC%8B%9C%20%EC%A2%85%EB%A1%9C%EA%B5%AC%20%EC%9C%A8%EA%B3%A1%EB%A1%9C3%EA%B8%B8%204%28%EC%95%88%EA%B5%AD%EB%8F%99%29
노원구		참장 예복	서울특별시 노원구 화랑로 574	국가등록유산	37.627244	127.103326	https://map.naver.com/p/search/%EC%B0%B8%EC%9E%A5%20%EC%98%88%EB%B3%B5%20%EC%84%9C%EC%9A%B8%ED%8A%B9%EB%B3%84%EC%8B%9C%20%EB%85%B8%EC%9B%90%EA%B5%AC%20%ED%99%94%EB%9E%91%EB%A1%9C%20574
노원구	공릉동	기병 정위 예복 및 상복	서울특별시 노원구 화랑로 574(공릉동) 육군박물관	국가등록유산	37.627244	127.103326	https://map.naver.com/p/search/%EA%B8%B0%EB%B3%91%20%EC%A0%95%EC%9C%84%20%EC%98%88%EB%B3%B5%20%EB%B0%8F%20%EC%83%81%EB%B3%B5%20%EC%84%9C%EC%9A%B8%ED%8A%B9%EB%B3%84%EC%8B%9C%20%EB%85%B8%EC%9B%90%EA%B5%AC%20%ED%99%94%EB%9E%91%EB%A1%9C%20574%28%EA%B3%B5%EB%A6%89%EB%8F%99%29%20%EC%9C%A1%EA%B5%B0%EB%B0%95%EB%AC%BC%EA%B4%80
노원구	공릉동	헌병 부위 예복 및 상복(홍철유)	서울특별시 노원구 화랑로 574(공릉동) 육군박물관	국가등록유산	37.627244	127.103326	https://map.naver.com/p/search/%ED%97%8C%EB%B3%91%20%EB%B6%80%EC%9C%84%20%EC%98%88%EB%B3%B5%20%EB%B0%8F%20%EC%83%81%EB%B3%B5%28%ED%99%8D%EC%B2%A0%EC%9C%A0%29%20%EC%84%9C%EC%9A%B8%ED%8A%B9%EB%B3%84%EC%8B%9C%20%EB%85%B8%EC%9B%90%EA%B5%AC%20%ED%99%94%EB%9E%91%EB%A1%9C%20574%28%EA%B3%B5%EB%A6%89%EB%8F%99%29%20%EC%9C%A1%EA%B5%B0%EB%B0%95%EB%AC%BC%EA%B4%80
종로구		근대기 제작 진전 봉안 어진	서울특별시 종로구 효자로 12(세종로) 국립고궁박물관	국가등록유산	37.576668	126.974922	https://map.naver.com/p/search/%EA%B7%BC%EB%8C%80%EA%B8%B0%20%EC%A0%9C%EC%9E%91%20%EC%A7%84%EC%A0%84%20%EB%B4%89%EC%95%88%20%EC%96%B4%EC%A7%84%20%EC%84%9C%EC%9A%B8%ED%8A%B9%EB%B3%84%EC%8B%9C%20%EC%A2%85%EB%A1%9C%EA%B5%AC%20%ED%9A%A8%EC%9E%90%EB%A1%9C%2012%28%EC%84%B8%EC%A2%85%EB%A1%9C%29%20%EA%B5%AD%EB%A6%BD%EA%B3%A0%EA%B6%81%EB%B0%95%EB%AC%BC%EA%B4%80
성북구	안암동5가	4?19 혁명 부상자 명단(고려대학교 4?18 학생 의거)	서울특별시 성북구 안암로 145(안암동5가, 고려대학교박물관)	국가등록유산	37.58991	127.031812	https://map.naver.com/p/search/4%3F19%20%ED%98%81%EB%AA%85%20%EB%B6%80%EC%83%81%EC%9E%90%20%EB%AA%85%EB%8B%A8%28%EA%B3%A0%EB%A0%A4%EB%8C%80%ED%95%99%EA%B5%90%204%3F18%20%ED%95%99%EC%83%9D%20%EC%9D%98%EA%B1%B0%29%20%EC%84%9C%EC%9A%B8%ED%8A%B9%EB%B3%84%EC%8B%9C%20%EC%84%B1%EB%B6%81%EA%B5%AC%20%EC%95%88%EC%95%94%EB%A1%9C%20145%28%EC%95%88%EC%95%94%EB%8F%995%EA%B0%80%2C%20%EA%B3%A0%EB%A0%A4%EB%8C%80%ED%95%99%EA%B5%90%EB%B0%95%EB%AC%BC%EA%B4%80%29
용산구	용산동6가	한글점자 「훈맹정음」 점자표 및 해설 원고	서울특별시 용산구 서빙고로 139(용산동6가) 국립한글박물관	국가등록유산	37.521182	126.980919	https://map.naver.com/p/search/%ED%95%9C%EA%B8%80%EC%A0%90%EC%9E%90%20%E3%80%8C%ED%9B%88%EB%A7%B9%EC%A0%95%EC%9D%8C%E3%80%8D%20%EC%A0%90%EC%9E%90%ED%91%9C%20%EB%B0%8F%20%ED%95%B4%EC%84%A4%20%EC%9B%90%EA%B3%A0%20%EC%84%9C%EC%9A%B8%ED%8A%B9%EB%B3%84%EC%8B%9C%20%EC%9A%A9%EC%82%B0%EA%B5%AC%20%EC%84%9C%EB%B9%99%EA%B3%A0%EB%A1%9C%20139%28%EC%9A%A9%EC%82%B0%EB%8F%996%EA%B0%80%29%20%EA%B5%AD%EB%A6%BD%ED%95%9C%EA%B8%80%EB%B0%95%EB%AC%BC%EA%B4%80
종로구	신교동	한국수어교재 수화	서울특별시 종로구 필운대로 103(신교동) 국립서울농학교	국가등록유산	37.584867	126.968684	https://map.naver.com/p/search/%ED%95%9C%EA%B5%AD%EC%88%98%EC%96%B4%EA%B5%90%EC%9E%AC%20%EC%88%98%ED%99%94%20%EC%84%9C%EC%9A%B8%ED%8A%B9%EB%B3%84%EC%8B%9C%20%EC%A2%85%EB%A1%9C%EA%B5%AC%20%ED%95%84%EC%9A%B4%EB%8C%80%EB%A1%9C%20103%28%EC%8B%A0%EA%B5%90%EB%8F%99%29%20%EA%B5%AD%EB%A6%BD%EC%84%9C%EC%9A%B8%EB%86%8D%ED%95%99%EA%B5%90
종로구		국새 대군주보	서울특별시 종로구 효자로 12(세종로)	보물	37.576668	126.974922	https://map.naver.com/p/search/%EA%B5%AD%EC%83%88%20%EB%8C%80%EA%B5%B0%EC%A3%BC%EB%B3%B4%20%EC%84%9C%EC%9A%B8%ED%8A%B9%EB%B3%84%EC%8B%9C%20%EC%A2%85%EB%A1%9C%EA%B5%AC%20%ED%9A%A8%EC%9E%90%EB%A1%9C%2012%28%EC%84%B8%EC%A2%85%EB%A1%9C%29
용산구	용산동6가	합천 옥전 M4호분 출토 금귀걸이	서울특별시 용산구 서빙고로 137(용산동6가)	보물	37.524087	126.980388	https://map.naver.com/p/search/%ED%95%A9%EC%B2%9C%20%EC%98%A5%EC%A0%84%20M4%ED%98%B8%EB%B6%84%20%EC%B6%9C%ED%86%A0%20%EA%B8%88%EA%B7%80%EA%B1%B8%EC%9D%B4%20%EC%84%9C%EC%9A%B8%ED%8A%B9%EB%B3%84%EC%8B%9C%20%EC%9A%A9%EC%82%B0%EA%B5%AC%20%EC%84%9C%EB%B9%99%EA%B3%A0%EB%A1%9C%20137%28%EC%9A%A9%EC%82%B0%EB%8F%996%EA%B0%80%29
서대문구	남가좌동	경진년 연행도첩	서울특별시 서대문구 거북골로 34 (남가좌동, 명지대학교) 명지-LG한국학자료관	보물	37.580597	126.923026	https://map.naver.com/p/search/%EA%B2%BD%EC%A7%84%EB%85%84%20%EC%97%B0%ED%96%89%EB%8F%84%EC%B2%A9%20%EC%84%9C%EC%9A%B8%ED%8A%B9%EB%B3%84%EC%8B%9C%20%EC%84%9C%EB%8C%80%EB%AC%B8%EA%B5%AC%20%EA%B1%B0%EB%B6%81%EA%B3%A8%EB%A1%9C%2034%20%28%EB%82%A8%EA%B0%80%EC%A2%8C%EB%8F%99%2C%20%EB%AA%85%EC%A7%80%EB%8C%80%ED%95%99%EA%B5%90%29%20%EB%AA%85%EC%A7%80-LG%ED%95%9C%EA%B5%AD%ED%95%99%EC%9E%90%EB%A3%8C%EA%B4%80
종로구		조선말 큰사전 원고	서울특별시 종로구 새문안로3길 7 한글회관	보물	37.570942	126.972353	https://map.naver.com/p/search/%EC%A1%B0%EC%84%A0%EB%A7%90%20%ED%81%B0%EC%82%AC%EC%A0%84%20%EC%9B%90%EA%B3%A0%20%EC%84%9C%EC%9A%B8%ED%8A%B9%EB%B3%84%EC%8B%9C%20%EC%A2%85%EB%A1%9C%EA%B5%AC%20%EC%83%88%EB%AC%B8%EC%95%88%EB%A1%9C3%EA%B8%B8%207%20%ED%95%9C%EA%B8%80%ED%9A%8C%EA%B4%80
중랑구	묵동	불설대보부모은중경	서울특별시 중랑구 숙선옹주로 69(묵동)	유형문화유산	37.614866	127.083995	https://map.naver.com/p/search/%EB%B6%88%EC%84%A4%EB%8C%80%EB%B3%B4%EB%B6%80%EB%AA%A8%EC%9D%80%EC%A4%91%EA%B2%BD%20%EC%84%9C%EC%9A%B8%ED%8A%B9%EB%B3%84%EC%8B%9C%20%EC%A4%91%EB%9E%91%EA%B5%AC%20%EC%88%99%EC%84%A0%EC%98%B9%EC%A3%BC%EB%A1%9C%2069%28%EB%AC%B5%EB%8F%99%29
종로구		창경궁 자격루 누기	서울특별시 종로구 효자로 12(세종로)	국보	37.576668	126.974922	https://map.naver.com/p/search/%EC%B0%BD%EA%B2%BD%EA%B6%81%20%EC%9E%90%EA%B2%A9%EB%A3%A8%20%EB%88%84%EA%B8%B0%20%EC%84%9C%EC%9A%B8%ED%8A%B9%EB%B3%84%EC%8B%9C%20%EC%A2%85%EB%A1%9C%EA%B5%AC%20%ED%9A%A8%EC%9E%90%EB%A1%9C%2012%28%EC%84%B8%EC%A2%85%EB%A1%9C%29
노원구	공릉동	전(傳) 대원수 상복	서울특별시 노원구 화랑로 570(공릉동)	국가등록유산	37.627244	127.103326	https://map.naver.com/p/search/%EC%A0%84%28%E5%82%B3%29%20%EB%8C%80%EC%9B%90%EC%88%98%20%EC%83%81%EB%B3%B5%20%EC%84%9C%EC%9A%B8%ED%8A%B9%EB%B3%84%EC%8B%9C%20%EB%85%B8%EC%9B%90%EA%B5%AC%20%ED%99%94%EB%9E%91%EB%A1%9C%20570%28%EA%B3%B5%EB%A6%89%EB%8F%99%29
노원구	공릉동	보병 부장 예복(이도재)	서울특별시 노원구 화랑로 574 (공릉동, 육군박물관)	국가등록유산	37.627244	127.103326	https://map.naver.com/p/search/%EB%B3%B4%EB%B3%91%20%EB%B6%80%EC%9E%A5%20%EC%98%88%EB%B3%B5%28%EC%9D%B4%EB%8F%84%EC%9E%AC%29%20%EC%84%9C%EC%9A%B8%ED%8A%B9%EB%B3%84%EC%8B%9C%20%EB%85%B8%EC%9B%90%EA%B5%AC%20%ED%99%94%EB%9E%91%EB%A1%9C%20574%20%28%EA%B3%B5%EB%A6%89%EB%8F%99%2C%20%EC%9C%A1%EA%B5%B0%EB%B0%95%EB%AC%BC%EA%B4%80%29
노원구	공릉동	보병 정위 예복	서울특별시 노원구 화랑로 574(공릉동)	국가등록유산	37.627244	127.103326	https://map.naver.com/p/search/%EB%B3%B4%EB%B3%91%20%EC%A0%95%EC%9C%84%20%EC%98%88%EB%B3%B5%20%EC%84%9C%EC%9A%B8%ED%8A%B9%EB%B3%84%EC%8B%9C%20%EB%85%B8%EC%9B%90%EA%B5%AC%20%ED%99%94%EB%9E%91%EB%A1%9C%20574%28%EA%B3%B5%EB%A6%89%EB%8F%99%29
노원구	공릉동	군의 부위 예복	서울특별시 노원구 화랑로 574(공릉동) 육군박물관	국가등록유산	37.627244	127.103326	https://map.naver.com/p/search/%EA%B5%B0%EC%9D%98%20%EB%B6%80%EC%9C%84%20%EC%98%88%EB%B3%B5%20%EC%84%9C%EC%9A%B8%ED%8A%B9%EB%B3%84%EC%8B%9C%20%EB%85%B8%EC%9B%90%EA%B5%AC%20%ED%99%94%EB%9E%91%EB%A1%9C%20574%28%EA%B3%B5%EB%A6%89%EB%8F%99%29%20%EC%9C%A1%EA%B5%B0%EB%B0%95%EB%AC%BC%EA%B4%80
용산구	용산동6가	나석주 의사 편지 및 봉투	서울특별시 용산구 서빙고로 137(용산동6가)	국가등록유산	37.524087	126.980388	https://map.naver.com/p/search/%EB%82%98%EC%84%9D%EC%A3%BC%20%EC%9D%98%EC%82%AC%20%ED%8E%B8%EC%A7%80%20%EB%B0%8F%20%EB%B4%89%ED%88%AC%20%EC%84%9C%EC%9A%B8%ED%8A%B9%EB%B3%84%EC%8B%9C%20%EC%9A%A9%EC%82%B0%EA%B5%AC%20%EC%84%9C%EB%B9%99%EA%B3%A0%EB%A1%9C%20137%28%EC%9A%A9%EC%82%B0%EB%8F%996%EA%B0%80%29
서대문구	신촌동	연세대학교 4월혁명연구반 4?19 혁명 참여자 조사서	서울특별시 서대문구 연세로 50(신촌동) 연세대학교박물관	국가등록유산	37.567113	126.939029	https://map.naver.com/p/search/%EC%97%B0%EC%84%B8%EB%8C%80%ED%95%99%EA%B5%90%204%EC%9B%94%ED%98%81%EB%AA%85%EC%97%B0%EA%B5%AC%EB%B0%98%204%3F19%20%ED%98%81%EB%AA%85%20%EC%B0%B8%EC%97%AC%EC%9E%90%20%EC%A1%B0%EC%82%AC%EC%84%9C%20%EC%84%9C%EC%9A%B8%ED%8A%B9%EB%B3%84%EC%8B%9C%20%EC%84%9C%EB%8C%80%EB%AC%B8%EA%B5%AC%20%EC%97%B0%EC%84%B8%EB%A1%9C%2050%28%EC%8B%A0%EC%B4%8C%EB%8F%99%29%20%EC%97%B0%EC%84%B8%EB%8C%80%ED%95%99%EA%B5%90%EB%B0%95%EB%AC%BC%EA%B4%80
은평구	진관동	서울 진관사 소장 괘불도 및 괘불함	서울특별시 은평구 진관길 73(진관동, 진관사)	국가등록유산	37.637876	126.946534	https://map.naver.com/p/search/%EC%84%9C%EC%9A%B8%20%EC%A7%84%EA%B4%80%EC%82%AC%20%EC%86%8C%EC%9E%A5%20%EA%B4%98%EB%B6%88%EB%8F%84%20%EB%B0%8F%20%EA%B4%98%EB%B6%88%ED%95%A8%20%EC%84%9C%EC%9A%B8%ED%8A%B9%EB%B3%84%EC%8B%9C%20%EC%9D%80%ED%8F%89%EA%B5%AC%20%EC%A7%84%EA%B4%80%EA%B8%B8%2073%28%EC%A7%84%EA%B4%80%EB%8F%99%2C%20%EC%A7%84%EA%B4%80%EC%82%AC%29
용산구	용산동6가	국새 칙명지보	서울특별시 용산구 서빙고로 137(용산동6가)	보물	37.524087	126.980388	https://map.naver.com/p/search/%EA%B5%AD%EC%83%88%20%EC%B9%99%EB%AA%85%EC%A7%80%EB%B3%B4%20%EC%84%9C%EC%9A%B8%ED%8A%B9%EB%B3%84%EC%8B%9C%20%EC%9A%A9%EC%82%B0%EA%B5%AC%20%EC%84%9C%EB%B9%99%EA%B3%A0%EB%A1%9C%20137%28%EC%9A%A9%EC%82%B0%EB%8F%996%EA%B0%80%29
용산구	용산동6가	국새 대원수보	서울특별시 용산구 서빙고로 137(용산동6가)	보물	37.524087	126.980388	https://map.naver.com/p/search/%EA%B5%AD%EC%83%88%20%EB%8C%80%EC%9B%90%EC%88%98%EB%B3%B4%20%EC%84%9C%EC%9A%B8%ED%8A%B9%EB%B3%84%EC%8B%9C%20%EC%9A%A9%EC%82%B0%EA%B5%AC%20%EC%84%9C%EB%B9%99%EA%B3%A0%EB%A1%9C%20137%28%EC%9A%A9%EC%82%B0%EB%8F%996%EA%B0%80%29
종로구	명륜3가	부여 무량사 오층석탑 출토 금동불상 일괄	서울특별시 종로구 성균관로 25-2(명륜3가)	보물	37.587954	126.992159	https://map.naver.com/p/search/%EB%B6%80%EC%97%AC%20%EB%AC%B4%EB%9F%89%EC%82%AC%20%EC%98%A4%EC%B8%B5%EC%84%9D%ED%83%91%20%EC%B6%9C%ED%86%A0%20%EA%B8%88%EB%8F%99%EB%B6%88%EC%83%81%20%EC%9D%BC%EA%B4%84%20%EC%84%9C%EC%9A%B8%ED%8A%B9%EB%B3%84%EC%8B%9C%20%EC%A2%85%EB%A1%9C%EA%B5%AC%20%EC%84%B1%EA%B7%A0%EA%B4%80%EB%A1%9C%2025-2%28%EB%AA%85%EB%A5%9C3%EA%B0%80%29
종로구	견지동	공주 갑사 소조석가여래삼불좌상ㆍ사보살입상 복장전적	서울특별시 종로구 우정국로 55 (견지동, 조계사) 불교중앙박물관	보물	37.574494	126.982017	https://map.naver.com/p/search/%EA%B3%B5%EC%A3%BC%20%EA%B0%91%EC%82%AC%20%EC%86%8C%EC%A1%B0%EC%84%9D%EA%B0%80%EC%97%AC%EB%9E%98%EC%82%BC%EB%B6%88%EC%A2%8C%EC%83%81%E3%86%8D%EC%82%AC%EB%B3%B4%EC%82%B4%EC%9E%85%EC%83%81%20%EB%B3%B5%EC%9E%A5%EC%A0%84%EC%A0%81%20%EC%84%9C%EC%9A%B8%ED%8A%B9%EB%B3%84%EC%8B%9C%20%EC%A2%85%EB%A1%9C%EA%B5%AC%20%EC%9A%B0%EC%A0%95%EA%B5%AD%EB%A1%9C%2055%20%28%EA%B2%AC%EC%A7%80%EB%8F%99%2C%20%EC%A1%B0%EA%B3%84%EC%82%AC%29%20%EB%B6%88%EA%B5%90%EC%A4%91%EC%95%99%EB%B0%95%EB%AC%BC%EA%B4%80
용산구	용산동6가	간이벽온방(언해)	서울특별시 용산구 서빙고로 139(용산동6가)	보물	37.521182	126.980919	https://map.naver.com/p/search/%EA%B0%84%EC%9D%B4%EB%B2%BD%EC%98%A8%EB%B0%A9%28%EC%96%B8%ED%95%B4%29%20%EC%84%9C%EC%9A%B8%ED%8A%B9%EB%B3%84%EC%8B%9C%20%EC%9A%A9%EC%82%B0%EA%B5%AC%20%EC%84%9C%EB%B9%99%EA%B3%A0%EB%A1%9C%20139%28%EC%9A%A9%EC%82%B0%EB%8F%996%EA%B0%80%29
용산구	용산동6가	말모이 원고	서울특별시 용산구 서빙고로 139(용산동6가)	보물	37.521182	126.980919	https://map.naver.com/p/search/%EB%A7%90%EB%AA%A8%EC%9D%B4%20%EC%9B%90%EA%B3%A0%20%EC%84%9C%EC%9A%B8%ED%8A%B9%EB%B3%84%EC%8B%9C%20%EC%9A%A9%EC%82%B0%EA%B5%AC%20%EC%84%9C%EB%B9%99%EA%B3%A0%EB%A1%9C%20139%28%EC%9A%A9%EC%82%B0%EB%8F%996%EA%B0%80%29
용산구	용산동6가	효의왕후 어필 및 함-만석군전ㆍ곽자의전	서울특별시 용산구 서빙고로 139(용산동6가)	보물	37.521182	126.980919	https://map.naver.com/p/search/%ED%9A%A8%EC%9D%98%EC%99%95%ED%9B%84%20%EC%96%B4%ED%95%84%20%EB%B0%8F%20%ED%95%A8-%EB%A7%8C%EC%84%9D%EA%B5%B0%EC%A0%84%E3%86%8D%EA%B3%BD%EC%9E%90%EC%9D%98%EC%A0%84%20%EC%84%9C%EC%9A%B8%ED%8A%B9%EB%B3%84%EC%8B%9C%20%EC%9A%A9%EC%82%B0%EA%B5%AC%20%EC%84%9C%EB%B9%99%EA%B3%A0%EB%A1%9C%20139%28%EC%9A%A9%EC%82%B0%EB%8F%996%EA%B0%80%29
종로구		청와대 노거수 군	서울특별시 종로구 청와대로 1(세종로)	천연기념물	37.586458	126.974838	https://map.naver.com/p/search/%EC%B2%AD%EC%99%80%EB%8C%80%20%EB%85%B8%EA%B1%B0%EC%88%98%20%EA%B5%B0%20%EC%84%9C%EC%9A%B8%ED%8A%B9%EB%B3%84%EC%8B%9C%20%EC%A2%85%EB%A1%9C%EA%B5%AC%20%EC%B2%AD%EC%99%80%EB%8C%80%EB%A1%9C%201%28%EC%84%B8%EC%A2%85%EB%A1%9C%29
종로구	구기동	경국대전 권1?2	서울특별시 종로구 비봉길 2-2(구기동) 삼성출판박물관	보물	37.608713	126.957068	https://map.naver.com/p/search/%EA%B2%BD%EA%B5%AD%EB%8C%80%EC%A0%84%20%EA%B6%8C1%3F2%20%EC%84%9C%EC%9A%B8%ED%8A%B9%EB%B3%84%EC%8B%9C%20%EC%A2%85%EB%A1%9C%EA%B5%AC%20%EB%B9%84%EB%B4%89%EA%B8%B8%202-2%28%EA%B5%AC%EA%B8%B0%EB%8F%99%29%20%EC%82%BC%EC%84%B1%EC%B6%9C%ED%8C%90%EB%B0%95%EB%AC%BC%EA%B4%80
용산구	용산동6가	황남대총 남분 은관	서울특별시 용산구 서빙고로 137(용산동6가) 국립중앙박물관	보물	37.523106	126.982176	https://map.naver.com/p/search/%ED%99%A9%EB%82%A8%EB%8C%80%EC%B4%9D%20%EB%82%A8%EB%B6%84%20%EC%9D%80%EA%B4%80%20%EC%84%9C%EC%9A%B8%ED%8A%B9%EB%B3%84%EC%8B%9C%20%EC%9A%A9%EC%82%B0%EA%B5%AC%20%EC%84%9C%EB%B9%99%EA%B3%A0%EB%A1%9C%20137%28%EC%9A%A9%EC%82%B0%EB%8F%996%EA%B0%80%29%20%EA%B5%AD%EB%A6%BD%EC%A4%91%EC%95%99%EB%B0%95%EB%AC%BC%EA%B4%80
은평구	진관동|폭포동	청자양각모란문금구완	서울특별시 은평구 연서로44길 7 (진관동, 은평뉴타운 폭포동) 416-701	유형문화유산	37.6293106	126.933077	https://map.naver.com/p/search/%EC%B2%AD%EC%9E%90%EC%96%91%EA%B0%81%EB%AA%A8%EB%9E%80%EB%AC%B8%EA%B8%88%EA%B5%AC%EC%99%84%20%EC%84%9C%EC%9A%B8%ED%8A%B9%EB%B3%84%EC%8B%9C%20%EC%9D%80%ED%8F%89%EA%B5%AC%20%EC%97%B0%EC%84%9C%EB%A1%9C44%EA%B8%B8%207%20%28%EC%A7%84%EA%B4%80%EB%8F%99%2C%20%EC%9D%80%ED%8F%89%EB%89%B4%ED%83%80%EC%9A%B4%20%ED%8F%AD%ED%8F%AC%EB%8F%99%29%20416-701
성동구	성동|옥수동	미타사 금수암 신중도	서울특별시 성동구 독서당로40길 21(옥수동)	유형문화유산	37.563456	127.036821	https://map.naver.com/p/search/%EB%AF%B8%ED%83%80%EC%82%AC%20%EA%B8%88%EC%88%98%EC%95%94%20%EC%8B%A0%EC%A4%91%EB%8F%84%20%EC%84%9C%EC%9A%B8%ED%8A%B9%EB%B3%84%EC%8B%9C%20%EC%84%B1%EB%8F%99%EA%B5%AC%20%EB%8F%85%EC%84%9C%EB%8B%B9%EB%A1%9C40%EA%B8%B8%2021%28%EC%98%A5%EC%88%98%EB%8F%99%29
용산구	후암동	경조낭청구선생안	서울특별시 용산구 소월로 109(후암동)	유형문화유산	37.55257	126.982172	https://map.naver.com/p/search/%EA%B2%BD%EC%A1%B0%EB%82%AD%EC%B2%AD%EA%B5%AC%EC%84%A0%EC%83%9D%EC%95%88%20%EC%84%9C%EC%9A%B8%ED%8A%B9%EB%B3%84%EC%8B%9C%20%EC%9A%A9%EC%82%B0%EA%B5%AC%20%EC%86%8C%EC%9B%94%EB%A1%9C%20109%28%ED%9B%84%EC%95%94%EB%8F%99%29
성동구	성동|옥수동	미타사 금수암 산신도	서울특별시 성동구 독서당로40길 21(옥수동)	유형문화유산	37.563456	127.036821	https://map.naver.com/p/search/%EB%AF%B8%ED%83%80%EC%82%AC%20%EA%B8%88%EC%88%98%EC%95%94%20%EC%82%B0%EC%8B%A0%EB%8F%84%20%EC%84%9C%EC%9A%B8%ED%8A%B9%EB%B3%84%EC%8B%9C%20%EC%84%B1%EB%8F%99%EA%B5%AC%20%EB%8F%85%EC%84%9C%EB%8B%B9%EB%A1%9C40%EA%B8%B8%2021%28%EC%98%A5%EC%88%98%EB%8F%99%29
성동구	성동|옥수동	미타사 극락전 신중도	서울특별시 성동구 독서당로40길 21(옥수동)	유형문화유산	37.543521	127.017215	https://map.naver.com/p/search/%EB%AF%B8%ED%83%80%EC%82%AC%20%EA%B7%B9%EB%9D%BD%EC%A0%84%20%EC%8B%A0%EC%A4%91%EB%8F%84%20%EC%84%9C%EC%9A%B8%ED%8A%B9%EB%B3%84%EC%8B%9C%20%EC%84%B1%EB%8F%99%EA%B5%AC%20%EB%8F%85%EC%84%9C%EB%8B%B9%EB%A1%9C40%EA%B8%B8%2021%28%EC%98%A5%EC%88%98%EB%8F%99%29
성동구	성동|옥수동	미타사 칠성각 신중도	서울특별시 성동구 독서당로40길 21(옥수동)	유형문화유산	37.543521	127.017215	https://map.naver.com/p/search/%EB%AF%B8%ED%83%80%EC%82%AC%20%EC%B9%A0%EC%84%B1%EA%B0%81%20%EC%8B%A0%EC%A4%91%EB%8F%84%20%EC%84%9C%EC%9A%B8%ED%8A%B9%EB%B3%84%EC%8B%9C%20%EC%84%B1%EB%8F%99%EA%B5%AC%20%EB%8F%85%EC%84%9C%EB%8B%B9%EB%A1%9C40%EA%B8%B8%2021%28%EC%98%A5%EC%88%98%EB%8F%99%29
성동구	성동|옥수동	미타사 칠성각 치성광여래도	서울특별시 성동구 독서당로40길 21(옥수동)	유형문화유산	37.543521	127.017215	https://map.naver.com/p/search/%EB%AF%B8%ED%83%80%EC%82%AC%20%EC%B9%A0%EC%84%B1%EA%B0%81%20%EC%B9%98%EC%84%B1%EA%B4%91%EC%97%AC%EB%9E%98%EB%8F%84%20%EC%84%9C%EC%9A%B8%ED%8A%B9%EB%B3%84%EC%8B%9C%20%EC%84%B1%EB%8F%99%EA%B5%AC%20%EB%8F%85%EC%84%9C%EB%8B%B9%EB%A1%9C40%EA%B8%B8%2021%28%EC%98%A5%EC%88%98%EB%8F%99%29
성동구	성동|옥수동	미타사 대승암 관음보살삼존도	서울특별시 성동구 독서당로40길 21(옥수동)	유형문화유산	37.563456	127.036821	https://map.naver.com/p/search/%EB%AF%B8%ED%83%80%EC%82%AC%20%EB%8C%80%EC%8A%B9%EC%95%94%20%EA%B4%80%EC%9D%8C%EB%B3%B4%EC%82%B4%EC%82%BC%EC%A1%B4%EB%8F%84%20%EC%84%9C%EC%9A%B8%ED%8A%B9%EB%B3%84%EC%8B%9C%20%EC%84%B1%EB%8F%99%EA%B5%AC%20%EB%8F%85%EC%84%9C%EB%8B%B9%EB%A1%9C40%EA%B8%B8%2021%28%EC%98%A5%EC%88%98%EB%8F%99%29
용산구	한남동	안중근의사 유묵 ? 세심대	서울특별시 용산구 유엔빌리지길 80-36(한남동, 파르크) 파르크 501호	보물	37.532527	126.99049	https://map.naver.com/p/search/%EC%95%88%EC%A4%91%EA%B7%BC%EC%9D%98%EC%82%AC%20%EC%9C%A0%EB%AC%B5%20%3F%20%EC%84%B8%EC%8B%AC%EB%8C%80%20%EC%84%9C%EC%9A%B8%ED%8A%B9%EB%B3%84%EC%8B%9C%20%EC%9A%A9%EC%82%B0%EA%B5%AC%20%EC%9C%A0%EC%97%94%EB%B9%8C%EB%A6%AC%EC%A7%80%EA%B8%B8%2080-36%28%ED%95%9C%EB%82%A8%EB%8F%99%2C%20%ED%8C%8C%EB%A5%B4%ED%81%AC%29%20%ED%8C%8C%EB%A5%B4%ED%81%AC%20501%ED%98%B8
동대문구	청량리동	분류두공부시(언해) 권11	서울특별시 동대문구 회기로 56(청량리동)	보물	37.574524	127.03965	https://map.naver.com/p/search/%EB%B6%84%EB%A5%98%EB%91%90%EA%B3%B5%EB%B6%80%EC%8B%9C%28%EC%96%B8%ED%95%B4%29%20%EA%B6%8C11%20%EC%84%9C%EC%9A%B8%ED%8A%B9%EB%B3%84%EC%8B%9C%20%EB%8F%99%EB%8C%80%EB%AC%B8%EA%B5%AC%20%ED%9A%8C%EA%B8%B0%EB%A1%9C%2056%28%EC%B2%AD%EB%9F%89%EB%A6%AC%EB%8F%99%29
종로구	평동	고성이씨 금암가 경서 필사본 4종	서울특별시 종로구 경교장길 35(평동, 경희궁자이 3단지) 303동 802호	문화유산자료	37.573521	126.978835	https://map.naver.com/p/search/%EA%B3%A0%EC%84%B1%EC%9D%B4%EC%94%A8%20%EA%B8%88%EC%95%94%EA%B0%80%20%EA%B2%BD%EC%84%9C%20%ED%95%84%EC%82%AC%EB%B3%B8%204%EC%A2%85%20%EC%84%9C%EC%9A%B8%ED%8A%B9%EB%B3%84%EC%8B%9C%20%EC%A2%85%EB%A1%9C%EA%B5%AC%20%EA%B2%BD%EA%B5%90%EC%9E%A5%EA%B8%B8%2035%28%ED%8F%89%EB%8F%99%2C%20%EA%B2%BD%ED%9D%AC%EA%B6%81%EC%9E%90%EC%9D%B4%203%EB%8B%A8%EC%A7%80%29%20303%EB%8F%99%20802%ED%98%B8
성동구	성동|옥수동	미타사 책거리 병풍	서울특별시 성동구 독서당로40길 21(옥수동)	문화유산자료	37.563456	127.036821	https://map.naver.com/p/search/%EB%AF%B8%ED%83%80%EC%82%AC%20%EC%B1%85%EA%B1%B0%EB%A6%AC%20%EB%B3%91%ED%92%8D%20%EC%84%9C%EC%9A%B8%ED%8A%B9%EB%B3%84%EC%8B%9C%20%EC%84%B1%EB%8F%99%EA%B5%AC%20%EB%8F%85%EC%84%9C%EB%8B%B9%EB%A1%9C40%EA%B8%B8%2021%28%EC%98%A5%EC%88%98%EB%8F%99%29
종로구		장철 정사공신녹권	서울특별시 종로구 효자로 12(세종로)	보물	37.576668	126.974922	https://map.naver.com/p/search/%EC%9E%A5%EC%B2%A0%20%EC%A0%95%EC%82%AC%EA%B3%B5%EC%8B%A0%EB%85%B9%EA%B6%8C%20%EC%84%9C%EC%9A%B8%ED%8A%B9%EB%B3%84%EC%8B%9C%20%EC%A2%85%EB%A1%9C%EA%B5%AC%20%ED%9A%A8%EC%9E%90%EB%A1%9C%2012%28%EC%84%B8%EC%A2%85%EB%A1%9C%29
용산구	용산동6가	데니 태극기	서울특별시 용산구 서빙고로 137(용산동6가)	보물	37.524087	126.980388	https://map.naver.com/p/search/%EB%8D%B0%EB%8B%88%20%ED%83%9C%EA%B7%B9%EA%B8%B0%20%EC%84%9C%EC%9A%B8%ED%8A%B9%EB%B3%84%EC%8B%9C%20%EC%9A%A9%EC%82%B0%EA%B5%AC%20%EC%84%9C%EB%B9%99%EA%B3%A0%EB%A1%9C%20137%28%EC%9A%A9%EC%82%B0%EB%8F%996%EA%B0%80%29
은평구	진관동	서울 진관사 태극기	서울특별시 은평구 진관동 354 진관사	보물	37.637876	126.946534	https://map.naver.com/p/search/%EC%84%9C%EC%9A%B8%20%EC%A7%84%EA%B4%80%EC%82%AC%20%ED%83%9C%EA%B7%B9%EA%B8%B0%20%EC%84%9C%EC%9A%B8%ED%8A%B9%EB%B3%84%EC%8B%9C%20%EC%9D%80%ED%8F%89%EA%B5%AC%20%EC%A7%84%EA%B4%80%EB%8F%99%20354%20%EC%A7%84%EA%B4%80%EC%82%AC
용산구	청량리동	자치통감 권266?270	서울특별시 동대문구 회기로 56(청량리동)	보물	37.574524	127.03965	https://map.naver.com/p/search/%EC%9E%90%EC%B9%98%ED%86%B5%EA%B0%90%20%EA%B6%8C266%3F270%20%EC%84%9C%EC%9A%B8%ED%8A%B9%EB%B3%84%EC%8B%9C%20%EB%8F%99%EB%8C%80%EB%AC%B8%EA%B5%AC%20%ED%9A%8C%EA%B8%B0%EB%A1%9C%2056%28%EC%B2%AD%EB%9F%89%EB%A6%AC%EB%8F%99%29
중랑구	묵동	초조본 아비달마대비바사론 권175	서울특별시 중랑구 숙선옹주로 69(묵동)	보물	37.606324	127.092584	https://map.naver.com/p/search/%EC%B4%88%EC%A1%B0%EB%B3%B8%20%EC%95%84%EB%B9%84%EB%8B%AC%EB%A7%88%EB%8C%80%EB%B9%84%EB%B0%94%EC%82%AC%EB%A1%A0%20%EA%B6%8C175%20%EC%84%9C%EC%9A%B8%ED%8A%B9%EB%B3%84%EC%8B%9C%20%EC%A4%91%EB%9E%91%EA%B5%AC%20%EC%88%99%EC%84%A0%EC%98%B9%EC%A3%BC%EB%A1%9C%2069%28%EB%AC%B5%EB%8F%99%29
성북구	돈암동	서울 흥천사 비로자나불 삼신괘불도	서울특별시 성북구 흥천사길 29(돈암동)	보물	37.5894	127.016749	https://map.naver.com/p/search/%EC%84%9C%EC%9A%B8%20%ED%9D%A5%EC%B2%9C%EC%82%AC%20%EB%B9%84%EB%A1%9C%EC%9E%90%EB%82%98%EB%B6%88%20%EC%82%BC%EC%8B%A0%EA%B4%98%EB%B6%88%EB%8F%84%20%EC%84%9C%EC%9A%B8%ED%8A%B9%EB%B3%84%EC%8B%9C%20%EC%84%B1%EB%B6%81%EA%B5%AC%20%ED%9D%A5%EC%B2%9C%EC%82%AC%EA%B8%B8%2029%28%EB%8F%88%EC%95%94%EB%8F%99%29
용산구	청파동2가	전(傳) 영친왕 일가 어린이 옷	서울특별시 용산구 청파로47길 100(청파동2가)	국가민속유산	37.545947	126.964578	https://map.naver.com/p/search/%EC%A0%84%28%E5%82%B3%29%20%EC%98%81%EC%B9%9C%EC%99%95%20%EC%9D%BC%EA%B0%80%20%EC%96%B4%EB%A6%B0%EC%9D%B4%20%EC%98%B7%20%EC%84%9C%EC%9A%B8%ED%8A%B9%EB%B3%84%EC%8B%9C%20%EC%9A%A9%EC%82%B0%EA%B5%AC%20%EC%B2%AD%ED%8C%8C%EB%A1%9C47%EA%B8%B8%20100%28%EC%B2%AD%ED%8C%8C%EB%8F%992%EA%B0%80%29
용산구	용산동6가	앙부일구	서울특별시 용산구 서빙고로 137(용산동6가)	보물	37.524087	126.980388	https://map.naver.com/p/search/%EC%95%99%EB%B6%80%EC%9D%BC%EA%B5%AC%20%EC%84%9C%EC%9A%B8%ED%8A%B9%EB%B3%84%EC%8B%9C%20%EC%9A%A9%EC%82%B0%EA%B5%AC%20%EC%84%9C%EB%B9%99%EA%B3%A0%EB%A1%9C%20137%28%EC%9A%A9%EC%82%B0%EB%8F%996%EA%B0%80%29
성북구	돈암동	앙부일구	서울특별시 성북구 보문로34다길 2(돈암동)	보물	37.591517	127.022883	https://map.naver.com/p/search/%EC%95%99%EB%B6%80%EC%9D%BC%EA%B5%AC%20%EC%84%9C%EC%9A%B8%ED%8A%B9%EB%B3%84%EC%8B%9C%20%EC%84%B1%EB%B6%81%EA%B5%AC%20%EB%B3%B4%EB%AC%B8%EB%A1%9C34%EB%8B%A4%EA%B8%B8%202%28%EB%8F%88%EC%95%94%EB%8F%99%29
종로구	견지동	서울 조계사 목조여래좌상	서울특별시 종로구 우정국로 55(견지동)	보물	37.574494	126.982017	https://map.naver.com/p/search/%EC%84%9C%EC%9A%B8%20%EC%A1%B0%EA%B3%84%EC%82%AC%20%EB%AA%A9%EC%A1%B0%EC%97%AC%EB%9E%98%EC%A2%8C%EC%83%81%20%EC%84%9C%EC%9A%B8%ED%8A%B9%EB%B3%84%EC%8B%9C%20%EC%A2%85%EB%A1%9C%EA%B5%AC%20%EC%9A%B0%EC%A0%95%EA%B5%AD%EB%A1%9C%2055%28%EA%B2%AC%EC%A7%80%EB%8F%99%29
성동구	성동|옥수동	미타사 도량장엄번	서울특별시 성동구 독서당로40길 21(옥수동)	문화유산자료	37.563456	127.036821	https://map.naver.com/p/search/%EB%AF%B8%ED%83%80%EC%82%AC%20%EB%8F%84%EB%9F%89%EC%9E%A5%EC%97%84%EB%B2%88%20%EC%84%9C%EC%9A%B8%ED%8A%B9%EB%B3%84%EC%8B%9C%20%EC%84%B1%EB%8F%99%EA%B5%AC%20%EB%8F%85%EC%84%9C%EB%8B%B9%EB%A1%9C40%EA%B8%B8%2021%28%EC%98%A5%EC%88%98%EB%8F%99%29
용산구	용산동6가	청구영언	서울특별시 용산구 서빙고로 139(용산동6가)	보물	37.521182	126.980919	https://map.naver.com/p/search/%EC%B2%AD%EA%B5%AC%EC%98%81%EC%96%B8%20%EC%84%9C%EC%9A%B8%ED%8A%B9%EB%B3%84%EC%8B%9C%20%EC%9A%A9%EC%82%B0%EA%B5%AC%20%EC%84%9C%EB%B9%99%EA%B3%A0%EB%A1%9C%20139%28%EC%9A%A9%EC%82%B0%EB%8F%996%EA%B0%80%29
종로구	명륜3가	춘추경좌씨전구해 권1?9, 20?29, 40?70	서울특별시 종로구 성균관로 25-2(명륜3가)	보물	37.587954	126.992159	https://map.naver.com/p/search/%EC%B6%98%EC%B6%94%EA%B2%BD%EC%A2%8C%EC%94%A8%EC%A0%84%EA%B5%AC%ED%95%B4%20%EA%B6%8C1%3F9%2C%2020%3F29%2C%2040%3F70%20%EC%84%9C%EC%9A%B8%ED%8A%B9%EB%B3%84%EC%8B%9C%20%EC%A2%85%EB%A1%9C%EA%B5%AC%20%EC%84%B1%EA%B7%A0%EA%B4%80%EB%A1%9C%2025-2%28%EB%AA%85%EB%A5%9C3%EA%B0%80%29
용산구	용산동6가	정조 한글어찰첩	서울특별시 용산구 서빙고로 139(용산동6가)	보물	37.521182	126.980919	https://map.naver.com/p/search/%EC%A0%95%EC%A1%B0%20%ED%95%9C%EA%B8%80%EC%96%B4%EC%B0%B0%EC%B2%A9%20%EC%84%9C%EC%9A%B8%ED%8A%B9%EB%B3%84%EC%8B%9C%20%EC%9A%A9%EC%82%B0%EA%B5%AC%20%EC%84%9C%EB%B9%99%EA%B3%A0%EB%A1%9C%20139%28%EC%9A%A9%EC%82%B0%EB%8F%996%EA%B0%80%29
서초구	반포동	경국대전 권1?3	서울특별시 서초구 반포대로 201(반포동)	보물	37.49743	127.003102	https://map.naver.com/p/search/%EA%B2%BD%EA%B5%AD%EB%8C%80%EC%A0%84%20%EA%B6%8C1%3F3%20%EC%84%9C%EC%9A%B8%ED%8A%B9%EB%B3%84%EC%8B%9C%20%EC%84%9C%EC%B4%88%EA%B5%AC%20%EB%B0%98%ED%8F%AC%EB%8C%80%EB%A1%9C%20201%28%EB%B0%98%ED%8F%AC%EB%8F%99%29
용산구	용산동6가	건칠보살좌상	서울특별시 용산구 서빙고로 137(용산동6가)	보물	37.524087	126.980388	https://map.naver.com/p/search/%EA%B1%B4%EC%B9%A0%EB%B3%B4%EC%82%B4%EC%A2%8C%EC%83%81%20%EC%84%9C%EC%9A%B8%ED%8A%B9%EB%B3%84%EC%8B%9C%20%EC%9A%A9%EC%82%B0%EA%B5%AC%20%EC%84%9C%EB%B9%99%EA%B3%A0%EB%A1%9C%20137%28%EC%9A%A9%EC%82%B0%EB%8F%996%EA%B0%80%29
용산구	용산동6가	금동아미타여래삼존상 및 복장유물	서울특별시 용산구 서빙고로 137(용산동6가)	보물	37.524087	126.980388	https://map.naver.com/p/search/%EA%B8%88%EB%8F%99%EC%95%84%EB%AF%B8%ED%83%80%EC%97%AC%EB%9E%98%EC%82%BC%EC%A1%B4%EC%83%81%20%EB%B0%8F%20%EB%B3%B5%EC%9E%A5%EC%9C%A0%EB%AC%BC%20%EC%84%9C%EC%9A%B8%ED%8A%B9%EB%B3%84%EC%8B%9C%20%EC%9A%A9%EC%82%B0%EA%B5%AC%20%EC%84%9C%EB%B9%99%EA%B3%A0%EB%A1%9C%20137%28%EC%9A%A9%EC%82%B0%EB%8F%996%EA%B0%80%29
은평구	진관동	백화사 목련경변상도	서울특별시 은평구 의상봉길 70-7(진관동)	문화유산자료	37.602784	126.929164	https://map.naver.com/p/search/%EB%B0%B1%ED%99%94%EC%82%AC%20%EB%AA%A9%EB%A0%A8%EA%B2%BD%EB%B3%80%EC%83%81%EB%8F%84%20%EC%84%9C%EC%9A%B8%ED%8A%B9%EB%B3%84%EC%8B%9C%20%EC%9D%80%ED%8F%89%EA%B5%AC%20%EC%9D%98%EC%83%81%EB%B4%89%EA%B8%B8%2070-7%28%EC%A7%84%EA%B4%80%EB%8F%99%29
성동구	성동|옥수동	미타사 칠성각 현왕도	서울특별시 성동구 독서당로40길 21(옥수동)	유형문화유산	37.543521	127.017215	https://map.naver.com/p/search/%EB%AF%B8%ED%83%80%EC%82%AC%20%EC%B9%A0%EC%84%B1%EA%B0%81%20%ED%98%84%EC%99%95%EB%8F%84%20%EC%84%9C%EC%9A%B8%ED%8A%B9%EB%B3%84%EC%8B%9C%20%EC%84%B1%EB%8F%99%EA%B5%AC%20%EB%8F%85%EC%84%9C%EB%8B%B9%EB%A1%9C40%EA%B8%B8%2021%28%EC%98%A5%EC%88%98%EB%8F%99%29
종로구	명륜3가	아비달마대비바사론 권16	서울특별시 종로구 성균관로 25-2(명륜3가)	유형문화유산	37.573521	126.978835	https://map.naver.com/p/search/%EC%95%84%EB%B9%84%EB%8B%AC%EB%A7%88%EB%8C%80%EB%B9%84%EB%B0%94%EC%82%AC%EB%A1%A0%20%EA%B6%8C16%20%EC%84%9C%EC%9A%B8%ED%8A%B9%EB%B3%84%EC%8B%9C%20%EC%A2%85%EB%A1%9C%EA%B5%AC%20%EC%84%B1%EA%B7%A0%EA%B4%80%EB%A1%9C%2025-2%28%EB%AA%85%EB%A5%9C3%EA%B0%80%29
서초구	서초동	임인진연도 병풍	서울특별시 서초구 남부순환로 2364(서초동)	유형문화유산	37.483569	127.032598	https://map.naver.com/p/search/%EC%9E%84%EC%9D%B8%EC%A7%84%EC%97%B0%EB%8F%84%20%EB%B3%91%ED%92%8D%20%EC%84%9C%EC%9A%B8%ED%8A%B9%EB%B3%84%EC%8B%9C%20%EC%84%9C%EC%B4%88%EA%B5%AC%20%EB%82%A8%EB%B6%80%EC%88%9C%ED%99%98%EB%A1%9C%202364%28%EC%84%9C%EC%B4%88%EB%8F%99%29
용산구	청파동2가	척화비	서울특별시 용산구 청파로47나길 14(청파동2가)	유형문화유산	37.532527	126.99049	https://map.naver.com/p/search/%EC%B2%99%ED%99%94%EB%B9%84%20%EC%84%9C%EC%9A%B8%ED%8A%B9%EB%B3%84%EC%8B%9C%20%EC%9A%A9%EC%82%B0%EA%B5%AC%20%EC%B2%AD%ED%8C%8C%EB%A1%9C47%EB%82%98%EA%B8%B8%2014%28%EC%B2%AD%ED%8C%8C%EB%8F%992%EA%B0%80%29
종로구	소격동	종친부 경근당과 옥첩당	서울특별시 종로구 삼청로 30(소격동)	보물	37.578782	126.980049	https://map.naver.com/p/search/%EC%A2%85%EC%B9%9C%EB%B6%80%20%EA%B2%BD%EA%B7%BC%EB%8B%B9%EA%B3%BC%20%EC%98%A5%EC%B2%A9%EB%8B%B9%20%EC%84%9C%EC%9A%B8%ED%8A%B9%EB%B3%84%EC%8B%9C%20%EC%A2%85%EB%A1%9C%EA%B5%AC%20%EC%82%BC%EC%B2%AD%EB%A1%9C%2030%28%EC%86%8C%EA%B2%A9%EB%8F%99%29
종로구	사직동	금강반야바라밀다경	서울특별시 종로구 사직로9길 15-14(사직동)	유형문화유산	37.573521	126.978835	https://map.naver.com/p/search/%EA%B8%88%EA%B0%95%EB%B0%98%EC%95%BC%EB%B0%94%EB%9D%BC%EB%B0%80%EB%8B%A4%EA%B2%BD%20%EC%84%9C%EC%9A%B8%ED%8A%B9%EB%B3%84%EC%8B%9C%20%EC%A2%85%EB%A1%9C%EA%B5%AC%20%EC%82%AC%EC%A7%81%EB%A1%9C9%EA%B8%B8%2015-14%28%EC%82%AC%EC%A7%81%EB%8F%99%29
성동구	성동|옥수동	미타사 정수암 현왕도	서울특별시 성동구 독서당로40길 21(옥수동)	유형문화유산	37.563456	127.036821	https://map.naver.com/p/search/%EB%AF%B8%ED%83%80%EC%82%AC%20%EC%A0%95%EC%88%98%EC%95%94%20%ED%98%84%EC%99%95%EB%8F%84%20%EC%84%9C%EC%9A%B8%ED%8A%B9%EB%B3%84%EC%8B%9C%20%EC%84%B1%EB%8F%99%EA%B5%AC%20%EB%8F%85%EC%84%9C%EB%8B%B9%EB%A1%9C40%EA%B8%B8%2021%28%EC%98%A5%EC%88%98%EB%8F%99%29
마포구	공덕동	청자 퇴화 능화문 매병	서울특별시 마포구 만리재옛길 23(공덕동)	유형문화유산	37.566325	126.901491	https://map.naver.com/p/search/%EC%B2%AD%EC%9E%90%20%ED%87%B4%ED%99%94%20%EB%8A%A5%ED%99%94%EB%AC%B8%20%EB%A7%A4%EB%B3%91%20%EC%84%9C%EC%9A%B8%ED%8A%B9%EB%B3%84%EC%8B%9C%20%EB%A7%88%ED%8F%AC%EA%B5%AC%20%EB%A7%8C%EB%A6%AC%EC%9E%AC%EC%98%9B%EA%B8%B8%2023%28%EA%B3%B5%EB%8D%95%EB%8F%99%29
마포구	공덕동	청자 표형 주자	서울특별시 마포구 만리재옛길 23(공덕동)	유형문화유산	37.566325	126.901491	https://map.naver.com/p/search/%EC%B2%AD%EC%9E%90%20%ED%91%9C%ED%98%95%20%EC%A3%BC%EC%9E%90%20%EC%84%9C%EC%9A%B8%ED%8A%B9%EB%B3%84%EC%8B%9C%20%EB%A7%88%ED%8F%AC%EA%B5%AC%20%EB%A7%8C%EB%A6%AC%EC%9E%AC%EC%98%9B%EA%B8%B8%2023%28%EA%B3%B5%EB%8D%95%EB%8F%99%29
서대문구	홍은동	백련사 융경삼년명 동종	서울특별시 서대문구 백련사길 170-72(홍은동)	유형문화유산	37.579225	126.9368	https://map.naver.com/p/search/%EB%B0%B1%EB%A0%A8%EC%82%AC%20%EC%9C%B5%EA%B2%BD%EC%82%BC%EB%85%84%EB%AA%85%20%EB%8F%99%EC%A2%85%20%EC%84%9C%EC%9A%B8%ED%8A%B9%EB%B3%84%EC%8B%9C%20%EC%84%9C%EB%8C%80%EB%AC%B8%EA%B5%AC%20%EB%B0%B1%EB%A0%A8%EC%82%AC%EA%B8%B8%20170-72%28%ED%99%8D%EC%9D%80%EB%8F%99%29
서초구	서초동	금보	서울특별시 서초구 남부순환로 2364(서초동)	유형문화유산	37.478363	127.00908	https://map.naver.com/p/search/%EA%B8%88%EB%B3%B4%20%EC%84%9C%EC%9A%B8%ED%8A%B9%EB%B3%84%EC%8B%9C%20%EC%84%9C%EC%B4%88%EA%B5%AC%20%EB%82%A8%EB%B6%80%EC%88%9C%ED%99%98%EB%A1%9C%202364%28%EC%84%9C%EC%B4%88%EB%8F%99%29
서초구	서초동	삼죽금보	서울특별시 서초구 남부순환로 2364(서초동)	유형문화유산	37.478363	127.00908	https://map.naver.com/p/search/%EC%82%BC%EC%A3%BD%EA%B8%88%EB%B3%B4%20%EC%84%9C%EC%9A%B8%ED%8A%B9%EB%B3%84%EC%8B%9C%20%EC%84%9C%EC%B4%88%EA%B5%AC%20%EB%82%A8%EB%B6%80%EC%88%9C%ED%99%98%EB%A1%9C%202364%28%EC%84%9C%EC%B4%88%EB%8F%99%29
종로구	사직동	불조역대통재	서울특별시 종로구 사직로9길 15-14(사직동)	보물	37.575945	126.967276	https://map.naver.com/p/search/%EB%B6%88%EC%A1%B0%EC%97%AD%EB%8C%80%ED%86%B5%EC%9E%AC%20%EC%84%9C%EC%9A%B8%ED%8A%B9%EB%B3%84%EC%8B%9C%20%EC%A2%85%EB%A1%9C%EA%B5%AC%20%EC%82%AC%EC%A7%81%EB%A1%9C9%EA%B8%B8%2015-14%28%EC%82%AC%EC%A7%81%EB%8F%99%29
서초구	서초동	가곡원류	서울특별시 서초구 남부순환로 2364(서초동)	유형문화유산	37.478363	127.00908	https://map.naver.com/p/search/%EA%B0%80%EA%B3%A1%EC%9B%90%EB%A5%98%20%EC%84%9C%EC%9A%B8%ED%8A%B9%EB%B3%84%EC%8B%9C%20%EC%84%9C%EC%B4%88%EA%B5%AC%20%EB%82%A8%EB%B6%80%EC%88%9C%ED%99%98%EB%A1%9C%202364%28%EC%84%9C%EC%B4%88%EB%8F%99%29
성동구	성동|옥수동	미타사 정수암 소조여래좌상	서울특별시 성동구 독서당로40길 21(옥수동)	문화유산자료	37.563456	127.036821	https://map.naver.com/p/search/%EB%AF%B8%ED%83%80%EC%82%AC%20%EC%A0%95%EC%88%98%EC%95%94%20%EC%86%8C%EC%A1%B0%EC%97%AC%EB%9E%98%EC%A2%8C%EC%83%81%20%EC%84%9C%EC%9A%B8%ED%8A%B9%EB%B3%84%EC%8B%9C%20%EC%84%B1%EB%8F%99%EA%B5%AC%20%EB%8F%85%EC%84%9C%EB%8B%B9%EB%A1%9C40%EA%B8%B8%2021%28%EC%98%A5%EC%88%98%EB%8F%99%29
동작구	상도동	국사봉 사자암 목조아미타여래좌상	서울특별시 동작구 국사봉1길 235-14 (상도동)	유형문화유산	37.492436	126.936986	https://map.naver.com/p/search/%EA%B5%AD%EC%82%AC%EB%B4%89%20%EC%82%AC%EC%9E%90%EC%95%94%20%EB%AA%A9%EC%A1%B0%EC%95%84%EB%AF%B8%ED%83%80%EC%97%AC%EB%9E%98%EC%A2%8C%EC%83%81%20%EC%84%9C%EC%9A%B8%ED%8A%B9%EB%B3%84%EC%8B%9C%20%EB%8F%99%EC%9E%91%EA%B5%AC%20%EA%B5%AD%EC%82%AC%EB%B4%891%EA%B8%B8%20235-14%20%28%EC%83%81%EB%8F%84%EB%8F%99%29
마포구	마포동	마포 석불사 신중도	서울특별시 마포구 마포대로4다길 23-6 (마포동)	유형문화유산	37.535803	126.944763	https://map.naver.com/p/search/%EB%A7%88%ED%8F%AC%20%EC%84%9D%EB%B6%88%EC%82%AC%20%EC%8B%A0%EC%A4%91%EB%8F%84%20%EC%84%9C%EC%9A%B8%ED%8A%B9%EB%B3%84%EC%8B%9C%20%EB%A7%88%ED%8F%AC%EA%B5%AC%20%EB%A7%88%ED%8F%AC%EB%8C%80%EB%A1%9C4%EB%8B%A4%EA%B8%B8%2023-6%20%28%EB%A7%88%ED%8F%AC%EB%8F%99%29
마포구	마포동	마포 석불사 독성도	서울특별시 마포구 마포대로4다길 23-6 (마포동)	문화유산자료	37.535803	126.944763	https://map.naver.com/p/search/%EB%A7%88%ED%8F%AC%20%EC%84%9D%EB%B6%88%EC%82%AC%20%EB%8F%85%EC%84%B1%EB%8F%84%20%EC%84%9C%EC%9A%B8%ED%8A%B9%EB%B3%84%EC%8B%9C%20%EB%A7%88%ED%8F%AC%EA%B5%AC%20%EB%A7%88%ED%8F%AC%EB%8C%80%EB%A1%9C4%EB%8B%A4%EA%B8%B8%2023-6%20%28%EB%A7%88%ED%8F%AC%EB%8F%99%29
마포구	마포동	마포 석불사 아미타불회도	서울특별시 마포구 마포대로4다길 23-6 (마포동)	유형문화유산	37.535803	126.944763	https://map.naver.com/p/search/%EB%A7%88%ED%8F%AC%20%EC%84%9D%EB%B6%88%EC%82%AC%20%EC%95%84%EB%AF%B8%ED%83%80%EB%B6%88%ED%9A%8C%EB%8F%84%20%EC%84%9C%EC%9A%B8%ED%8A%B9%EB%B3%84%EC%8B%9C%20%EB%A7%88%ED%8F%AC%EA%B5%AC%20%EB%A7%88%ED%8F%AC%EB%8C%80%EB%A1%9C4%EB%8B%A4%EA%B8%B8%2023-6%20%28%EB%A7%88%ED%8F%AC%EB%8F%99%29
강북구	수유동	화계사 대웅전 상량문 및 복장물 일괄	서울특별시 강북구 화계사길 117 (수유동)	유형문화유산	37.632624	127.007328	https://map.naver.com/p/search/%ED%99%94%EA%B3%84%EC%82%AC%20%EB%8C%80%EC%9B%85%EC%A0%84%20%EC%83%81%EB%9F%89%EB%AC%B8%20%EB%B0%8F%20%EB%B3%B5%EC%9E%A5%EB%AC%BC%20%EC%9D%BC%EA%B4%84%20%EC%84%9C%EC%9A%B8%ED%8A%B9%EB%B3%84%EC%8B%9C%20%EA%B0%95%EB%B6%81%EA%B5%AC%20%ED%99%94%EA%B3%84%EC%82%AC%EA%B8%B8%20117%20%28%EC%88%98%EC%9C%A0%EB%8F%99%29
중구	동호로20가|장충동1가|장충동	청자 과형병	서울특별시 중구 동호로20가길 38 (장충동1가, 장충동 라임카운티) 901호	유형문화유산	37.559945	127.00678	https://map.naver.com/p/search/%EC%B2%AD%EC%9E%90%20%EA%B3%BC%ED%98%95%EB%B3%91%20%EC%84%9C%EC%9A%B8%ED%8A%B9%EB%B3%84%EC%8B%9C%20%EC%A4%91%EA%B5%AC%20%EB%8F%99%ED%98%B8%EB%A1%9C20%EA%B0%80%EA%B8%B8%2038%20%28%EC%9E%A5%EC%B6%A9%EB%8F%991%EA%B0%80%2C%20%EC%9E%A5%EC%B6%A9%EB%8F%99%20%EB%9D%BC%EC%9E%84%EC%B9%B4%EC%9A%B4%ED%8B%B0%29%20901%ED%98%B8
종로구	명륜3가	근묵	서울특별시 종로구 성균관로 25-1 (명륜3가) 성균관대학교	보물	37.587954	126.992159	https://map.naver.com/p/search/%EA%B7%BC%EB%AC%B5%20%EC%84%9C%EC%9A%B8%ED%8A%B9%EB%B3%84%EC%8B%9C%20%EC%A2%85%EB%A1%9C%EA%B5%AC%20%EC%84%B1%EA%B7%A0%EA%B4%80%EB%A1%9C%2025-1%20%28%EB%AA%85%EB%A5%9C3%EA%B0%80%29%20%EC%84%B1%EA%B7%A0%EA%B4%80%EB%8C%80%ED%95%99%EA%B5%90
노원구	공릉동	진법언해	서울특별시 노원구 화랑로 570 (공릉동) 윤군사관학교 육사박물관	유형문화유산	37.622089	127.089831	https://map.naver.com/p/search/%EC%A7%84%EB%B2%95%EC%96%B8%ED%95%B4%20%EC%84%9C%EC%9A%B8%ED%8A%B9%EB%B3%84%EC%8B%9C%20%EB%85%B8%EC%9B%90%EA%B5%AC%20%ED%99%94%EB%9E%91%EB%A1%9C%20570%20%28%EA%B3%B5%EB%A6%89%EB%8F%99%29%20%EC%9C%A4%EA%B5%B0%EC%82%AC%EA%B4%80%ED%95%99%EA%B5%90%20%EC%9C%A1%EC%82%AC%EB%B0%95%EB%AC%BC%EA%B4%80
중랑구	묵동	불설예수시왕생칠경	서울특별시 중랑구 숙선옹주로 69 (묵동) 법장사	유형문화유산	37.61489	127.084072	https://map.naver.com/p/search/%EB%B6%88%EC%84%A4%EC%98%88%EC%88%98%EC%8B%9C%EC%99%95%EC%83%9D%EC%B9%A0%EA%B2%BD%20%EC%84%9C%EC%9A%B8%ED%8A%B9%EB%B3%84%EC%8B%9C%20%EC%A4%91%EB%9E%91%EA%B5%AC%20%EC%88%99%EC%84%A0%EC%98%B9%EC%A3%BC%EB%A1%9C%2069%20%28%EB%AC%B5%EB%8F%99%29%20%EB%B2%95%EC%9E%A5%EC%82%AC
서초구	서초동	예수시왕생칠재의찬요	서울특별시 서초구 남부순환로328길 49 (서초동) 대성사	유형문화유산	37.475983	127.013424	https://map.naver.com/p/search/%EC%98%88%EC%88%98%EC%8B%9C%EC%99%95%EC%83%9D%EC%B9%A0%EC%9E%AC%EC%9D%98%EC%B0%AC%EC%9A%94%20%EC%84%9C%EC%9A%B8%ED%8A%B9%EB%B3%84%EC%8B%9C%20%EC%84%9C%EC%B4%88%EA%B5%AC%20%EB%82%A8%EB%B6%80%EC%88%9C%ED%99%98%EB%A1%9C328%EA%B8%B8%2049%20%28%EC%84%9C%EC%B4%88%EB%8F%99%29%20%EB%8C%80%EC%84%B1%EC%82%AC
노원구	공릉동	자치통감 권252~254	서울특별시 노원구 화랑로 570 (공릉동) 육군사관학과 육사박물관	유형문화유산	37.622089	127.089831	https://map.naver.com/p/search/%EC%9E%90%EC%B9%98%ED%86%B5%EA%B0%90%20%EA%B6%8C252~254%20%EC%84%9C%EC%9A%B8%ED%8A%B9%EB%B3%84%EC%8B%9C%20%EB%85%B8%EC%9B%90%EA%B5%AC%20%ED%99%94%EB%9E%91%EB%A1%9C%20570%20%28%EA%B3%B5%EB%A6%89%EB%8F%99%29%20%EC%9C%A1%EA%B5%B0%EC%82%AC%EA%B4%80%ED%95%99%EA%B3%BC%20%EC%9C%A1%EC%82%AC%EB%B0%95%EB%AC%BC%EA%B4%80
용산구	용산동6가	초조본 유가사지론 권66	서울특별시 용산구 서빙고로 139(용산동6가) 국립한글박물관	보물	37.521182	126.980919	https://map.naver.com/p/search/%EC%B4%88%EC%A1%B0%EB%B3%B8%20%EC%9C%A0%EA%B0%80%EC%82%AC%EC%A7%80%EB%A1%A0%20%EA%B6%8C66%20%EC%84%9C%EC%9A%B8%ED%8A%B9%EB%B3%84%EC%8B%9C%20%EC%9A%A9%EC%82%B0%EA%B5%AC%20%EC%84%9C%EB%B9%99%EA%B3%A0%EB%A1%9C%20139%28%EC%9A%A9%EC%82%B0%EB%8F%996%EA%B0%80%29%20%EA%B5%AD%EB%A6%BD%ED%95%9C%EA%B8%80%EB%B0%95%EB%AC%BC%EA%B4%80
용산구	용산동6가	이봉창 의사 선서문	서울특별시 용산구 서빙고로 137(용산동6가) 국립중앙박물관	보물	37.523106	126.982176	https://map.naver.com/p/search/%EC%9D%B4%EB%B4%89%EC%B0%BD%20%EC%9D%98%EC%82%AC%20%EC%84%A0%EC%84%9C%EB%AC%B8%20%EC%84%9C%EC%9A%B8%ED%8A%B9%EB%B3%84%EC%8B%9C%20%EC%9A%A9%EC%82%B0%EA%B5%AC%20%EC%84%9C%EB%B9%99%EA%B3%A0%EB%A1%9C%20137%28%EC%9A%A9%EC%82%B0%EB%8F%996%EA%B0%80%29%20%EA%B5%AD%EB%A6%BD%EC%A4%91%EC%95%99%EB%B0%95%EB%AC%BC%EA%B4%80
영등포구	문래동3가	삼도합도	서울특별시 영등포구 문래동3가 94 문래힐스테이트 102동 1402호	유형문화유산	37.518702	126.89047	https://map.naver.com/p/search/%EC%82%BC%EB%8F%84%ED%95%A9%EB%8F%84%20%EC%84%9C%EC%9A%B8%ED%8A%B9%EB%B3%84%EC%8B%9C%20%EC%98%81%EB%93%B1%ED%8F%AC%EA%B5%AC%20%EB%AC%B8%EB%9E%98%EB%8F%993%EA%B0%80%2094%20%EB%AC%B8%EB%9E%98%ED%9E%90%EC%8A%A4%ED%85%8C%EC%9D%B4%ED%8A%B8%20102%EB%8F%99%201402%ED%98%B8
용산구	용산동6가	조선왕조 어보?어책?교명	서울특별시 용산구 서빙고로 137 (용산동6가) 국립중앙박물관	보물	37.524087	126.980388	https://map.naver.com/p/search/%EC%A1%B0%EC%84%A0%EC%99%95%EC%A1%B0%20%EC%96%B4%EB%B3%B4%3F%EC%96%B4%EC%B1%85%3F%EA%B5%90%EB%AA%85%20%EC%84%9C%EC%9A%B8%ED%8A%B9%EB%B3%84%EC%8B%9C%20%EC%9A%A9%EC%82%B0%EA%B5%AC%20%EC%84%9C%EB%B9%99%EA%B3%A0%EB%A1%9C%20137%20%28%EC%9A%A9%EC%82%B0%EB%8F%996%EA%B0%80%29%20%EA%B5%AD%EB%A6%BD%EC%A4%91%EC%95%99%EB%B0%95%EB%AC%BC%EA%B4%80
성북구	안암동5가	상교정본자비도량참법 권1?5	서울특별시 성북구 안암로 145(안암동5가) 고려대학교	보물	37.58991	127.031812	https://map.naver.com/p/search/%EC%83%81%EA%B5%90%EC%A0%95%EB%B3%B8%EC%9E%90%EB%B9%84%EB%8F%84%EB%9F%89%EC%B0%B8%EB%B2%95%20%EA%B6%8C1%3F5%20%EC%84%9C%EC%9A%B8%ED%8A%B9%EB%B3%84%EC%8B%9C%20%EC%84%B1%EB%B6%81%EA%B5%AC%20%EC%95%88%EC%95%94%EB%A1%9C%20145%28%EC%95%88%EC%95%94%EB%8F%995%EA%B0%80%29%20%EA%B3%A0%EB%A0%A4%EB%8C%80%ED%95%99%EA%B5%90
용산구	용산동6가	이항복 해서 천자문	서울특별시 용산구 서빙고로 137 (용산동6가)	보물	37.523106	126.982176	https://map.naver.com/p/search/%EC%9D%B4%ED%95%AD%EB%B3%B5%20%ED%95%B4%EC%84%9C%20%EC%B2%9C%EC%9E%90%EB%AC%B8%20%EC%84%9C%EC%9A%B8%ED%8A%B9%EB%B3%84%EC%8B%9C%20%EC%9A%A9%EC%82%B0%EA%B5%AC%20%EC%84%9C%EB%B9%99%EA%B3%A0%EB%A1%9C%20137%20%28%EC%9A%A9%EC%82%B0%EB%8F%996%EA%B0%80%29
종로구		독서당계회도	서울특별시 종로구 효자로 12 (세종로) 국립고궁박물관	보물	37.577208	126.975241	https://map.naver.com/p/search/%EB%8F%85%EC%84%9C%EB%8B%B9%EA%B3%84%ED%9A%8C%EB%8F%84%20%EC%84%9C%EC%9A%B8%ED%8A%B9%EB%B3%84%EC%8B%9C%20%EC%A2%85%EB%A1%9C%EA%B5%AC%20%ED%9A%A8%EC%9E%90%EB%A1%9C%2012%20%28%EC%84%B8%EC%A2%85%EB%A1%9C%29%20%EA%B5%AD%EB%A6%BD%EA%B3%A0%EA%B6%81%EB%B0%95%EB%AC%BC%EA%B4%80
종로구	견지동	석천암 지장시왕도	서울특별시 종로구 우정국로 55(견지동)	유형문화유산	37.573521	126.978835	https://map.naver.com/p/search/%EC%84%9D%EC%B2%9C%EC%95%94%20%EC%A7%80%EC%9E%A5%EC%8B%9C%EC%99%95%EB%8F%84%20%EC%84%9C%EC%9A%B8%ED%8A%B9%EB%B3%84%EC%8B%9C%20%EC%A2%85%EB%A1%9C%EA%B5%AC%20%EC%9A%B0%EC%A0%95%EA%B5%AD%EB%A1%9C%2055%28%EA%B2%AC%EC%A7%80%EB%8F%99%29
종로구		조선왕조 어보?어책?교명	서울특별시 종로구 효자로 12 (세종로) 국립고궁박물관	보물	37.576668	126.974922	https://map.naver.com/p/search/%EC%A1%B0%EC%84%A0%EC%99%95%EC%A1%B0%20%EC%96%B4%EB%B3%B4%3F%EC%96%B4%EC%B1%85%3F%EA%B5%90%EB%AA%85%20%EC%84%9C%EC%9A%B8%ED%8A%B9%EB%B3%84%EC%8B%9C%20%EC%A2%85%EB%A1%9C%EA%B5%AC%20%ED%9A%A8%EC%9E%90%EB%A1%9C%2012%20%28%EC%84%B8%EC%A2%85%EB%A1%9C%29%20%EA%B5%AD%EB%A6%BD%EA%B3%A0%EA%B6%81%EB%B0%95%EB%AC%BC%EA%B4%80
성북구	안암동5가	조선왕조 어보?어책?교명	서울특별시 성북구 안암로 145 (안암동5가) 고려대학교박물관	보물	37.58991	127.031812	https://map.naver.com/p/search/%EC%A1%B0%EC%84%A0%EC%99%95%EC%A1%B0%20%EC%96%B4%EB%B3%B4%3F%EC%96%B4%EC%B1%85%3F%EA%B5%90%EB%AA%85%20%EC%84%9C%EC%9A%B8%ED%8A%B9%EB%B3%84%EC%8B%9C%20%EC%84%B1%EB%B6%81%EA%B5%AC%20%EC%95%88%EC%95%94%EB%A1%9C%20145%20%28%EC%95%88%EC%95%94%EB%8F%995%EA%B0%80%29%20%EA%B3%A0%EB%A0%A4%EB%8C%80%ED%95%99%EA%B5%90%EB%B0%95%EB%AC%BC%EA%B4%80
서초구	반포동	정선 필 해악팔경 및 송유팔현도 화첩	서울특별시 서초구 신반포로 270 (반포동, 반포자이아파트) 126동 2102호	보물	37.50634	127.011065	https://map.naver.com/p/search/%EC%A0%95%EC%84%A0%20%ED%95%84%20%ED%95%B4%EC%95%85%ED%8C%94%EA%B2%BD%20%EB%B0%8F%20%EC%86%A1%EC%9C%A0%ED%8C%94%ED%98%84%EB%8F%84%20%ED%99%94%EC%B2%A9%20%EC%84%9C%EC%9A%B8%ED%8A%B9%EB%B3%84%EC%8B%9C%20%EC%84%9C%EC%B4%88%EA%B5%AC%20%EC%8B%A0%EB%B0%98%ED%8F%AC%EB%A1%9C%20270%20%28%EB%B0%98%ED%8F%AC%EB%8F%99%2C%20%EB%B0%98%ED%8F%AC%EC%9E%90%EC%9D%B4%EC%95%84%ED%8C%8C%ED%8A%B8%29%20126%EB%8F%99%202102%ED%98%B8
마포구	마포동	마포 석불사 치성광여래회도	서울특별시 마포구 마포대로4다길 23-6 (마포동)	유형문화유산	37.535803	126.944763	https://map.naver.com/p/search/%EB%A7%88%ED%8F%AC%20%EC%84%9D%EB%B6%88%EC%82%AC%20%EC%B9%98%EC%84%B1%EA%B4%91%EC%97%AC%EB%9E%98%ED%9A%8C%EB%8F%84%20%EC%84%9C%EC%9A%B8%ED%8A%B9%EB%B3%84%EC%8B%9C%20%EB%A7%88%ED%8F%AC%EA%B5%AC%20%EB%A7%88%ED%8F%AC%EB%8C%80%EB%A1%9C4%EB%8B%A4%EA%B8%B8%2023-6%20%28%EB%A7%88%ED%8F%AC%EB%8F%99%29
동작구	상도동	국사봉 사자암 목조보살좌상	서울특별시 동작구 국사봉1길 235-14 (상도동)	유형문화유산	37.492436	126.936986	https://map.naver.com/p/search/%EA%B5%AD%EC%82%AC%EB%B4%89%20%EC%82%AC%EC%9E%90%EC%95%94%20%EB%AA%A9%EC%A1%B0%EB%B3%B4%EC%82%B4%EC%A2%8C%EC%83%81%20%EC%84%9C%EC%9A%B8%ED%8A%B9%EB%B3%84%EC%8B%9C%20%EB%8F%99%EC%9E%91%EA%B5%AC%20%EA%B5%AD%EC%82%AC%EB%B4%891%EA%B8%B8%20235-14%20%28%EC%83%81%EB%8F%84%EB%8F%99%29
종로구	숭인동	서울 청룡사 비로자나불 삼신괘불도	서울특별시 종로구 동망산길 65(숭인동)	보물	37.579913	127.016767	https://map.naver.com/p/search/%EC%84%9C%EC%9A%B8%20%EC%B2%AD%EB%A3%A1%EC%82%AC%20%EB%B9%84%EB%A1%9C%EC%9E%90%EB%82%98%EB%B6%88%20%EC%82%BC%EC%8B%A0%EA%B4%98%EB%B6%88%EB%8F%84%20%EC%84%9C%EC%9A%B8%ED%8A%B9%EB%B3%84%EC%8B%9C%20%EC%A2%85%EB%A1%9C%EA%B5%AC%20%EB%8F%99%EB%A7%9D%EC%82%B0%EA%B8%B8%2065%28%EC%88%AD%EC%9D%B8%EB%8F%99%29
종로구	평창동	신룡사명 동종	서울특별시 종로구 평창동 97 가나아트센터 가나아트센터	유형문화유산	37.612236	126.97519	https://map.naver.com/p/search/%EC%8B%A0%EB%A3%A1%EC%82%AC%EB%AA%85%20%EB%8F%99%EC%A2%85%20%EC%84%9C%EC%9A%B8%ED%8A%B9%EB%B3%84%EC%8B%9C%20%EC%A2%85%EB%A1%9C%EA%B5%AC%20%ED%8F%89%EC%B0%BD%EB%8F%99%2097%20%EA%B0%80%EB%82%98%EC%95%84%ED%8A%B8%EC%84%BC%ED%84%B0%20%EA%B0%80%EB%82%98%EC%95%84%ED%8A%B8%EC%84%BC%ED%84%B0
강북구	수유동	강북 삼성암 치성광여래회도	서울특별시 강북구 인수봉로23길 235 (수유동) 삼성암 삼성각	유형문화유산	37.63065	127.003027	https://map.naver.com/p/search/%EA%B0%95%EB%B6%81%20%EC%82%BC%EC%84%B1%EC%95%94%20%EC%B9%98%EC%84%B1%EA%B4%91%EC%97%AC%EB%9E%98%ED%9A%8C%EB%8F%84%20%EC%84%9C%EC%9A%B8%ED%8A%B9%EB%B3%84%EC%8B%9C%20%EA%B0%95%EB%B6%81%EA%B5%AC%20%EC%9D%B8%EC%88%98%EB%B4%89%EB%A1%9C23%EA%B8%B8%20235%20%28%EC%88%98%EC%9C%A0%EB%8F%99%29%20%EC%82%BC%EC%84%B1%EC%95%94%20%EC%82%BC%EC%84%B1%EA%B0%81
노원구	중계동	노원 정암사 신묘장구대다라니판목	서울특별시 노원구 덕릉로94길 127 (중계동) 정암사	문화유산자료	37.661842	127.085183	https://map.naver.com/p/search/%EB%85%B8%EC%9B%90%20%EC%A0%95%EC%95%94%EC%82%AC%20%EC%8B%A0%EB%AC%98%EC%9E%A5%EA%B5%AC%EB%8C%80%EB%8B%A4%EB%9D%BC%EB%8B%88%ED%8C%90%EB%AA%A9%20%EC%84%9C%EC%9A%B8%ED%8A%B9%EB%B3%84%EC%8B%9C%20%EB%85%B8%EC%9B%90%EA%B5%AC%20%EB%8D%95%EB%A6%89%EB%A1%9C94%EA%B8%B8%20127%20%28%EC%A4%91%EA%B3%84%EB%8F%99%29%20%EC%A0%95%EC%95%94%EC%82%AC
종로구	안국동	자수 매화도 병풍	서울특별시 종로구 율곡로3길 4 (안국동) 서울공예박물관	유형문화유산	37.576648	126.983533	https://map.naver.com/p/search/%EC%9E%90%EC%88%98%20%EB%A7%A4%ED%99%94%EB%8F%84%20%EB%B3%91%ED%92%8D%20%EC%84%9C%EC%9A%B8%ED%8A%B9%EB%B3%84%EC%8B%9C%20%EC%A2%85%EB%A1%9C%EA%B5%AC%20%EC%9C%A8%EA%B3%A1%EB%A1%9C3%EA%B8%B8%204%20%28%EC%95%88%EA%B5%AD%EB%8F%99%29%20%EC%84%9C%EC%9A%B8%EA%B3%B5%EC%98%88%EB%B0%95%EB%AC%BC%EA%B4%80
송파구	방이동	내교인?소내교인	서울특별시 송파구 위례성대로 71 (방이동) 한성백제박물관	유형문화유산	37.5154	127.120879	https://map.naver.com/p/search/%EB%82%B4%EA%B5%90%EC%9D%B8%3F%EC%86%8C%EB%82%B4%EA%B5%90%EC%9D%B8%20%EC%84%9C%EC%9A%B8%ED%8A%B9%EB%B3%84%EC%8B%9C%20%EC%86%A1%ED%8C%8C%EA%B5%AC%20%EC%9C%84%EB%A1%80%EC%84%B1%EB%8C%80%EB%A1%9C%2071%20%28%EB%B0%A9%EC%9D%B4%EB%8F%99%29%20%ED%95%9C%EC%84%B1%EB%B0%B1%EC%A0%9C%EB%B0%95%EB%AC%BC%EA%B4%80
종로구	사직동	함허당득통화상현정론	서울특별시 종로구 사직로9길 15-14 (사직동) 서울특별시교육청 종로도서관	유형문화유산	37.575945	126.967276	https://map.naver.com/p/search/%ED%95%A8%ED%97%88%EB%8B%B9%EB%93%9D%ED%86%B5%ED%99%94%EC%83%81%ED%98%84%EC%A0%95%EB%A1%A0%20%EC%84%9C%EC%9A%B8%ED%8A%B9%EB%B3%84%EC%8B%9C%20%EC%A2%85%EB%A1%9C%EA%B5%AC%20%EC%82%AC%EC%A7%81%EB%A1%9C9%EA%B8%B8%2015-14%20%28%EC%82%AC%EC%A7%81%EB%8F%99%29%20%EC%84%9C%EC%9A%B8%ED%8A%B9%EB%B3%84%EC%8B%9C%EA%B5%90%EC%9C%A1%EC%B2%AD%20%EC%A2%85%EB%A1%9C%EB%8F%84%EC%84%9C%EA%B4%80
서울특별시	강동|암사동	바위절마을호상놀이	서울특별시 강동구 고덕로20다길 24 (암사동)	무형유산	37.5534318	127.1345394	https://map.naver.com/p/search/%EB%B0%94%EC%9C%84%EC%A0%88%EB%A7%88%EC%9D%84%ED%98%B8%EC%83%81%EB%86%80%EC%9D%B4%20%EC%84%9C%EC%9A%B8%ED%8A%B9%EB%B3%84%EC%8B%9C%20%EA%B0%95%EB%8F%99%EA%B5%AC%20%EA%B3%A0%EB%8D%95%EB%A1%9C20%EB%8B%A4%EA%B8%B8%2024%20%28%EC%95%94%EC%82%AC%EB%8F%99%29
서울특별시		침선장	서울특별시	무형유산	37.56661	126.978388	https://map.naver.com/p/search/%EC%B9%A8%EC%84%A0%EC%9E%A5%20%EC%84%9C%EC%9A%B8%ED%8A%B9%EB%B3%84%EC%8B%9C
서울특별시		자수장	서울특별시	무형유산	37.56661	126.978388	https://map.naver.com/p/search/%EC%9E%90%EC%88%98%EC%9E%A5%20%EC%84%9C%EC%9A%B8%ED%8A%B9%EB%B3%84%EC%8B%9C
종로구		매듭장	서울특별시 종로구	무형유산	37.573521	126.978835	https://map.naver.com/p/search/%EB%A7%A4%EB%93%AD%EC%9E%A5%20%EC%84%9C%EC%9A%B8%ED%8A%B9%EB%B3%84%EC%8B%9C%20%EC%A2%85%EB%A1%9C%EA%B5%AC
은평구	진관동	나전장	서울특별시 은평구 진관1로 21-10 (진관동, 은평뉴타운 박석고개) 118-605	무형유산	37.6330499	126.9223119	https://map.naver.com/p/search/%EB%82%98%EC%A0%84%EC%9E%A5%20%EC%84%9C%EC%9A%B8%ED%8A%B9%EB%B3%84%EC%8B%9C%20%EC%9D%80%ED%8F%89%EA%B5%AC%20%EC%A7%84%EA%B4%801%EB%A1%9C%2021-10%20%28%EC%A7%84%EA%B4%80%EB%8F%99%2C%20%EC%9D%80%ED%8F%89%EB%89%B4%ED%83%80%EC%9A%B4%20%EB%B0%95%EC%84%9D%EA%B3%A0%EA%B0%9C%29%20118-605
서울특별시		오죽장	서울특별시	무형유산	37.56661	126.978388	https://map.naver.com/p/search/%EC%98%A4%EC%A3%BD%EC%9E%A5%20%EC%84%9C%EC%9A%B8%ED%8A%B9%EB%B3%84%EC%8B%9C
서울특별시		초고장	서울특별시	무형유산	37.56661	126.978388	https://map.naver.com/p/search/%EC%B4%88%EA%B3%A0%EC%9E%A5%20%EC%84%9C%EC%9A%B8%ED%8A%B9%EB%B3%84%EC%8B%9C
서울특별시		은공장	서울특별시	무형유산	37.56661	126.978388	https://map.naver.com/p/search/%EC%9D%80%EA%B3%B5%EC%9E%A5%20%EC%84%9C%EC%9A%B8%ED%8A%B9%EB%B3%84%EC%8B%9C
서울특별시		민화장	서울특별시	무형유산	37.56661	126.978388	https://map.naver.com/p/search/%EB%AF%BC%ED%99%94%EC%9E%A5%20%EC%84%9C%EC%9A%B8%ED%8A%B9%EB%B3%84%EC%8B%9C
서울특별시		체장	서울특별시	무형유산	37.56661	126.978388	https://map.naver.com/p/search/%EC%B2%B4%EC%9E%A5%20%EC%84%9C%EC%9A%B8%ED%8A%B9%EB%B3%84%EC%8B%9C
서울특별시		남이장군사당제	서울특별시	무형유산	37.56661	126.978388	https://map.naver.com/p/search/%EB%82%A8%EC%9D%B4%EC%9E%A5%EA%B5%B0%EC%82%AC%EB%8B%B9%EC%A0%9C%20%EC%84%9C%EC%9A%B8%ED%8A%B9%EB%B3%84%EC%8B%9C
서울특별시		서울잡가	서울특별시	무형유산	37.56661	126.978388	https://map.naver.com/p/search/%EC%84%9C%EC%9A%B8%EC%9E%A1%EA%B0%80%20%EC%84%9C%EC%9A%B8%ED%8A%B9%EB%B3%84%EC%8B%9C
노원구	상계2동	마들농요	상계2동 389-387	무형유산	37.6599969	127.0679049	https://map.naver.com/p/search/%EB%A7%88%EB%93%A4%EB%86%8D%EC%9A%94%20%EC%83%81%EA%B3%842%EB%8F%99%20389-387
서울특별시		궁장	서울특별시	무형유산	37.56661	126.978388	https://map.naver.com/p/search/%EA%B6%81%EC%9E%A5%20%EC%84%9C%EC%9A%B8%ED%8A%B9%EB%B3%84%EC%8B%9C
광진구	자양동	초적	서울특별시 광진구 동일로18길 102 (자양동)	무형유산	37.5382474	127.0682142	https://map.naver.com/p/search/%EC%B4%88%EC%A0%81%20%EC%84%9C%EC%9A%B8%ED%8A%B9%EB%B3%84%EC%8B%9C%20%EA%B4%91%EC%A7%84%EA%B5%AC%20%EB%8F%99%EC%9D%BC%EB%A1%9C18%EA%B8%B8%20102%20%28%EC%9E%90%EC%96%91%EB%8F%99%29
서울특별시		판소리고법	서울특별시	무형유산	37.56661	126.978388	https://map.naver.com/p/search/%ED%8C%90%EC%86%8C%EB%A6%AC%EA%B3%A0%EB%B2%95%20%EC%84%9C%EC%9A%B8%ED%8A%B9%EB%B3%84%EC%8B%9C
서울특별시		소목장	서울특별시	무형유산	37.56661	126.978388	https://map.naver.com/p/search/%EC%86%8C%EB%AA%A9%EC%9E%A5%20%EC%84%9C%EC%9A%B8%ED%8A%B9%EB%B3%84%EC%8B%9C
종로구	신문로2가	궁중다례의식	서울특별시 종로구 경희궁1길 24 (신문로2가)	무형유산	37.5722176	126.9699288	https://map.naver.com/p/search/%EA%B6%81%EC%A4%91%EB%8B%A4%EB%A1%80%EC%9D%98%EC%8B%9D%20%EC%84%9C%EC%9A%B8%ED%8A%B9%EB%B3%84%EC%8B%9C%20%EC%A2%85%EB%A1%9C%EA%B5%AC%20%EA%B2%BD%ED%9D%AC%EA%B6%811%EA%B8%B8%2024%20%28%EC%8B%A0%EB%AC%B8%EB%A1%9C2%EA%B0%80%29
서울특별시		악기장	서울특별시	무형유산	37.56661	126.978388	https://map.naver.com/p/search/%EC%95%85%EA%B8%B0%EC%9E%A5%20%EC%84%9C%EC%9A%B8%ED%8A%B9%EB%B3%84%EC%8B%9C
서울특별시		등메장	서울특별시	무형유산	37.56661	126.978388	https://map.naver.com/p/search/%EB%93%B1%EB%A9%94%EC%9E%A5%20%EC%84%9C%EC%9A%B8%ED%8A%B9%EB%B3%84%EC%8B%9C
서울특별시		옹기장	서울특별시	무형유산	37.56661	126.978388	https://map.naver.com/p/search/%EC%98%B9%EA%B8%B0%EC%9E%A5%20%EC%84%9C%EC%9A%B8%ED%8A%B9%EB%B3%84%EC%8B%9C
종로구	중곡동	단청장	서울특별시 광진구 중곡동 45-6	무형유산	37.5605508	127.0840513	https://map.naver.com/p/search/%EB%8B%A8%EC%B2%AD%EC%9E%A5%20%EC%84%9C%EC%9A%B8%ED%8A%B9%EB%B3%84%EC%8B%9C%20%EA%B4%91%EC%A7%84%EA%B5%AC%20%EC%A4%91%EA%B3%A1%EB%8F%99%2045-6
서울특별시		판소리	서울특별시	무형유산	37.56661	126.978388	https://map.naver.com/p/search/%ED%8C%90%EC%86%8C%EB%A6%AC%20%EC%84%9C%EC%9A%B8%ED%8A%B9%EB%B3%84%EC%8B%9C
서울특별시	상암동	행당동아기씨당굿	서울특별시 마포구 월드컵북로47길 46 (상암동, 상암월드컵파크 2단지) 202-604	무형유산	37.5748547	126.8915876	https://map.naver.com/p/search/%ED%96%89%EB%8B%B9%EB%8F%99%EC%95%84%EA%B8%B0%EC%94%A8%EB%8B%B9%EA%B5%BF%20%EC%84%9C%EC%9A%B8%ED%8A%B9%EB%B3%84%EC%8B%9C%20%EB%A7%88%ED%8F%AC%EA%B5%AC%20%EC%9B%94%EB%93%9C%EC%BB%B5%EB%B6%81%EB%A1%9C47%EA%B8%B8%2046%20%28%EC%83%81%EC%95%94%EB%8F%99%2C%20%EC%83%81%EC%95%94%EC%9B%94%EB%93%9C%EC%BB%B5%ED%8C%8C%ED%81%AC%202%EB%8B%A8%EC%A7%80%29%20202-604
중랑구	묵동	법화영험전	서울특별시 중랑구 숙선옹주로 69 (묵동) 법장사	유형문화유산	37.614902	127.084053	https://map.naver.com/p/search/%EB%B2%95%ED%99%94%EC%98%81%ED%97%98%EC%A0%84%20%EC%84%9C%EC%9A%B8%ED%8A%B9%EB%B3%84%EC%8B%9C%20%EC%A4%91%EB%9E%91%EA%B5%AC%20%EC%88%99%EC%84%A0%EC%98%B9%EC%A3%BC%EB%A1%9C%2069%20%28%EB%AC%B5%EB%8F%99%29%20%EB%B2%95%EC%9E%A5%EC%82%AC
종로구	안국동	자수 구운몽도 병풍	서울특별시 종로구 율곡로3길 4 (안국동) 서울공예박물관	유형문화유산	37.576648	126.983533	https://map.naver.com/p/search/%EC%9E%90%EC%88%98%20%EA%B5%AC%EC%9A%B4%EB%AA%BD%EB%8F%84%20%EB%B3%91%ED%92%8D%20%EC%84%9C%EC%9A%B8%ED%8A%B9%EB%B3%84%EC%8B%9C%20%EC%A2%85%EB%A1%9C%EA%B5%AC%20%EC%9C%A8%EA%B3%A1%EB%A1%9C3%EA%B8%B8%204%20%28%EC%95%88%EA%B5%AD%EB%8F%99%29%20%EC%84%9C%EC%9A%B8%EA%B3%B5%EC%98%88%EB%B0%95%EB%AC%BC%EA%B4%80
서울특별시	대치동	봉화산도당굿	서울특별시 강남구 삼성로69길 29-1 (대치동)	무형유산	37.5010149	127.0570828	https://map.naver.com/p/search/%EB%B4%89%ED%99%94%EC%82%B0%EB%8F%84%EB%8B%B9%EA%B5%BF%20%EC%84%9C%EC%9A%B8%ED%8A%B9%EB%B3%84%EC%8B%9C%20%EA%B0%95%EB%82%A8%EA%B5%AC%20%EC%82%BC%EC%84%B1%EB%A1%9C69%EA%B8%B8%2029-1%20%28%EB%8C%80%EC%B9%98%EB%8F%99%29
은평구		밤섬부군당도당굿	서울특별시 은평구	무형유산	37.602784	126.929164	https://map.naver.com/p/search/%EB%B0%A4%EC%84%AC%EB%B6%80%EA%B5%B0%EB%8B%B9%EB%8F%84%EB%8B%B9%EA%B5%BF%20%EC%84%9C%EC%9A%B8%ED%8A%B9%EB%B3%84%EC%8B%9C%20%EC%9D%80%ED%8F%89%EA%B5%AC
서대문구	홍은동	입사장	서울특별시 서대문구 통일로 555 (홍은동, 세한숲속마을아파트)	무형유산	37.5964317	126.9368503	https://map.naver.com/p/search/%EC%9E%85%EC%82%AC%EC%9E%A5%20%EC%84%9C%EC%9A%B8%ED%8A%B9%EB%B3%84%EC%8B%9C%20%EC%84%9C%EB%8C%80%EB%AC%B8%EA%B5%AC%20%ED%86%B5%EC%9D%BC%EB%A1%9C%20555%20%28%ED%99%8D%EC%9D%80%EB%8F%99%2C%20%EC%84%B8%ED%95%9C%EC%88%B2%EC%86%8D%EB%A7%88%EC%9D%84%EC%95%84%ED%8C%8C%ED%8A%B8%29
동작구	상도동	옥장	서울특별시 동작구 상도로47아길 44 (상도동)	무형유산	37.5044022	126.9534058	https://map.naver.com/p/search/%EC%98%A5%EC%9E%A5%20%EC%84%9C%EC%9A%B8%ED%8A%B9%EB%B3%84%EC%8B%9C%20%EB%8F%99%EC%9E%91%EA%B5%AC%20%EC%83%81%EB%8F%84%EB%A1%9C47%EC%95%84%EA%B8%B8%2044%20%28%EC%83%81%EB%8F%84%EB%8F%99%29
강남구	동작대로39가|동작동	재담소리	서울특별시 동작구 동작대로39가길 55 (동작동, 동작동금강KCC아파트)	무형유산	37.4940321	126.9784955	https://map.naver.com/p/search/%EC%9E%AC%EB%8B%B4%EC%86%8C%EB%A6%AC%20%EC%84%9C%EC%9A%B8%ED%8A%B9%EB%B3%84%EC%8B%9C%20%EB%8F%99%EC%9E%91%EA%B5%AC%20%EB%8F%99%EC%9E%91%EB%8C%80%EB%A1%9C39%EA%B0%80%EA%B8%B8%2055%20%28%EB%8F%99%EC%9E%91%EB%8F%99%2C%20%EB%8F%99%EC%9E%91%EB%8F%99%EA%B8%88%EA%B0%95KCC%EC%95%84%ED%8C%8C%ED%8A%B8%29
도봉구		아쟁산조	서울특별시 도봉구	무형유산	37.668768	127.047163	https://map.naver.com/p/search/%EC%95%84%EC%9F%81%EC%82%B0%EC%A1%B0%20%EC%84%9C%EC%9A%B8%ED%8A%B9%EB%B3%84%EC%8B%9C%20%EB%8F%84%EB%B4%89%EA%B5%AC
서울특별시	통일로78가|불광동	수표교 다리밟기	서울특별시 은평구 통일로78가길 13-14 (불광동) 201호	무형유산	37.6185161	126.9266218	https://map.naver.com/p/search/%EC%88%98%ED%91%9C%EA%B5%90%20%EB%8B%A4%EB%A6%AC%EB%B0%9F%EA%B8%B0%20%EC%84%9C%EC%9A%B8%ED%8A%B9%EB%B3%84%EC%8B%9C%20%EC%9D%80%ED%8F%89%EA%B5%AC%20%ED%86%B5%EC%9D%BC%EB%A1%9C78%EA%B0%80%EA%B8%B8%2013-14%20%28%EB%B6%88%EA%B4%91%EB%8F%99%29%20201%ED%98%B8
종로구	창동	송서	서울특별시 도봉구 덕릉로59아길 58 (창동, 북한산팰리스)	무형유산	37.6433432	127.039476	https://map.naver.com/p/search/%EC%86%A1%EC%84%9C%20%EC%84%9C%EC%9A%B8%ED%8A%B9%EB%B3%84%EC%8B%9C%20%EB%8F%84%EB%B4%89%EA%B5%AC%20%EB%8D%95%EB%A6%89%EB%A1%9C59%EC%95%84%EA%B8%B8%2058%20%28%EC%B0%BD%EB%8F%99%2C%20%EB%B6%81%ED%95%9C%EC%82%B0%ED%8C%B0%EB%A6%AC%EC%8A%A4%29
강북구	우이동	삼각산 도당제	서울특별시 강북구 삼양로173길 116-28 (우이동)	무형유산	37.6624996	127.0060891	https://map.naver.com/p/search/%EC%82%BC%EA%B0%81%EC%82%B0%20%EB%8F%84%EB%8B%B9%EC%A0%9C%20%EC%84%9C%EC%9A%B8%ED%8A%B9%EB%B3%84%EC%8B%9C%20%EA%B0%95%EB%B6%81%EA%B5%AC%20%EC%82%BC%EC%96%91%EB%A1%9C173%EA%B8%B8%20116-28%20%28%EC%9A%B0%EC%9D%B4%EB%8F%99%29
마포구		백자 청화 운룡문 호	서울특별시 마포구 만리재옛길 23 금성출판사	유형문화유산	37.5462798	126.9553747	https://map.naver.com/p/search/%EB%B0%B1%EC%9E%90%20%EC%B2%AD%ED%99%94%20%EC%9A%B4%EB%A3%A1%EB%AC%B8%20%ED%98%B8%20%EC%84%9C%EC%9A%B8%ED%8A%B9%EB%B3%84%EC%8B%9C%20%EB%A7%88%ED%8F%AC%EA%B5%AC%20%EB%A7%8C%EB%A6%AC%EC%9E%AC%EC%98%9B%EA%B8%B8%2023%20%EA%B8%88%EC%84%B1%EC%B6%9C%ED%8C%90%EC%82%AC
강서구	가양동	경제어산	서울특별시 강서구 양천로49길 56-12 (가양동)	무형유산	37.5721276	126.8402804	https://map.naver.com/p/search/%EA%B2%BD%EC%A0%9C%EC%96%B4%EC%82%B0%20%EC%84%9C%EC%9A%B8%ED%8A%B9%EB%B3%84%EC%8B%9C%20%EA%B0%95%EC%84%9C%EA%B5%AC%20%EC%96%91%EC%B2%9C%EB%A1%9C49%EA%B8%B8%2056-12%20%28%EA%B0%80%EC%96%91%EB%8F%99%29
서울특별시	상계동	삼현육각	서울특별시 노원구 동일로242나길 21 (상계동, D.S 아파트) 501호	무형유산	37.6767737	127.0565751	https://map.naver.com/p/search/%EC%82%BC%ED%98%84%EC%9C%A1%EA%B0%81%20%EC%84%9C%EC%9A%B8%ED%8A%B9%EB%B3%84%EC%8B%9C%20%EB%85%B8%EC%9B%90%EA%B5%AC%20%EB%8F%99%EC%9D%BC%EB%A1%9C242%EB%82%98%EA%B8%B8%2021%20%28%EC%83%81%EA%B3%84%EB%8F%99%2C%20D.S%20%EC%95%84%ED%8C%8C%ED%8A%B8%29%20501%ED%98%B8
서울특별시	흑석동	한량무	서울특별시 동작구 현충로 151 (흑석동, 한강현대아파트) 108동 801호	무형유산	37.5069027	126.9695933	https://map.naver.com/p/search/%ED%95%9C%EB%9F%89%EB%AC%B4%20%EC%84%9C%EC%9A%B8%ED%8A%B9%EB%B3%84%EC%8B%9C%20%EB%8F%99%EC%9E%91%EA%B5%AC%20%ED%98%84%EC%B6%A9%EB%A1%9C%20151%20%28%ED%9D%91%EC%84%9D%EB%8F%99%2C%20%ED%95%9C%EA%B0%95%ED%98%84%EB%8C%80%EC%95%84%ED%8C%8C%ED%8A%B8%29%20108%EB%8F%99%20801%ED%98%B8
영등포구	중림동	살풀이춤	서울특별시 중구 중림로 10 (중림동, 중림동 삼성 사이버 빌리지) 112-403	무형유산	37.5581139	126.9653018	https://map.naver.com/p/search/%EC%82%B4%ED%92%80%EC%9D%B4%EC%B6%A4%20%EC%84%9C%EC%9A%B8%ED%8A%B9%EB%B3%84%EC%8B%9C%20%EC%A4%91%EA%B5%AC%20%EC%A4%91%EB%A6%BC%EB%A1%9C%2010%20%28%EC%A4%91%EB%A6%BC%EB%8F%99%2C%20%EC%A4%91%EB%A6%BC%EB%8F%99%20%EC%82%BC%EC%84%B1%20%EC%82%AC%EC%9D%B4%EB%B2%84%20%EB%B9%8C%EB%A6%AC%EC%A7%80%29%20112-403
서울특별시	효창동	시조	서울특별시 용산구 백범로 260 (효창동, 효창파크 푸르지오)	무형유산	37.5401236	126.9582162	https://map.naver.com/p/search/%EC%8B%9C%EC%A1%B0%20%EC%84%9C%EC%9A%B8%ED%8A%B9%EB%B3%84%EC%8B%9C%20%EC%9A%A9%EC%82%B0%EA%B5%AC%20%EB%B0%B1%EB%B2%94%EB%A1%9C%20260%20%28%ED%9A%A8%EC%B0%BD%EB%8F%99%2C%20%ED%9A%A8%EC%B0%BD%ED%8C%8C%ED%81%AC%20%ED%91%B8%EB%A5%B4%EC%A7%80%EC%98%A4%29
서울특별시	정릉동	서울맹인독경	서울특별시 성북구 아리랑로19다길 16 (정릉동)	무형유산	37.600515	127.0078757	https://map.naver.com/p/search/%EC%84%9C%EC%9A%B8%EB%A7%B9%EC%9D%B8%EB%8F%85%EA%B2%BD%20%EC%84%9C%EC%9A%B8%ED%8A%B9%EB%B3%84%EC%8B%9C%20%EC%84%B1%EB%B6%81%EA%B5%AC%20%EC%95%84%EB%A6%AC%EB%9E%91%EB%A1%9C19%EB%8B%A4%EA%B8%B8%2016%20%28%EC%A0%95%EB%A6%89%EB%8F%99%29
은평구	역촌동	홍염장	서울특별시 은평구 역말로 19-9 (역촌동, 거성리젠시) A동 402호	무형유산	37.6060745	126.9125037	https://map.naver.com/p/search/%ED%99%8D%EC%97%BC%EC%9E%A5%20%EC%84%9C%EC%9A%B8%ED%8A%B9%EB%B3%84%EC%8B%9C%20%EC%9D%80%ED%8F%89%EA%B5%AC%20%EC%97%AD%EB%A7%90%EB%A1%9C%2019-9%20%28%EC%97%AD%EC%B4%8C%EB%8F%99%2C%20%EA%B1%B0%EC%84%B1%EB%A6%AC%EC%A0%A0%EC%8B%9C%29%20A%EB%8F%99%20402%ED%98%B8
서울특별시		관모장	서울특별시	무형유산	37.56661	126.978388	https://map.naver.com/p/search/%EA%B4%80%EB%AA%A8%EC%9E%A5%20%EC%84%9C%EC%9A%B8%ED%8A%B9%EB%B3%84%EC%8B%9C
서울특별시		전통군영무예	서울특별시	무형유산	37.56661	126.978388	https://map.naver.com/p/search/%EC%A0%84%ED%86%B5%EA%B5%B0%EC%98%81%EB%AC%B4%EC%98%88%20%EC%84%9C%EC%9A%B8%ED%8A%B9%EB%B3%84%EC%8B%9C
강남구		생전예수재	서울특별시 강남구	무형유산	37.517305	127.047502	https://map.naver.com/p/search/%EC%83%9D%EC%A0%84%EC%98%88%EC%88%98%EC%9E%AC%20%EC%84%9C%EC%9A%B8%ED%8A%B9%EB%B3%84%EC%8B%9C%20%EA%B0%95%EB%82%A8%EA%B5%AC
서울특별시		서울석장	서울특별시	무형유산	37.56661	126.978388	https://map.naver.com/p/search/%EC%84%9C%EC%9A%B8%EC%84%9D%EC%9E%A5%20%EC%84%9C%EC%9A%B8%ED%8A%B9%EB%B3%84%EC%8B%9C
서울특별시		무속지화장	서울특별시	무형유산	37.56661	126.978388	https://map.naver.com/p/search/%EB%AC%B4%EC%86%8D%EC%A7%80%ED%99%94%EC%9E%A5%20%EC%84%9C%EC%9A%B8%ED%8A%B9%EB%B3%84%EC%8B%9C
서울특별시		불교지화장엄	서울특별시	무형유산	37.56661	126.978388	https://map.naver.com/p/search/%EB%B6%88%EA%B5%90%EC%A7%80%ED%99%94%EC%9E%A5%EC%97%84%20%EC%84%9C%EC%9A%B8%ED%8A%B9%EB%B3%84%EC%8B%9C
서울특별시		결련택견	서울특별시	무형유산	37.56661	126.978388	https://map.naver.com/p/search/%EA%B2%B0%EB%A0%A8%ED%83%9D%EA%B2%AC%20%EC%84%9C%EC%9A%B8%ED%8A%B9%EB%B3%84%EC%8B%9C
서울특별시		백동장	서울특별시	무형유산	37.56661	126.978388	https://map.naver.com/p/search/%EB%B0%B1%EB%8F%99%EC%9E%A5%20%EC%84%9C%EC%9A%B8%ED%8A%B9%EB%B3%84%EC%8B%9C
서울특별시		종묘제례악	서울특별시	국가무형유산	37.56661	126.978388	https://map.naver.com/p/search/%EC%A2%85%EB%AC%98%EC%A0%9C%EB%A1%80%EC%95%85%20%EC%84%9C%EC%9A%B8%ED%8A%B9%EB%B3%84%EC%8B%9C
서울특별시		남사당놀이	서울특별시	국가무형유산	37.56661	126.978388	https://map.naver.com/p/search/%EB%82%A8%EC%82%AC%EB%8B%B9%EB%86%80%EC%9D%B4%20%EC%84%9C%EC%9A%B8%ED%8A%B9%EB%B3%84%EC%8B%9C
종로구	명륜3가	태교신기	서울특별시 종로구 성균관로 25-2 (명륜3가) 성균관대학교 존경각	유형문화유산	37.589195	126.992216	https://map.naver.com/p/search/%ED%83%9C%EA%B5%90%EC%8B%A0%EA%B8%B0%20%EC%84%9C%EC%9A%B8%ED%8A%B9%EB%B3%84%EC%8B%9C%20%EC%A2%85%EB%A1%9C%EA%B5%AC%20%EC%84%B1%EA%B7%A0%EA%B4%80%EB%A1%9C%2025-2%20%28%EB%AA%85%EB%A5%9C3%EA%B0%80%29%20%EC%84%B1%EA%B7%A0%EA%B4%80%EB%8C%80%ED%95%99%EA%B5%90%20%EC%A1%B4%EA%B2%BD%EA%B0%81
서울특별시		북청사자놀음	서울특별시	국가무형유산	37.56661	126.978388	https://map.naver.com/p/search/%EB%B6%81%EC%B2%AD%EC%82%AC%EC%9E%90%EB%86%80%EC%9D%8C%20%EC%84%9C%EC%9A%B8%ED%8A%B9%EB%B3%84%EC%8B%9C
서울특별시		거문고산조	서울특별시	국가무형유산	37.56661	126.978388	https://map.naver.com/p/search/%EA%B1%B0%EB%AC%B8%EA%B3%A0%EC%82%B0%EC%A1%B0%20%EC%84%9C%EC%9A%B8%ED%8A%B9%EB%B3%84%EC%8B%9C
서울특별시		봉산탈춤	서울특별시	국가무형유산	37.56661	126.978388	https://map.naver.com/p/search/%EB%B4%89%EC%82%B0%ED%83%88%EC%B6%A4%20%EC%84%9C%EC%9A%B8%ED%8A%B9%EB%B3%84%EC%8B%9C
서울특별시		선소리산타령	서울특별시	국가무형유산	37.56661	126.978388	https://map.naver.com/p/search/%EC%84%A0%EC%86%8C%EB%A6%AC%EC%82%B0%ED%83%80%EB%A0%B9%20%EC%84%9C%EC%9A%B8%ED%8A%B9%EB%B3%84%EC%8B%9C
서울특별시		대금정악	서울특별시 은평구	국가무형유산	37.602784	126.929164	https://map.naver.com/p/search/%EB%8C%80%EA%B8%88%EC%A0%95%EC%95%85%20%EC%84%9C%EC%9A%B8%ED%8A%B9%EB%B3%84%EC%8B%9C%20%EC%9D%80%ED%8F%89%EA%B5%AC
서울특별시		승무	서울특별시	국가무형유산	37.56661	126.978388	https://map.naver.com/p/search/%EC%8A%B9%EB%AC%B4%20%EC%84%9C%EC%9A%B8%ED%8A%B9%EB%B3%84%EC%8B%9C
서울특별시		강령탈춤	서울특별시	국가무형유산	37.56661	126.978388	https://map.naver.com/p/search/%EA%B0%95%EB%A0%B9%ED%83%88%EC%B6%A4%20%EC%84%9C%EC%9A%B8%ED%8A%B9%EB%B3%84%EC%8B%9C
서울특별시		조선왕조궁중음식	서울특별시	국가무형유산	37.56661	126.978388	https://map.naver.com/p/search/%EC%A1%B0%EC%84%A0%EC%99%95%EC%A1%B0%EA%B6%81%EC%A4%91%EC%9D%8C%EC%8B%9D%20%EC%84%9C%EC%9A%B8%ED%8A%B9%EB%B3%84%EC%8B%9C
서울특별시		처용무	서울특별시	국가무형유산	37.56661	126.978388	https://map.naver.com/p/search/%EC%B2%98%EC%9A%A9%EB%AC%B4%20%EC%84%9C%EC%9A%B8%ED%8A%B9%EB%B3%84%EC%8B%9C
서울특별시		학연화대합설무	서울특별시	국가무형유산	37.56661	126.978388	https://map.naver.com/p/search/%ED%95%99%EC%97%B0%ED%99%94%EB%8C%80%ED%95%A9%EC%84%A4%EB%AC%B4%20%EC%84%9C%EC%9A%B8%ED%8A%B9%EB%B3%84%EC%8B%9C
서울특별시		가사	서울특별시	국가무형유산	37.56661	126.978388	https://map.naver.com/p/search/%EA%B0%80%EC%82%AC%20%EC%84%9C%EC%9A%B8%ED%8A%B9%EB%B3%84%EC%8B%9C
서울특별시		대금산조	서울특별시	국가무형유산	37.56661	126.978388	https://map.naver.com/p/search/%EB%8C%80%EA%B8%88%EC%82%B0%EC%A1%B0%20%EC%84%9C%EC%9A%B8%ED%8A%B9%EB%B3%84%EC%8B%9C
서울특별시		피리정악 및 대취타	서울특별시	국가무형유산	37.56661	126.978388	https://map.naver.com/p/search/%ED%94%BC%EB%A6%AC%EC%A0%95%EC%95%85%20%EB%B0%8F%20%EB%8C%80%EC%B7%A8%ED%83%80%20%EC%84%9C%EC%9A%B8%ED%8A%B9%EB%B3%84%EC%8B%9C
서울특별시		송파산대놀이	서울특별시 송파구	국가무형유산	37.514564	127.105919	https://map.naver.com/p/search/%EC%86%A1%ED%8C%8C%EC%82%B0%EB%8C%80%EB%86%80%EC%9D%B4%20%EC%84%9C%EC%9A%B8%ED%8A%B9%EB%B3%84%EC%8B%9C%20%EC%86%A1%ED%8C%8C%EA%B5%AC
서울특별시		영산재	서울특별시 서대문구	국가무형유산	37.579225	126.9368	https://map.naver.com/p/search/%EC%98%81%EC%82%B0%EC%9E%AC%20%EC%84%9C%EC%9A%B8%ED%8A%B9%EB%B3%84%EC%8B%9C%20%EC%84%9C%EB%8C%80%EB%AC%B8%EA%B5%AC
서울특별시		종묘제례	서울특별시 종로구	국가무형유산	37.573521	126.978835	https://map.naver.com/p/search/%EC%A2%85%EB%AC%98%EC%A0%9C%EB%A1%80%20%EC%84%9C%EC%9A%B8%ED%8A%B9%EB%B3%84%EC%8B%9C%20%EC%A2%85%EB%A1%9C%EA%B5%AC
서울특별시		입사장	서울특별시	국가무형유산	37.56661	126.978388	https://map.naver.com/p/search/%EC%9E%85%EC%82%AC%EC%9E%A5%20%EC%84%9C%EC%9A%B8%ED%8A%B9%EB%B3%84%EC%8B%9C
서울특별시		석전대제	서울특별시 종로구	국가무형유산	37.573521	126.978835	https://map.naver.com/p/search/%EC%84%9D%EC%A0%84%EB%8C%80%EC%A0%9C%20%EC%84%9C%EC%9A%B8%ED%8A%B9%EB%B3%84%EC%8B%9C%20%EC%A2%85%EB%A1%9C%EA%B5%AC
서울특별시		서울 새남굿	서울특별시	국가무형유산	37.56661	126.978388	https://map.naver.com/p/search/%EC%84%9C%EC%9A%B8%20%EC%83%88%EB%82%A8%EA%B5%BF%20%EC%84%9C%EC%9A%B8%ED%8A%B9%EB%B3%84%EC%8B%9C
서울특별시		각자장	서울특별시	국가무형유산	37.56661	126.978388	https://map.naver.com/p/search/%EA%B0%81%EC%9E%90%EC%9E%A5%20%EC%84%9C%EC%9A%B8%ED%8A%B9%EB%B3%84%EC%8B%9C
서울특별시		사직대제	서울특별시 종로구	국가무형유산	37.573521	126.978835	https://map.naver.com/p/search/%EC%82%AC%EC%A7%81%EB%8C%80%EC%A0%9C%20%EC%84%9C%EC%9A%B8%ED%8A%B9%EB%B3%84%EC%8B%9C%20%EC%A2%85%EB%A1%9C%EA%B5%AC
서울특별시		화혜장	서울특별시	국가무형유산	37.56661	126.978388	https://map.naver.com/p/search/%ED%99%94%ED%98%9C%EC%9E%A5%20%EC%84%9C%EC%9A%B8%ED%8A%B9%EB%B3%84%EC%8B%9C
서울특별시		금박장	서울특별시	국가무형유산	37.56661	126.978388	https://map.naver.com/p/search/%EA%B8%88%EB%B0%95%EC%9E%A5%20%EC%84%9C%EC%9A%B8%ED%8A%B9%EB%B3%84%EC%8B%9C
서울특별시		번와장	서울특별시	국가무형유산	37.56661	126.978388	https://map.naver.com/p/search/%EB%B2%88%EC%99%80%EC%9E%A5%20%EC%84%9C%EC%9A%B8%ED%8A%B9%EB%B3%84%EC%8B%9C
서울특별시		연등회	서울특별시 종로구	국가무형유산	37.573521	126.978835	https://map.naver.com/p/search/%EC%97%B0%EB%93%B1%ED%9A%8C%20%EC%84%9C%EC%9A%B8%ED%8A%B9%EB%B3%84%EC%8B%9C%20%EC%A2%85%EB%A1%9C%EA%B5%AC
서울특별시		진관사 수륙재	서울특별시 은평구	국가무형유산	37.602784	126.929164	https://map.naver.com/p/search/%EC%A7%84%EA%B4%80%EC%82%AC%20%EC%88%98%EB%A5%99%EC%9E%AC%20%EC%84%9C%EC%9A%B8%ED%8A%B9%EB%B3%84%EC%8B%9C%20%EC%9D%80%ED%8F%89%EA%B5%AC
서울특별시		불복장작법	서울특별시	국가무형유산	37.56661	126.978388	https://map.naver.com/p/search/%EB%B6%88%EB%B3%B5%EC%9E%A5%EC%9E%91%EB%B2%95%20%EC%84%9C%EC%9A%B8%ED%8A%B9%EB%B3%84%EC%8B%9C
종로구		정와선생문집 목판	서울특별시 종로구 새문안로 55	유형문화유산	37.570761	126.968834	https://map.naver.com/p/search/%EC%A0%95%EC%99%80%EC%84%A0%EC%83%9D%EB%AC%B8%EC%A7%91%20%EB%AA%A9%ED%8C%90%20%EC%84%9C%EC%9A%B8%ED%8A%B9%EB%B3%84%EC%8B%9C%20%EC%A2%85%EB%A1%9C%EA%B5%AC%20%EC%83%88%EB%AC%B8%EC%95%88%EB%A1%9C%2055
마포구	공덕동	분청사기 선각박지 모란절지문 호	서울특별시 마포구 만리재옛길 23 (공덕동)	유형문화유산	37.54628	126.955375	https://map.naver.com/p/search/%EB%B6%84%EC%B2%AD%EC%82%AC%EA%B8%B0%20%EC%84%A0%EA%B0%81%EB%B0%95%EC%A7%80%20%EB%AA%A8%EB%9E%80%EC%A0%88%EC%A7%80%EB%AC%B8%20%ED%98%B8%20%EC%84%9C%EC%9A%B8%ED%8A%B9%EB%B3%84%EC%8B%9C%20%EB%A7%88%ED%8F%AC%EA%B5%AC%20%EB%A7%8C%EB%A6%AC%EC%9E%AC%EC%98%9B%EA%B8%B8%2023%20%28%EA%B3%B5%EB%8D%95%EB%8F%99%29
종로구	명륜3가	위정공간록	서울특별시 종로구 성균관로 25-2 (명륜3가) 성균관대학교 동아시아학술원 존경각	유형문화유산	37.588398	126.992219	https://map.naver.com/p/search/%EC%9C%84%EC%A0%95%EA%B3%B5%EA%B0%84%EB%A1%9D%20%EC%84%9C%EC%9A%B8%ED%8A%B9%EB%B3%84%EC%8B%9C%20%EC%A2%85%EB%A1%9C%EA%B5%AC%20%EC%84%B1%EA%B7%A0%EA%B4%80%EB%A1%9C%2025-2%20%28%EB%AA%85%EB%A5%9C3%EA%B0%80%29%20%EC%84%B1%EA%B7%A0%EA%B4%80%EB%8C%80%ED%95%99%EA%B5%90%20%EB%8F%99%EC%95%84%EC%8B%9C%EC%95%84%ED%95%99%EC%88%A0%EC%9B%90%20%EC%A1%B4%EA%B2%BD%EA%B0%81
종로구	신문로2가	양금신보	서울특별시 종로구 새문안로 55 (신문로2가) 서울역사박물관	유형문화유산	37.570761	126.968834	https://map.naver.com/p/search/%EC%96%91%EA%B8%88%EC%8B%A0%EB%B3%B4%20%EC%84%9C%EC%9A%B8%ED%8A%B9%EB%B3%84%EC%8B%9C%20%EC%A2%85%EB%A1%9C%EA%B5%AC%20%EC%83%88%EB%AC%B8%EC%95%88%EB%A1%9C%2055%20%28%EC%8B%A0%EB%AC%B8%EB%A1%9C2%EA%B0%80%29%20%EC%84%9C%EC%9A%B8%EC%97%AD%EC%82%AC%EB%B0%95%EB%AC%BC%EA%B4%80
종로구	명륜3가	문선	서울특별시 종로구 성균관로 25-2 (명륜3가) 성균관대학교 동아시아학술원 존경각	유형문화유산	37.588398	126.992219	https://map.naver.com/p/search/%EB%AC%B8%EC%84%A0%20%EC%84%9C%EC%9A%B8%ED%8A%B9%EB%B3%84%EC%8B%9C%20%EC%A2%85%EB%A1%9C%EA%B5%AC%20%EC%84%B1%EA%B7%A0%EA%B4%80%EB%A1%9C%2025-2%20%28%EB%AA%85%EB%A5%9C3%EA%B0%80%29%20%EC%84%B1%EA%B7%A0%EA%B4%80%EB%8C%80%ED%95%99%EA%B5%90%20%EB%8F%99%EC%95%84%EC%8B%9C%EC%95%84%ED%95%99%EC%88%A0%EC%9B%90%20%EC%A1%B4%EA%B2%BD%EA%B0%81
종로구	평창동	감지금니섭대승론석론권제3	서울특별시 종로구 평창30길 28 (평창동) 가나아트센터	유형문화유산	37.612236	126.97519	https://map.naver.com/p/search/%EA%B0%90%EC%A7%80%EA%B8%88%EB%8B%88%EC%84%AD%EB%8C%80%EC%8A%B9%EB%A1%A0%EC%84%9D%EB%A1%A0%EA%B6%8C%EC%A0%9C3%20%EC%84%9C%EC%9A%B8%ED%8A%B9%EB%B3%84%EC%8B%9C%20%EC%A2%85%EB%A1%9C%EA%B5%AC%20%ED%8F%89%EC%B0%BD30%EA%B8%B8%2028%20%28%ED%8F%89%EC%B0%BD%EB%8F%99%29%20%EA%B0%80%EB%82%98%EC%95%84%ED%8A%B8%EC%84%BC%ED%84%B0
강북구	수유동	강북 삼성암 산신도	서울특별시 강북구 인수봉로23길 235 (수유동) 삼성암 삼성각	유형문화유산	37.63065	127.003027	https://map.naver.com/p/search/%EA%B0%95%EB%B6%81%20%EC%82%BC%EC%84%B1%EC%95%94%20%EC%82%B0%EC%8B%A0%EB%8F%84%20%EC%84%9C%EC%9A%B8%ED%8A%B9%EB%B3%84%EC%8B%9C%20%EA%B0%95%EB%B6%81%EA%B5%AC%20%EC%9D%B8%EC%88%98%EB%B4%89%EB%A1%9C23%EA%B8%B8%20235%20%28%EC%88%98%EC%9C%A0%EB%8F%99%29%20%EC%82%BC%EC%84%B1%EC%95%94%20%EC%82%BC%EC%84%B1%EA%B0%81
마포구	공덕동	청자 상감 파어문 매병	서울특별시 마포구 만리재옛길 23 (공덕동) (재)금성문화재단	유형문화유산	37.54628	126.955375	https://map.naver.com/p/search/%EC%B2%AD%EC%9E%90%20%EC%83%81%EA%B0%90%20%ED%8C%8C%EC%96%B4%EB%AC%B8%20%EB%A7%A4%EB%B3%91%20%EC%84%9C%EC%9A%B8%ED%8A%B9%EB%B3%84%EC%8B%9C%20%EB%A7%88%ED%8F%AC%EA%B5%AC%20%EB%A7%8C%EB%A6%AC%EC%9E%AC%EC%98%9B%EA%B8%B8%2023%20%28%EA%B3%B5%EB%8D%95%EB%8F%99%29%20%28%EC%9E%AC%29%EA%B8%88%EC%84%B1%EB%AC%B8%ED%99%94%EC%9E%AC%EB%8B%A8
종로구	안국동	김광균 굴레	서울특별시 종로구 율곡로3길 4 (안국동) 서울공예박물관	유형문화유산	37.576859	126.983587	https://map.naver.com/p/search/%EA%B9%80%EA%B4%91%EA%B7%A0%20%EA%B5%B4%EB%A0%88%20%EC%84%9C%EC%9A%B8%ED%8A%B9%EB%B3%84%EC%8B%9C%20%EC%A2%85%EB%A1%9C%EA%B5%AC%20%EC%9C%A8%EA%B3%A1%EB%A1%9C3%EA%B8%B8%204%20%28%EC%95%88%EA%B5%AD%EB%8F%99%29%20%EC%84%9C%EC%9A%B8%EA%B3%B5%EC%98%88%EB%B0%95%EB%AC%BC%EA%B4%80
종로구	종로63가|숭인동	묘각사 아미타삼존도불감	서울특별시 종로구 종로63가길 31 (숭인동) 묘각사	유형문화유산	37.575504	127.018766	https://map.naver.com/p/search/%EB%AC%98%EA%B0%81%EC%82%AC%20%EC%95%84%EB%AF%B8%ED%83%80%EC%82%BC%EC%A1%B4%EB%8F%84%EB%B6%88%EA%B0%90%20%EC%84%9C%EC%9A%B8%ED%8A%B9%EB%B3%84%EC%8B%9C%20%EC%A2%85%EB%A1%9C%EA%B5%AC%20%EC%A2%85%EB%A1%9C63%EA%B0%80%EA%B8%B8%2031%20%28%EC%88%AD%EC%9D%B8%EB%8F%99%29%20%EB%AC%98%EA%B0%81%EC%82%AC
노원구	중계동	노원 정암사 석조석가여래좌상	서울특별시 노원구 덕릉로94길 127 (중계동) 정암사	유형문화유산	37.661842	127.085183	https://map.naver.com/p/search/%EB%85%B8%EC%9B%90%20%EC%A0%95%EC%95%94%EC%82%AC%20%EC%84%9D%EC%A1%B0%EC%84%9D%EA%B0%80%EC%97%AC%EB%9E%98%EC%A2%8C%EC%83%81%20%EC%84%9C%EC%9A%B8%ED%8A%B9%EB%B3%84%EC%8B%9C%20%EB%85%B8%EC%9B%90%EA%B5%AC%20%EB%8D%95%EB%A6%89%EB%A1%9C94%EA%B8%B8%20127%20%28%EC%A4%91%EA%B3%84%EB%8F%99%29%20%EC%A0%95%EC%95%94%EC%82%AC
마포구	공덕동	청자 양인각 연지동자문 완	서울특별시 마포구 만리재옛길 23 (공덕동)	유형문화유산	37.54628	126.955375	https://map.naver.com/p/search/%EC%B2%AD%EC%9E%90%20%EC%96%91%EC%9D%B8%EA%B0%81%20%EC%97%B0%EC%A7%80%EB%8F%99%EC%9E%90%EB%AC%B8%20%EC%99%84%20%EC%84%9C%EC%9A%B8%ED%8A%B9%EB%B3%84%EC%8B%9C%20%EB%A7%88%ED%8F%AC%EA%B5%AC%20%EB%A7%8C%EB%A6%AC%EC%9E%AC%EC%98%9B%EA%B8%B8%2023%20%28%EA%B3%B5%EB%8D%95%EB%8F%99%29
종로구	명륜3가	완영일록	서울특별시 종로구 성균관로 25-2 (명륜3가) 성균관대학교 동아시아학술원 존경각	유형문화유산	37.588398	126.992219	https://map.naver.com/p/search/%EC%99%84%EC%98%81%EC%9D%BC%EB%A1%9D%20%EC%84%9C%EC%9A%B8%ED%8A%B9%EB%B3%84%EC%8B%9C%20%EC%A2%85%EB%A1%9C%EA%B5%AC%20%EC%84%B1%EA%B7%A0%EA%B4%80%EB%A1%9C%2025-2%20%28%EB%AA%85%EB%A5%9C3%EA%B0%80%29%20%EC%84%B1%EA%B7%A0%EA%B4%80%EB%8C%80%ED%95%99%EA%B5%90%20%EB%8F%99%EC%95%84%EC%8B%9C%EC%95%84%ED%95%99%EC%88%A0%EC%9B%90%20%EC%A1%B4%EA%B2%BD%EA%B0%81
종로구	안국동	채용신 필 오계엽 초상	서울특별시 종로구 율곡로3길 4 (안국동) 서울공예박물관	유형문화유산	37.576859	126.983587	https://map.naver.com/p/search/%EC%B1%84%EC%9A%A9%EC%8B%A0%20%ED%95%84%20%EC%98%A4%EA%B3%84%EC%97%BD%20%EC%B4%88%EC%83%81%20%EC%84%9C%EC%9A%B8%ED%8A%B9%EB%B3%84%EC%8B%9C%20%EC%A2%85%EB%A1%9C%EA%B5%AC%20%EC%9C%A8%EA%B3%A1%EB%A1%9C3%EA%B8%B8%204%20%28%EC%95%88%EA%B5%AD%EB%8F%99%29%20%EC%84%9C%EC%9A%B8%EA%B3%B5%EC%98%88%EB%B0%95%EB%AC%BC%EA%B4%80
종로구	평창동	제주십이경도	서울특별시 종로구 평창30길 28 (평창동) 가나아트센터	유형문화유산	37.612236	126.97519	https://map.naver.com/p/search/%EC%A0%9C%EC%A3%BC%EC%8B%AD%EC%9D%B4%EA%B2%BD%EB%8F%84%20%EC%84%9C%EC%9A%B8%ED%8A%B9%EB%B3%84%EC%8B%9C%20%EC%A2%85%EB%A1%9C%EA%B5%AC%20%ED%8F%89%EC%B0%BD30%EA%B8%B8%2028%20%28%ED%8F%89%EC%B0%BD%EB%8F%99%29%20%EA%B0%80%EB%82%98%EC%95%84%ED%8A%B8%EC%84%BC%ED%84%B0
서초구	원지동	서초 관현사 목조관음보살좌상	서울특별시 서초구 청계산로 332-38 (원지동) 관현사 극락보전	유형문화유산	37.435851	127.05952	https://map.naver.com/p/search/%EC%84%9C%EC%B4%88%20%EA%B4%80%ED%98%84%EC%82%AC%20%EB%AA%A9%EC%A1%B0%EA%B4%80%EC%9D%8C%EB%B3%B4%EC%82%B4%EC%A2%8C%EC%83%81%20%EC%84%9C%EC%9A%B8%ED%8A%B9%EB%B3%84%EC%8B%9C%20%EC%84%9C%EC%B4%88%EA%B5%AC%20%EC%B2%AD%EA%B3%84%EC%82%B0%EB%A1%9C%20332-38%20%28%EC%9B%90%EC%A7%80%EB%8F%99%29%20%EA%B4%80%ED%98%84%EC%82%AC%20%EA%B7%B9%EB%9D%BD%EB%B3%B4%EC%A0%84
서초구	서초동	악학궤범	서울특별시 서초구 남부순환로 2364 (서초동) 국립국악원 국악박물관	유형문화유산	37.478363	127.00908	https://map.naver.com/p/search/%EC%95%85%ED%95%99%EA%B6%A4%EB%B2%94%20%EC%84%9C%EC%9A%B8%ED%8A%B9%EB%B3%84%EC%8B%9C%20%EC%84%9C%EC%B4%88%EA%B5%AC%20%EB%82%A8%EB%B6%80%EC%88%9C%ED%99%98%EB%A1%9C%202364%20%28%EC%84%9C%EC%B4%88%EB%8F%99%29%20%EA%B5%AD%EB%A6%BD%EA%B5%AD%EC%95%85%EC%9B%90%20%EA%B5%AD%EC%95%85%EB%B0%95%EB%AC%BC%EA%B4%80
종로구	사직동	소문사설	서울특별시 종로구 사직로9길 15-14 (사직동) 서울특별시교육청 종로도서관	유형문화유산	37.575945	126.967276	https://map.naver.com/p/search/%EC%86%8C%EB%AC%B8%EC%82%AC%EC%84%A4%20%EC%84%9C%EC%9A%B8%ED%8A%B9%EB%B3%84%EC%8B%9C%20%EC%A2%85%EB%A1%9C%EA%B5%AC%20%EC%82%AC%EC%A7%81%EB%A1%9C9%EA%B8%B8%2015-14%20%28%EC%82%AC%EC%A7%81%EB%8F%99%29%20%EC%84%9C%EC%9A%B8%ED%8A%B9%EB%B3%84%EC%8B%9C%EA%B5%90%EC%9C%A1%EC%B2%AD%20%EC%A2%85%EB%A1%9C%EB%8F%84%EC%84%9C%EA%B4%80
종로구	운니동	김홍도 필 송석원시사야연도 및 이인문 필 송석원시회도	서울특별시 종로구 삼일대로 470 (운니동)	유형문화유산	37.576677	126.987006	https://map.naver.com/p/search/%EA%B9%80%ED%99%8D%EB%8F%84%20%ED%95%84%20%EC%86%A1%EC%84%9D%EC%9B%90%EC%8B%9C%EC%82%AC%EC%95%BC%EC%97%B0%EB%8F%84%20%EB%B0%8F%20%EC%9D%B4%EC%9D%B8%EB%AC%B8%20%ED%95%84%20%EC%86%A1%EC%84%9D%EC%9B%90%EC%8B%9C%ED%9A%8C%EB%8F%84%20%EC%84%9C%EC%9A%B8%ED%8A%B9%EB%B3%84%EC%8B%9C%20%EC%A2%85%EB%A1%9C%EA%B5%AC%20%EC%82%BC%EC%9D%BC%EB%8C%80%EB%A1%9C%20470%20%28%EC%9A%B4%EB%8B%88%EB%8F%99%29
종로구	서초동	진재해 필 조문명 초상	서울특별시 서초구 서초중앙로 188 (서초동, 아크로비스타) C동 2307호	유형문화유산	37.49867	127.0130325	https://map.naver.com/p/search/%EC%A7%84%EC%9E%AC%ED%95%B4%20%ED%95%84%20%EC%A1%B0%EB%AC%B8%EB%AA%85%20%EC%B4%88%EC%83%81%20%EC%84%9C%EC%9A%B8%ED%8A%B9%EB%B3%84%EC%8B%9C%20%EC%84%9C%EC%B4%88%EA%B5%AC%20%EC%84%9C%EC%B4%88%EC%A4%91%EC%95%99%EB%A1%9C%20188%20%28%EC%84%9C%EC%B4%88%EB%8F%99%2C%20%EC%95%84%ED%81%AC%EB%A1%9C%EB%B9%84%EC%8A%A4%ED%83%80%29%20C%EB%8F%99%202307%ED%98%B8
종로구	명륜3가	만력을유 사마방목	서울특별시 종로구 성균관로 25-2 (명륜3가) 성균관대학교 동아시아학술원 존경각	유형문화유산	37.588398	126.992219	https://map.naver.com/p/search/%EB%A7%8C%EB%A0%A5%EC%9D%84%EC%9C%A0%20%EC%82%AC%EB%A7%88%EB%B0%A9%EB%AA%A9%20%EC%84%9C%EC%9A%B8%ED%8A%B9%EB%B3%84%EC%8B%9C%20%EC%A2%85%EB%A1%9C%EA%B5%AC%20%EC%84%B1%EA%B7%A0%EA%B4%80%EB%A1%9C%2025-2%20%28%EB%AA%85%EB%A5%9C3%EA%B0%80%29%20%EC%84%B1%EA%B7%A0%EA%B4%80%EB%8C%80%ED%95%99%EA%B5%90%20%EB%8F%99%EC%95%84%EC%8B%9C%EC%95%84%ED%95%99%EC%88%A0%EC%9B%90%20%EC%A1%B4%EA%B2%BD%EA%B0%81
종로구	명륜3가	만력기축 종계증광 사마방목	서울특별시 종로구 성균관로 25-2 (명륜3가) 성균관대학교 동아시아학술원 존경각	유형문화유산	37.588398	126.992219	https://map.naver.com/p/search/%EB%A7%8C%EB%A0%A5%EA%B8%B0%EC%B6%95%20%EC%A2%85%EA%B3%84%EC%A6%9D%EA%B4%91%20%EC%82%AC%EB%A7%88%EB%B0%A9%EB%AA%A9%20%EC%84%9C%EC%9A%B8%ED%8A%B9%EB%B3%84%EC%8B%9C%20%EC%A2%85%EB%A1%9C%EA%B5%AC%20%EC%84%B1%EA%B7%A0%EA%B4%80%EB%A1%9C%2025-2%20%28%EB%AA%85%EB%A5%9C3%EA%B0%80%29%20%EC%84%B1%EA%B7%A0%EA%B4%80%EB%8C%80%ED%95%99%EA%B5%90%20%EB%8F%99%EC%95%84%EC%8B%9C%EC%95%84%ED%95%99%EC%88%A0%EC%9B%90%20%EC%A1%B4%EA%B2%BD%EA%B0%81
종로구	명륜3가	황여일 사초	서울특별시 종로구 성균관로 25-2 (명륜3가) 성균관대학교 동아시아학술원 존경각	유형문화유산	37.588398	126.992219	https://map.naver.com/p/search/%ED%99%A9%EC%97%AC%EC%9D%BC%20%EC%82%AC%EC%B4%88%20%EC%84%9C%EC%9A%B8%ED%8A%B9%EB%B3%84%EC%8B%9C%20%EC%A2%85%EB%A1%9C%EA%B5%AC%20%EC%84%B1%EA%B7%A0%EA%B4%80%EB%A1%9C%2025-2%20%28%EB%AA%85%EB%A5%9C3%EA%B0%80%29%20%EC%84%B1%EA%B7%A0%EA%B4%80%EB%8C%80%ED%95%99%EA%B5%90%20%EB%8F%99%EC%95%84%EC%8B%9C%EC%95%84%ED%95%99%EC%88%A0%EC%9B%90%20%EC%A1%B4%EA%B2%BD%EA%B0%81
동대문구		청량사 대웅전 신중도	서울특별시 동대문구 제기로31길 10-3 청량사	문화유산자료	37.588159	127.047377	https://map.naver.com/p/search/%EC%B2%AD%EB%9F%89%EC%82%AC%20%EB%8C%80%EC%9B%85%EC%A0%84%20%EC%8B%A0%EC%A4%91%EB%8F%84%20%EC%84%9C%EC%9A%B8%ED%8A%B9%EB%B3%84%EC%8B%9C%20%EB%8F%99%EB%8C%80%EB%AC%B8%EA%B5%AC%20%EC%A0%9C%EA%B8%B0%EB%A1%9C31%EA%B8%B8%2010-3%20%EC%B2%AD%EB%9F%89%EC%82%AC
종로구		노걸대신석언해	서울특별시 종로구 새문안로 55	유형문화유산	37.570761	126.968834	https://map.naver.com/p/search/%EB%85%B8%EA%B1%B8%EB%8C%80%EC%8B%A0%EC%84%9D%EC%96%B8%ED%95%B4%20%EC%84%9C%EC%9A%B8%ED%8A%B9%EB%B3%84%EC%8B%9C%20%EC%A2%85%EB%A1%9C%EA%B5%AC%20%EC%83%88%EB%AC%B8%EC%95%88%EB%A1%9C%2055
종로구		유설경학대장	서울특별시 종로구 성균관로 25-2 성균관대학교	보물	37.588398	126.992219	https://map.naver.com/p/search/%EC%9C%A0%EC%84%A4%EA%B2%BD%ED%95%99%EB%8C%80%EC%9E%A5%20%EC%84%9C%EC%9A%B8%ED%8A%B9%EB%B3%84%EC%8B%9C%20%EC%A2%85%EB%A1%9C%EA%B5%AC%20%EC%84%B1%EA%B7%A0%EA%B4%80%EB%A1%9C%2025-2%20%EC%84%B1%EA%B7%A0%EA%B4%80%EB%8C%80%ED%95%99%EA%B5%90
동대문구		청량사 대웅전 아미타불회도	서울특별시 동대문구 제기로31길 10-3 청량사	문화유산자료	37.588238	127.047069	https://map.naver.com/p/search/%EC%B2%AD%EB%9F%89%EC%82%AC%20%EB%8C%80%EC%9B%85%EC%A0%84%20%EC%95%84%EB%AF%B8%ED%83%80%EB%B6%88%ED%9A%8C%EB%8F%84%20%EC%84%9C%EC%9A%B8%ED%8A%B9%EB%B3%84%EC%8B%9C%20%EB%8F%99%EB%8C%80%EB%AC%B8%EA%B5%AC%20%EC%A0%9C%EA%B8%B0%EB%A1%9C31%EA%B8%B8%2010-3%20%EC%B2%AD%EB%9F%89%EC%82%AC
동대문구		청량사 대웅전 칠성도	서울특별시 동대문구 제기로31길 10-3 청량사	문화유산자료	37.588159	127.047377	https://map.naver.com/p/search/%EC%B2%AD%EB%9F%89%EC%82%AC%20%EB%8C%80%EC%9B%85%EC%A0%84%20%EC%B9%A0%EC%84%B1%EB%8F%84%20%EC%84%9C%EC%9A%B8%ED%8A%B9%EB%B3%84%EC%8B%9C%20%EB%8F%99%EB%8C%80%EB%AC%B8%EA%B5%AC%20%EC%A0%9C%EA%B8%B0%EB%A1%9C31%EA%B8%B8%2010-3%20%EC%B2%AD%EB%9F%89%EC%82%AC
종로구		낙촌선생문집 목판, 귀암선생문집 목판, 정재선생문집 목판	서울특별시 종로구 새문안로 55	유형문화유산	37.570761	126.968834	https://map.naver.com/p/search/%EB%82%99%EC%B4%8C%EC%84%A0%EC%83%9D%EB%AC%B8%EC%A7%91%20%EB%AA%A9%ED%8C%90%2C%20%EA%B7%80%EC%95%94%EC%84%A0%EC%83%9D%EB%AC%B8%EC%A7%91%20%EB%AA%A9%ED%8C%90%2C%20%EC%A0%95%EC%9E%AC%EC%84%A0%EC%83%9D%EB%AC%B8%EC%A7%91%20%EB%AA%A9%ED%8C%90%20%EC%84%9C%EC%9A%B8%ED%8A%B9%EB%B3%84%EC%8B%9C%20%EC%A2%85%EB%A1%9C%EA%B5%AC%20%EC%83%88%EB%AC%B8%EC%95%88%EB%A1%9C%2055
서대문구	홍은동	백련사 비로자나삼신괘불도 및 괘불궤	서울특별시 서대문구 백련사길 170-72 (홍은동)	유형문화유산	37.570761	126.968834	https://map.naver.com/p/search/%EB%B0%B1%EB%A0%A8%EC%82%AC%20%EB%B9%84%EB%A1%9C%EC%9E%90%EB%82%98%EC%82%BC%EC%8B%A0%EA%B4%98%EB%B6%88%EB%8F%84%20%EB%B0%8F%20%EA%B4%98%EB%B6%88%EA%B6%A4%20%EC%84%9C%EC%9A%B8%ED%8A%B9%EB%B3%84%EC%8B%9C%20%EC%84%9C%EB%8C%80%EB%AC%B8%EA%B5%AC%20%EB%B0%B1%EB%A0%A8%EC%82%AC%EA%B8%B8%20170-72%20%28%ED%99%8D%EC%9D%80%EB%8F%99%29
동대문구		청량사 대웅전 산신도	서울특별시 동대문구 제기로31길 10-3 청량사	문화유산자료	37.588159	127.047377	https://map.naver.com/p/search/%EC%B2%AD%EB%9F%89%EC%82%AC%20%EB%8C%80%EC%9B%85%EC%A0%84%20%EC%82%B0%EC%8B%A0%EB%8F%84%20%EC%84%9C%EC%9A%B8%ED%8A%B9%EB%B3%84%EC%8B%9C%20%EB%8F%99%EB%8C%80%EB%AC%B8%EA%B5%AC%20%EC%A0%9C%EA%B8%B0%EB%A1%9C31%EA%B8%B8%2010-3%20%EC%B2%AD%EB%9F%89%EC%82%AC
종로구		기사계첩 및 함	서울특별시 종로구	국보	37.573521	126.978834	https://map.naver.com/p/search/%EA%B8%B0%EC%82%AC%EA%B3%84%EC%B2%A9%20%EB%B0%8F%20%ED%95%A8%20%EC%84%9C%EC%9A%B8%ED%8A%B9%EB%B3%84%EC%8B%9C%20%EC%A2%85%EB%A1%9C%EA%B5%AC
서초구	반포동	삼봉선생집 권7	서울특별시 서초구 반포대로 201 (반포동) 국립중앙도서관	보물	37.4974015	127.0033927	https://map.naver.com/p/search/%EC%82%BC%EB%B4%89%EC%84%A0%EC%83%9D%EC%A7%91%20%EA%B6%8C7%20%EC%84%9C%EC%9A%B8%ED%8A%B9%EB%B3%84%EC%8B%9C%20%EC%84%9C%EC%B4%88%EA%B5%AC%20%EB%B0%98%ED%8F%AC%EB%8C%80%EB%A1%9C%20201%20%28%EB%B0%98%ED%8F%AC%EB%8F%99%29%20%EA%B5%AD%EB%A6%BD%EC%A4%91%EC%95%99%EB%8F%84%EC%84%9C%EA%B4%80
노원구	공릉동	어사고풍(1792년)	서울특별시 노원구 화랑로 574 (공릉동)	유형문화유산	37.6272436	127.1033264	https://map.naver.com/p/search/%EC%96%B4%EC%82%AC%EA%B3%A0%ED%92%8D%281792%EB%85%84%29%20%EC%84%9C%EC%9A%B8%ED%8A%B9%EB%B3%84%EC%8B%9C%20%EB%85%B8%EC%9B%90%EA%B5%AC%20%ED%99%94%EB%9E%91%EB%A1%9C%20574%20%28%EA%B3%B5%EB%A6%89%EB%8F%99%29
종로구	안국동	행구성군수 오일영 자수 만민송덕 병풍	서울특별시 종로구 율곡로3길 4 (안국동) 서울공예박물관	유형문화유산	37.5768586	126.983587	https://map.naver.com/p/search/%ED%96%89%EA%B5%AC%EC%84%B1%EA%B5%B0%EC%88%98%20%EC%98%A4%EC%9D%BC%EC%98%81%20%EC%9E%90%EC%88%98%20%EB%A7%8C%EB%AF%BC%EC%86%A1%EB%8D%95%20%EB%B3%91%ED%92%8D%20%EC%84%9C%EC%9A%B8%ED%8A%B9%EB%B3%84%EC%8B%9C%20%EC%A2%85%EB%A1%9C%EA%B5%AC%20%EC%9C%A8%EA%B3%A1%EB%A1%9C3%EA%B8%B8%204%20%28%EC%95%88%EA%B5%AD%EB%8F%99%29%20%EC%84%9C%EC%9A%B8%EA%B3%B5%EC%98%88%EB%B0%95%EB%AC%BC%EA%B4%80
종로구	신문로2가	근정전 정시도 및 연구시 병풍	서울특별시 종로구 새문안로 55 (신문로2가) 서울역사박물관	보물	37.5707611	126.9688343	https://map.naver.com/p/search/%EA%B7%BC%EC%A0%95%EC%A0%84%20%EC%A0%95%EC%8B%9C%EB%8F%84%20%EB%B0%8F%20%EC%97%B0%EA%B5%AC%EC%8B%9C%20%EB%B3%91%ED%92%8D%20%EC%84%9C%EC%9A%B8%ED%8A%B9%EB%B3%84%EC%8B%9C%20%EC%A2%85%EB%A1%9C%EA%B5%AC%20%EC%83%88%EB%AC%B8%EC%95%88%EB%A1%9C%2055%20%28%EC%8B%A0%EB%AC%B8%EB%A1%9C2%EA%B0%80%29%20%EC%84%9C%EC%9A%B8%EC%97%AD%EC%82%AC%EB%B0%95%EB%AC%BC%EA%B4%80
서초구	반포동	동국이상국전집 권18?22, 31?41	서울특별시 서초구 반포대로 201 (반포동) 국립중앙도서관	보물	37.4974015	127.0033927	https://map.naver.com/p/search/%EB%8F%99%EA%B5%AD%EC%9D%B4%EC%83%81%EA%B5%AD%EC%A0%84%EC%A7%91%20%EA%B6%8C18%3F22%2C%2031%3F41%20%EC%84%9C%EC%9A%B8%ED%8A%B9%EB%B3%84%EC%8B%9C%20%EC%84%9C%EC%B4%88%EA%B5%AC%20%EB%B0%98%ED%8F%AC%EB%8C%80%EB%A1%9C%20201%20%28%EB%B0%98%ED%8F%AC%EB%8F%99%29%20%EA%B5%AD%EB%A6%BD%EC%A4%91%EC%95%99%EB%8F%84%EC%84%9C%EA%B4%80
서초구	반포동	상교정본자비도량참법	서울특별시 서초구 반포대로 201 (반포동) 국립중앙도서관	보물	37.4974015	127.0033927	https://map.naver.com/p/search/%EC%83%81%EA%B5%90%EC%A0%95%EB%B3%B8%EC%9E%90%EB%B9%84%EB%8F%84%EB%9F%89%EC%B0%B8%EB%B2%95%20%EC%84%9C%EC%9A%B8%ED%8A%B9%EB%B3%84%EC%8B%9C%20%EC%84%9C%EC%B4%88%EA%B5%AC%20%EB%B0%98%ED%8F%AC%EB%8C%80%EB%A1%9C%20201%20%28%EB%B0%98%ED%8F%AC%EB%8F%99%29%20%EA%B5%AD%EB%A6%BD%EC%A4%91%EC%95%99%EB%8F%84%EC%84%9C%EA%B4%80
용산구	용산동6가	최익현 초상	서울특별시 용산구 서빙고로 137 (용산동6가) 국립중앙박물관	보물	37.5231057	126.9821761	https://map.naver.com/p/search/%EC%B5%9C%EC%9D%B5%ED%98%84%20%EC%B4%88%EC%83%81%20%EC%84%9C%EC%9A%B8%ED%8A%B9%EB%B3%84%EC%8B%9C%20%EC%9A%A9%EC%82%B0%EA%B5%AC%20%EC%84%9C%EB%B9%99%EA%B3%A0%EB%A1%9C%20137%20%28%EC%9A%A9%EC%82%B0%EB%8F%996%EA%B0%80%29%20%EA%B5%AD%EB%A6%BD%EC%A4%91%EC%95%99%EB%B0%95%EB%AC%BC%EA%B4%80
동대문구	청량리동	청량사 극락보전 아미타불회도	서울특별시 동대문구 제기로31길 10-3 (청량리동) 청량사	유형문화유산	37.5879001	127.0472641	https://map.naver.com/p/search/%EC%B2%AD%EB%9F%89%EC%82%AC%20%EA%B7%B9%EB%9D%BD%EB%B3%B4%EC%A0%84%20%EC%95%84%EB%AF%B8%ED%83%80%EB%B6%88%ED%9A%8C%EB%8F%84%20%EC%84%9C%EC%9A%B8%ED%8A%B9%EB%B3%84%EC%8B%9C%20%EB%8F%99%EB%8C%80%EB%AC%B8%EA%B5%AC%20%EC%A0%9C%EA%B8%B0%EB%A1%9C31%EA%B8%B8%2010-3%20%28%EC%B2%AD%EB%9F%89%EB%A6%AC%EB%8F%99%29%20%EC%B2%AD%EB%9F%89%EC%82%AC
종로구	안국동	문화현령 이종태 만인산과 함	서울특별시 종로구 율곡로3길 4 (안국동) 서울공예박물관	유형문화유산	37.5766482	126.9835334	https://map.naver.com/p/search/%EB%AC%B8%ED%99%94%ED%98%84%EB%A0%B9%20%EC%9D%B4%EC%A2%85%ED%83%9C%20%EB%A7%8C%EC%9D%B8%EC%82%B0%EA%B3%BC%20%ED%95%A8%20%EC%84%9C%EC%9A%B8%ED%8A%B9%EB%B3%84%EC%8B%9C%20%EC%A2%85%EB%A1%9C%EA%B5%AC%20%EC%9C%A8%EA%B3%A1%EB%A1%9C3%EA%B8%B8%204%20%28%EC%95%88%EA%B5%AD%EB%8F%99%29%20%EC%84%9C%EC%9A%B8%EA%B3%B5%EC%98%88%EB%B0%95%EB%AC%BC%EA%B4%80
종로구	안국동	백자청화운룡문호	서울특별시 종로구 율곡로3길 4 (안국동) 서울공예박물관	유형문화유산	37.5766482	126.9835334	https://map.naver.com/p/search/%EB%B0%B1%EC%9E%90%EC%B2%AD%ED%99%94%EC%9A%B4%EB%A3%A1%EB%AC%B8%ED%98%B8%20%EC%84%9C%EC%9A%B8%ED%8A%B9%EB%B3%84%EC%8B%9C%20%EC%A2%85%EB%A1%9C%EA%B5%AC%20%EC%9C%A8%EA%B3%A1%EB%A1%9C3%EA%B8%B8%204%20%28%EC%95%88%EA%B5%AD%EB%8F%99%29%20%EC%84%9C%EC%9A%B8%EA%B3%B5%EC%98%88%EB%B0%95%EB%AC%BC%EA%B4%80
은평구	불광동	묘법연화경	서울특별시 은평구 진흥로 351-1 (불광동)	유형문화유산	37.6183492	126.9436851	https://map.naver.com/p/search/%EB%AC%98%EB%B2%95%EC%97%B0%ED%99%94%EA%B2%BD%20%EC%84%9C%EC%9A%B8%ED%8A%B9%EB%B3%84%EC%8B%9C%20%EC%9D%80%ED%8F%89%EA%B5%AC%20%EC%A7%84%ED%9D%A5%EB%A1%9C%20351-1%20%28%EB%B6%88%EA%B4%91%EB%8F%99%29
종로구	명륜3가	사월	서울특별시 종로구 성균관로 25-2 (명륜3가) 성균관대학교	유형문화유산	37.5883977	126.9922189	https://map.naver.com/p/search/%EC%82%AC%EC%9B%94%20%EC%84%9C%EC%9A%B8%ED%8A%B9%EB%B3%84%EC%8B%9C%20%EC%A2%85%EB%A1%9C%EA%B5%AC%20%EC%84%B1%EA%B7%A0%EA%B4%80%EB%A1%9C%2025-2%20%28%EB%AA%85%EB%A5%9C3%EA%B0%80%29%20%EC%84%B1%EA%B7%A0%EA%B4%80%EB%8C%80%ED%95%99%EA%B5%90
용산구	용산동6가	김홍도 필 서원아집도 병풍	서울특별시 용산구 서빙고로 137 (용산동6가) 국립중앙박물관	보물	37.5240867	126.980388	https://map.naver.com/p/search/%EA%B9%80%ED%99%8D%EB%8F%84%20%ED%95%84%20%EC%84%9C%EC%9B%90%EC%95%84%EC%A7%91%EB%8F%84%20%EB%B3%91%ED%92%8D%20%EC%84%9C%EC%9A%B8%ED%8A%B9%EB%B3%84%EC%8B%9C%20%EC%9A%A9%EC%82%B0%EA%B5%AC%20%EC%84%9C%EB%B9%99%EA%B3%A0%EB%A1%9C%20137%20%28%EC%9A%A9%EC%82%B0%EB%8F%996%EA%B0%80%29%20%EA%B5%AD%EB%A6%BD%EC%A4%91%EC%95%99%EB%B0%95%EB%AC%BC%EA%B4%80
성북구	돈암동	서울 흥천사 목조관음보살삼존상	서울특별시 성북구 흥천사길 29 (돈암동) 흥천사	보물	37.5979614	127.008131	https://map.naver.com/p/search/%EC%84%9C%EC%9A%B8%20%ED%9D%A5%EC%B2%9C%EC%82%AC%20%EB%AA%A9%EC%A1%B0%EA%B4%80%EC%9D%8C%EB%B3%B4%EC%82%B4%EC%82%BC%EC%A1%B4%EC%83%81%20%EC%84%9C%EC%9A%B8%ED%8A%B9%EB%B3%84%EC%8B%9C%20%EC%84%B1%EB%B6%81%EA%B5%AC%20%ED%9D%A5%EC%B2%9C%EC%82%AC%EA%B8%B8%2029%20%28%EB%8F%88%EC%95%94%EB%8F%99%29%20%ED%9D%A5%EC%B2%9C%EC%82%AC
종로구		나전국화넝쿨무늬상자	서울특별시 종로구 효자로 12 (세종로) 국립고궁박물관	보물	37.5765261	126.9750486	https://map.naver.com/p/search/%EB%82%98%EC%A0%84%EA%B5%AD%ED%99%94%EB%84%9D%EC%BF%A8%EB%AC%B4%EB%8A%AC%EC%83%81%EC%9E%90%20%EC%84%9C%EC%9A%B8%ED%8A%B9%EB%B3%84%EC%8B%9C%20%EC%A2%85%EB%A1%9C%EA%B5%AC%20%ED%9A%A8%EC%9E%90%EB%A1%9C%2012%20%28%EC%84%B8%EC%A2%85%EB%A1%9C%29%20%EA%B5%AD%EB%A6%BD%EA%B3%A0%EA%B6%81%EB%B0%95%EB%AC%BC%EA%B4%80
종로구	낙산성곽동|창신동	지장암 장군상 및 복장유물 일괄	서울특별시 종로구 낙산성곽동길 57-2 (창신동) 지장암	문화유산자료	37.5776532	127.0086955	https://map.naver.com/p/search/%EC%A7%80%EC%9E%A5%EC%95%94%20%EC%9E%A5%EA%B5%B0%EC%83%81%20%EB%B0%8F%20%EB%B3%B5%EC%9E%A5%EC%9C%A0%EB%AC%BC%20%EC%9D%BC%EA%B4%84%20%EC%84%9C%EC%9A%B8%ED%8A%B9%EB%B3%84%EC%8B%9C%20%EC%A2%85%EB%A1%9C%EA%B5%AC%20%EB%82%99%EC%82%B0%EC%84%B1%EA%B3%BD%EB%8F%99%EA%B8%B8%2057-2%20%28%EC%B0%BD%EC%8B%A0%EB%8F%99%29%20%EC%A7%80%EC%9E%A5%EC%95%94
종로구	통일로18가|무악동	선바위	서울특별시 종로구 통일로18가길 26 (무악동)	자연유산	37.5788745	126.9589308	https://map.naver.com/p/search/%EC%84%A0%EB%B0%94%EC%9C%84%20%EC%84%9C%EC%9A%B8%ED%8A%B9%EB%B3%84%EC%8B%9C%20%EC%A2%85%EB%A1%9C%EA%B5%AC%20%ED%86%B5%EC%9D%BC%EB%A1%9C18%EA%B0%80%EA%B8%B8%2026%20%28%EB%AC%B4%EC%95%85%EB%8F%99%29
동대문구	청량리동	삼강행실 효자도	서울특별시 동대문구 회기로 56 (청량리동) 세종대왕기념관	유형문화유산	37.5906143	127.043493	https://map.naver.com/p/search/%EC%82%BC%EA%B0%95%ED%96%89%EC%8B%A4%20%ED%9A%A8%EC%9E%90%EB%8F%84%20%EC%84%9C%EC%9A%B8%ED%8A%B9%EB%B3%84%EC%8B%9C%20%EB%8F%99%EB%8C%80%EB%AC%B8%EA%B5%AC%20%ED%9A%8C%EA%B8%B0%EB%A1%9C%2056%20%28%EC%B2%AD%EB%9F%89%EB%A6%AC%EB%8F%99%29%20%EC%84%B8%EC%A2%85%EB%8C%80%EC%99%95%EA%B8%B0%EB%85%90%EA%B4%80
용산구	용산동6가	고열녀전(언해)	서울특별시 용산구 용산동6가 168-6 국립한글박물관	유형문화유산	37.5231057	126.9821761	https://map.naver.com/p/search/%EA%B3%A0%EC%97%B4%EB%85%80%EC%A0%84%28%EC%96%B8%ED%95%B4%29%20%EC%84%9C%EC%9A%B8%ED%8A%B9%EB%B3%84%EC%8B%9C%20%EC%9A%A9%EC%82%B0%EA%B5%AC%20%EC%9A%A9%EC%82%B0%EB%8F%996%EA%B0%80%20168-6%20%EA%B5%AD%EB%A6%BD%ED%95%9C%EA%B8%80%EB%B0%95%EB%AC%BC%EA%B4%80
용산구	용산동6가	삼강행실도(언해)	서울특별시 용산구 용산동6가 168-6 국립한글박물관	유형문화유산	37.5231057	126.9821761	https://map.naver.com/p/search/%EC%82%BC%EA%B0%95%ED%96%89%EC%8B%A4%EB%8F%84%28%EC%96%B8%ED%95%B4%29%20%EC%84%9C%EC%9A%B8%ED%8A%B9%EB%B3%84%EC%8B%9C%20%EC%9A%A9%EC%82%B0%EA%B5%AC%20%EC%9A%A9%EC%82%B0%EB%8F%996%EA%B0%80%20168-6%20%EA%B5%AD%EB%A6%BD%ED%95%9C%EA%B8%80%EB%B0%95%EB%AC%BC%EA%B4%80
용산구	용산동6가	서궁일기	서울특별시 용산구 서빙고로 139 (용산동6가) 국립한글박물관	유형문화유산	37.5211823	126.9809191	https://map.naver.com/p/search/%EC%84%9C%EA%B6%81%EC%9D%BC%EA%B8%B0%20%EC%84%9C%EC%9A%B8%ED%8A%B9%EB%B3%84%EC%8B%9C%20%EC%9A%A9%EC%82%B0%EA%B5%AC%20%EC%84%9C%EB%B9%99%EA%B3%A0%EB%A1%9C%20139%20%28%EC%9A%A9%EC%82%B0%EB%8F%996%EA%B0%80%29%20%EA%B5%AD%EB%A6%BD%ED%95%9C%EA%B8%80%EB%B0%95%EB%AC%BC%EA%B4%80
관악구	신림동	청자 상감쌍룡국화문 반	서울특별시 관악구 남부순환로152길 53 (신림동, 호림박물관)	보물	37.4809816	126.9182179	https://map.naver.com/p/search/%EC%B2%AD%EC%9E%90%20%EC%83%81%EA%B0%90%EC%8C%8D%EB%A3%A1%EA%B5%AD%ED%99%94%EB%AC%B8%20%EB%B0%98%20%EC%84%9C%EC%9A%B8%ED%8A%B9%EB%B3%84%EC%8B%9C%20%EA%B4%80%EC%95%85%EA%B5%AC%20%EB%82%A8%EB%B6%80%EC%88%9C%ED%99%98%EB%A1%9C152%EA%B8%B8%2053%20%28%EC%8B%A0%EB%A6%BC%EB%8F%99%2C%20%ED%98%B8%EB%A6%BC%EB%B0%95%EB%AC%BC%EA%B4%80%29
용산구	이태원동	수선총도	서울특별시 용산구 녹사평대로 150 (이태원동) 용산역사박물관	유형문화유산	37.5325699	126.9901764	https://map.naver.com/p/search/%EC%88%98%EC%84%A0%EC%B4%9D%EB%8F%84%20%EC%84%9C%EC%9A%B8%ED%8A%B9%EB%B3%84%EC%8B%9C%20%EC%9A%A9%EC%82%B0%EA%B5%AC%20%EB%85%B9%EC%82%AC%ED%8F%89%EB%8C%80%EB%A1%9C%20150%20%28%EC%9D%B4%ED%83%9C%EC%9B%90%EB%8F%99%29%20%EC%9A%A9%EC%82%B0%EC%97%AD%EC%82%AC%EB%B0%95%EB%AC%BC%EA%B4%80
종로구	인사동|관훈동	수서가장첩	서울특별시 종로구 인사동길 62-5 (관훈동) 6층	유형문화유산	37.5754819	126.9838699	https://map.naver.com/p/search/%EC%88%98%EC%84%9C%EA%B0%80%EC%9E%A5%EC%B2%A9%20%EC%84%9C%EC%9A%B8%ED%8A%B9%EB%B3%84%EC%8B%9C%20%EC%A2%85%EB%A1%9C%EA%B5%AC%20%EC%9D%B8%EC%82%AC%EB%8F%99%EA%B8%B8%2062-5%20%28%EA%B4%80%ED%9B%88%EB%8F%99%29%206%EC%B8%B5
강서구	마곡동	동작진도	서울특별시 강서구 양천로47길 36 (마곡동) 겸재정선미술관	유형문화유산	37.5722273	126.838459	https://map.naver.com/p/search/%EB%8F%99%EC%9E%91%EC%A7%84%EB%8F%84%20%EC%84%9C%EC%9A%B8%ED%8A%B9%EB%B3%84%EC%8B%9C%20%EA%B0%95%EC%84%9C%EA%B5%AC%20%EC%96%91%EC%B2%9C%EB%A1%9C47%EA%B8%B8%2036%20%28%EB%A7%88%EA%B3%A1%EB%8F%99%29%20%EA%B2%B8%EC%9E%AC%EC%A0%95%EC%84%A0%EB%AF%B8%EC%88%A0%EA%B4%80
종로구	경운동	선조유필	서울특별시 종로구 삼일대로 461 (경운동) 102-803	유형문화유산	37.5756316	126.9857937	https://map.naver.com/p/search/%EC%84%A0%EC%A1%B0%EC%9C%A0%ED%95%84%20%EC%84%9C%EC%9A%B8%ED%8A%B9%EB%B3%84%EC%8B%9C%20%EC%A2%85%EB%A1%9C%EA%B5%AC%20%EC%82%BC%EC%9D%BC%EB%8C%80%EB%A1%9C%20461%20%28%EA%B2%BD%EC%9A%B4%EB%8F%99%29%20102-803
서대문구	홍은동	백련사 약사전 약사설법도	서울특별시 서대문구 백련사길 170-72 (홍은동) 백련사	유형문화유산	37.5864223	126.9272066	https://map.naver.com/p/search/%EB%B0%B1%EB%A0%A8%EC%82%AC%20%EC%95%BD%EC%82%AC%EC%A0%84%20%EC%95%BD%EC%82%AC%EC%84%A4%EB%B2%95%EB%8F%84%20%EC%84%9C%EC%9A%B8%ED%8A%B9%EB%B3%84%EC%8B%9C%20%EC%84%9C%EB%8C%80%EB%AC%B8%EA%B5%AC%20%EB%B0%B1%EB%A0%A8%EC%82%AC%EA%B8%B8%20170-72%20%28%ED%99%8D%EC%9D%80%EB%8F%99%29%20%EB%B0%B1%EB%A0%A8%EC%82%AC
서대문구	홍은동	백련사 약사전 지장시왕도	서울특별시 서대문구 백련사길 170-72 (홍은동) 백련사	유형문화유산	37.5864223	126.9272066	https://map.naver.com/p/search/%EB%B0%B1%EB%A0%A8%EC%82%AC%20%EC%95%BD%EC%82%AC%EC%A0%84%20%EC%A7%80%EC%9E%A5%EC%8B%9C%EC%99%95%EB%8F%84%20%EC%84%9C%EC%9A%B8%ED%8A%B9%EB%B3%84%EC%8B%9C%20%EC%84%9C%EB%8C%80%EB%AC%B8%EA%B5%AC%20%EB%B0%B1%EB%A0%A8%EC%82%AC%EA%B8%B8%20170-72%20%28%ED%99%8D%EC%9D%80%EB%8F%99%29%20%EB%B0%B1%EB%A0%A8%EC%82%AC
서대문구	홍은동	백련사 약사전 현왕도	서울특별시 서대문구 백련사길 170-72 (홍은동) 백련사	유형문화유산	37.5864223	126.9272066	https://map.naver.com/p/search/%EB%B0%B1%EB%A0%A8%EC%82%AC%20%EC%95%BD%EC%82%AC%EC%A0%84%20%ED%98%84%EC%99%95%EB%8F%84%20%EC%84%9C%EC%9A%B8%ED%8A%B9%EB%B3%84%EC%8B%9C%20%EC%84%9C%EB%8C%80%EB%AC%B8%EA%B5%AC%20%EB%B0%B1%EB%A0%A8%EC%82%AC%EA%B8%B8%20170-72%20%28%ED%99%8D%EC%9D%80%EB%8F%99%29%20%EB%B0%B1%EB%A0%A8%EC%82%AC
서대문구	홍은동	백련사 약사전 신중도	서울특별시 서대문구 백련사길 170-72 (홍은동) 백련사	유형문화유산	37.5864223	126.9272066	https://map.naver.com/p/search/%EB%B0%B1%EB%A0%A8%EC%82%AC%20%EC%95%BD%EC%82%AC%EC%A0%84%20%EC%8B%A0%EC%A4%91%EB%8F%84%20%EC%84%9C%EC%9A%B8%ED%8A%B9%EB%B3%84%EC%8B%9C%20%EC%84%9C%EB%8C%80%EB%AC%B8%EA%B5%AC%20%EB%B0%B1%EB%A0%A8%EC%82%AC%EA%B8%B8%20170-72%20%28%ED%99%8D%EC%9D%80%EB%8F%99%29%20%EB%B0%B1%EB%A0%A8%EC%82%AC
서대문구	홍은동	백련사 약사전 조왕도	서울특별시 서대문구 백련사길 170-72 (홍은동) 백련사	유형문화유산	37.5864223	126.9272066	https://map.naver.com/p/search/%EB%B0%B1%EB%A0%A8%EC%82%AC%20%EC%95%BD%EC%82%AC%EC%A0%84%20%EC%A1%B0%EC%99%95%EB%8F%84%20%EC%84%9C%EC%9A%B8%ED%8A%B9%EB%B3%84%EC%8B%9C%20%EC%84%9C%EB%8C%80%EB%AC%B8%EA%B5%AC%20%EB%B0%B1%EB%A0%A8%EC%82%AC%EA%B8%B8%20170-72%20%28%ED%99%8D%EC%9D%80%EB%8F%99%29%20%EB%B0%B1%EB%A0%A8%EC%82%AC
서울특별시	낙산성곽동|창신동	지장암 대웅전 현왕도	서울특별시 종로구 낙산성곽동길 57-2 (창신동)	유형문화유산	37.5776482	127.0088459	https://map.naver.com/p/search/%EC%A7%80%EC%9E%A5%EC%95%94%20%EB%8C%80%EC%9B%85%EC%A0%84%20%ED%98%84%EC%99%95%EB%8F%84%20%EC%84%9C%EC%9A%B8%ED%8A%B9%EB%B3%84%EC%8B%9C%20%EC%A2%85%EB%A1%9C%EA%B5%AC%20%EB%82%99%EC%82%B0%EC%84%B1%EA%B3%BD%EB%8F%99%EA%B8%B8%2057-2%20%28%EC%B0%BD%EC%8B%A0%EB%8F%99%29
서울특별시	낙산성곽동|창신동	지장암 대웅전 석가모니 후불도	서울특별시 종로구 낙산성곽동길 57-2 (창신동)	문화유산자료	37.5776482	127.0088459	https://map.naver.com/p/search/%EC%A7%80%EC%9E%A5%EC%95%94%20%EB%8C%80%EC%9B%85%EC%A0%84%20%EC%84%9D%EA%B0%80%EB%AA%A8%EB%8B%88%20%ED%9B%84%EB%B6%88%EB%8F%84%20%EC%84%9C%EC%9A%B8%ED%8A%B9%EB%B3%84%EC%8B%9C%20%EC%A2%85%EB%A1%9C%EA%B5%AC%20%EB%82%99%EC%82%B0%EC%84%B1%EA%B3%BD%EB%8F%99%EA%B8%B8%2057-2%20%28%EC%B0%BD%EC%8B%A0%EB%8F%99%29
서울특별시	낙산성곽동|창신동	지장암 칠성도	서울특별시 종로구 낙산성곽동길 57-2 (창신동)	문화유산자료	37.5776482	127.0088459	https://map.naver.com/p/search/%EC%A7%80%EC%9E%A5%EC%95%94%20%EC%B9%A0%EC%84%B1%EB%8F%84%20%EC%84%9C%EC%9A%B8%ED%8A%B9%EB%B3%84%EC%8B%9C%20%EC%A2%85%EB%A1%9C%EA%B5%AC%20%EB%82%99%EC%82%B0%EC%84%B1%EA%B3%BD%EB%8F%99%EA%B8%B8%2057-2%20%28%EC%B0%BD%EC%8B%A0%EB%8F%99%29
중랑구	묵동	대불정여래밀인수증요의제보살만행수능엄경	서울특별시 중랑구 숙선옹주로 69 (묵동)	문화유산자료	37.6148901	127.0840724	https://map.naver.com/p/search/%EB%8C%80%EB%B6%88%EC%A0%95%EC%97%AC%EB%9E%98%EB%B0%80%EC%9D%B8%EC%88%98%EC%A6%9D%EC%9A%94%EC%9D%98%EC%A0%9C%EB%B3%B4%EC%82%B4%EB%A7%8C%ED%96%89%EC%88%98%EB%8A%A5%EC%97%84%EA%B2%BD%20%EC%84%9C%EC%9A%B8%ED%8A%B9%EB%B3%84%EC%8B%9C%20%EC%A4%91%EB%9E%91%EA%B5%AC%20%EC%88%99%EC%84%A0%EC%98%B9%EC%A3%BC%EB%A1%9C%2069%20%28%EB%AC%B5%EB%8F%99%29
종로구	신문로2가	대장경궤	서울특별시 종로구 새문안로 55 (신문로2가)	민속문화유산	37.5707611	126.9688343	https://map.naver.com/p/search/%EB%8C%80%EC%9E%A5%EA%B2%BD%EA%B6%A4%20%EC%84%9C%EC%9A%B8%ED%8A%B9%EB%B3%84%EC%8B%9C%20%EC%A2%85%EB%A1%9C%EA%B5%AC%20%EC%83%88%EB%AC%B8%EC%95%88%EB%A1%9C%2055%20%28%EC%8B%A0%EB%AC%B8%EB%A1%9C2%EA%B0%80%29
동대문구	청량리동	청량사 칠성각 칠성도	서울특별시 동대문구 제기로31길 10-3 (청량리동) 청량사	문화유산자료	37.5879001	127.0472641	https://map.naver.com/p/search/%EC%B2%AD%EB%9F%89%EC%82%AC%20%EC%B9%A0%EC%84%B1%EA%B0%81%20%EC%B9%A0%EC%84%B1%EB%8F%84%20%EC%84%9C%EC%9A%B8%ED%8A%B9%EB%B3%84%EC%8B%9C%20%EB%8F%99%EB%8C%80%EB%AC%B8%EA%B5%AC%20%EC%A0%9C%EA%B8%B0%EB%A1%9C31%EA%B8%B8%2010-3%20%28%EC%B2%AD%EB%9F%89%EB%A6%AC%EB%8F%99%29%20%EC%B2%AD%EB%9F%89%EC%82%AC
동대문구	청량리동	청량사 칠성각 산신도	서울특별시 동대문구 제기로31길 10-3 (청량리동) 청량사	문화유산자료	37.5879001	127.0472641	https://map.naver.com/p/search/%EC%B2%AD%EB%9F%89%EC%82%AC%20%EC%B9%A0%EC%84%B1%EA%B0%81%20%EC%82%B0%EC%8B%A0%EB%8F%84%20%EC%84%9C%EC%9A%B8%ED%8A%B9%EB%B3%84%EC%8B%9C%20%EB%8F%99%EB%8C%80%EB%AC%B8%EA%B5%AC%20%EC%A0%9C%EA%B8%B0%EB%A1%9C31%EA%B8%B8%2010-3%20%28%EC%B2%AD%EB%9F%89%EB%A6%AC%EB%8F%99%29%20%EC%B2%AD%EB%9F%89%EC%82%AC
강서구	마곡동	청하성읍도	서울특별시 강서구 양천로47길 36 (마곡동)	유형문화유산	37.5722174	126.8387123	https://map.naver.com/p/search/%EC%B2%AD%ED%95%98%EC%84%B1%EC%9D%8D%EB%8F%84%20%EC%84%9C%EC%9A%B8%ED%8A%B9%EB%B3%84%EC%8B%9C%20%EA%B0%95%EC%84%9C%EA%B5%AC%20%EC%96%91%EC%B2%9C%EB%A1%9C47%EA%B8%B8%2036%20%28%EB%A7%88%EA%B3%A1%EB%8F%99%29
종로구	낙산성곽동|창신동	지장암 명부전 지장삼존도	서울특별시 종로구 낙산성곽동길 57-2 (창신동) 지장암	문화유산자료	37.5776532	127.0086955	https://map.naver.com/p/search/%EC%A7%80%EC%9E%A5%EC%95%94%20%EB%AA%85%EB%B6%80%EC%A0%84%20%EC%A7%80%EC%9E%A5%EC%82%BC%EC%A1%B4%EB%8F%84%20%EC%84%9C%EC%9A%B8%ED%8A%B9%EB%B3%84%EC%8B%9C%20%EC%A2%85%EB%A1%9C%EA%B5%AC%20%EB%82%99%EC%82%B0%EC%84%B1%EA%B3%BD%EB%8F%99%EA%B8%B8%2057-2%20%28%EC%B0%BD%EC%8B%A0%EB%8F%99%29%20%EC%A7%80%EC%9E%A5%EC%95%94
동대문구	낙산성곽동|창신동	지장암 명부전 시왕도	서울특별시 종로구 낙산성곽동길 57-2 (창신동) 지장암	문화유산자료	37.5776532	127.0086955	https://map.naver.com/p/search/%EC%A7%80%EC%9E%A5%EC%95%94%20%EB%AA%85%EB%B6%80%EC%A0%84%20%EC%8B%9C%EC%99%95%EB%8F%84%20%EC%84%9C%EC%9A%B8%ED%8A%B9%EB%B3%84%EC%8B%9C%20%EC%A2%85%EB%A1%9C%EA%B5%AC%20%EB%82%99%EC%82%B0%EC%84%B1%EA%B3%BD%EB%8F%99%EA%B8%B8%2057-2%20%28%EC%B0%BD%EC%8B%A0%EB%8F%99%29%20%EC%A7%80%EC%9E%A5%EC%95%94
종로구		삼강행실효자도	서울특별시 종로구 효자로 12 (세종로) 국립고궁박물관	보물	37.5772084	126.975241	https://map.naver.com/p/search/%EC%82%BC%EA%B0%95%ED%96%89%EC%8B%A4%ED%9A%A8%EC%9E%90%EB%8F%84%20%EC%84%9C%EC%9A%B8%ED%8A%B9%EB%B3%84%EC%8B%9C%20%EC%A2%85%EB%A1%9C%EA%B5%AC%20%ED%9A%A8%EC%9E%90%EB%A1%9C%2012%20%28%EC%84%B8%EC%A2%85%EB%A1%9C%29%20%EA%B5%AD%EB%A6%BD%EA%B3%A0%EA%B6%81%EB%B0%95%EB%AC%BC%EA%B4%80
성북구	정릉동	법화현론 권3?4	서울특별시 성북구 정릉로 202 (정릉동) 봉국사	보물	37.6052642	127.0059702	https://map.naver.com/p/search/%EB%B2%95%ED%99%94%ED%98%84%EB%A1%A0%20%EA%B6%8C3%3F4%20%EC%84%9C%EC%9A%B8%ED%8A%B9%EB%B3%84%EC%8B%9C%20%EC%84%B1%EB%B6%81%EA%B5%AC%20%EC%A0%95%EB%A6%89%EB%A1%9C%20202%20%28%EC%A0%95%EB%A6%89%EB%8F%99%29%20%EB%B4%89%EA%B5%AD%EC%82%AC
용산구	용산동6가	김정희 필 불이선란도	서울특별시 용산구 서빙고로 137 (용산동6가) 국립중앙박물관	보물	37.5240867	126.980388	https://map.naver.com/p/search/%EA%B9%80%EC%A0%95%ED%9D%AC%20%ED%95%84%20%EB%B6%88%EC%9D%B4%EC%84%A0%EB%9E%80%EB%8F%84%20%EC%84%9C%EC%9A%B8%ED%8A%B9%EB%B3%84%EC%8B%9C%20%EC%9A%A9%EC%82%B0%EA%B5%AC%20%EC%84%9C%EB%B9%99%EA%B3%A0%EB%A1%9C%20137%20%28%EC%9A%A9%EC%82%B0%EB%8F%996%EA%B0%80%29%20%EA%B5%AD%EB%A6%BD%EC%A4%91%EC%95%99%EB%B0%95%EB%AC%BC%EA%B4%80
용산구	용산동6가	경주 금령총 출토 금제 허리띠	서울특별시 용산구 서빙고로 137 (용산동6가) 국립중앙박물관	보물	37.5240867	126.980388	https://map.naver.com/p/search/%EA%B2%BD%EC%A3%BC%20%EA%B8%88%EB%A0%B9%EC%B4%9D%20%EC%B6%9C%ED%86%A0%20%EA%B8%88%EC%A0%9C%20%ED%97%88%EB%A6%AC%EB%9D%A0%20%EC%84%9C%EC%9A%B8%ED%8A%B9%EB%B3%84%EC%8B%9C%20%EC%9A%A9%EC%82%B0%EA%B5%AC%20%EC%84%9C%EB%B9%99%EA%B3%A0%EB%A1%9C%20137%20%28%EC%9A%A9%EC%82%B0%EB%8F%996%EA%B0%80%29%20%EA%B5%AD%EB%A6%BD%EC%A4%91%EC%95%99%EB%B0%95%EB%AC%BC%EA%B4%80
용산구	용산동6가	경주 서봉총 출토 금제 허리띠	서울특별시 용산구 서빙고로 137 (용산동6가) 국립중앙박물관	보물	37.5240867	126.980388	https://map.naver.com/p/search/%EA%B2%BD%EC%A3%BC%20%EC%84%9C%EB%B4%89%EC%B4%9D%20%EC%B6%9C%ED%86%A0%20%EA%B8%88%EC%A0%9C%20%ED%97%88%EB%A6%AC%EB%9D%A0%20%EC%84%9C%EC%9A%B8%ED%8A%B9%EB%B3%84%EC%8B%9C%20%EC%9A%A9%EC%82%B0%EA%B5%AC%20%EC%84%9C%EB%B9%99%EA%B3%A0%EB%A1%9C%20137%20%28%EC%9A%A9%EC%82%B0%EB%8F%996%EA%B0%80%29%20%EA%B5%AD%EB%A6%BD%EC%A4%91%EC%95%99%EB%B0%95%EB%AC%BC%EA%B4%80
송파구		협주석가여래성도기	서울특별시 송파구	보물	37.514563	127.105919	https://map.naver.com/p/search/%ED%98%91%EC%A3%BC%EC%84%9D%EA%B0%80%EC%97%AC%EB%9E%98%EC%84%B1%EB%8F%84%EA%B8%B0%20%EC%84%9C%EC%9A%B8%ED%8A%B9%EB%B3%84%EC%8B%9C%20%EC%86%A1%ED%8C%8C%EA%B5%AC
중구	저동1가	여지도서	서울특별시 중구 삼일대로 330 (저동1가) 평화빌딩 4층 한국교회사연구소	보물	37.5642159	126.9883447	https://map.naver.com/p/search/%EC%97%AC%EC%A7%80%EB%8F%84%EC%84%9C%20%EC%84%9C%EC%9A%B8%ED%8A%B9%EB%B3%84%EC%8B%9C%20%EC%A4%91%EA%B5%AC%20%EC%82%BC%EC%9D%BC%EB%8C%80%EB%A1%9C%20330%20%28%EC%A0%80%EB%8F%991%EA%B0%80%29%20%ED%8F%89%ED%99%94%EB%B9%8C%EB%94%A9%204%EC%B8%B5%20%ED%95%9C%EA%B5%AD%EA%B5%90%ED%9A%8C%EC%82%AC%EC%97%B0%EA%B5%AC%EC%86%8C
종로구	인사동|관훈동	한종유 필 윤동승 초상	서울특별시 종로구 인사동길 62-5 (관훈동) 충훈빌딩 6층	유형문화유산	37.5754765	126.983857	https://map.naver.com/p/search/%ED%95%9C%EC%A2%85%EC%9C%A0%20%ED%95%84%20%EC%9C%A4%EB%8F%99%EC%8A%B9%20%EC%B4%88%EC%83%81%20%EC%84%9C%EC%9A%B8%ED%8A%B9%EB%B3%84%EC%8B%9C%20%EC%A2%85%EB%A1%9C%EA%B5%AC%20%EC%9D%B8%EC%82%AC%EB%8F%99%EA%B8%B8%2062-5%20%28%EA%B4%80%ED%9B%88%EB%8F%99%29%20%EC%B6%A9%ED%9B%88%EB%B9%8C%EB%94%A9%206%EC%B8%B5
종로구	명륜3가	도은선생 시집	서울특별시 종로구 성균관로 25-2 (명륜3가) 성균관대학교 존경각	유형문화유산	37.5883977	126.9922189	https://map.naver.com/p/search/%EB%8F%84%EC%9D%80%EC%84%A0%EC%83%9D%20%EC%8B%9C%EC%A7%91%20%EC%84%9C%EC%9A%B8%ED%8A%B9%EB%B3%84%EC%8B%9C%20%EC%A2%85%EB%A1%9C%EA%B5%AC%20%EC%84%B1%EA%B7%A0%EA%B4%80%EB%A1%9C%2025-2%20%28%EB%AA%85%EB%A5%9C3%EA%B0%80%29%20%EC%84%B1%EA%B7%A0%EA%B4%80%EB%8C%80%ED%95%99%EA%B5%90%20%EC%A1%B4%EA%B2%BD%EA%B0%81
용산구	용산동6가	정선 필 북원수회도첩	서울특별시 용산구 서빙고로 137 (용산동6가) 국립중앙박물관	보물	37.5240867	126.980388	https://map.naver.com/p/search/%EC%A0%95%EC%84%A0%20%ED%95%84%20%EB%B6%81%EC%9B%90%EC%88%98%ED%9A%8C%EB%8F%84%EC%B2%A9%20%EC%84%9C%EC%9A%B8%ED%8A%B9%EB%B3%84%EC%8B%9C%20%EC%9A%A9%EC%82%B0%EA%B5%AC%20%EC%84%9C%EB%B9%99%EA%B3%A0%EB%A1%9C%20137%20%28%EC%9A%A9%EC%82%B0%EB%8F%996%EA%B0%80%29%20%EA%B5%AD%EB%A6%BD%EC%A4%91%EC%95%99%EB%B0%95%EB%AC%BC%EA%B4%80
종로구	평창동	백자연령군겻쥬방명 달 항아리	서울특별시 종로구 평창30길 28 (평창동)	유형문화유산	37.6122897	126.9751697	https://map.naver.com/p/search/%EB%B0%B1%EC%9E%90%EC%97%B0%EB%A0%B9%EA%B5%B0%EA%B2%BB%EC%A5%AC%EB%B0%A9%EB%AA%85%20%EB%8B%AC%20%ED%95%AD%EC%95%84%EB%A6%AC%20%EC%84%9C%EC%9A%B8%ED%8A%B9%EB%B3%84%EC%8B%9C%20%EC%A2%85%EB%A1%9C%EA%B5%AC%20%ED%8F%89%EC%B0%BD30%EA%B8%B8%2028%20%28%ED%8F%89%EC%B0%BD%EB%8F%99%29
중구	남산동1가	백자 청화 육각병	서울특별시 중구 퇴계로18길 14 (남산동1가)	유형문화유산	37.5602089	126.9851092	https://map.naver.com/p/search/%EB%B0%B1%EC%9E%90%20%EC%B2%AD%ED%99%94%20%EC%9C%A1%EA%B0%81%EB%B3%91%20%EC%84%9C%EC%9A%B8%ED%8A%B9%EB%B3%84%EC%8B%9C%20%EC%A4%91%EA%B5%AC%20%ED%87%B4%EA%B3%84%EB%A1%9C18%EA%B8%B8%2014%20%28%EB%82%A8%EC%82%B0%EB%8F%991%EA%B0%80%29
종로구		영남읍도	서울특별시 종로구 사직로9길15-1	유형문화유산	37.577014	126.9675975	https://map.naver.com/p/search/%EC%98%81%EB%82%A8%EC%9D%8D%EB%8F%84%20%EC%84%9C%EC%9A%B8%ED%8A%B9%EB%B3%84%EC%8B%9C%20%EC%A2%85%EB%A1%9C%EA%B5%AC%20%EC%82%AC%EC%A7%81%EB%A1%9C9%EA%B8%B815-1
종로구	명륜3가	진산세고	서울특별시 종로구 성균관로 25-2 (명륜3가) 성균관대학교 존경각	유형문화유산	37.5883977	126.9922189	https://map.naver.com/p/search/%EC%A7%84%EC%82%B0%EC%84%B8%EA%B3%A0%20%EC%84%9C%EC%9A%B8%ED%8A%B9%EB%B3%84%EC%8B%9C%20%EC%A2%85%EB%A1%9C%EA%B5%AC%20%EC%84%B1%EA%B7%A0%EA%B4%80%EB%A1%9C%2025-2%20%28%EB%AA%85%EB%A5%9C3%EA%B0%80%29%20%EC%84%B1%EA%B7%A0%EA%B4%80%EB%8C%80%ED%95%99%EA%B5%90%20%EC%A1%B4%EA%B2%BD%EA%B0%81
은평구	불광동	각황사 석조관음보살좌상	서울특별시 은평구 진흥로 351-1 (불광동) 각황사	문화유산자료	37.6183499	126.9436844	https://map.naver.com/p/search/%EA%B0%81%ED%99%A9%EC%82%AC%20%EC%84%9D%EC%A1%B0%EA%B4%80%EC%9D%8C%EB%B3%B4%EC%82%B4%EC%A2%8C%EC%83%81%20%EC%84%9C%EC%9A%B8%ED%8A%B9%EB%B3%84%EC%8B%9C%20%EC%9D%80%ED%8F%89%EA%B5%AC%20%EC%A7%84%ED%9D%A5%EB%A1%9C%20351-1%20%28%EB%B6%88%EA%B4%91%EB%8F%99%29%20%EA%B0%81%ED%99%A9%EC%82%AC
성북구	보문동3가	보문사 대웅전	서울특별시 성북구 보문사길 20 (보문동3가)	유형문화유산	37.5846714	127.0161044	https://map.naver.com/p/search/%EB%B3%B4%EB%AC%B8%EC%82%AC%20%EB%8C%80%EC%9B%85%EC%A0%84%20%EC%84%9C%EC%9A%B8%ED%8A%B9%EB%B3%84%EC%8B%9C%20%EC%84%B1%EB%B6%81%EA%B5%AC%20%EB%B3%B4%EB%AC%B8%EC%82%AC%EA%B8%B8%2020%20%28%EB%B3%B4%EB%AC%B8%EB%8F%993%EA%B0%80%29
종로구	안국동	상원군수 이용식 만인산	서울특별시 종로구 율곡로3길 4 (안국동) 서울공예박물관	유형문화유산	37.5768586	126.983587	https://map.naver.com/p/search/%EC%83%81%EC%9B%90%EA%B5%B0%EC%88%98%20%EC%9D%B4%EC%9A%A9%EC%8B%9D%20%EB%A7%8C%EC%9D%B8%EC%82%B0%20%EC%84%9C%EC%9A%B8%ED%8A%B9%EB%B3%84%EC%8B%9C%20%EC%A2%85%EB%A1%9C%EA%B5%AC%20%EC%9C%A8%EA%B3%A1%EB%A1%9C3%EA%B8%B8%204%20%28%EC%95%88%EA%B5%AD%EB%8F%99%29%20%EC%84%9C%EC%9A%B8%EA%B3%B5%EC%98%88%EB%B0%95%EB%AC%BC%EA%B4%80
종로구	안국동	운산군수 이용식 만인수첩	서울특별시 종로구 율곡로3길 4 (안국동) 서울공예박물관	유형문화유산	37.5766482	126.9835334	https://map.naver.com/p/search/%EC%9A%B4%EC%82%B0%EA%B5%B0%EC%88%98%20%EC%9D%B4%EC%9A%A9%EC%8B%9D%20%EB%A7%8C%EC%9D%B8%EC%88%98%EC%B2%A9%20%EC%84%9C%EC%9A%B8%ED%8A%B9%EB%B3%84%EC%8B%9C%20%EC%A2%85%EB%A1%9C%EA%B5%AC%20%EC%9C%A8%EA%B3%A1%EB%A1%9C3%EA%B8%B8%204%20%28%EC%95%88%EA%B5%AD%EB%8F%99%29%20%EC%84%9C%EC%9A%B8%EA%B3%B5%EC%98%88%EB%B0%95%EB%AC%BC%EA%B4%80
종로구	안국동	자수 양기훈필 노안도 병풍	서울특별시 종로구 안국동 175-112 서울공예박물관 서울공예박물관	유형문화유산	37.5768586	126.983587	https://map.naver.com/p/search/%EC%9E%90%EC%88%98%20%EC%96%91%EA%B8%B0%ED%9B%88%ED%95%84%20%EB%85%B8%EC%95%88%EB%8F%84%20%EB%B3%91%ED%92%8D%20%EC%84%9C%EC%9A%B8%ED%8A%B9%EB%B3%84%EC%8B%9C%20%EC%A2%85%EB%A1%9C%EA%B5%AC%20%EC%95%88%EA%B5%AD%EB%8F%99%20175-112%20%EC%84%9C%EC%9A%B8%EA%B3%B5%EC%98%88%EB%B0%95%EB%AC%BC%EA%B4%80%20%EC%84%9C%EC%9A%B8%EA%B3%B5%EC%98%88%EB%B0%95%EB%AC%BC%EA%B4%80
종로구	안국동	자수 양기훈필 노안도 병풍	서울특별시 종로구 율곡로3길 4 (안국동) 서울공예박물관	유형문화유산	37.5768586	126.983587	https://map.naver.com/p/search/%EC%9E%90%EC%88%98%20%EC%96%91%EA%B8%B0%ED%9B%88%ED%95%84%20%EB%85%B8%EC%95%88%EB%8F%84%20%EB%B3%91%ED%92%8D%20%EC%84%9C%EC%9A%B8%ED%8A%B9%EB%B3%84%EC%8B%9C%20%EC%A2%85%EB%A1%9C%EA%B5%AC%20%EC%9C%A8%EA%B3%A1%EB%A1%9C3%EA%B8%B8%204%20%28%EC%95%88%EA%B5%AD%EB%8F%99%29%20%EC%84%9C%EC%9A%B8%EA%B3%B5%EC%98%88%EB%B0%95%EB%AC%BC%EA%B4%80
송파구	문정동	인자수지	서울특별시 송파구 새말로8길 12 (문정동, 건영아파트) 102동 1204호	유형문화유산	37.4816821	127.1257226	https://map.naver.com/p/search/%EC%9D%B8%EC%9E%90%EC%88%98%EC%A7%80%20%EC%84%9C%EC%9A%B8%ED%8A%B9%EB%B3%84%EC%8B%9C%20%EC%86%A1%ED%8C%8C%EA%B5%AC%20%EC%83%88%EB%A7%90%EB%A1%9C8%EA%B8%B8%2012%20%28%EB%AC%B8%EC%A0%95%EB%8F%99%2C%20%EA%B1%B4%EC%98%81%EC%95%84%ED%8C%8C%ED%8A%B8%29%20102%EB%8F%99%201204%ED%98%B8
종로구	명륜3가	소보우공주의	서울특별시 종로구 성균관로 25-2 (명륜3가) 성균관대학교	유형문화유산	37.5883977	126.9922189	https://map.naver.com/p/search/%EC%86%8C%EB%B3%B4%EC%9A%B0%EA%B3%B5%EC%A3%BC%EC%9D%98%20%EC%84%9C%EC%9A%B8%ED%8A%B9%EB%B3%84%EC%8B%9C%20%EC%A2%85%EB%A1%9C%EA%B5%AC%20%EC%84%B1%EA%B7%A0%EA%B4%80%EB%A1%9C%2025-2%20%28%EB%AA%85%EB%A5%9C3%EA%B0%80%29%20%EC%84%B1%EA%B7%A0%EA%B4%80%EB%8C%80%ED%95%99%EA%B5%90
서대문구	홍은동	백련사 약사전 극락구품도	서울특별시 서대문구 백련사길 170-72 (홍은동) 백련사	유형문화유산	37.5864223	126.9272066	https://map.naver.com/p/search/%EB%B0%B1%EB%A0%A8%EC%82%AC%20%EC%95%BD%EC%82%AC%EC%A0%84%20%EA%B7%B9%EB%9D%BD%EA%B5%AC%ED%92%88%EB%8F%84%20%EC%84%9C%EC%9A%B8%ED%8A%B9%EB%B3%84%EC%8B%9C%20%EC%84%9C%EB%8C%80%EB%AC%B8%EA%B5%AC%20%EB%B0%B1%EB%A0%A8%EC%82%AC%EA%B8%B8%20170-72%20%28%ED%99%8D%EC%9D%80%EB%8F%99%29%20%EB%B0%B1%EB%A0%A8%EC%82%AC
서대문구	홍은동	백련사 약사전 감로도	서울특별시 서대문구 백련사길 170-72 (홍은동) 백련사	유형문화유산	37.5864223	126.9272066	https://map.naver.com/p/search/%EB%B0%B1%EB%A0%A8%EC%82%AC%20%EC%95%BD%EC%82%AC%EC%A0%84%20%EA%B0%90%EB%A1%9C%EB%8F%84%20%EC%84%9C%EC%9A%B8%ED%8A%B9%EB%B3%84%EC%8B%9C%20%EC%84%9C%EB%8C%80%EB%AC%B8%EA%B5%AC%20%EB%B0%B1%EB%A0%A8%EC%82%AC%EA%B8%B8%20170-72%20%28%ED%99%8D%EC%9D%80%EB%8F%99%29%20%EB%B0%B1%EB%A0%A8%EC%82%AC
종로구	안국동	백자 청화 기명절지문 팔각접시	서울특별시 종로구 율곡로3길 4 (안국동)	유형문화유산	37.5768586	126.983587	https://map.naver.com/p/search/%EB%B0%B1%EC%9E%90%20%EC%B2%AD%ED%99%94%20%EA%B8%B0%EB%AA%85%EC%A0%88%EC%A7%80%EB%AC%B8%20%ED%8C%94%EA%B0%81%EC%A0%91%EC%8B%9C%20%EC%84%9C%EC%9A%B8%ED%8A%B9%EB%B3%84%EC%8B%9C%20%EC%A2%85%EB%A1%9C%EA%B5%AC%20%EC%9C%A8%EA%B3%A1%EB%A1%9C3%EA%B8%B8%204%20%28%EC%95%88%EA%B5%AD%EB%8F%99%29
서울특별시	낙산성곽동|창신동	지장암 명부전 지장시왕도	서울특별시 종로구 낙산성곽동길 57-2 (창신동)	유형문화유산	37.5776482	127.0088459	https://map.naver.com/p/search/%EC%A7%80%EC%9E%A5%EC%95%94%20%EB%AA%85%EB%B6%80%EC%A0%84%20%EC%A7%80%EC%9E%A5%EC%8B%9C%EC%99%95%EB%8F%84%20%EC%84%9C%EC%9A%B8%ED%8A%B9%EB%B3%84%EC%8B%9C%20%EC%A2%85%EB%A1%9C%EA%B5%AC%20%EB%82%99%EC%82%B0%EC%84%B1%EA%B3%BD%EB%8F%99%EA%B8%B8%2057-2%20%28%EC%B0%BD%EC%8B%A0%EB%8F%99%29
중랑구	묵동	선가귀감	서울특별시 중랑구 숙선옹주로 69 (묵동)	문화유산자료	37.6148901	127.0840724	https://map.naver.com/p/search/%EC%84%A0%EA%B0%80%EA%B7%80%EA%B0%90%20%EC%84%9C%EC%9A%B8%ED%8A%B9%EB%B3%84%EC%8B%9C%20%EC%A4%91%EB%9E%91%EA%B5%AC%20%EC%88%99%EC%84%A0%EC%98%B9%EC%A3%BC%EB%A1%9C%2069%20%28%EB%AC%B5%EB%8F%99%29
서울특별시	낙산성곽동|창신동	지장암 독성도	서울특별시 종로구 낙산성곽동길 57-2 (창신동)	유형문화유산	37.5776482	127.0088459	https://map.naver.com/p/search/%EC%A7%80%EC%9E%A5%EC%95%94%20%EB%8F%85%EC%84%B1%EB%8F%84%20%EC%84%9C%EC%9A%B8%ED%8A%B9%EB%B3%84%EC%8B%9C%20%EC%A2%85%EB%A1%9C%EA%B5%AC%20%EB%82%99%EC%82%B0%EC%84%B1%EA%B3%BD%EB%8F%99%EA%B8%B8%2057-2%20%28%EC%B0%BD%EC%8B%A0%EB%8F%99%29
서울특별시	낙산성곽동|창신동	지장암 목조여래좌상 및 복장유물 일괄	서울특별시 종로구 낙산성곽동길 57-2 (창신동)	문화유산자료	37.5776482	127.0088459	https://map.naver.com/p/search/%EC%A7%80%EC%9E%A5%EC%95%94%20%EB%AA%A9%EC%A1%B0%EC%97%AC%EB%9E%98%EC%A2%8C%EC%83%81%20%EB%B0%8F%20%EB%B3%B5%EC%9E%A5%EC%9C%A0%EB%AC%BC%20%EC%9D%BC%EA%B4%84%20%EC%84%9C%EC%9A%B8%ED%8A%B9%EB%B3%84%EC%8B%9C%20%EC%A2%85%EB%A1%9C%EA%B5%AC%20%EB%82%99%EC%82%B0%EC%84%B1%EA%B3%BD%EB%8F%99%EA%B8%B8%2057-2%20%28%EC%B0%BD%EC%8B%A0%EB%8F%99%29
강남구		의친왕가 복식	서울특별시 강남구 삼성로 29 경기여자고등학교	국가민속유산	37.48669	127.0659229	https://map.naver.com/p/search/%EC%9D%98%EC%B9%9C%EC%99%95%EA%B0%80%20%EB%B3%B5%EC%8B%9D%20%EC%84%9C%EC%9A%B8%ED%8A%B9%EB%B3%84%EC%8B%9C%20%EA%B0%95%EB%82%A8%EA%B5%AC%20%EC%82%BC%EC%84%B1%EB%A1%9C%2029%20%EA%B2%BD%EA%B8%B0%EC%97%AC%EC%9E%90%EA%B3%A0%EB%93%B1%ED%95%99%EA%B5%90
서초구	반포동	대방광불화엄경소 권118	서울특별시 서초구 반포대로 201 (반포동) 국립중앙도서관	보물	37.4974015	127.0033927	https://map.naver.com/p/search/%EB%8C%80%EB%B0%A9%EA%B4%91%EB%B6%88%ED%99%94%EC%97%84%EA%B2%BD%EC%86%8C%20%EA%B6%8C118%20%EC%84%9C%EC%9A%B8%ED%8A%B9%EB%B3%84%EC%8B%9C%20%EC%84%9C%EC%B4%88%EA%B5%AC%20%EB%B0%98%ED%8F%AC%EB%8C%80%EB%A1%9C%20201%20%28%EB%B0%98%ED%8F%AC%EB%8F%99%29%20%EA%B5%AD%EB%A6%BD%EC%A4%91%EC%95%99%EB%8F%84%EC%84%9C%EA%B4%80
종로구	부암동	탕춘대성	서울특별시 종로구 부암동 산 22-1 외 35필지	사적	37.5879394	126.9592555	https://map.naver.com/p/search/%ED%83%95%EC%B6%98%EB%8C%80%EC%84%B1%20%EC%84%9C%EC%9A%B8%ED%8A%B9%EB%B3%84%EC%8B%9C%20%EC%A2%85%EB%A1%9C%EA%B5%AC%20%EB%B6%80%EC%95%94%EB%8F%99%20%EC%82%B0%2022-1%20%EC%99%B8%2035%ED%95%84%EC%A7%80
