gu	dong_tokens	name	address	category	lat	lon	url
중구		DDP(동대문디자인플라자)	서울특별시 중구 을지로 281	기타	37.56735731522952	127.0097797348434	http://www.ddp.or.kr
성동구	성동	우란2경	서울특별시 성동구 연무장7길 11 2층	공연장	37.5437897702564	127.054416929987	https://www.wooranfdn.org/about/space.jsp
은평구		구립은평뉴타운도서관	서울특별시 은평구 진관2로 111-51	도서관	37.63723039689538	126.93311834754996	http://www.enlib.or.kr/
종로구		씨어터쿰	서울특별시 종로구 창경궁로 253-7	공연장	37.5844227357062	126.999528450321	https://www.daehakroticket.com/ticket.do?command=hall_view&tht_code=20200304001
노원구		노원문화예술회관	서울 노원구 중계로 181 노원문화예술회관	문화예술회관	37.6502368524442	127.080267103033	https://www.nowonarts.kr/
종로구		동숭무대소극장	서울특별시 종로구 혜화로 35 지하 1층	공연장	37.58868965585108	126.99917120271677	https://cafe.naver.com/dsstage
금천구		금천예술공장	서울특별시 금천구 범안로15길 57	기타	37.4688247596721	126.891928199853	http://www.sfac.or.kr/artspace/artspace/geumcheon_main.do
마포구		연세대학교 김대중도서관	서울특별시 마포구 신촌로4길 5-26	도서관	37.5569823830529	126.929590018517	https://www.kdjlibrary.org/
동대문구		세종대왕기념관	서울특별시 동대문구 회기로 56	박물관/기념관	37.5909928893989	127.042703170101	http://sejongkorea.org/main/main.html
용산구		주한독일문화원	서울 용산구 소월로 132 독일문화원	문화원	37.5507131461622	126.982711486486	http://www.goethe.de/ins/kr/seo/deindex.htm
중구		주한영국문화원	서울특별시 중구 서소문로11길 19	문화원	37.5637878280982	126.972089131199	https://www.britishcouncil.kr/
구로구		서울특별시교육청 고척도서관	서울 구로구 고척로45길 31 고척시립도서관	도서관	37.5053199924985	126.853039264745	http://gclib.sen.go.kr/
용산구		용산도시기억전시관	서울특별시 용산구 서빙고로 17	박물관/기념관	37.5269056148241	126.966566172294	https://blog.naver.com/yongsanpark_gallery
강동구	강동|천호동	광진교 8번가	서울 강동구 천호동 527-2	기타	37.5451462595072	127.112687934633	https://riverview8.co.kr
송파구		뮤지엄한미 방이	서울 송파구 위례성대로 14 19층	미술관/갤러리	37.5165925928554	127.113956209115	https://museumhanmi.or.kr/
노원구		서울생활사박물관	서울특별시 노원구 동일로174길 27	박물관/기념관	37.6201739154268	127.076936195632	https://museum.seoul.go.kr/sulm/index.do
종로구		공평도시유적전시관	서울특별시 종로구 우정국로 26	박물관/기념관	37.57189081127559	126.98338815886144	https://museum.seoul.go.kr/www/intro/annexIntro/annex_gongpyeong/annex_gongpyeong_01.jsp?sso=ok
종로구		김영옥 미술관	서울특별시 종로구 창의문로10길 11	미술관/갤러리	37.5938781052674	126.964253937947	http://www.magmasup.com/?page_id=21521
종로구		세종문화회관	서울 종로구 세종대로 175	공연장	37.5726241	126.9760053	https://www.sejongpac.or.kr
도봉구		서울특별시교육청 도봉도서관	서울 도봉구 삼양로 556 도봉도서관	도서관	37.6525474596619	127.012772246644	http://dblib.sen.go.kr/
용산구		노들섬	서울특별시 용산구 양녕로 445	기타	37.5176638307111	126.958036465507	http://nodeul.org/
영등포구		문래도서관	서울특별시 영등포구 문래로20길 49	도서관	37.5168565720389	126.8908945524	https://www.ydplib.or.kr/mllib/index.do
구로구	구로동	구로구립꿈나무어린이도서관	서울 구로구 구로동로26길 54 구로구시설관리공단 2층	도서관	37.4898939687455	126.886564928235	https://lib.guro.go.kr/#/about/gulib/lib01
양천구	목동동	한국방송회관 코바코홀	서울특별시 양천구 목동동로 233 한국방송회관 2층	공연장	37.526981693329	126.871394248566	http://www.kobacohall.co.kr/
용산구		리움미술관	서울특별시 용산구 이태원로55길 60-16	미술관/갤러리	37.5384612696435	126.999294071613	http://leeum.samsungfoundation.org
양천구	목동	갈산문화예술센터	서울특별시 양천구 목동남로 106	기타	37.5107624370301	126.87020687315	https://www.yangcheon.go.kr/site/yangcheon/05/10504150100002023031503.jsp
중구	정동	국립정동극장	서울특별시 중구 정동길 43	공연장	37.5659336365406	126.972844434584	https://jeongdong.or.kr/portal/main/main.do
종로구		종로구민회관	서울특별시 종로구 지봉로5길 7-5	기타	37.57356472409345	127.01420103656748	https://www.ijongno.co.kr/fmcs/29
은평구		구립증산도서관	서울특별시 은평구 증산로5길 6	도서관	37.5828094398328	126.907671330325	http://www.jsplib.or.kr
양천구		신월문화체육센터	서울특별시 양천구 지양로 47	기타	37.519931063925554	126.8350545759677	https://www.ycs.or.kr/fmcs/21
송파구		한성백제박물관	서울특별시 송파구 위례성대로 71	박물관/기념관	37.51543881335773	127.12088940368128	https://baekjemuseum.seoul.go.kr
종로구		서울특별시교육청 어린이도서관	서울특별시 종로구 사직로9길 7	도서관	37.5762858214854	126.968231878405	http://childlib.sen.go.kr/
서초구		한국분재박물관	서울특별시 서초구 신흥안길 40-10	박물관/기념관	37.4531367590412	127.075803211835	http://www.ktreedesign.com/
송파구		롯데월드 가든스테이지	서울특별시 송파구 올림픽로 240	공연장	37.5113096112036	127.098141751177	http://www.lotteworld.com
종로구		예술가의집	서울특별시 종로구 동숭길 3	기타	37.5805022887696	127.003256182632	https://www.arko.or.kr/arthouse/
종로구	인사동	가람화랑	서울특별시 종로구 인사동10길 11	미술관/갤러리	37.5742827945118	126.985613628841	http://www.garamgallery.co.kr/
용산구		용산구문화체육센터	서울특별시 용산구 백범로 350	기타	37.537241925875	126.967627844336	https://www.yong-san.or.kr/site/cs/home
광진구		자양4동도서관	서울특별시 광진구 뚝섬로26길 58	도서관	37.534067607714206	127.06609416533551	https://www.gwangjinlib.seoul.kr/jy4dong/index.do
강북구		솔샘문화정보도서관	서울 강북구 솔샘로 177 솔샘문화정보센타	도서관	37.6204776505226	127.012402476037	https://www.gblib.or.kr/solsem/
종로구		서울연극센터	서울특별시 종로구 대명길 3	기타	37.583389560237	127.001322132303	https://www.sfac.or.kr/artspace/artspace/play_main.do
성동구	성동	성동구립도서관	서울 성동구 고산자로10길 9 성동문화정보센터	도서관	37.5591798757923	127.034960654281	https://www.sdlib.or.kr/SD/main.do
마포구		마포아트센터	서울 마포구 대흥로20길 28 마포아트센터	문화예술회관	37.5499060881738	126.945533810385	https://www.mfac.or.kr/
강북구		강북청소년문화정보도서관	서울 강북구 삼양로54길 68 강북청소년문화정보센터	도서관	37.6230813586229	127.021555480923	https://www.gblib.or.kr/youth/index.do
종로구		국립현대미술관 서울	서울특별시 종로구 삼청로 30	미술관/갤러리	37.5786280284849	126.980087994867	https://www.mmca.go.kr/visitingInfo/seoulInfo.do
종로구		종로문화원	서울특별시 종로구 율곡로 5	문화원	37.5761097079432	126.980378016466	http://jongno.kccf.or.kr
강서구		LG아트센터 서울	서울특별시 강서구 마곡중앙로 136 LG아트센터 서울	공연장	37.5653629860767	126.829388763217	https://www.lgart.com/home/ko/main
광진구		광진정보도서관	서울특별시 광진구 아차산로78길 90	도서관	37.5510729137918	127.110615495296	https://www.gwangjinlib.seoul.kr/gjinfo/index.do
마포구		포스트극장	서울특별시 마포구 와우산로 148	공연장	37.5541249044242	126.929648387272	https://changmuartcenter.com/
관악구		서울시립 남서울미술관	서울특별시 관악구 남부순환로 2076	미술관/갤러리	37.4760535374985	126.979465861688	https://sema.seoul.go.kr/kr/visit/namseoul
종로구		광화문아트홀	서울특별시 종로구 인왕산로1길 21	문화예술회관	37.5742098160357	126.964661018954	https://www.ijongno.co.kr/fmcs/41
금천구		문화정원아트홀	서울특별시 금천구 가산로 61 지하1층	공연장	37.4718013047734	126.896008983523	http://www.cgarthall.co.kr/xe/
종로구		극장동국	서울특별시 종로구 창경궁로 259	공연장	37.5845508578762	127.000034418091	https://www.facebook.com/PalyDongGuk
성북구		놀터예술공방	서울 성북구 성북로2길 21 엘리트리빙텔 지하1층	공연장	37.5895031357978	127.007028888864	없음
성동구	성동	성수아트홀	서울특별시 성동구 뚝섬로1길 43	문화예술회관	37.5454288300956	127.046948095951	https://www.sdfac.or.kr/kor/sdfac/sub/contents.do?gotoMenuNo=01020100
동대문구		서울풍물시장 전통문화체험관	서울특별시 동대문구 천호대로4길 21	기타	37.5727131853349	127.025502937291	http://www.pungmul.or.kr
종로구		한국사회과학도서관	서울특별시 종로구 인왕산로1길 25	도서관	37.5734632504819	126.96435708849	https://www.ekssl.or.kr/main/main/main.do
서초구		반포심산아트홀	서울특별시 서초구 사평대로 55	공연장	37.4988344628	126.9912424758	https://www.seochocf.or.kr/site/main/content/culture_space_simsan_arthall
용산구		보광극장	서울특별시 용산구 장문로19길 4	공연장	37.5261107778176	126.997818532998	https://bktheater.modoo.at/
구로구	구로동	신도림 오페라하우스	서울 구로구 구로동 3-33	공연장	37.50818811797741	126.89081137277203	https://www.guroartsvalley.or.kr/user/overall/overallArt8.do
동작구		서울특별시교육청 동작도서관	서울 동작구 장승배기로 94 서울특별시립 동작도서관	도서관	37.5059684516068	126.940102858481	http://djlib.sen.go.kr/
서초구		서초문화예술회관	서울 서초구 강남대로 201 서초문화예술회관	문화예술회관	37.4818278430879	127.035957179608	https://www.seocho.go.kr/site/seocho/05/10504010300002015070811.jsp
서대문구		서울특별시교육청 서대문도서관	서울 서대문구 모래내로 412 서대문도서관	도서관	37.5833186200007	126.940858017289	https://sdmlib.sen.go.kr/sdmlib/index.do?getContextPath=
강남구		민속극장풍류	서울 강남구 봉은사로 406 서울국가무형문화재전수교육관	공연장	37.5099100	127.044364	https://www.instagram.com/chfpungryu/
강남구		강남스포츠문화센터	서울특별시 강남구 밤고개로1길 52	기타	37.48915345909661	127.10522596740412	https://www.gncity.or.kr/gncity/main/contents.do?menuNo=200138
동작구		사당문화회관	서울특별시 동작구 사당로8길 9	기타	37.484714436886	126.969613923049	https://sports.idongjak.or.kr/home/59
광진구	능동	건국대학교 박물관	서울특별시 광진구 능동로 120	박물관/기념관	37.54240517067264	127.07559228463867	https://museum.konkuk.ac.kr/Museum/index.do
송파구		거마도서관	서울특별시 송파구 거마로2길 19	도서관	37.4935489790566	127.146822326781	https://www.splib.or.kr/spglib/index.do
용산구		서울특별시교육청 남산도서관	서울 용산구 소월로 109 남산도서관	도서관	37.5525564160959	126.982158117042	http://nslib.sen.go.kr/
성북구		최순우 옛집	서울특별시 성북구 성북로15길 9	박물관/기념관	37.5929768495688	127.000349881218	http://www.ntculture.or.kr/
양천구		서울문화예술교육센터 양천	서울특별시 양천구 남부순환로64길 2	기타	37.5282197824835	126.832145349117	https://www.sfac.or.kr/artspace/artspace/arteducation_main.do
강서구		스카이아트홀	서울특별시 강서구 화곡로63길 65	공연장	37.5579738421304	126.849189076142	http://skyarthall.co.kr/w/01.html
강서구		국립국어원 우리말 꿈터	서울특별시 강서구 금낭화로 154 국립국어원 1층	기타	37.579155054659	126.81383542564	https://www.korean.go.kr/front/page/pageView.do?page_id=P000461&mn_id=200
종로구		학고재	서울특별시 종로구 삼청로 50	미술관/갤러리	37.5804654638012	126.980316758246	http://hakgojae.com/
중구		남산골한옥마을	서울특별시 중구 퇴계로34길 28	기타	37.559304933707146	126.994440072131	http://www.hanokmaeul.or.kr
종로구		국립고궁박물관	서울 종로구 효자로 12 국립고궁박물관	박물관/기념관	37.5765916191985	126.974974825074	https://www.gogung.go.kr/gogung/main/main.do
종로구		떡박물관	서울 종로구 돈화문로 71 인산빌딩	박물관/기념관	37.5748995802783	126.990638129224	http://www.tkmuseum.or.kr/
강서구		허준박물관	서울특별시 강서구 허준로 87	박물관/기념관	37.5678724473689	126.851031243879	https://culture.gangseo.seoul.kr/gsfc/main/contents.do?menuNo=800119
중구	필동	2ND AVENUE GALLERY	서울특별시 중구 필동로8길 22	미술관/갤러리	37.555139463911	126.994911633545	http://www.gallery2ndave.com/gallery/about
강서구		강서문화원	서울특별시 강서구 가로공원로 195	문화원	37.537543087798	126.837642139084	http://www.kcc2000.or.kr
도봉구		도봉기적의도서관	서울 도봉구 마들로 797 도봉기적의도서관	도서관	37.6808029698392	127.050132749664	http://www.unilib.dobong.kr/contents.do?idx=65
은평구	통일로78가|불광동	은평구립도서관	서울특별시 은평구 통일로78가길 13-84(불광동)	도서관	37.6190451	126.9283998	http://www.eplib.or.kr/
구로구		구로아트밸리예술극장	서울특별시 구로구 가마산로25길 9	문화예술회관	37.4966251468796	126.890315032666	https://www.guroartsvalley.or.kr/user/overall/overallArt.do
강남구	개포동	서울특별시교육청 개포도서관	서울  강남구 개포동  선릉로4길 30	도서관	37.4829604	127.063769	http://gplib.sen.go.kr/
은평구		은평역사한옥박물관	서울 은평구 연서로50길 8	박물관/기념관	37.6404009547	126.9380554763	http://museum.ep.go.kr
종로구	필운동	더 소호	서울 종로구 필운대로 17 필운동연립주택	미술관/갤러리	37.5778764483968	126.969297162507	http://www.thesoho.co.kr/
도봉구		도봉문화원	서울 도봉구 도봉로 552 도봉구민회관	문화원	37.654199284867	127.038870491264	https://www.dobong.or.kr/main/index.php
중구		드라마센터	서울특별시 중구 소파로 138	공연장	37.5591300607013	126.988389426431	https://www.seoularts.ac.kr/web/content.do?proFn=9992321
영등포구		KBS홀	서울특별시 영등포구 여의공원로 13	공연장	37.5259698897016	126.916716838156	https://program.kbs.co.kr/online/office/hall/pc/index.html
강동구	강동	강동구립성내도서관	서울특별시 강동구 성안로 106-1	도서관	37.5328454696729	127.133342998226	https://www.gdlibrary.or.kr/web/menu/10006/program/30002/dataStatus.do?siteCd=snlib
용산구		서울특별시교육청 용산도서관	서울 용산구 두텁바위로 160 용산도서관	도서관	37.552006395161	126.980141252149	http://yslib.sen.go.kr
강남구	학동	강남구립정다운도서관	서울특별시 강남구 학동로67길 11	도서관	37.5190987146919	127.046440886765	https://jdwlib.gangnam.go.kr/jdwlib/index.do
성북구		아리랑도서관	서울특별시 성북구 아리랑로 82	도서관	37.6001190917898	127.013893650352	https://www.sblib.seoul.kr/arlib/index.do
종로구		LG상남도서관	서울특별시 종로구 창덕궁1길 18	도서관	37.5797322332183	126.98848528683	http://www.lg.or.kr
성북구		한상수자수박물관	서울특별시 성북구 성북로16길 4-10	박물관/기념관	37.5936139377352	127.000933590689	https://thssem.modoo.at/
강동구	강동	강동구민회관	서울특별시 강동구 상암로 168	기타	37.5458583	127.1411875	https://www.igangdong.or.kr/page/ce/ce_0101.asp
송파구		소나무언덕3호도서관	서울 송파구 성내천로 319 마천청소년센터 4층	도서관	37.4923468656377	127.156636725225	https://www.splib.or.kr/sp3lib/index.do
도봉구		도봉구민회관	서울특별시 도봉구 도봉로 552	기타	37.654197803510066	127.03844201600822	https://www.dobongsiseol.or.kr/index_hall.html
노원구		월계도서관	서울특별시 노원구 월계로 319	도서관	37.6286377186897	127.05612282546	https://www.nowonlib.kr/
강남구		GB 가빈아트홀	서울특별시 강남구 삼성로 534, B2층 가빈아트홀	공연장	37.5096776765406	127.055536318832	https://gabin-arthall.com
성북구		성북여성문화센터	서울특별시 성북구 성북로4길 177	기타	37.595617068594116	127.00866241383996	https://www.sbculture.or.kr/culture/main/contents.do?menuNo=500149
강남구	영동	코엑스전시장	서울특별시 강남구 영동대로 513	미술관/갤러리	37.5118239121138	127.059159043842	http://www.coex.co.kr
종로구		한국공예문화진흥원	서울 종로구 율곡로 53 해영회관 5층	미술관/갤러리	37.576600362627	126.985127531969	http://www.kcdf.kr/
용산구	용산동6가	국립한글박물관	서울 용산구 용산동6가 412-6	박물관/기념관	37.5211619506891	126.98097295481348	http://www.hangeul.go.kr
마포구		홍대 롤링홀	서울특별시 마포구 어울마당로 35 지하 1층, 2층	공연장	37.5484975164949	126.920120953258	https://www.rollinghall.co.kr/default/index.php
종로구		목인박물관 목석원	서울특별시 종로구 창의문로5길 46-1	박물관/기념관	37.5890219122924	126.963289212881	http://www.mokinmuseum.com/
동대문구		이문체육문화센터	서울특별시 동대문구 한천로58길 81-49	기타	37.60227815080871	127.06885250776844	https://www.dfmc.kr:8443/course/sports/fmcs/125
영등포구		대림도서관	서울특별시 영등포구 도신로 27	도서관	37.5042968146599	126.896055988494	https://www.ydplib.or.kr/drlib/index.do
종로구		갤러리 룩스	서울특별시 종로구 필운대로7길 12	미술관/갤러리	37.5815965392578	126.967857491088	http://www.gallerylux.net/
서초구		유리지공예관	서울특별시 서초구 중앙로 555	미술관/갤러리	37.457757841871	127.01235419179	http://yoolizzycraftmuseum.org/wp/
종로구		상명아트센터	서울특별시 종로구 홍지문2길 20	공연장	37.604108905882	126.955159496571	https://www.smu.ac.kr/smarts/index.do
중랑구		중랑문화체육관	서울특별시 중랑구 사가정로72길 47	기타	37.5793003913518	127.095770883838	https://www.jungnangimc.or.kr/html/01020100
종로구		운현궁	서울특별시 종로구 삼일대로 464	기타	37.57607864675475	126.987083357962	http://www.unhyeongung.or.kr/
도봉구		창동문화체육센터	서울특별시 도봉구 노해로69길 132	기타	37.658004417520154	127.05048800126988	https://www.dobongsiseol.or.kr/index_sport.html
용산구		스튜디오 콘크리트	서울특별시 용산구 한남대로 162	미술관/갤러리	37.5424514132642	127.002516651699	http://www.studio-ccrt.com/xe/index_ccrt
용산구		용산아트홀	서울특별시 용산구 녹사평대로 150	문화예술회관	37.5324522944579	126.990478820837	http://art.yongsan.go.kr
영등포구		영등포아트홀	서울 영등포구 국회대로 596 영등포아트홀	문화예술회관	37.5260087284496	126.900109255921	https://www.ydpcf.or.kr/arthall/arthall.do
강남구		강남구민회관	서울특별시 강남구 삼성로 154	기타	37.4938499406221	127.06414979923	https://www.gncity.or.kr/gncity/main/contents.do?menuNo=200139
영등포구	여의도동	국회도서관	서울 영등포구 여의도동 의사당대로 1 국회의사당	도서관	37.5329119742768	126.916403869603	http://www.nanet.go.kr
강서구		겸재정선미술관	서울특별시 강서구 양천로47길 36	미술관/갤러리	37.5722229700452	126.838412024868	https://culture.gangseo.seoul.kr/gsfc/main/contents.do?menuNo=800054
종로구	인사동	갤러리 라메르	서울특별시 종로구 인사동5길 26 홍익빌딩	미술관/갤러리	37.5725819833564	126.984868085947	http://www.gallerylamer.com/
마포구		폼텍웍스홀	서울특별시 마포구 잔다리로3길 34	공연장	37.5506957017413	126.917916281049	http://www.workshall.co.kr/
서초구		서초구립반포도서관	서울 서초구 고무래로 34 서초구립반포도서관	도서관	37.5024870733134	127.01251344236	https://www.seocholib.or.kr/
강남구		셀린박 갤러리	서울특별시 강남구 압구정로32길 30	미술관/갤러리	37.5257900767039	127.029756991789	https://www.instagram.com/celineparkgallery/
강남구		갤러리 가이아	서울특별시 강남구 선릉로162길 43	미술관/갤러리	37.5263596212575	127.044097726418	http://www.galerie-gaia.net/
중구		종이나라박물관	서울특별시 중구 장충단로 166	박물관/기념관	37.5596804372304	127.006202929994	https://cafe.naver.com/papermuseum
마포구		서울시립 난지미술창작스튜디오	서울특별시 마포구 하늘공원로 108-1	미술관/갤러리	37.56907059409881	126.87892209519516	https://sema.seoul.go.kr/kr/visit/nanji_residency
종로구		성곡미술관	서울 종로구 경희궁길 42 성곡미술관	미술관/갤러리	37.5735105141974	126.96970364743	http://www.sungkokmuseum.org/main/
종로구		두산아트센터 연강홀	서울특별시 종로구 종로33길 15	공연장	37.5718123278145	127.00100010537	https://www.doosanartcenter.com/ko/
중구	명동	명동난타극장	서울특별시 중구 명동길 26	공연장	37.5634574532023	126.983764788709	http://www.nanta.co.kr/
서초구		한전아트센터	서울특별시 서초구 효령로72길 60	기타	37.4856046634033	127.028078834421	https://home.kepco.co.kr/kepco/AR/main.do
서초구		세빛섬	서울특별시 서초구 올림픽대로 2085-14	기타	37.5124362037118	126.995962256954	http://www.somesevit.co.kr/
중구		문학의집서울	서울특별시 중구 퇴계로26길 65	기타	37.5580841736	126.9892390979	http://www.imhs.co.kr
광진구	능동	서울상상나라	서울  광진구 능동로 216	박물관/기념관	37.550550	127.077569	http://www.seoulchildrensmuseum.org
강동구	강동	강동구립암사도서관	서울특별시 강동구 고덕로20길 42	도서관	37.5528330245657	127.133365473246	http://www.gdlibrary.or.kr/aslib/
강동구	강동	강동구립천호도서관	서울특별시 강동구 성안로31마길 1, 2층	도서관	37.5405232247297	127.134081513483	https://www.gdlibrary.or.kr/web/menu/10022/program/30002/dataStatus.do?siteCd=chlib
성북구	종암로21가	문화공간이육사	서울특별시 성북구 종암로21가길 36-1	기타	37.5981380921564	127.032601556099	https://www.instagram.com/culturalspace264/
도봉구		도봉문화정보도서관	서울 도봉구 덕릉로 315 도봉문화정보도서관	도서관	37.6446909352991	127.043768286365	http://www.unilib.dobong.kr/contents.do?idx=63
서대문구		서대문자연사박물관	서울특별시 서대문구 연희로32길 51	박물관/기념관	37.5767519879565	126.937858169171	https://namu.sdm.go.kr/site/main/home
강남구		SETEC전시장(서울무역전시장)	서울특별시 강남구 남부순환로 3104	기타	37.4956786590374	127.071912029293	http://www.setec.or.kr/
광진구	능동	세종대학교 대양홀	서울특별시 광진구 능동로 209	공연장	37.5516093089619	127.07318364213	http://www.sejong.ac.kr/sejong/oncampus_02.html
강남구		김영섭사진화랑	서울특별시 강남구 강남대로152길 13	미술관/갤러리	37.517378842154	127.020501567636	https://www.gallerykim.com/
도봉구		평화문화진지	서울특별시 도봉구 마들로 932	기타	37.690780138783	127.046812594303	https://culturebunker.or.kr/
성동구	성동	디뮤지엄	서울특별시 성동구 왕십리로 83-21	미술관/갤러리	37.5441547484979	127.043357753557	https://daelimmuseum.org/
종로구	창경궁로35가	아웃사이트	서울특별시 종로구 창경궁로35가길 12	미술관/갤러리	37.5872586942711	127.001368055445	http://www.out-sight.net
서대문구		서울무용센터	서울 서대문구 명지2길 14	기타	37.5830598426	126.9278728999	http://www.sfac.or.kr/artspace/artspace/dance_main.do
송파구		롯데콘서트홀	서울특별시 송파구 올림픽로 300 롯데월드몰 8층	공연장	37.5137519612953	127.104446890835	https://www.lotteconcerthall.com/kor
종로구	인사동	인사아트센터	서울특별시 종로구 인사동길 41-1	미술관/갤러리	37.5738798319827	126.98460089481	http://www.insaartcenter.com/
종로구		갤러리 도올	서울 종로구 삼청로 87 도올빌딩 2층	미술관/갤러리	37.5832322737028	126.981676992197	http://www.gallerydoll.com/
종로구		아트선재센터	서울 종로구 율곡로3길 87 아트선재센터	미술관/갤러리	37.5794635323506	126.981839239613	http://www.artsonje.org/
종로구	계동	북촌문화센터	서울특별시 종로구 계동길 37	기타	37.57907437956687	126.9864318880889	https://hanok.seoul.go.kr/front/kor/exp/expCenter.do?tab=1
노원구		노원어린이도서관	서울 노원구 한글비석로 346 노원어린이도서관	도서관	37.6579494099946	127.076379050006	https://www.nowonlib.kr/LocationHours?code=MB&page=1
노원구		불암도서관	서울 노원구 중계로 106 불암도서관	도서관	37.6452921261057	127.082544741726	https://nowonlib.kr/buram
서초구		살롱쿤스트	서울특별시 서초구 논현로 117	공연장	37.4802905984418	127.043308728556	https://www.instagram.com/salon_kunst/
강서구		강서구립길꽃어린이도서관	서울특별시 강서구 금낭화로24길 5	도서관	37.5787189637477	126.813657528897	https://gilkkot.gangseo.seoul.kr/
노원구		서울시립 북서울미술관	서울특별시 노원구 동일로 1238	미술관/갤러리	37.6406604547872	127.066865579183	https://sema.seoul.go.kr/kr/visit/bukseoul
강남구		광림아트센터 장천홀	서울특별시 강남구 압구정로22길 21	공연장	37.5242621122375	127.026542808066	http://www.klarts.kr/
서초구		서초구립내곡도서관	서울특별시 서초구 청계산로7길 9-20	도서관	37.4520032504691	127.054444623274	https://naegok.seocholib.or.kr/
마포구		한국천주교순교자박물관	서울특별시 마포구 토정로 6	박물관/기념관	37.5441354407025	126.911793575318	http://www.jeoldusan.or.kr/renew/museum1.php
은평구		내를 건너서 숲으로 도서관	서울특별시 은평구 증산로 17길 50 내를건너서숲으로도서관	도서관	37.5916963128908	126.908048159351	https://www.nslib.or.kr/
종로구		한양도성박물관	서울특별시 종로구 율곡로 283	박물관/기념관	37.5728571793919	127.008512843764	http://www.museum.seoul.kr/scwm/NR_index.do
은평구	역촌동	은평구청소년문화의집 신나는애프터센터	서울특별시 은평구 연서로6길 7 (역촌동, 은평구청소년문화의집)	기타	37.6043734995	126.9166272426	http://www.epyouth.org/
중랑구		중랑구민회관	서울특별시 중랑구 면목로 238	기타	37.57384126888469	127.08506502512876	http://www.jungnangimc.or.kr
구로구		평강성서유물박물관	서울특별시 구로구 오류로8라길 44	박물관/기념관	37.4919552205758	126.844061327772	http://www.apm.or.kr/
강남구		포스코미술관	서울시 강남구 테헤란로 440 포스코센터 지하 1층 포스코미술관	미술관/갤러리	37.5057694	127.0558879	http://www.poscoartmuseum.org/
용산구		필 갤러리	서울 용산구 유엔빌리지길 24 필 갤러리	미술관/갤러리	37.5335832999485	127.009780074836	https://www.instagram.com/fillgallery/
중구		서울남산국악당	서울특별시 중구 퇴계로34길 28 서울남산국악당	공연장	37.5583499463987	126.994021611776	https://sgtt.kr/
용산구		동자아트홀	서울특별시 용산구 한강대로 372 KDB생명타워 B2층	기타	37.5516794257654	126.972905059299	https://www.instagram.com/dongja_arthall/
구로구		개봉도서관	서울 구로구 개봉로16길 30-11 개봉초등학교 내	도서관	37.4895280611996	126.857972181036	https://lib.guro.go.kr/#/about/gulib/lib06
용산구		일신홀	서울특별시 용산구 한남대로 98 일신빌딩 1층	공연장	37.537167036107	127.005516646173	http://ilshinhall.com/
용산구		더줌아트센터	서울특별시 용산구 독서당로 111	공연장	37.5361228594578	127.007307641122	http://thezoom.kr/
중구		서울도서관	서울특별시 중구 세종대로 110	도서관	37.5663174209601	126.977829174031	https://lib.seoul.go.kr/
양천구		서울시립청소년음악센터	서울특별시 양천구 남부순환로 657	기타	37.5105883194895	126.842870706009	https://symc.or.kr/
종로구		가나아트센터	서울특별시 종로구 평창30길 28	미술관/갤러리	37.6122447138613	126.975182153045	http://www.ganaart.com/
강남구	영동	KT&G 상상마당 대치아트홀	서울특별시 강남구 영동대로 416 KT&G 타워 3층	공연장	37.5065841136869	127.065326637295	https://www.sangsangmadang.com/main/DC
구로구		구로구립글마루 한옥어린이도서관	서울특별시 구로구 고척로27바길 7	도서관	37.5069156006181	126.845637024997	https://lib.guro.go.kr/#/about/gulib/lib07
송파구	신천동	서울책보고	서울 송파구 신천동 14	기타	37.52202784263066	127.1038467712633	http://www.seoulbookbogo.kr
강남구		강남구립대치도서관	서울 강남구 삼성로 212 은마아파트 복지상가 2층 215호	도서관	37.4996157705058	127.065915414443	https://library.gangnam.go.kr/dchlib/index.do
종로구		킵인터치	서울특별시 종로구 북촌로1길 13	미술관/갤러리	37.5773133865904	126.984946373051	https://keepintouchseoul.wordpress.com/
광진구		한강이야기전시관	서울특별시 광진구 강변북로 2202	기타	37.52998877884993	127.06527882345472	http://www.j-bug.co.kr/
종로구		동덕아트갤러리	서울특별시 종로구 우정국로 68	미술관/갤러리	37.5749329202213	126.983315938932	http://www.gallerydongduk.com/
종로구	인사동	동호갤러리	서울특별시 종로구 인사동7길 12	미술관/갤러리	37.5730678443379	126.985219247296	없음
종로구	인사동	토포하우스	서울 종로구 인사동11길 6 토포하우스	미술관/갤러리	37.574095133366	126.98432452544	https://www.topohaus.com/
서대문구		아트하우스 모모	서울특별시 서대문구 이화여대길 52	기타	37.5644645178259	126.950288837762	https://www.arthousemomo.co.kr/
강남구		코리아나미술관	서울특별시 강남구 언주로 827	미술관/갤러리	37.5240691643	127.032811048	http://spacec.co.kr/
성동구	성동|자동	서울하수도과학관	서울특별시 성동구 자동차시장3길 64	박물관/기념관	37.5604666954517	127.060364943935	http://sssmuseum.org
송파구		사각사각 플레이스	서울특별시 송파구 한가람로 65	기타	37.5176276345914	127.08673648927	https://hangang.seoul.go.kr/www/contents/831.do?mid=541
강남구		강남구립못골한옥어린이도서관	서울특별시 강남구 자곡로7길 3	도서관	37.4733061524019	127.099727862691	https://library.gangnam.go.kr/hchildlib/index.do
중구		농업박물관	서울특별시 중구 새문안로 16	박물관/기념관	37.566738542645766	126.96832931549086	https://www.agrimuseum.or.kr:472/
강남구	청담동	강남구립청담도서관	서울 강남구 압구정로79길 26 청담동주민센터	도서관	37.5250921105077	127.04929111534	https://library.gangnam.go.kr/cdlib/index.do
송파구		서울백제어린이박물관	서울특별시 송파구 올림픽로 424	박물관/기념관	37.523991	127.124412	https://baekjemuseum.seoul.go.kr/dreamvillage/index.jsp
강남구		갤러리 JJ	서울특별시 강남구 압구정로30길 63	미술관/갤러리	37.5232493093031	127.029158344853	https://www.galleryjj.org
강남구		강남구립도곡정보문화도서관	서울 강남구 도곡로18길 57 도곡정보문화도서관	도서관	37.4883103031337	127.038880370672	https://library.gangnam.go.kr/dogoklib/index.do
노원구		노원문화원	서울특별시 노원구 동일로197길 24	문화원	37.6287989945413	127.069800913955	https://www.nwcc.or.kr/index.php
성북구		간송미술관	서울특별시 성북구 성북로 102-11	미술관/갤러리	37.5944624355121	126.996238532295	http://kansong.org/
종로구		OCI미술관	서울특별시 종로구 우정국로 45-14	미술관/갤러리	37.5732395069024	126.982128279816	http://ocimuseum.org
송파구		서울올림픽기념관	서울특별시 송파구 올림픽로 424	박물관/기념관	37.5203396980951	127.115517876627	https://88olympic.kspo.or.kr/homepage/korean/contents/index.asp
서대문구		이화여자대학교 박물관	서울특별시 서대문구 이화여대길 52	박물관/기념관	37.5644645178259	126.950288837762	http://museum.ewha.ac.kr
중구		한국금융사박물관	서울특별시 중구 세종대로 135-5	박물관/기념관	37.5685952282764	126.976433052559	https://www.beautifulshinhan.co.kr/servShcaInqy2010.do?mappingId=%2FservShcaInqy2010.do&genActiontypeCd=2ACT1010&genDoctreattypeCd=&genMenuId=menu_serv_serv_lawt_3020
성북구		성북구립 최만린미술관	서울특별시 성북구 솔샘로7길 23	미술관/갤러리	37.6106597929108	127.004288022173	https://sma.sbculture.or.kr/cml/index.do
종로구		호경재	서울특별시 종로구 북촌로 77-3	기타	37.5838013264631	126.984741164219	https://www.xn--289au42cfjk.com/
강남구	학동	강남구립논현도서관	서울 강남구 학동로43길 17 논현2문화센터 6층	도서관	37.5172831299803	127.037204204847	https://library.gangnam.go.kr/nhlib/index.do
은평구		샤머니즘박물관	서울특별시 은평구 진관2로 57-23	박물관/기념관	37.6351344788336	126.925378161529	http://www.shamanismmuseum.org/
동대문구		서울특별시교육청 동대문도서관	서울 동대문구 천호대로4길 22 동대문도서관	도서관	37.5738565548699	127.024185212313	http://ddmlib.sen.go.kr/
종로구	종로58가	아름꿈도서관	서울 종로구 종로58가길 19 2층	도서관	37.5726963187211	127.017117455617	https://www.jfac.or.kr/site/main/content/arum_dream01
용산구		갤러리 비선재	서울특별시 용산구 유엔빌리지3길 54-14	미술관/갤러리	37.5357632637137	127.014278496667	https://www.bisunjae.com/
강남구		강남구립역삼푸른솔도서관	서울특별시 강남구 테헤란로8길 36	도서관	37.496499181425	127.032028764698	https://library.gangnam.go.kr/ysplib/index.do
강남구		강남구립못골도서관	서울특별시 강남구 자곡로 116	도서관	37.47153792025	127.096582363421	https://library.gangnam.go.kr/mglib/index.do
금천구		금천구립금나래도서관	서울특별시 금천구 시흥대로73길 70	도서관	37.4570656519531	126.896036850324	https://geumcheonlib.seoul.kr/geumcheonlib/uce/content/contentList.do?selfId=1121
서초구		서리풀청년아트갤러리	서울특별시 서초구 남부순환로323길 1	미술관/갤러리	37.481137954971	127.013504028268	https://www.seoripulgallery.com/
용산구		현대카드 아트 라이브러리	서울특별시 용산구 이태원로 248	기타	37.5368105457993	127.000866126411	https://dive.hyundaicard.com/web/artlibrary/spaceMain.hdc
용산구		용산구립청파도서관	서울특별시 용산구 청파로93길 27	도서관	37.5539252695747	126.967604332641	https://www.yslibrary.or.kr/cheongpa/index.do
용산구		옛 국립극단 백성희장민호극장	서울특별시 용산구 청파로 373	공연장	37.5531465401719	126.968279388516	https://www.ntck.or.kr/ko
중구		한국은행 화폐박물관	서울특별시 중구 남대문로 39	박물관/기념관	37.56204024128875	126.98055510383593	http://www.bok.or.kr/museum/main/main.do
용산구		팝콘D스퀘어	서울특별시 용산구 한강대로23길 55 아이파크몰 테마파크 6층 1-1호	기타	37.52985067787847	126.9648716843599	http://www.popcond.com/
용산구		대원 콘텐츠 라이브	서울특별시 용산구 한강대로23길 55 현대아이파크몰 리빙파크 6층 1-1 팝콘D스퀘어	공연장	37.5297718014452	126.964741503485	http://www.popcond.com/index.php?p=contents_live_intro
성동구	성동	한양대학교 박물관	서울특별시 성동구 왕십리로 222	박물관/기념관	37.5545035492027	127.046611216789	https://museumuf.hanyang.ac.kr/
종로구		우리소리도서관	서울특별시 종로구 삼일대로30길 47	도서관	37.5744823869	126.9902329177	https://www.jfac.or.kr/
광진구		예스24 라이브홀	서울특별시 광진구 구천면로 20	공연장	37.5457267681008	127.107967944506	https://yes24livehall.com
용산구		BHAK	서울특별시 용산구 한남대로40길 19	미술관/갤러리	37.5428868498054	127.003200910809	http://www.galeriebhak.com/
용산구		전쟁기념관	서울특별시 용산구 이태원로 29	박물관/기념관	37.5373140468913	126.978466063237	https://www.warmemo.or.kr/
강남구		도산안창호 기념관	서울 강남구 도산대로 45길 20 도산안창호기념관	박물관/기념관	37.5239978	127.0356302	http://www.ahnchangho.or.kr/
동대문구		김희수아트센터	서울특별시 동대문구 홍릉로 118, 김희수아트센터 1층	박물관/기념관	37.590705971349955	127.04281951646152	http://www.soorimcf.or.kr/index.html
용산구		용산 고래이야기 작은도서관	서울특별시 용산구 효창원로 157	도서관	37.541908846157	126.961645243993	http://cafe.naver.com/bookwhale
중구		서울시립미술관 서소문본관	서울특별시 중구 덕수궁길 61	미술관/갤러리	37.5641060692766	126.973699316136	https://sema.seoul.go.kr/kr/visit/seosomun
종로구		국립경찰박물관	서울특별시 종로구 송월길 162	박물관/기념관	37.5720572964048	126.962196007118	https://www.policemuseum.go.kr/
종로구		국립민속박물관	서울특별시 종로구 삼청로 37	박물관/기념관	37.58167716587645	126.9790131306123	https://www.nfm.go.kr/home/index.do
중구	정동	경향아트힐	서울 중구 정동길 3 경향신문사건물	기타	37.5681732680976	126.969976113229	없음
강남구		코리아나 화장박물관	강남구 언주로 827	박물관/기념관	37.52450167801044	127.0326935857424	http://www.spacec.co.kr
종로구	청운동	윤동주문학관	서울특별시 종로구 창의문로 119(청운동)	기타	37.5920259037	126.9669236248	https://www.jfac.or.kr/site/main/content/yoondj01
강남구		세곡도서관	서울특별시 강남구 밤고개로 286	도서관	37.4690492648152	127.106912529003	https://library.gangnam.go.kr/sklib/index.do
도봉구		쌍문채움도서관	서울 도봉구 우이천로 340 쌍문채움도서관	도서관	37.6470421197696	127.026230185925	http://www.unilib.dobong.kr/contents.do?idx=291
강남구		국립어린이청소년 도서관	서울 강남구 테헤란로7길 21 국립어린이청소년도서관	도서관	37.500936003783	127.029622838671	http://www.nlcy.go.kr
중구		안중근의사기념관	서울특별시 중구 소월로 91	박물관/기념관	37.5534684886426	126.980404324804	http://www.ahnjunggeun.or.kr/index.html
종로구		서울교육박물관	서울 종로구 북촌로5길 48 정독도서관	박물관/기념관	37.5812654545612	126.983870059299	https://edumuseum.sen.go.kr/edumuseum/index.do?getContextPath=
광진구	능동	건국대학교 새천년관대공연장	서울특별시 광진구 능동로 120 새천년관 B2	공연장	37.539182674872	127.074711902268	http://www.weneart.com/
광진구		몽골 울란바타르 문화진흥원	서울특별시 광진구 광장로 1	문화원	37.5455494153327	127.098204726073	http://www.mongolcenter.org/
마포구		디지털 파빌리온	서울특별시 마포구 월드컵북로 396	미술관/갤러리	37.5794283422818	126.889782954548	https://kovac.modoo.at/
중구		조선일보미술관	서울특별시 중구 세종대로21길 33	미술관/갤러리	37.567895444475	126.975208646759	없음
종로구		서울무형유산교육전시장	서울특별시 종로구 율곡로 10길 13	기타	37.5769351431409	126.991104508988	http://seoulmaster.co.kr/index.php
마포구	공덕동	마포문화원	서울 마포구 백범로 227 공덕동자치회관	문화원	37.5422338474855	126.955511259347	http://www.mapocc.or.kr/
동대문구		서울한방진흥센터	서울특별시 동대문구 약령중앙로 26	박물관/기념관	37.5806004145096	127.037586644096	http://kmedi.ddm.go.kr
용산구		갤러리비케이 이태원	서울특별시 용산구 이태원로42길 56	미술관/갤러리	37.5369571346384	127.001296420098	http://www.gallerybk.co.kr/
중구		국립현대미술관 덕수궁	서울특별시 중구 세종대로 99	미술관/갤러리	37.5660868250943	126.973725785222	https://www.mmca.go.kr/visitingInfo/deoksugungInfo.do
종로구		갤러리현대	서울 종로구 삼청로 14 갤러리현대	미술관/갤러리	37.5773056844787	126.979823330741	http://www.galleryhyundai.com/
마포구		서강대학교 박물관	서울특별시 마포구 백범로 35	박물관/기념관	37.5514693075541	126.943024997981	없음
서초구		전기박물관	서울특별시 서초구 효령로72길 60	박물관/기념관	37.4856046634033	127.028078834421	https://home.kepco.co.kr/kepco/PR/F/htmlView/PRFAHP001.do?menuCd=FN060501
서초구		영산양재홀	서울특별시 서초구 바우뫼로37길 45	공연장	37.4804853762882	127.038417517658	http://www.youngsanhall.co.kr/
강동구	강동	암사동선사유적박물관	서울특별시 강동구 올림픽로 875	박물관/기념관	37.5598538144	127.1308315505	http://sunsa.gangdong.go.kr/site/main/home
성동구	성동	언더스탠드에비뉴	서울특별시 성동구 왕십리로 63	기타	37.5436228045917	127.043585906393	http://www.understandavenue.com
종로구		신문박물관PRESSEUM	서울 종로구 세종대로 152 일민미술관건물 5층, 6층	박물관/기념관	37.5698677620456	126.977657083792	http://presseum.or.kr/
종로구		부암아트	서울특별시 종로구 자하문로 242	기타	37.5957362680382	126.964114676729	https://www.instagram.com/buamart7
강남구		카이스갤러리	서울특별시 강남구 언주로174길 13	미술관/갤러리	37.5284646981472	127.03502369684	https://www.instagram.com/caisgallery/
용산구		김세중미술관	서울특별시 용산구 효창원로70길 35	미술관/갤러리	37.5420178518731	126.963882789719	http://www.kimsechoong.com/
용산구		Art Space Loo	서울특별시 용산구 한강대로44길 5	미술관/갤러리	37.5311348836415	126.970500533465	정보없음
성북구		삼청각	서울특별시 성북구 대사관로 3	기타	37.5972821698538	126.983526326222	http://www.samcheonggak.or.kr/
금천구		금나래갤러리	서울특별시 금천구 시흥대로73길 70 금나래아트홀 1층	기타	37.45657850809659	126.89597253576768	https://gcfac.or.kr/rental/overallCalendar?gcfac_menu_cd=U0114
송파구		송파어린이도서관	서울 송파구 올림픽로 105 어린이도서관	도서관	37.5121020708813	127.08242916877	https://www.splib.or.kr/spclib
종로구		가톨릭대학교 전례박물관	서울특별시 종로구 창경궁로 296-12 카톨릭대학교	박물관/기념관	37.58500811051911	127.00464760285244	http://museum.catholic.ac.kr
중구		충무로영상센터 오!재미동	서울특별시 중구 퇴계로 지하 214 (충무로역 지하1층 개찰구 안)	기타	37.5612890978954	126.994207448462	https://www.ohzemidong.co.kr/main.php
광진구		구의아리수문화유산	서울특별시 광진구 광나루로 571	기타	37.5459473143709	127.09295071199	https://arisu.seoul.go.kr/cte/popup_gu.html
서대문구		연희문학창작촌	서울 서대문구 증가로2길 6-7	기타	37.5716731193	126.930953809	https://www.sfac.or.kr/artspace/artspace/yeonhui_main.do
성북구		성북선잠박물관	서울특별시 성북구 성북로 96	박물관/기념관	37.59321623050399	126.99823926525616	http://museum.sb.go.kr
은평구		구립상림도서관	서울 은평구 진관4로 48-25 은평뉴타운상림마을	도서관	37.6442168922771	126.928943033881	https://lib.eplib.or.kr/small_lib/sl06.asp
종로구		두산갤러리	서울특별시 종로구 종로33길 15	미술관/갤러리	37.5718123278145	127.00100010537	https://www.doosanartcenter.com/ko/exhibit/main
동대문구		경희대학교 자연사박물관	서울특별시 동대문구 경희대로 26	박물관/기념관	37.59782541765426	127.0552089479752	http://nhm.khu.ac.kr
서초구		우면산관문사	서울특별시 서초구 바우뫼로7길 111	기타	37.4737503294487	127.022282279515	http://www.gwanmunsa.co.kr
중구		신당창작아케이드	서울 중구 마장로 87 (서울중앙시장 지하)	기타	37.5673552	127.0195172	https://www.sfac.or.kr/artspace/artspace/sindang_main.do
용산구		주한이탈리아문화원	서울특별시 용산구 한남대로 98	문화원	37.537167036107	127.005516646173	https://www.facebook.com/iicseoul1
종로구		주한일본대사관 공보문화원	서울 종로구 율곡로 6 트윈트리타워 B동	문화원	37.5754538625026	126.979775832051	https://blog.naver.com/bunkain
종로구		주한중국문화원	서울특별시 종로구 사직로8길 23-1	문화원	37.5746039215037	126.971348034463	http://www.cccseoul.org/
중구		CKL스테이지	서울특별시 중구 청계천로 40 CKL기업지원센터 지하 1층 (한국관광공사 건물)	공연장	37.5685285762171	126.981627280645	https://venture.ckl.or.kr/event/cklStageEvent.do
구로구	구로동	하늘도서관	서울 구로구 구로동로13길 68 구로구립하늘도서관	도서관	37.4873773789575	126.881350302481	https://lib.guro.go.kr/#/about/gulib/lib05
종로구		MGFS100갤러리	서울특별시 종로구 삼청로 122 1층	미술관/갤러리	37.5861678210732	126.981816438846	https://www.mgfs.co.kr/
영등포구		문래예술공장	서울특별시 영등포구 경인로88길 5-4	기타	37.5132170259667	126.900125854302	http://www.sfac.or.kr/artspace/artspace/mullae_main.do
종로구		선돌극장	서울특별시 종로구 혜화로5길 5	공연장	37.5868126204241	126.99976518	없음
강남구		성암아트홀	서울특별시 강남구 선릉로111길 6 3F 전층	공연장	37.5110534156341	127.043020996617	https://www.saart.co/kr/index.php
종로구		파랑새극장	서울특별시 종로구 대학로 116 공공일호건물지하2층 파랑새극장	공연장	37.5815326869888	127.002336486451	https://www.instagram.com/parangsae.theater/
종로구	인사동	관훈갤러리	서울특별시 종로구 인사동11길 11	미술관/갤러리	37.5737991458507	126.984243988281	http://www.kwanhoongallery.com/
종로구		금호미술관	서울특별시 종로구 삼청로 18	미술관/갤러리	37.5774667074193	126.979912833772	http://www.kumhomuseum.com/
용산구		국립중앙박물관 극장 용	서울특별시 용산구 서빙고로 137	공연장	37.5247022357875	126.977740246542	https://www.museum.go.kr/
용산구		숙명여자대학교 박물관	서울특별시 용산구 청파로47길 99	박물관/기념관	37.5438324857962	126.965458400837	https://home.sookmyung.ac.kr/sites/museum/index.do
종로구		토탈미술관	서울특별시 종로구 평창32길 8	미술관/갤러리	37.6121218314376	126.975674758078	http://www.totalmuseum.org/
종로구		열린극장	서울특별시 종로구 창경궁로 258-12	공연장	37.5837053652706	127.000356517572	없음
강남구		백암아트홀	서울 강남구 테헤란로113길 7 백암아트센터	공연장	37.5103944	127.066052	http://www.baekamhall.com/
강동구	강동	서울특별시교육청 강동도서관	서울특별시 강동구 양재대로116길 57	도서관	37.538082969509	127.143500933257	http://gdlib.sen.go.kr/
강북구		강북문화정보도서관	서울특별시 강북구 오현로 145	도서관	37.6251153938762	127.036079668809	https://www.gblib.or.kr/gangbuk/
용산구		어반아트	서울시 용산구 소월로 44길 7	미술관/갤러리	37.5207027	127.0230798	http://www.urbanart4u.com/
종로구		일민미술관	서울특별시 종로구 세종대로 152	미술관/갤러리	37.5698677620456	126.977657083792	http://www.ilmin.org/
서대문구		이화여자대학교 자연사박물관	서울특별시 서대문구 이화여대길 52	박물관/기념관	37.5644645178259	126.950288837762	http://cms.ewha.ac.kr/user/indexMain.action?siteId=nhm
중구	소공동	롯데화랑(본점)	서울  중구 소공동 1 )	미술관/갤러리	37.5653936	126.9808087	https://map.naver.com/p/search/%EB%A1%AF%EB%8D%B0%ED%99%94%EB%9E%91%28%EB%B3%B8%EC%A0%90%29%20%EC%84%9C%EC%9A%B8%20%20%EC%A4%91%EA%B5%AC%20%EC%86%8C%EA%B3%B5%EB%8F%99%201%20%29
송파구		소마미술관	서울특별시 송파구 위례성대로 51	미술관/갤러리	37.516920655117	127.118166964751	https://soma.kspo.or.kr/main
강동구	강동|성내동	강동어린이회관아이누리홀	서울특별시 강동구 성내로6길 16 (성내동)	공연장	37.5291630	127.122469	https://www.gdkids.or.kr:8443/front/user/main.do
중구		초전섬유 퀼트박물관	서울특별시 중구 퇴계로18길 66	박물관/기념관	37.5581456932929	126.984258263112	http://www.jculture.co.kr/museum/index1.htm
종로구	인사동	동산방화랑	서울특별시 종로구 인사동9길 35	미술관/갤러리	37.5729277649791	126.983377627355	https://www.dongsanbanggallery.com/
서초구		예술의 전당	서울특별시 서초구 남부순환로 2406	기타	37.4802401962069	127.014215239186	https://www.sac.or.kr/site/main/home
종로구		표갤러리	서울특별시 종로구 자하문로5길 18-4	미술관/갤러리	37.5778944965139	126.970829642595	https://www.pyogallery.com/
종로구		예화랑	서울특별시 종로구 창덕궁길 100	미술관/갤러리	37.5819102116532	126.989519155846	http://www.galleryyeh.com/
노원구	공릉동	육군박물관	서울 노원구 공릉동 1-1	박물관/기념관	37.62276204272159	127.10038458310316	http://museum.kma.ac.kr
종로구		PKM 갤러리	서울 종로구 삼청로7길 40 PKM 갤러리	미술관/갤러리	37.5840916531266	126.980082350686	http://www.pkmgallery.com/
서초구		국립국악원	서울특별시 서초구 남부순환로 2364	공연장	37.4777188083482	127.009818464555	http://www.gugak.go.kr
서대문구		금호아트홀 연세	서울 서대문구 연세로 50 연세대학교 백양누리 지하 1층 금호아트홀 연세	공연장	37.5660508394158	126.943916239886	http://www.kumhoarthall.com
서대문구		서대문형무소역사관	서울특별시 서대문구 통일로 251	박물관/기념관	37.5746085138333	126.955611774864	https://sphh.sscmc.or.kr/
광진구	능동	나루아트센터	서울 광진구 능동로 76 나루아트센터	문화예술회관	37.5375706269359	127.070576040786	https://www.naruart.or.kr/info/fac_info.php
도봉구		극단 대학로극장	서울특별시 도봉구 도봉로115길 9	공연장	37.6485604897867	127.033882167876	https://dtheater89.modoo.at/
강남구		갤러리원	서울특별시 강남구 압구정로71길 14	미술관/갤러리	37.5275164514377	127.045900812708	http://www.gallerywon.co.kr/
종로구		대림미술관	서울 종로구 자하문로4길 21 대림미술관	미술관/갤러리	37.5775038838066	126.973363701206	https://daelimmuseum.org/
종로구	서린동	아트센터 나비	서울시 종로구 종로 26 SK 서린동빌딩 4층	미술관/갤러리	37.5696912777696	126.980303746598	http://www.nabi.or.kr/
종로구	인사동	선화랑	서울특별시 종로구 인사동5길 8	미술관/갤러리	37.5729226658133	126.985721883088	http://www.sungallery.co.kr/
마포구		한국영화박물관	서울특별시 마포구 월드컵북로 400	박물관/기념관	37.5806561786855	126.889839335259	https://www.koreafilm.or.kr/museum/main
종로구		세계장신구박물관	서울 종로구 북촌로5나길 2 세계장신구박물관	박물관/기념관	37.5809771968776	126.981805927261	http://www.wjm.or.kr/
동대문구		서울약령시한의약박물관	서울특별시 동대문구 약령중앙로 26	박물관/기념관	37.5806004145096	127.037586644096	http://museum.ddm.go.kr/
종로구		환기미술관	서울특별시 종로구 자하문로40길 63	미술관/갤러리	37.5940877740173	126.966113670715	http://whankimuseum.org/
관악구		호림박물관(신림본관)	서울특별시 관악구 남부순환로152길 53	박물관/기념관	37.4808823005112	126.918236356687	https://www.horimmuseum.org/ko
서대문구		연세대학교신촌캠퍼스박물관	서울특별시 서대문구 연세로 50	박물관/기념관	37.5660508394158	126.943916239886	https://museum.yonsei.ac.kr/museum/index.do
용산구		숙명여자대학교 정영양자수박물관	서울특별시 용산구 청파로47길 99	박물관/기념관	37.5438324857962	126.965458400837	https://home.sookmyung.ac.kr/sites/museumintro/index..do
종로구		한국불교역사 문화기념관	서울특별시 종로구 우정국로 55	박물관/기념관	37.5738931410856	126.981881684461	http://www.buddhism.or.kr/jongdan/main/index.php
종로구		상명대학교 박물관	서울특별시 종로구 평창문화로 151	박물관/기념관	37.6105845819103	126.975762353288	http://museum.smu.ac.kr/
종로구	와룡동	서울돈화문국악당	서울  종로구 와룡동 12-2	공연장	37.5772502822	126.9907306641	https://sgtt.kr/
용산구		용산문화원	서울특별시 용산구 효창원로8길 28	문화원	37.5334249577326	126.951860031908	http://yongsan.kccf.or.kr
중구		삼일로창고극장	서울시 중구 삼일대로9길 12	공연장	37.5634690	126.9879706	http://samilro.com/
종로구	인사동	인사아트프라자갤러리	서울특별시 종로구 인사동길 34-1	미술관/갤러리	37.5738579749684	126.985609522118	http://insaartplaza-gallery.com/xe/
송파구		샤롯데씨어터	서울특별시 송파구 올림픽로 240	공연장	37.5113096112036	127.098141751177	http://www.charlottetheater.co.kr
구로구		구로구민회관	서울특별시 구로구 가마산로25길 21	기타	37.4969472702116	126.889555987604	https://www.guroartsvalley.or.kr/user/overall/overallArt4.do
성동구	성동	소월아트홀	서울 성동구 왕십리로 281 소월아트홀	문화예술회관	37.5593072327953	127.036006376334	https://www.sdfac.or.kr/kor/sdfac/sub/contents.do?gotoMenuNo=01010100
양천구	목동동	한생연생명과학박물관	서울특별시 양천구 목동동로 206-1	박물관/기념관	37.5239253588059	126.872014672404	http://www.hlsi.co.kr/sub/sub05_0101.php
구로구		꿈마을도서관	서울 구로구 디지털로27다길 65 구로 꿈마을도서관	도서관	37.4871431613036	126.890154656237	https://lib.guro.go.kr/#/
종로구		두산아트센터 스페이스111	서울특별시 종로구 종로33길 15	공연장	37.5718123278145	127.00100010537	https://www.doosanartcenter.com/ko/
동대문구		서울풍물시장 청춘일번가	서울특별시 동대문구 천호대로4길 21	기타	37.5727131853349	127.025502937291	http://www.pungmul.or.kr
중구		서울도시건축전시관	서울특별시 중구 세종대로 119	박물관/기념관	37.5668837502225	126.976702419575	https://sca.seoul.go.kr/seoulhour/site/urbanArch/home
강남구		슈페리어갤러리	서울특별시 강남구 테헤란로 528 슈페리어타워 지하1층	미술관/갤러리	37.5080952698916	127.062000046367	https://www.instagram.com/superior_gallery
종로구		서울생활문화센터 낙원	서울 종로구 삼일대로 428 낙원상가 1층 하부공간	기타	37.5727635233966	126.987902476529	http://www.nakwon-communityart.or.kr/
종로구		서울생활문화센터 체부	서울 종로구 자하문로1나길 3-2 서울생활문화센터 체부	기타	37.5767084987432	126.97148941423	http://www.ccasc.or.kr/
서대문구		스페이스애프터	서울특별시 서대문구 연희로15길 64	미술관/갤러리	37.5700991192566	126.929494474061	https://www.instagram.com/space_aefter/
종로구	고희동	종로구립 고희동미술관	서울 종로구 창덕궁5길 40 종로구립 고희동미술관	미술관/갤러리	37.5831855099227	126.988884857967	https://www.jfac.or.kr/site/main/content/gohd01
구로구		갤러리 구루지	서울특별시 구로구 가마산로25길 21	미술관/갤러리	37.4971026873195	126.889549086694	https://www.guroartsvalley.or.kr/user/overall/overallArt3.do
강남구	학동	SPACE 1257	서울특별시 강남구 학동로 146, 와일리 타워 1층	기타	37.5125036615996	127.026928980849	https://www.instagram.com/space_1257/
강남구		세계골프역사박물관	서울특별시 강남구 테헤란로 528	박물관/기념관	37.5080952698916	127.062000046367	https://blog.naver.com/golfhistory
강북구		북서울꿈의숲아트센터 드림갤러리	서울특별시 강북구 월계로 173	미술관/갤러리	37.6202544613023	127.044324732036	https://www.sejongpac.or.kr/dfac/main/contents.do?menuNo=1200024
노원구		경춘선숲길 갤러리	서울특별시 노원구 화랑로 620	미술관/갤러리	37.6250819894787	127.093707085206	https://www.nowonarts.kr/html/cultureeducation/culturalfacility.php
용산구		국립중앙박물관	서울특별시 용산구 서빙고로 137	박물관/기념관	37.52385582212769	126.98020301648832	http://www.museum.go.kr
종로구		서울우리소리박물관	서울특별시 종로구 율곡로 96	박물관/기념관	37.577157928122	126.989622047178	https://museum.seoul.go.kr/sekm
동작구	대방동	대방어린이도서관	서울특별시 동작구 대방동길 55	도서관	37.5030254852903	126.925222696163	https://lib.dongjak.go.kr/dj/html.do?menu_idx=79
종로구		북촌전통공예체험관	서울특별시 종로구 북촌로12길 24-5	기타	37.582435035003456	126.98599257318986	https://tour.jongno.go.kr/tour/main/contents.do?menuNo=110544#110544
동작구		국사봉숲속작은도서관	서울 동작구 양녕로23길 27 국사봉숲속작은도서관	도서관	37.4954335061088	126.940590178496	https://lib.dongjak.go.kr/dj/html.do?menu_idx=84
종로구		올웨이즈씨어터	서울특별시 종로구 대학로 132	공연장	37.5830954646593	127.00210331198	https://www.instagram.com/jl_company2019/
도봉구		함석헌기념관	서울특별시 도봉구 도봉로123길 33-6	박물관/기념관	37.6529616157973	127.034796402967	http://hamsokhon.dobong.go.kr/
은평구		다문화박물관	서울특별시 은평구 불광로 135	박물관/기념관	37.6187820901707	126.932520730455	http://www.multiculturemuseum.com/main/index.php
서대문구	이화여대2가	갤러리 히든플레이스	서울특별시 서대문구 이화여대2가길 24, 2층	미술관/갤러리	37.5584812115306	126.946249418096	https://www.instagram.com/hiddenplace.kr
강남구		장디자인아트	서울 강남구 도산대로67길 27 1-2F	미술관/갤러리	37.5258729308666	127.044255933185	https://www.jeandesignart.com/
강남구		청화랑	서울특별시 강남구 삼성로147길 4	미술관/갤러리	37.5227377435925	127.0476509664	https://www.chungartgallery.com/
구로구		구로창의아트홀	서울특별시 구로구 경인로 416	공연장	37.4982915880752	126.865815354907	https://www.guroartsvalley.or.kr/user/overall/overallArt10.do
종로구		탑골미술관(서울노인복지센터)	서울특별시 종로구 삼일대로 467	미술관/갤러리	37.5759657913407	126.985853298403	https://www.instagram.com/topgoal.art/
중구	회현동1가	남산공원 호현당	서울 중구 회현동1가 산 1-44	기타	37.5550484830696	126.98043243063	http://parks.seoul.go.kr/
종로구		전태일기념관	서울특별시 종로구 청계천로 105	박물관/기념관	37.5684664512813	126.989300313392	http://taeil.org
동작구		동작아트갤러리	서울특별시 동작구 보라매로5길 28-1	미술관/갤러리	37.4937925089905	126.923108368608	https://www.idfac.or.kr/sub_new/menu02_01_01.php
강북구		북서울꿈의숲아트센터	서울특별시 강북구 월계로 173	공연장	37.6202544613023	127.044324732036	https://www.sejongpac.or.kr/dfac/main/main.do
종로구		서울역사박물관 경교장(사적 제465호)	서울특별시 종로구 새문안로 29	기타	37.56833998310813	126.9680343360196	https://museum.seoul.go.kr/www/intro/annexIntro/annex_21/annex_21_01.jsp?sso=ok
강남구		강남시니어플라자	서울특별시 강남구 봉은사로 332	기타	37.5097871620279	127.043218315638	https://www.gangnam.go.kr/office/seniorplaza
동작구		동작문화원 동작본원	서울 동작구 장승배기로10길 42 동작문화복지센타	문화원	37.5044455276	126.941088352368	http://www.dongjaktv.net
중구		충무아트센터	서울특별시 중구 퇴계로 387	문화예술회관	37.5659409687669	127.014790889728	http://www.caci.or.kr
구로구		구로기적의도서관	서울특별시 구로구 구로중앙로40길 24	도서관	37.5067351295793	126.877375885107	https://lib.guro.go.kr
강서구		기생충박물관	서울특별시 강서구 화곡로 333	박물관/기념관	37.5536201368903	126.850750096253	http://www.parasite.or.kr/
동작구		사당솔밭도서관	서울특별시 동작구 솔밭로 86	도서관	37.4840814153041	126.967350718793	https://lib.dongjak.go.kr/dj/html.do?menu_idx=76
동작구		약수도서관	서울특별시 동작구 양녕로22바길 64	도서관	37.4978848839737	126.947455522317	https://lib.dongjak.go.kr/dj/html.do?menu_idx=81
종로구	대학로8가	마루아트홀	서울특별시 종로구 대학로8가길 30 3층	공연장	37.5822944732185	127.002523766192	없음
중구		서울시청 하늘광장 갤러리	서울특별시 중구 세종대로 110	미술관/갤러리	37.56672958991572	126.97860700965404	http://skyplazagallery.com/
동작구		사육신역사관	서울특별시 동작구 노량진로 191	박물관/기념관	37.5134579901091	126.949411135441	https://www.instagram.com/sayuksin_hh/
동작구		구립동작샘터도서관	서울특별시 동작구 동작대로29길 63-26	도서관	37.4883865575463	126.97754636635	https://lib.dongjak.go.kr/dj/html.do?menu_idx=80
노원구		문화공간 정담	서울특별시 노원구 중계로 169	기타	37.6501722795275	127.080886310499	https://www.nowonarts.kr/html/cultureeducation/culturalfacility.php
강남구		강남힐링센터(코엑스)	서울특별시 강남구 테헤란로87길 46	기타	37.51137783911759	127.0580407444569	https://life.gangnam.go.kr/fmcs/261
종로구		서울공예박물관	서울특별시 종로구 율곡로3길 4	박물관/기념관	37.5766481740232	126.983533363501	http://craftmuseum.seoul.go.kr
중랑구		중랑아트센터	서울특별시 중랑구 망우로 353 이노시티 C동 B2F	미술관/갤러리	37.5983328190955	127.091624142481	https://www.jnac.or.kr/index.html
동대문구		답십리영화미디어아트센터	서울특별시 동대문구 답십리로 210-9	기타	37.5717963732602	127.063764029874	http://dsnfilmart.or.kr/
중구		국립극장	서울특별시 중구 장충단로 59	공연장	37.5519949082942	126.999267349473	https://www.ntok.go.kr
동작구		김영삼도서관	서울특별시 동작구 매봉로 1	도서관	37.5054736143919	126.949967197122	https://lib.dongjak.go.kr/dj/html.do?menu_idx=194
마포구		이한열기념관	서울특별시 마포구 신촌로12나길 26	박물관/기념관	37.5550435661865	126.933865358054	http://www.leememorial.or.kr/
강남구		강남씨어터	서울특별시 강남구 역삼로7길 16, 3층	공연장	37.4953732068069	127.033283840382	http://www.gfac.kr
성동구	성동	청계천박물관	서울특별시 성동구 청계천로 530	박물관/기념관	37.5712661734969	127.03504316401	https://museum.seoul.go.kr/cgcm/index.do
성북구		성북문화원	서울 성북구 성북로4길 13-8 성북문화원	문화원	37.5897131362686	127.00574980327	https://www.isbcc.or.kr/
서초구		음악플러스 아트홀	서울특별시 서초구 남부순환로317길 82-4 백경빌딩 B1	기타	37.4831902882359	127.010717589263	없음
양천구		양천중앙도서관	서울특별시 양천구 신정로7길 81	도서관	37.5136519608227	126.833629748577	https://lib.yangcheon.or.kr/yclib/
도봉구		김근태기념도서관	서울특별시 도봉구 도봉산길 14	도서관	37.6876674374375	127.044019937677	https://www.geuntae.co.kr/
성동구	성동	서울숲 스튜디오301	서울특별시 성동구 서울숲길 36, 3F Studio301	공연장	37.5478626400492	127.041318800252	https://m.booking.naver.com/booking/5/bizes/601161
강서구		아울 갤러리	서울특별시 강서구 곰달래로59길 67	미술관/갤러리	37.5354010758952	126.862655449678	http://www.aowlgallery.com/
마포구		한국영상자료원	서울특별시 마포구 월드컵북로 400 한국영상자료원	기타	37.5804510730532	126.88989352596	http://www.koreafilm.or.kr
구로구		구캔 갤러리 : 구독하는 캔버스	서울특별시 구로구 경인로 661	미술관/갤러리	37.5090492151745	126.8869873429	http://www.goocan.co.kr/
금천구		금천뮤지컬센터	서울특별시 금천구 시흥대로115길 48	공연장	37.468777055274	126.894474890365	http://gcfac.or.kr
강남구		강남구립열린도서관	서울 강남구 일원로 115 삼성생명빌딩 B동 203호	도서관	37.4840224010593	127.084459720088	https://library.gangnam.go.kr/yllib
은평구		제1서울창의예술교육센터	서울특별시 은평구 가좌로 208	기타	37.589116171714174	126.91929937376948	https://schoolart.sen.go.kr/crezone1/
광진구		삼원갤러리	서울특별시 광진구 천호대로 549	미술관/갤러리	37.5576984952347	127.079226104632	http://www.samwongallery.co.kr
서초구		스페이스 이수	서울특별시 서초구 사평대로 84	미술관/갤러리	37.4980221012565	126.993879298776	http://www.isu.co.kr/kor/culture/spaceisu.jsp
구로구		신도림 문화공간 다락	서울특별시 구로구 새말로 121-15	기타	37.5078637867318	126.892217922158	없음
도봉구		학마을도서관	서울특별시 도봉구 시루봉로 128	도서관	37.6621597877574	127.027831490119	http://www.dbfac.or.kr/front/cultureplace/hakmaeul.do
강남구		ADM 갤러리	서울특별시 강남구 역삼로14길 20	미술관/갤러리	37.493208661734	127.035638210136	https://www.admgallery.co.kr/
강남구		올리비아 박갤러리	서울특별시 강남구 논현로159길 23-2	미술관/갤러리	37.5226389455029	127.026187137485	http://oliviaparkgallery.com
강북구		근현대사기념관	서울특별시 강북구 4.19로 114	박물관/기념관	37.6434410661945	127.002830628534	http://mhmh.or.kr
강남구		신한갤러리	서울특별시 강남구 역삼로 251	미술관/갤러리	37.4986310664978	127.044022609937	https://www.beautifulshinhan.co.kr/servShcaInqy3010.do?mappingId=%2FservShcaInqy3010.do&genActiontypeCd=2ACT1010&genDoctreattypeCd=&genMenuId=menu_serv_serv_lawt_3030
성북구		김중업 건축문화의집	서울특별시 성북구 장위로21나길 11	박물관/기념관	37.6150174740391	127.044068592488	https://www.instagram.com/kimchungup_archi_heritage/
용산구		드플로허	서울특별시 용산구 대사관로5길 34	기타	37.5357781821948	127.000275617878	http://blog.naver.com/deflore1
양천구		개울건강도서관	서울특별시 양천구 중앙로52길 56	도서관	37.5259751797829	126.856602131412	https://lib.yangcheon.or.kr/libgaeul/
금천구		금나래아트홀	서울특별시 금천구 시흥대로73길 70	문화예술회관	37.45657850809659	126.89597253576768	https://gcfac.or.kr/mpage
은평구		서울기록원	서울특별시 은평구 통일로62길 7	기타	37.6075510290657	126.93482332974094	https://archives.seoul.go.kr/
강남구		라움아트센터	서울특별시 강남구 언주로 564	공연장	37.5083912736997	127.039775356327	http://www.theraum.co.kr
관악구		관악아트홀	서울특별시 관악구 신림로3길 35	문화예술회관	37.4675533645757	126.944962394132	https://www.instagram.com/gwanak_arthall/
종로구	대학로8가	스튜디오블루	서울 종로구 대학로8가길 80 리트모빌딩 지하	박물관/기념관	37.5824772665454	127.003268042931	없음
구로구		G밸리산업박물관	서울특별시 구로구 디지털로26길 38 G타워 3층	박물관/기념관	37.4798477003537	126.895318461208	https://www.seoul.go.kr/museumg/index.do
동작구		다울작은도서관	서울특별시 동작구 사당로20길 132	도서관	37.4788880398112	126.973244193959	https://lib.dongjak.go.kr/dj/html.do?menu_idx=83
용산구		캡션 서울	서울특별시 용산구 원효로81길 5	미술관/갤러리	37.5393388908586	126.96721801729	https://www.instagram.com/caption.seoul/
광진구	능동	광진어린이공연장	서울특별시 광진구 능동로 400 보건복지행정타운 별관 4층	공연장	37.5650580830652	127.08445683899	https://naruart.or.kr/index.php
동작구		까망돌도서관	서울특별시 동작구 서달로 129	도서관	37.5051202142839	126.960611023195	https://lib.dongjak.go.kr/dj/html.do?menu_idx=226
성동구	성동|자동	서울새활용플라자	서울특별시 성동구 자동차시장길 49	기타	37.5586850612677	127.057851176035	http://www.seoulup.or.kr/
영등포구		하자센터	서울특별시 영등포구 영신로 200	기타	37.5251674152059	126.90329955667	https://haja.net/
종로구	인사동	인사1010 갤러리	서울 종로구 인사동10길 10 B1-4F	미술관/갤러리	37.5739830371389	126.98564311887	http://www.insa1010.com/
서초구		서초구립양재도서관	서울특별시 서초구 양재천로 33	도서관	37.4737013395622	127.033606029424	https://yangjae.seocholib.or.kr/
종로구		한식문화공간 이음	서울특별시 종로구 북촌로 18	기타	37.5784106376538	126.985838684851	https://www.hansik.or.kr/main/main.do
금천구		만천명월예술인家	서울특별시 금천구 은행나무로 44	기타	37.4506976782696	126.907445405639	https://mcmw.art
도봉구		도봉아이나라도서관	서울특별시 도봉구 노해로69길 151	도서관	37.6590571	127.049575	http://www.kidlib.dobong.kr/
구로구		심도림 문화철도 959	서울특별시 구로구 새말로 117-21 신도림역 3층	기타	37.5087701449787	126.891080501385	https://guroartsvalley.or.kr/user/overall/overallArt9.do
금천구		금천마을활력소 어울샘	서울특별시 금천구 탑골로 22 3층	기타	37.4518093222104	126.91164928524	http://www.eoulsam.com/
종로구		갤러리240	서울특별시 종로구 창경궁로 240-37	미술관/갤러리	37.5821766417247	126.998581997051	https://gallery240.creatorlink.net/index#
종로구		종로구립 박노수미술관	서울특별시 종로구 옥인1길 34	미술관/갤러리	37.5813191962491	126.966818545949	https://www.jfac.or.kr/site/main/content/parkns01
송파구		소나무언덕4호작은도서관	서울 송파구 송이로 34 소나무언덕4호 작은도서관	도서관	37.5022132589975	127.116843327039	https://www.splib.or.kr/sp4lib
송파구		케이움 갤러리	서울 송파구 동남로4길 13 지층, 2층	미술관/갤러리	37.4890025871301	127.124457773685	https://www.instagram.com/k_um.gallery/
송파구		문화실험공간 호수	서울특별시 송파구 송파나루길 256	기타	37.5103180005696	127.101092270844	http://blog.naver.com/exp_space_hosu
구로구		서울아트책보고	서울특별시 구로구 경인로 430	기타	37.4982125677913	126.867088741096	https://artbookbogo.kr/
송파구	장지동|위례동	송파위례도서관	서울시 송파구 장지동 위례광장로 210 위례동복합청사 4, 5층	도서관	37.4811495349987	127.143935580628	https://www.splib.or.kr/spwlib/index.do
광진구	능동	세종뮤지엄갤러리	서울특별시 광진구 능동로 209	미술관/갤러리	37.5516093089619	127.07318364213	https://gallery.sejong.ac.kr/gallery/index.do
중구		서울갤러리	서울특별시 중구 세종대로 110, 서울특별시청 지하 1, 2층	미술관/갤러리	37.566370776634	126.977918351844	https://www.seoul.go.kr/seoulgallery/www/index.do
종로구	명륜1가	종로 아이들극장	서울 종로구 명륜1가 2-42 올림픽기념국민생활관 신관	공연장	37.59029701704756	126.99830160838778	https://jct.jfac.or.kr/site/child/home
강동구	강동|상암로4가	한국점자도서관	서울특별시 강동구 상암로4가길 32	도서관	37.5507339924066	127.124858314859	http://infor.kbll.or.kr/
종로구		서울시립 미술아카이브	서울특별시 종로구 평창문화로 101	미술관/갤러리	37.6078008399411	126.97190179486	https://sema.seoul.go.kr/kr/visit/art_archive
서초구		모차르트홀	서울특별시 서초구 명달로 104	공연장	37.4864166583391	127.00452491402	http://mozarthall.co.kr/
중구		YK Presents	서울특별시 중구 을지로43길 13	미술관/갤러리	37.5668979260337	127.006807513903	http://www.ykpresents.com
종로구		청운문학도서관	서울특별시 종로구 자하문로36길 40	도서관	37.5903786043	126.965918905	https://www.jfac.or.kr/
중구		느티나무어린이도서관	서울특별시 중구 다산로 75	도서관	37.5512817057142	127.007605731757	https://linktr.ee/neuty_lib
구로구	경인로20가	오류아트홀	서울특별시 구로구 경인로20가길 38 오류문화센터 2층	공연장	37.4953581177106	126.846035797544	https://www.guroartsvalley.or.kr/user/overall/overallArt6.do
강남구		강남구립 개포하늘꿈도서관	서울특별시 강남구 개포로110길 54	도서관	37.4906692944468	127.080356908422	https://library.gangnam.go.kr/hnkklib
영등포구		구립영등포아트스퀘어	서울특별시 영등포구 영중로 15 타임스퀘어 지하 2층	기타	37.5172332566615	126.903715993779	https://ydpartsquare.com/
양천구	목동	미감도서관	서울 양천구 목동중앙남로 57-10 목사랑시장 고객주차장&공유센터	도서관	37.5389695033466	126.865488928768	https://lib.yangcheon.or.kr/libmigam/
광진구	능동	세종대학교 박물관	서울특별시 광진구 능동로 209	박물관/기념관	37.5516093089619	127.07318364213	http://museum.sejong.ac.kr/
은평구		사비나미술관	서울특별시 은평구 진관1로 93	미술관/갤러리	37.6301285705198	126.929275690576	http://www.savinamuseum.com/
노원구		상계예술마당	서울특별시 노원구 상계로10길 41-7	미술관/갤러리	37.6557775544452	127.068364829752	https://www.nowonarts.kr/html/cultureeducation/culturalfacility.php
성북구		국민대학교 예술관	서울특별시 성북구 정릉로 77	공연장	37.610190885994236	126.997831142625	https://art.kookmin.ac.kr/auditorium/auditorium_intro
서초구		서초구립 잠원도서관	서울특별시 서초구 나루터로 38	도서관	37.5149680773796	127.013982138807	https://jamwon.seocholib.or.kr/
종로구		김달진미술자료박물관	서울특별시 종로구 홍지문1길 4	박물관/기념관	37.6000466301122	126.956659658461	http://www.daljinmuseum.com
광진구		구의제3동도서관	서울특별시 광진구 강변역로 17	도서관	37.5379934173484	127.091984746444	https://www.gwangjinlib.seoul.kr/gu3dong/index.do
서초구		정효아트홀	서울특별시 서초구 사임당로18길 52-2	공연장	37.4875493039391	127.019625820365	http://www.jeonghyo.or.kr/sub/artCenter/facilities.asp?page=1
구로구		서울특별시교육청구로도서관	서울 구로구 공원로 15 시립구로도서관	도서관	37.4986574191232	126.891543583538	http://grlib.sen.go.kr/
용산구		임수빈갤러리	서울특별시 용산구 두텁바위로37길 25	미술관/갤러리	37.5478284300031	126.980470303588	https://imsoobin.cargo.site/
노원구		문화살롱 5120	서울특별시 노원구 공릉로51길 20, 지하 1층	기타	37.628392704654	127.075703075721	https://www.salon5120.com
은평구		구립응암정보도서관	서울특별시 은평구 가좌로7길 15	도서관	37.5859660215622	126.919680927881	http://www.ealib.or.kr/
종로구		갤러리광화	서울특별시 종로구 새문안로 103	미술관/갤러리	37.5705293260846	126.976089119166	http://www.gallerygwanghwa.co.kr/main/main.php
금천구	시흥2동	금천구립시흥도서관	서울 금천구 금하로 764 금천종합복지타운(시흥2동주민센터)	도서관	37.4496319484054	126.914611901419	https://geumcheonlib.seoul.kr/geumcheonlib/uce/content/contentList.do?selfId=1122
광진구		자양한강도서관	서울특별시 광진구 뚝섬로52길 66	도서관	37.5292155199266	127.077667985801	https://www.gwangjinlib.seoul.kr/jyriver/index.do
송파구		소나무언덕2호도서관	서울특별시 송파구 석촌호수로 155	도서관	37.5072753051893	127.094230768006	https://splib.or.kr/sp2lib
송파구	탄천동	소나무언덕잠실본동도서관	서울특별시 송파구 탄천동로 205	도서관	37.5030788154573	127.076897082349	https://www.splib.or.kr/spmlib/index.do
성북구		스페이스 아텔	서울 성북구 보문로34다길 31 지하1층	미술관/갤러리	37.5926264060614	127.020899246809	https://artel-official-site.webflow.io/
종로구	인사동	갤러리 인덱스	서울특별시 종로구 인사동길 45	미술관/갤러리	37.5741966894963	126.984430460968	http://www.galleryindex.co.kr
종로구		공근혜갤러리 K.O.N.G. GALLERY	서울특별시 종로구 삼청로7길 38	미술관/갤러리	37.5840295953174	126.979674787414	http://www.konggallery.com
종로구		서울시립 백남준을 기억하는 집	서울특별시 종로구 종로53길 12-1	미술관/갤러리	37.5730656233283	127.013775536144	https://sema.seoul.go.kr/kr/visit/nam_june_paik_house
서초구		IPAC아트홀	서울특별시 서초구 서초중앙로 56	공연장	37.4868994848558	127.015459364908	https://ipac.or.kr/
도봉구	해등로32가	원당마을한옥도서관	서울특별시 도봉구 해등로32가길 17	도서관	37.6602917907669	127.021798339761	http://www.unilib.dobong.kr/
광진구	군자동	군자동도서관	서울 광진구 면목로 13 군자동복합청사 1층	도서관	37.5554852103262	127.075349383615	https://www.gwangjinlib.seoul.kr/gunja/index.do
동대문구		경희대학교 중앙박물관	서울특별시 동대문구 경희대로 26	박물관/기념관	37.59713729362956	127.05272856110398	http://museum.khu.ac.kr
용산구	업무동|공공시설동	서울문화예술교육센터 용산	서울특별시 용산구 서빙고로 17 업무동 1층, 공공시설동 5-6층	기타	37.5269056148241	126.966566172294	https://www.sfac.or.kr/artspace/artspace/artsedu_main.do?groupCtgry=g5
노원구		서울과학기술대학교 미술관	서울특별시 노원구 공릉로 232	미술관/갤러리	37.6330789279387	127.076794742851	http://art.seoultech.ac.kr/
용산구		한익환서울아트박물관	서울특별시 용산구 한남대로 108	박물관/기념관	37.5380282356306	127.004991481116	https://www.instagram.com/hanikhwanmuseum/
서초구		이스라엘문화원	서울특별시 서초구 서초대로74길 23	문화원	37.4956119342423	127.027090955824	http://www.ilculture.or.kr/main.php
마포구		오온	서울 마포구 성미산로11길 25 1F, B1	미술관/갤러리	37.5617369167278	126.916169189423	https://www.instagram.com/ooooon.kr/
종로구		삼청공원 숲속도서관	서울 종로구 북촌로 134-3 삼청공원 내	도서관	37.5879786940055	126.984086790682	https://www.jfac.or.kr/site/main/content/samcheong01
서초구		칸타빌레 클래식	서울특별시 서초구 남부순환로317길 31	기타	37.4809550008772	127.010432356493	https://blog.naver.com/takapuna2227
광진구		아차산 숲속도서관	서울 광진구 영화사로 139 아차산숲속도서관	도서관	37.5524739995365	127.100815788808	https://www.gwangjinlib.seoul.kr/achasan/index.do
중구		뉴스뮤지엄 을지로점	서울특별시 중구 을지로 127	미술관/갤러리	37.5665858405333	126.99206174432	https://www.nnews-museum.com/euljiro
서대문구		연희예술극장	서울 서대문구 연희맛로 2-3 B1 연희예술극장	공연장	37.5656578975172	126.928538140075	https://www.yeonheeart.com/
성북구		여행자극장	서울특별시 성북구 성북로5길 9-3	공연장	37.5889423855531	127.004652942556	https://www.instagram.com/yohangza1997/
송파구		송파 청년아티스트센터	서울특별시 송파구 풍성로10길 6-1	기타	37.5340686405498	127.115954729217	https://www.instagram.com/artistcenter_songpa/
강남구		윤당아트홀	서울 강남구 언주로 844 B1 윤당아트홀	공연장	37.5256551200052	127.033729778984	https://www.instagram.com/yoondang_arthall/
종로구		한양도성 혜화동 전시안내센터	서울특별시 종로구 창경궁로35길 63	박물관/기념관	37.5886093418801	127.003012312572	https://yeyak.seoul.go.kr/web/reservation/selectReservView.do?rsv_svc_id=S240723133537234632&code=T200
동대문구		휘경행복도서관	서울특별시 동대문구 장안벚꽃로 323	도서관	37.5871742821863	127.069938991404	https://www.l4d.or.kr/hgh/index.do
종로구	계동	계동배렴가옥	서울특별시 종로구 계동길 89	기타	37.5812970665623	126.9866534944	https://seoulbrhouse.com/
성동구	성동	한양여자대학교 미술관	서울특별시 성동구 살곶이길 200	미술관/갤러리	37.5579175887117	127.049321897316	https://www.hywoman.ac.kr/ko/cms/FrCon/index.do?MENU_ID=1120
종로구		아라리오뮤지엄 인 스페이스	서울특별시 종로구 율곡로 83	미술관/갤러리	37.5777621971432	126.988357552948	http://www.arariomuseum.org/visit.php
서대문구		고촌이종근기념관	서울특별시 서대문구 충정로 8	박물관/기념관	37.5596781093752	126.963201979192	http://www.kochonhall.or.kr/
종로구		불교중앙박물관	서울특별시 종로구 우정국로 55	박물관/기념관	37.5738931410856	126.981881684461	http://museum.buddhism.or.kr
종로구		경희궁	서울특별시 종로구 새문안로 45	박물관/기념관	37.57078184592975	126.96865021365493	https://museum.seoul.go.kr/www/intro/annexIntro/annex_20/annex_20_01.jsp
송파구		송파구민회관	서울 송파구 백제고분로 242	기타	37.5023578475607	127.093490160793	https://www.songpa.go.kr/gumin/index.do
송파구		아트잠실	서울특별시 송파구 삼전로13길 22	기타	37.5077554427665	127.087930838384	https://www.artjamsil.com/
강남구	학동	삼익아트홀	서울특별시 강남구 학동로 171 3층	공연장	37.5140467250769	127.029550652058	https://www.samickhall.co.kr/
성북구		성북마을극장	서울특별시 성북구 동소문로20다길 10 4층	공연장	37.5916469719941	127.017350855582	https://blog.naver.com/sbtheater4208
중구		명동아트브리즈	서울특별시 중구 남대문로 52-20	기타	37.5619920911407	126.982629878627	http://www.myeongdongbreeze.com
용산구		블루스퀘어	서울특별시 용산구 이태원로 294	공연장	37.5408694385607	127.00248525561	http://www.bluesquare.kr/
영등포구		술술센터	서울 영등포구 도림로133길 15 술술센터	기타	37.5130103533725	126.894145367557	https://soolsool.or.kr/
서초구	교육동	백석아트홀	서울특별시 서초구 효령로 114 백석예술대학교 교육동 10층	공연장	37.4807631389301	126.996661093673	https://www.bau.ac.kr/kor/index.do
서대문구		신촌문화발전소	서울특별시 서대문구 연세로2나길 57	기타	37.5579629763806	126.939755119659	https://www.scas.or.kr/kr/
강남구	도곡2동	오유아트홀	서울특별시 강남구 남부순환로378길 34-9 도곡2동주민센터 4층	공연장	37.4837230766034	127.046406996821	https://www.gangnam.go.kr/office/gfac/contents/gfac_place01/1/view.do?mid=gfac_facility0801
동대문구		더 윌로	서울시 동대문구 고산자로36길 38, 2층	미술관/갤러리	37.5792710720991	127.040626893582	https://thewillow1955.com/
중구		동대문운동장기념관	서울특별시 중구 을지로 281	박물관/기념관	37.56781670060353	127.01116073816152	https://museum.seoul.go.kr/scwm/ddmGround/ddmGWatchInfo.jsp
은평구		불광천미디어센터	서울특별시 은평구 증산로 476	기타	37.5986364230618	126.915836897008	https://www.media.efac.or.kr/
종로구		백인제가옥	서울특별시 종로구 북촌로7길 16	박물관/기념관	37.5804450398958	126.984092922693	https://museum.seoul.go.kr/www/intro/annexIntro/annex_22/annex_22_01.jsp?sso=ok
종로구		북촌한옥청	서울특별시 종로구 북촌로12길 29-1	박물관/기념관	37.5827367359949	126.985645287314	https://hanok.seoul.go.kr/front/kor/life/lifeSarang.do?tab=7
성북구		성북예술창작터	서울특별시 성북구 성북로 23	미술관/갤러리	37.5900522477346	127.004123001975	https://sma.sbculture.or.kr/youngartspace/index.do
종로구		가회민화박물관	서울특별시 종로구 북촌로 52	박물관/기념관	37.5815093512458	126.985229239519	http://www.gahoemuseum.org/new/
서초구		관문사 성보 박물관	서울특별시 서초구 바우뫼로7길 111	박물관/기념관	37.4737503294487	127.022282279515	https://www.gwanmunsa.org/
중구		신당생활문화예술터일상	서울특별시 중구 퇴계로 408	기타	37.5651113032546	127.017008191328	https://www.instagram.com/ilsang_center/
마포구		서울생활문화센터 서교	서울 마포구 양화로 72 효성해링턴타워 지하1층, 지하2층	기타	37.5508138163956	126.916493990351	https://seogyocenter.or.kr/
은평구		은평문화예술회관	서울 은평구 녹번로 16 은평문화예술회관	문화예술회관	37.6036996869964	126.927901672834	https://www.efac.or.kr
강남구		국가무형유산전수교육관	서울특별시 강남구 봉은사로 406	기타	37.5100930706802	127.044624837573	https://www.kh.or.kr/cms/content/view/421
도봉구		서울로봇인공지능과학관	서울특별시 도봉구 마들로13길 56	기타	37.6555838047766	127.049506212905	https://science.seoul.go.kr/RAIM/index.do
성북구		성북구민회관	서울특별시 성북구 성북로4길 177	기타	37.5958756496148	127.008710342034	https://www.sbculture.or.kr/culture/main/contents.do?menuNo=500219
중구		뮤지엄멋 (museum mut)	서울특별시 중구 퇴계로 411 뮤지엄멋 m1, m2	기타	37.5657793622516	127.017212536149	https://www.instagram.com/museum_mut/
마포구		서울특별시교육청 마포평생학습관	서울 마포구 홍익로2길 16 마포평생학습관	도서관	37.5543219169157	126.924204080661	https://mpllc.sen.go.kr/
중랑구		중랑문화원	서울 중랑구 면목로 238 중랑구민회관 3층, 중랑문화원	문화원	37.5739539541608	127.085105452975	https://www.ejnc.kr/
강남구		아르떼케이(arte k)	서울특별시 강남구 언주로172길 24	미술관/갤러리	37.5274024182689	127.03562200241	https://www.arte-k.co.kr/
노원구		상계숲속작은도서관	서울 노원구 동일로227길 106 상계근린공원 내	도서관	37.6694392381106	127.050440207059	https://www.nowonlib.kr/NowonSmallLibrary
관악구		서울대학교 미술관	서울특별시 관악구 관악로 1	미술관/갤러리	37.4662872666604	126.94815644252	http://www.snumoa.org
동대문구		경희대학교한의학역사박물관	서울특별시 동대문구 경희대로 26	박물관/기념관	37.59583018210771	127.05421667214812	https://neoscholar.khu.ac.kr/museumkm/user/main/view.do
송파구		풍납도서관	서울특별시 송파구 풍성로8길 5	도서관	37.534141116015	127.115827218274	https://www.splib.or.kr/sppnlib/index.do
강서구		강서구민회관	서울특별시 강서구 우장산로 66	기타	37.5534364240863	126.843648918555	https://www.gssi.or.kr/html/07010101
강남구	신사동	세실아트홀	서울  강남구 신사동 616-7	공연장	37.5281527704	127.0318444257	http://www.cecil.co.kr
중구		서울영화센터	서울 중구 마른내로 38 서울영화센터	기타	37.5641618036958	126.992108521208	https://www.seoulfilmcenter.com/index.do
종로구	대학로8가	대학로스타릿홀	서울 종로구 대학로8가길 111 지하층	공연장	37.5809723294107	127.003528025078	없음
종로구		민송아트홀	서울시 종로구 대학로 144 중원빌딩 6층	공연장	37.5839656428817	127.002167077362	http://www.semyung.ac.kr/smenter/sub05_01.do
종로구		창덕궁 낙선재	서울특별시 종로구 율곡로 99	박물관/기념관	37.5788697347103	126.989710338876	https://www.heritage.go.kr/heri/cul/culSelectDetail.do?ccbaKdcd=12&ccbaAsno=17640000&ccbaCtcd=11&pageNo=1_1_1_0
서대문구		우석뮤지엄	서울특별시 서대문구 신촌로 129	박물관/기념관	37.5565639285478	126.940328119434	http://www.artreon.co.kr/
서초구		앤스 갤러리 카페(Ns Cafe)	서울특별시 서초구 방배선행길 12	기타	37.4735252580813	126.983812071512	https://nsgallerycafe.com/
종로구		삼성출판박물관	서울특별시 종로구 비봉길 2-2	박물관/기념관	37.6086977287684	126.95707605716	http://ssmop.org/
종로구		안국동 윤보선가	서울특별시 종로구 윤보선길 62	박물관/기념관	37.5789462729289	126.98369950094	https://tour.jongno.go.kr/tour/tour/indvdlz/view.do?nttId=26989&menuNo=2009
강북구		북서울꿈의숲 상상톡톡미술관	서울특별시 강북구 월계로 173	미술관/갤러리	37.62254520644527	127.04139068396869	https://www.sejongpac.or.kr/dfac/main/contents.do?menuNo=1200025
종로구		창경궁	서울 종로구 창경궁로 185 창경궁	박물관/기념관	37.5776239475981	126.993841430623	https://cgg.cha.go.kr/agapp/main/index.do?siteCd=CGG
광진구		서울거리예술창작센터	서울특별시 광진구 아차산로 710	기타	37.5557021786094	127.112680401117	https://www.sfac.or.kr/artspace/artspace/streetArts_main.do
강남구		국립관세박물관	서울특별시 강남구 언주로 721 서울본부세관 본관 1층	박물관/기념관	37.51846218273785	127.03453476540844	https://www.customs.go.kr/seoul/cm/cntnts/cntntsView.do?mi=3796&cntntsId=1221
중구		갤러리 신당	서울 중구 퇴계로 387 충무아트센터	미술관/갤러리	37.5659409687669	127.014790889728	https://www.caci.or.kr/rent/space/JSVFazRqak55NFVRWFAzenFtMWJPa2hQMFNQcWdDdEc0U1dJVXpES1B4bFFpbUZ6NXYrRVBFajE3WGdWTlgzQmxSYQ==
종로구		한국장애인문화예술원	서울특별시 종로구 대학로 112	문화원	37.5811899477465	127.002398629301	https://www.kdac.or.kr/main/view
강서구		서울퓨처랩	서울특별시 강서구 마곡중앙5로 9, 지하 1층	기타	37.5660114536639	126.82692745642	https://gov.seoul.go.kr/futurelab/
송파구		온쉼표	서울 송파구 송파대로37길 50 4층	공연장	37.5002447307264	127.106664540387	https://ppianoo.com/
강남구		캔버스N 갤러리	서울특별시 강남구 언주로172길 25	미술관/갤러리	37.5275620390218	127.036040211271	http://www.canvasn.net/
동대문구		동대문구답십리도서관	서울 동대문구 서울시립대로4길 75 동대문구 답십리 도서관	도서관	37.5731929971065	127.050360280191	https://l4d.or.kr/dsn/index.do
마포구		전쟁과여성인권박물관	서울특별시 마포구 월드컵북로11길 20	박물관/기념관	37.5600976273155	126.914887108093	https://womenandwarmuseum.net/
중구		정동1928 아트센터	서울특별시 중구 덕수궁길 130	기타	37.5679960866099	126.973957385284	https://www.jeongdong1928.com/
서초구		아르코예술기록원	서울 서초구 남부순환로 2406 예술의전당 디자인미술관 2층	박물관/기념관	37.4802401962069	127.014215239186	https://artsarchive.arko.or.kr/
종로구		명인박물관	서울특별시 종로구 북촌로6길 1	박물관/기념관	37.580144794325	126.985214225647	https://museum.or.kr/museum_bd4/bbs/board.php?bo_table=museums&wr_id=285&sca=&sfl=wr_subject&stx=%EB%AA%85%EC%9D%B8
강남구		호림박물관(신사분관)	서울특별시 강남구 도산대로 317	박물관/기념관	37.522697614888	127.036344550051	https://www.horimmuseum.org/ko/tour_guidance
성북구	상월곡동	성북정보도서관	서울 성북구 상월곡동 24-348	도서관	37.6050029110292	127.050742186833	https://www.sblib.seoul.kr/sblib/index.do
마포구		미디어 아트 갤러리 언더독뮤지엄	서울 마포구 양화로12길 8-7 B1	미술관/갤러리	37.5516642144107	126.917959241088	https://www.underdogmuseum.com
서초구		도잉아트	서울 서초구 남부순환로325길 9 B1	미술관/갤러리	37.4817321410906	127.014511066108	https://www.instagram.com/dohing_art/
동대문구		이문어린이도서관	서울특별시 동대문구 천장산로9길 68	도서관	37.5988944435051	127.053843621108	https://www.l4d.or.kr/imc/index.do
종로구		한무숙문학관	서울특별시 종로구 혜화로9길 20	박물관/기념관	37.587790370379	126.998657523066	http://www.hahnmoosook.com
종로구		북촌동양문화박물관	서울특별시 종로구 북촌로11길 76	박물관/기념관	37.5839903499019	126.983370412821	https://blog.naver.com/baamuseum
송파구		석촌호수 아뜰리에	서울특별시 송파구 석촌호수로 191	공연장	37.5067771140172	127.098243601383	https://blog.naver.com/art_space_sla
종로구		서울 명륜동 장면 가옥	서울특별시 종로구 혜화로5길 49	박물관/기념관	37.5875414324732	126.999456195054	https://tour.jongno.go.kr/tour/tour/indvdlz/view.do?nttId=27007&menuNo=400188
서초구		브람스앤리스트	서울 서초구 반포대로 10 지하1층	공연장	37.4816501466664	127.012984826868	https://www.instagram.com/brahms_and_liszt_studio/
마포구		최규하 가옥	서울특별시 마포구 동교로15길 10	박물관/기념관	37.5553406594108	126.9149234149	https://yeyak.seoul.go.kr/web/reservation/selectReservView.do?rsv_svc_id=S231222143146007849
성북구		공간222	서울특별시 성북구 동소문로 24 지하	공연장	37.5893807537221	127.008781822457	https:///www.instagram.com/gonggan222
성동구	성동|성수동1가	수도박물관	서울 성동구 성수동1가 642-1	박물관/기념관	37.5398270134134	127.042263013059	https://arisu.seoul.go.kr/arisumuseum/intrcn/sub1.jsp
종로구		경복궁 수정전	서울특별시 종로구 사직로 161	박물관/기념관	37.5759040910202	126.976842133821	https://royal.cha.go.kr/ROYAL/contents/menuInfo-gbg.do?grpCode=gbg
성북구		국민대학교 명원박물관	서울특별시 성북구 정릉로9길 68	박물관/기념관	37.61106261291357	127.00012175190037	http://museum.kookmin.ac.kr/
관악구		서울대학교박물관	서울특별시 관악구 관악로 1	박물관/기념관	37.4662872666604	126.94815644252	http://museum.snu.ac.kr
중구		1인미디어콤플렉스	서울 중구 세종대로 14 GRAND CENTRAL A동 5F	기타	37.5578385325826	126.9744151	https://meplex.co.kr/
강서구		강서아트리움	서울특별시 강서구 가로공원로 195	문화예술회관	37.537543087798	126.837642139084	https://culture.gangseo.seoul.kr/gsfc/main/contents.do?menuNo=800010
동작구		원불교 소태산홀	서울특별시 동작구 현충로 75 1층	공연장	37.5097590855867	126.963859317475	http://sotaesanarthall.com/index.php
송파구		공간지은	서울 송파구 풍성로 22 1층	미술관/갤러리	37.5347555969296	127.114906287417	https://www.instagram.com/spacejieun
동대문구		용두어울림작은도서관	서울특별시 동대문구 무학로 89	도서관	37.57230934363784	127.030156178585	https://www.l4d.or.kr/small
종로구		의정부지 역사유적광장	서울 종로구 세종로 76-14	기타	37.5748036513699	126.977967142855	https://culture.seoul.go.kr/culture/main/main.do
종로구		춘원당한의약박물관	서울특별시 종로구 돈화문로9길 27	박물관/기념관	37.5715005448529	126.990242136551	http://www.cwdmuseum.com/
강남구		피규어뮤지엄더블유	서울특별시 강남구 선릉로158길 3	박물관/기념관	37.5257998045331	127.040386554258	http://www.figuremuseumw.co.kr/
강남구		갤러리K 역삼센터	서울특별시 강남구 논현로 413	미술관/갤러리	37.4970121191651	127.03839465769	https://www.artnomics.co.kr/bbs/board.php?bo_table=exhibition
중구	정동	이화박물관	서울특별시 중구 정동길 26	박물관/기념관	37.5661766361549	126.971324436617	http://www.ewhamuseum.com
종로구		세종충무공이야기	서울특별시 종로구 세종대로 지하 175	박물관/기념관	37.5721860410735	126.976817249422	https://www.sejongstory.or.kr/sejongstory/main/main.do
노원구		노원어린이극장	서울특별시 노원구 노해로 502 B1	공연장	37.6544500497108	127.063692307584	https://www.nowonarts.kr/html/
종로구		북촌창우극장	서울 종로구 창덕궁길 29-6 B1 북촌창우극장	공연장	37.578907499269	126.988859908739	https://bcchangwoo.modoo.at/
송파구		한바탕소극장	서울특별시 송파구 송이로32길 19 지하 1층	공연장	37.4882351093441	127.127749716913	https://onecolor.modoo.at/
강남구		갤러리 아르스	서울특별시 강남구 도산대로35길 24-1	미술관/갤러리	37.5223815311342	127.030670353749	없음
동대문구		고갤러리	서울특별시 동대문구 안암로20길 19	미술관/갤러리	37.5873248786113	127.035279851633	https://www.instagram.com/gogallery.kr/
종로구		서울대학교병원 의학박물관	서울특별시 종로구 대학로 101	박물관/기념관	37.5804523853297	126.997196437908	http://www.medicalmuseum.org
서초구		로데아트센터	서울 서초구 남부순환로317길 79 로데아트센터	공연장	37.4831336518092	127.010301391873	https://www.rodeartscenter.com/main/
종로구		서울역사박물관	서울특별시 종로구 새문안로 55	박물관/기념관	37.570507525011855	126.97052372473162	https://museum.seoul.go.kr/
용산구		N서울타워	서울특별시 용산구 남산공원길 105	기타	37.5511225714939	126.987867837993	http://www.nseoultower.com
종로구		창덕궁 돈화문	서울 종로구 창덕궁길 94 원서노인정	박물관/기념관	37.581680541322	126.989439938903	https://www.heritage.go.kr/heri/cul/culSelectDetail.do?ccbaKdcd=12&ccbaAsno=03830000&ccbaCtcd=11&pageNo=1_1_1_0
영등포구		한국잡지박물관	서울특별시 영등포구 여의대방로67길 11	박물관/기념관	37.5197651591196	126.930241165994	http://archive.magazine.or.kr/magazine/info.do
서대문구		극장PLOT	서울 서대문구 연세로4길 27 B1	공연장	37.5576007818683	126.938198440787	https://theaterplot.oopy.io/
중구		인현이음	서울특별시 중구 퇴계로41길 30  인현문화마루 3층	기타	37.5631948764436	126.996190190284	https://vo.la/QdZNx
종로구		상촌재	서울특별시 종로구 자하문로17길 12-11	기타	37.5818556960931	126.969677623398	https://www.jfac.or.kr/site/main/content/sangchj01
성북구		우리옛돌박물관	서울특별시 성북구 대사관로13길 66	박물관/기념관	37.6008969621021	126.990133889221	http://www.koreanstonemuseum.com/
종로구		세화미술관	서울특별시 종로구 새문안로 68	미술관/갤러리	37.5696425113058	126.972139469043	https://www.sehwamuseum.org
강남구		K현대미술관	서울특별시 강남구 선릉로 807	미술관/갤러리	37.5243794232829	127.039171716001	http://www.kmcaseoul.org
종로구	계동	공공룸	서울특별시 종로구 계동길 23 북쪽방향 두번째 가게	미술관/갤러리	37.578865058887246	126.98736205514392	https://www.instagram.com/oo.room_/
서대문구		갤러리 아미디 신촌	서울 서대문구 신촌역로 21 2층 갤러리 아미디 신촌	미술관/갤러리	37.5586573877793	126.94249132259	https://www.gallery-amidi.com/
관악구		싱글벙글교육센터	서울특별시 관악구 남부순환로234길 73	기타	37.4760962512417	126.956288055678	https://gfac.or.kr/site/main/content/educationCenter
동작구		숭실대학교 한국기독교박물관	서울특별시 동작구 상도로 369	박물관/기념관	37.4964289688636	126.955157917408	http://museum.ssu.ac.kr
서초구		예술의전당 한가람미술관	서울특별시 서초구 남부순환로 2406	미술관/갤러리	37.4802401962069	127.014215239186	https://www.instagram.com/ilove_sacmuseum/
성동구	성동	헤르만아트홀	서울 성동구 상원6나길 24 지1층 B01호	공연장	37.5478713335206	127.050054450663	https://www.hermannarthall.com/
중구	필동	동국대학교서울캠퍼스 이해랑예술극장	서울특별시 중구 필동로1길 30	공연장	37.5589366401553	126.998737605491	https://larts.dongguk.edu/main
종로구		예술공간혜화	서울특별시 종로구 혜화로 10-3	공연장	37.5866272854666	127.000475979187	https://www.instagram.com/artdre2021/
종로구		세종문화회관 미술관	서울특별시 종로구 세종대로 175	미술관/갤러리	37.5718478584908	126.976168275947	https://www.sejongpac.or.kr/portal/main/contents.do?menuNo=200362
중랑구		중랑구립면목정보도서관	서울 중랑구 면목로 397	도서관	37.5873556125386	127.087555200335	https://www.jungnanglib.seoul.kr/
송파구		한국광고박물관	서울특별시 송파구 올림픽로35길 137	박물관/기념관	37.5159272595028	127.099643159822	https://www.kobaco.co.kr/site/admuseum/home
마포구		광흥당	서울특별시 마포구 독막로21길 15	박물관/기념관	37.5486522177452	126.928706582608	http://www.mapocc.or.kr/page/page5
종로구		한국색동박물관	서울특별시 종로구 율곡로10길 85-7	박물관/기념관	37.5738877793786	126.992091307243	http://www.saekdongmuseum.com/
노원구		인덕대학교 아정미술관	서울특별시 노원구 초안산로 12	미술관/갤러리	37.6302514486494	127.054448642206	http://www.seoulscm.com/museum/231
강남구		거암아트홀	서울특별시 강남구 강남대로 652 SINSA SQUARE 4층 거암아트홀	공연장	37.5195101291255	127.019106035326	https://www.geoam.co.kr/
동작구		CTS 아트홀	서울특별시 동작구 노량진로 100 기독교TV멀티미디어센터 지하 2층	공연장	37.5129486320073	126.937000804909	http://rent.ctsart.co.kr/
서초구		이스랏아트룸	서울특별시 서초구 서초대로23길 15-8	미술관/갤러리	37.4881149635394	126.991986495389	https://www.instagram.com/iseurrat/
송파구		서울놀이마당	서울 송파구 잠실로 124 서울놀이마당	공연장	37.5093666387938	127.098198247427	https://blog.naver.com/norimadang_
강남구		플랫폼엘	서울특별시 강남구 언주로133길 11	기타	37.51616471154578	127.0342339545498	https://platform-l.org/
종로구	대학로8가	스카이씨어터	서울특별시 종로구 대학로8가길 52	공연장	37.5829828294892	127.002649344897	없음
종로구		북촌생활사박물관	서울특별시 종로구 북촌로5나길 90	박물관/기념관	37.5844954835796	126.982996796521	http://cafe.daum.net/namu3579
마포구		홍대갤러리 키르큐펠	서울 마포구 와우산로25길 26 1층, 2층 홍대갤러리 키르큐펠	미술관/갤러리	37.5544389044835	126.926112038874	https://www.instagram.com/kirkjufell333
종로구	창의문로11가	유금와당박물관	서울특별시 종로구 창의문로11가길 4	박물관/기념관	37.5937200276241	126.962657792099	http://www.yoogeum.org
송파구		공간유보	서울 송파구 바람드리길 14 지하1층	미술관/갤러리	37.5379381336317	127.117446112374	https://www.instagram.com/space_ubo/
종로구		지우헌	서울특별시 종로구 북촌로11라길 13	미술관/갤러리	37.5833833879584	126.982999426985	https://www.instagram.com/jiwooheon_dh/
송파구	신천동	송파어린이영어도서관	서울 송파구 신천동 14 신천빗물펌프장 4~5층	도서관	37.522391974255	127.102981769104	https://www.splib.or.kr/spelib
송파구		돌마리도서관	서울특별시 송파구 백제고분로37길 16	도서관	37.503565692718	127.10368921283	https://www.splib.or.kr/spdlib/index.do
도봉구		마을극장 흰고무신	서울 도봉구 시루봉로15마길 13 2층	기타	37.6681272209585	127.031542795166	https://blog.naver.com/dbfac_place/223037311345
종로구		대학로자유극장	서울특별시 종로구 대학로12길 31	공연장	37.5827487259914	127.003607698821	https://blog.naver.com/jautheater
강남구	삼성동	언커먼 갤러리	서울 강남구 봉은사로 516 B1층 (삼성동, 미켈란147)	미술관/갤러리	37.5132365165484	127.055995805325	https://www.instagram.com/uncommon.gallery/
종로구		마로니에 야외공연장	서울특별시 종로구 대학로 104, 마로니에공원 내	공연장	37.5803340012344	127.002515322401	https://culture.jongno.go.kr/media/ko/culture/fclt.do
서초구		국립국악박물관	서울특별시 서초구 남부순환로 2364	박물관/기념관	37.47740797974563	127.00957863302924	https://www.gugak.go.kr/site/homepage/menu/viewMenu?menuid=001004001001&lang=ko
서초구		예술의전당 서울서예박물관	서울특별시 서초구 남부순환로 2406	미술관/갤러리	37.4802401962069	127.014215239186	http://calligraphy.sac.or.kr/portal/main.do
종로구		단막극장	서울특별시 종로구 동숭4길 16-3	공연장	37.5833180300981	127.004577870228	없음
종로구	예술동	서울시립교향악단	서울시 종로구 세종대로 175 예술동 3층	공연장	37.5718478584908	126.976168275947	https://www.seoulphil.or.kr/
강남구		탄허기념불교박물관	서울특별시 강남구 밤고개로14길 13-51 탄허기념불교박물관	박물관/기념관	37.4789886079745	127.10281217163	http://www.tanheo.org/
강북구		북서울꿈의숲아트센터 퍼포먼스홀	서울특별시 강북구 월계로 173	공연장	37.6202544613023	127.044324732036	https://www.sejongpac.or.kr/dfac/main/main.do
종로구		CN갤러리 (충남문화예술 서울전시장)	서울특별시 종로구 북촌로5길 56-7 CN갤러리(정독도서관 앞)	미술관/갤러리	37.5800389234192	126.981945857423	https://cngallery.kr/
종로구	인사동	마루아트센터	서울 종로구 인사동길 35-6 B1/ 1 / 3F 마루아트센터	기타	37.5734135359001	126.985058887009	http://maruartcenter.co.kr/
용산구		알부스갤러리	서울특별시 용산구 한남대로28길 26	미술관/갤러리	37.5381999241501	127.005904817459	http://albusgallery.com/
도봉구		김수영문학관	서울특별시 도봉구 해등로32길 80	박물관/기념관	37.6599237129724	127.023801597762	http://kimsuyoung.dobong.go.kr/
중구		서울로미디어캔버스	서울특별시 중구 만리재로 215	기타	37.55659103776328	126.96821760617011	http://www.instagram.com/mediaartseoul
강남구		한국문화의집 KOUS	서울특별시 강남구 테헤란로92길 12-9	공연장	37.5068278109456	127.060465476538	https://www.instagram.com/2003kous/
성동구	성동	갤러리 허브	서울 성동구 왕십리광장로 17 비트플렉스 4층 갤러리허브	미술관/갤러리	37.5614417528647	127.038394194396	https://www.sdfac.or.kr/kor/sdfac/sub/contents.do?gotoMenuNo=04030000
동대문구		용두어린이영어도서관	서울특별시 동대문구 무학로 133	도서관	37.5761044697075	127.0303278555	https://www.l4d.or.kr/yelc/index.do
종로구		JCC 아트센터	서울특별시 종로구 창경궁로35길 29	공연장	37.5871831839413	127.001885702262	https://www.jeijcc.org/intro.html
중구		배재학당역사박물관	서울특별시 중구 서소문로11길 19 배재학당역사박물관	박물관/기념관	37.564007341132	126.97260325467973	https://appenzeller.pcu.ac.kr/appenzeller
용산구	신흥로3가	용암어린이영어도서관	서울특별시 용산구 신흥로3가길 21-7	도서관	37.5410194799049	126.984690595663	https://www.yslibrary.or.kr/small/menu/10174/program/30074/smallLibDetail.do?smallLibIdx=2
종로구		어린이청소년 국학도서관	서울특별시 종로구 명륜길 26 와룡문화센터 5층	도서관	37.588685880434	126.995540232987	https://www.jfac.or.kr
종로구	동숭동	공간아울	서울특별시 종로구 대학로 120 (동숭동) 지하 1층	공연장	37.5818758763205	127.002292683609	https://www.facebook.com/p/%EB%8C%80%ED%95%99%EB%A1%9C-%EA%B3%B5%EA%B0%84%EC%95%84%EC%9A%B8-100063971955194/?_rdr
관악구		극장작당모의	서울 관악구 봉천로 544-1 지하1층	기타	37.4782332283983	126.958176442387	https://www.instagram.com/zakdang_0701
종로구		홍난파가옥	서울특별시 종로구 송월1길 38	박물관/기념관	37.5716374254324	126.965098385748	https://www.lanpa.co.kr/
송파구		송파문화원	서울특별시 송파구 올림픽로 44	문화원	37.5106823860183	127.075936810272	https://www.spcc.or.kr/
강동구	강동	강동아트센터	서울 강동구 동남로 870 강동아트센터	문화예술회관	37.5512204558342	127.157342546961	https://www.gdfac.or.kr/
종로구		짚풀생활사박물관	서울특별시 종로구 성균관로4길 45	박물관/기념관	37.5849058490839	126.999842853497	http://www.jipul.com/index.php
종로구		해바라기 소극장	서울특별시 종로구 동숭길 76	공연장	37.5816428205946	127.004374097465	https://www.instagram.com/bara_16007047
강남구	대치4동	강남구립즐거운도서관	서울 강남구 도곡로77길 23 대치4동주민센터	도서관	37.499729738243	127.05784954077	https://library.gangnam.go.kr/jgwlib/index.do
동작구		신대방누리도서관	서울특별시 동작구 신대방1다길 19	도서관	37.4860651685197	126.905885428932	https://www.instagram.com/sdbnuri_lib
동작구		표현하다 스튜디오	서울특별시 동작구 사당로17길 83, 지하1층	기타	37.4864364917903	126.971995253767	http://schoolofph.com/
강북구		강북문화예술회관	서울특별시 강북구 삼각산로 85	문화예술회관	37.6409897866256	127.013878144422	https://www.gbcmc.or.kr/fmcs/25
영등포구		영등포문화원	서울 영등포구 신길로 275 영등포문화원	문화원	37.5161266236525	126.912126417071	http://www.ydpcc.co.kr/
성북구		서울성북미디어문화마루 꿈빛극장	서울특별시 성북구 길음로7길 20	공연장	37.6037552097988	127.022203675321	https://kbt.sbculture.or.kr/
강남구	학동	하츠아트홀	서울특별시 강남구 학동로 163 지하	기타	37.5136305884416	127.028668907231	https://blog.naver.com/heartsmusic
종로구	인사동	갤러리 모나리자 산촌	서울특별시 종로구 인사동길 30-13	미술관/갤러리	37.57379444189	126.986257044732	https://gallerysanchon.com/
강동구	강동	강동구립해공도서관	서울특별시 강동구 올림픽로 702	도서관	37.5439476727563	127.125538378702	https://www.gdlibrary.or.kr/web/menu/10010/program/30002/dataStatus.do?siteCd=hglib
성북구	동선동3가	미인도	서울 성북구 동선동3가 22-6	기타	37.5956658072394	127.020408660227	https://archive.sb.go.kr/isbcc/home/u/story/view/1456.do
도봉구		청소년 예술공간 채움	서울특별시 도봉구 도봉로 955 광역환승센터 1층	기타	37.6897506980596	127.04491945608	https://www.dbfac.or.kr/front/cultureplace/youthart.do
성북구		천장산우화극장	서울 성북구 화랑로 18자길 13, 성북정보도서관 지하 1층	공연장	37.6049728852085	127.050585543988	https://fabletheater.net/
강남구		VIVIAN CHOI GALLERY	서울 강남구 도산대로85길 30 2층 209	미술관/갤러리	37.526439666489	127.049680036198	https://vivianchoi.imweb.me
구로구	경인로20가	구로문화원	서울특별시 구로구 경인로20가길 38	문화원	37.4953581177106	126.846035797544	http://www.gurocc.or.kr/main/main.php
송파구		송파책박물관	서울특별시 송파구 송파대로37길 77	박물관/기념관	37.4988841772964	127.104383431798	https://www.bookmuseum.go.kr/
중구	다산로36가	박정희 가옥	서울특별시 중구 다산로36가길 25	박물관/기념관	37.561469121354	127.019854920988	https://yeyak.seoul.go.kr/web/reservation/selectReservView.do?rsv_svc_id=S231222144218843893
양천구		건강힐링센터	서울특별시 양천구 남부순환로83길 54	기타	37.5175790145525	126.845873645663	https://www.yangcheon.go.kr/healing/healing/main.do
성북구		성북문화예술교육센터	서울특별시 성북구 장월로8길 38	기타	37.6102411295211	127.049789635556	https://www.sbculture.or.kr/culture/main/contents.do?menuNo=500381
은평구		삼각산금암미술관	서울 은평구 진관길 21-2 삼각산금암미술관	미술관/갤러리	37.6416280285312	126.940911076697	https://museum.ep.go.kr/experience/artgallery.asp
마포구		프로타주 갤러리	서울특별시 마포구 독막로15길 12	미술관/갤러리	37.5483662558053	126.922303660865	https://www.frottagegallery.com/
종로구		한예극장	서울특별시 종로구 이화장길 66	공연장	37.5782085789748	127.004718727521	https://hanye.modoo.at/
종로구		돈의문박물관마을	서울특별시 종로구 송월길 14-3	박물관/기념관	37.56882394907892	126.96852312550762	http://dmvillage.info
종로구	인사동	아라아트센터	서울특별시 종로구 인사동9길 26	기타	37.5734697478172	126.983623718252	https://www.araart.co.kr
마포구		베짱이홀	서울특별시 마포구 독막로15길 3-12 NJ빌딩 지하 1층	공연장	37.5484676511038	126.921535972496	https://www.bezzang-e.com/
종로구		서촌라운지	서울특별시 종로구 필운대로 27-4	기타	37.5784950496129	126.968871585185	https://www.instagram.com/Seochon_lounge
송파구		송파여성문화회관	서울 송파구 백제고분로42길 5	기타	37.505929427057	127.109731490219	https://www.songpawoman.org/index.asp
동작구		상도어울마당 아트홀	서울 동작구 성대로 180 지하 1층	공연장	37.4992554654409	126.940372169449	https://www.instagram.com/idfac_eoulmadang_arthall/
용산구		식민지역사박물관	서울특별시 용산구 청파로47다길 27	박물관/기념관	37.5457847154633	126.96683633939	http://historymuseum.or.kr/
중구	명동	주한 리스트 헝가리 문화원	서울 중구 명동길 26 유네스코 회관 8층 801호	문화원	37.5634574532023	126.983764788709	https://culture.hu/kor/seoul/aboutus-kor
서대문구		이진아기념도서관	서울특별시 서대문구 독립문공원길 80	도서관	37.5729542638246	126.955549025205	https://lib.sdm.or.kr/sdmlib/index.do
마포구		홍익대학교 박물관	서울특별시 마포구 와우산로 94	박물관/기념관	37.5525192523979	126.924990619497	https://museum.hongik.ac.kr/html/
서초구		샤론아트홀	서울특별시 서초구 서초대로40길 49 지하1층	공연장	37.4894380787117	127.008229390564	https://www.facebook.com/ConcertatSharonHall/
종로구		링크아트센터	서울 종로구 대학로14길 29 링크아트센터	공연장	37.5846899489243	127.00229469461	http://www.linkartscenter.com/
송파구		갤러리 무모	서울특별시 송파구 가락로19길 5	미술관/갤러리	37.5027201885223	127.111026578851	http://mumogallery.com/
용산구		스파찌오 루체	서울특별시 용산구 이태원로 213	공연장	37.5350171727459	126.997591083498	없음
중구		군기시유적전시실	서울특별시 중구 세종대로 110 시민청 지하 1층	박물관/기념관	37.56682861183312	126.9781287511621	https://museum.seoul.go.kr/www/intro/annexIntro/annex_gun/annex_gun_01.jsp?sso=ok
종로구		링크아트센터드림	서울특별시 종로구 동숭길 123	공연장	37.5832861777566	127.003293438561	https://blog.naver.com/dreamartcenter
서대문구		청년예술청 SAPY	서울특별시 서대문구 경기대로 26-26	기타	37.5610226183	126.962192415514	http://www.sapy.kr/
성북구		돌곶이생활예술문화센터	서울특별시 성북구 화랑로32길 100-1	기타	37.6062694103854	127.058753014404	https://www.dolcen.or.kr/
종로구		화정박물관	서울 종로구 평창8길 3 화정박물관	박물관/기념관	37.6045448453703	126.966081861578	http://www.hjmuseum.or.kr/
종로구		황학정 국궁전시관	서울특별시 종로구 사직로9길 15-32	박물관/기념관	37.5779183632114	126.963945833593	https://www.jfac.or.kr/site/main/content/kbow01
중구	명동	국립극단 명동예술극장	서울특별시 중구 명동길 35	공연장	37.5640414482615	126.984202014061	http://www.ntck.or.kr/ko
성북구		뮤지엄웨이브	서울특별시 성북구 대사관로13길 66	미술관/갤러리	37.6008969621021	126.990133889221	http://www.museumwave.com/
종로구		아르코예술극장	서울특별시 종로구 대학로8길 7	공연장	37.5811855191284	127.002999899724	https://theater.arko.or.kr/Home/ko/Main
중구		한국의집 민속극장	서울특별시 중구 퇴계로36길 10	공연장	37.5602982972447	126.99475407474736	https://www.kh.or.kr/cms/content/view/556
동대문구		선농단역사문화관	서울특별시 동대문구 무학로44길 38	기타	37.5811837728607	127.031888509482	https://ddmac.or.kr/sub03/sub07.php
종로구	인사동	경인미술관	서울특별시 종로구 인사동10길 11-4	미술관/갤러리	37.5745908579478	126.985723489033	http://www.kyunginart.co.kr/
종로구		보신각	서울특별시 종로구 종로 54	기타	37.5697673859634	126.983677617361	https://culture.seoul.go.kr/culture/main/contents.do?menuNo=200049
동대문구		장안어린이도서관	서울특별시 동대문구 장한로26다길 10	도서관	37.571244986067	127.073201039917	https://www.l4d.or.kr/jac/index.do
종로구		갤러리 마롱	서울특별시 종로구 북촌로 143-6	미술관/갤러리	37.5870817484472	126.98275199004	https://www.gallerymarron.com/
종로구		성균소극장	서울특별시 종로구 성균관로 12-3	공연장	37.5841853971749	126.997946812419	https://sktheater.modoo.at
서초구		서리풀청년아트센터	서울특별시 서초구 반포대로 58  104동 상가 3층	기타	37.48523983119472	127.01147633794446	https://seoripulac.or.kr/main/?mc_code=1015
금천구		하라스튜디오	서울특별시 금천구 가산디지털1로 181 가산w센터 B218호	기타	37.4814249861909	126.880393604209	http://harastudio.co.kr
종로구		우정총국	서울특별시 종로구 우정국로 59	박물관/기념관	37.5744290728773	126.982614538067	https://www.heritage.go.kr/heri/cul/culSelectDetail.do?ccbaCpno=1331102130000&pageNo=1_1_1_1&sngl=Y
서대문구		ANDNEW GALLERY(앤드뉴 갤러리)	서울특별시 서대문구 명물길 70 B1	미술관/갤러리	37.5588656635722	126.940066426045	https://www.instagram.com/andnewgallery/
은평구		은평한옥마을어울림터	서울특별시 은평구 연서로48길 74	기타	37.6410413469516	126.941351270557	https://museum.ep.go.kr/experience/village.asp
도봉구		간송옛집	서울특별시 도봉구 시루봉로 149-18	박물관/기념관	37.6648929195749	127.028186809295	http://www.kansonghouse.kr/
관악구		낙성대공원도서관	서울특별시 관악구 낙성대로 77	도서관	37.4719720770814	126.959370998377	https://gfac.or.kr/site/main/content/library07?tab=07
용산구		용산역사박물관	서울특별시 용산구 한강대로14길 35-29	박물관/기념관	37.5256680404431	126.965769395985	http://museum.yongsan.go.kr/
용산구		갤러리자유(Gallery Jayu)	서울특별시 용산구 녹사평대로32길 8	미술관/갤러리	37.5335020410682	126.98931187262	https://blog.naver.com/galleryjayu
중구	명동	샬트르성바오로수녀회 역사박물관	서울특별시 중구 명동길 74-2	박물관/기념관	37.56244218046588	126.98804211686432	http://www.spcseoul.or.kr
서대문구		플레이스막3	서울 서대문구 홍연길 96 지층 플레이스막3	미술관/갤러리	37.5769228781642	126.931769590961	http://www.placemak.com/Laser_cu_exhibition
중구		문화역서울284	서울 중구 통일로 1 문화역서울284	기타	37.5560581817344	126.972115894161	https://www.seoul284.org/main
노원구		노원문화의집	서울특별시 노원구 동일로 1530-1(마들역) 지하1층 노원문화의집	문화원	37.6650864331785	127.057687709213	https://www.nowon.kr/www/info/info1/info1_07/info1_07_02.jsp
동대문구		제기동감초마을현진건기념도서관	서울특별시 동대문구 약령시로9길 45	도서관	37.5850973113942	127.035120181597	https://www.l4d.or.kr/jghl/index.do
종로구	창의문로5가	자하미술관	서울 종로구 창의문로5가길 46 자하미술관	미술관/갤러리	37.5893771091653	126.960306246732	https://www.zahamuseum.org
종로구		이화장	서울특별시 종로구 이화장1길 32	기타	37.578342566916	127.006414931482	https://tour.jongno.go.kr/tour/tour/indvdlz/view.do?nttId=26990&menuNo=2009
종로구		대한민국역사박물관	서울특별시 종로구 세종대로 198	박물관/기념관	37.5737136067193	126.978339442463	http://www.much.go.kr
종로구		수림큐브	서울특별시 종로구 돈화문로 84	미술관/갤러리	37.5759408685551	126.990750184392	http://soorimcf.or.kr/
서초구		심산기념문화센터	서울특별시 서초구 사평대로 55	기타	37.49904352920025	126.99169932767369	https://www.seochocf.or.kr/site/main/content/culture_space_simsan_inform
마포구		복합문화공간 홍대스페이스M	서울특별시 마포구 양화로15길 17 4층	기타	37.5545446275941	126.919022842484	https://hongdaespacem.modoo.at/
강동구	강동	서울특별시교육청 고덕평생학습관	서울특별시 강동구 고덕로 295	도서관	37.5561204084687	127.158039363963	http://gdllc.sen.go.kr/
성동구	성동	알비	서울 성동구 서울숲6길 8-1 3층	미술관/갤러리	37.5476765284371	127.042490372746	https://instagram.com/arby_label?igshid=MzRIODBiNWFIZA==
종로구	경희궁1가	복합문화공간에무	서울특별시 종로구 경희궁1가길 7	기타	37.572068922706	126.969011116977	https://www.emuartspace.com/
중구		명보아트홀	서울특별시 중구 마른내로 47	공연장	37.5647056236712	126.993214191194	https://www.mbah.co.kr/
종로구		서울장애예술창작센터	서울 종로구 대학로12길 31 자유빌딩 2층	기타	37.5827487259914	127.003607698821	https://www.sfac.or.kr/artspace/artspace/jamsil_main.do
종로구		예스24아트원	서울 종로구 대학로12길 83 대학로 아트원씨어터	공연장	37.5802682775819	127.004006760831	https://yes24stage.com/
강남구		시그니처 키친 스위트 청담	서울특별시 강남구 압구정로60길 13	미술관/갤러리	37.5263382656115	127.042128357934	https://www.lge.co.kr/kr/business/signaturekitchen/exhibit-list.do
종로구		송원아트센터	서울특별시 종로구 윤보선길 75	미술관/갤러리	37.5793191593831	126.983448207812	https://songwonart.org/
광진구	능동	중곡문화체육센터도서관	서울특별시 광진구 능동로 433	도서관	37.5677792027828	127.08480243017	https://www.gwangjinlib.seoul.kr/jgsports/index.do
관악구		서울시민대학 다시가는 캠퍼스	서울특별시 관악구 낙성대로 70	기타	37.4722178724298	126.958335234959	https://sll.seoul.go.kr/
용산구		KP Gallery	서울특별시 용산구 소월로2나길 12	미술관/갤러리	37.553335577368	126.97730689223	http://kpgallery.co.kr/
종로구		대학로극장 쿼드	서울 종로구 동숭길 122 서울문화재단 대학로센터 B2	공연장	37.5836990003446	127.00371665858	https://www.quad.or.kr/Home/Main
마포구		마포중앙도서관	서울특별시 마포구 성산로 128	도서관	37.5637954434775	126.908201874198	https://mplib.mapo.go.kr/mcl/index.do
영등포구		영등포문화라운지 따따따	서울특별시 영등포구 영중로 15	기타	37.5172332566615	126.903715993779	https://blog.naver.com/iloveydp/223453847123
강북구		수유문화정보도서관	서울특별시 강북구 삼양로 299	도서관	37.63005160395	127.017559390621	https://www.gblib.or.kr/suyu/index.do
은평구		서울문화예술교육센터 은평	서울특별시 은평구 수색로 322-2	기타	37.5851270962157	126.893782364905	https://scecep.creatorlink.net/
강북구		봉황각	서울특별시 강북구 삼양로173길 107-12	박물관/기념관	37.6601985055374	127.006060325301	없음
강서구		스페이스K 서울	서울특별시 강서구 마곡중앙8로 32, 스페이스K 서울	미술관/갤러리	37.5610929270592	126.830974669978	https://spacek.co.kr
중구		동대문역사관	서울특별시 중구 을지로 281	박물관/기념관	37.56710262553757	127.01153416188669	https://museum.seoul.go.kr/scwm/ddmHistory/ddmWatchInfo.jsp
동대문구		블루라움 안암점	서울특별시 동대문구 안암로 86-1 B1 블루라움	기타	37.58348608726266	127.03050316419218	https://blueraum.kr/
금천구		금천문화원	서울특별시 금천구 시흥대로38길 61	문화원	37.4463909881434	126.904469877153	http://geumcheon.kccf.or.kr
성동구	성동	다락옥수	서울특별시 성동구 한림말5길 20	기타	37.5429326268813	127.016893391887	https://blog.naver.com/darakoksu7541
종로구		아트스페이스 보안1942(통의동 보안여관)	서울특별시 종로구 효자로 33	기타	37.579117894432	126.973630299897	http://b1942.com/
종로구		서울문화재단 대학로센터	서울특별시 종로구 동숭길 122	기타	37.5836990003446	127.00371665858	https://www.sfac.or.kr/artspace/artspace/sfac_daehakro_main.do
성북구		미아리고개예술극장	서울특별시 성북구 동소문로 177	공연장	37.5978990882553	127.021459209446	https://miari-cooptheater.co.kr/
서대문구		라프	서울특별시 서대문구 북아현로 63	미술관/갤러리	37.5628087873075	126.955086243611	http://artspacelaf.com/
강남구	학동	엠팟홀	서울 강남구 학동로 171 삼익악기빌딩 3층	공연장	37.5140467250769	127.029550652058	http://www.mpot.co.kr/
서초구		라율아트홀	서울특별시 서초구 반포대로 20 2층	공연장	37.4824452369632	127.012614908746	https://rayularthall.modoo.at/?link=85a144vt
중구	퇴계로26가	남산XR스튜디오	서울특별시 중구 퇴계로26가길 82	기타	37.5576096402862	126.991750102803	http://namsanxr.or.kr/
중구		마프MAF	서울 중구 서애로 33 5F	미술관/갤러리	37.5595492748546	126.996562057598	https://mindfulartforum.modoo.at/
종로구		예그린씨어터	서울특별시 종로구 동숭길 130-5 B1	공연장	37.583890209576	127.003075297162	https://yegreen.kr/
마포구		문화비축기지	서울특별시 마포구 증산로 87	기타	37.571364837277535	126.89425096674894	https://parks.seoul.go.kr/template/sub/culturetank.do
서초구		부띠크모나코뮤지엄	서울 서초구 서초대로 397 지하 1층 부띠크모나코뮤지엄	미술관/갤러리	37.4974340616184	127.024516764632	https://www.bmmuseum.net/
종로구		소극장 혜화당	서울 종로구 대학로12길 63 석마빌딩 3층	공연장	37.581224141386	127.004021190026	https://www.instagram.com/theater_hyehwadang/
강서구		서울특별시교육청 강서도서관	서울특별시 강서구 등촌로51나길 29	도서관	37.547903018109	126.859927719639	http://gslib.sen.go.kr/
관악구		관악중앙도서관	서울특별시 관악구 신림로3길 35	도서관	37.4675533645757	126.944962394132	https://lib.gwanak.go.kr/galib/menu/10080/contents/40031/contents.do
강남구	영동	코엑스 별마당 도서관	서울특별시 강남구 영동대로 513	도서관	37.5118239121138	127.059159043842	https://starfield.co.kr/coexmall/starfieldLibrary/library.do
송파구		언바운드	서울 송파구 백제고분로45길 32 B01	미술관/갤러리	37.5106146799736	127.108234270692	https://www.unboundart.xyz/
송파구		송파글마루도서관	서울 송파구 충민로 120 글마루도서관	도서관	37.4808342224585	127.130477932489	https://www.splib.or.kr/spjlib/index.do
종로구		창신소담도서관	서울 종로구 창신길 83 1층	도서관	37.5753265880665	127.010132952839	https://lib.jongno.go.kr/
영등포구		영등포평생학습관	서울특별시 영등포구 버드나루로15길 10	도서관	37.52603749755506	126.90721167448456	http://ydpllc.sen.go.kr/ydpllc_index.jsp
중구		서소문성지 역사박물관	서울특별시 중구 칠패로 5	박물관/기념관	37.5605678517575	126.968867161039	https://www.seosomun.org/
마포구		서울마포음악창작소	서울특별시 마포구 마포대로 지하 238	공연장	37.5550704891351	126.957534741247	https://mapoindie.or.kr/index.asp
동대문구		서울시립대학교 박물관	서울특별시 동대문구 서울시립대로 163	박물관/기념관	37.5825775765293	127.059988126984	https://www.uos.ac.kr/kor/html/auos/guide/map/map_view29.do?epTicket=LOG
노원구		공릉청소년문화정보센터	서울특별시 노원구 노원로1나길 10	기타	37.62146235791622	127.08300670832529	http://www.gycenter.or.kr/
용산구	이태원로55가	갤러리 조은	서울특별시 용산구 이태원로55가길 3	미술관/갤러리	37.538032303187	127.000742583982	https://galleryjoeun.com/kor/main/
중랑구		중랑상봉도서관	서울특별시 중랑구 동일로114길 10	도서관	37.5928919454227	127.08085178906	https://www.jungnanglib.seoul.kr/
중랑구		중랑구립정보도서관	서울특별시 중랑구 신내로15길 197	도서관	37.6151705656244	127.086906408215	http://www.jungnanglib.seoul.kr/
도봉구	창동	서울시립 사진미술관	서울 도봉구 마들로13길 68 (창동)서울시립 사진미술관	미술관/갤러리	37.6555150225578	127.048947814686	https://sema.seoul.go.kr/kr/visit/photosema
강동구	강동	호원아트홀	서울특별시 강동구 성안로 30	공연장	37.5262902042304	127.130305009671	https://blog.naver.com/enter_pf
서초구		대주아트 엔터뮤직2호점	서울특별시 서초구 반포대로7길 20	공연장	37.4823971100472	127.01093783592	없음
영등포구		도림생활문화센터	서울특별시 영등포구 도신로33길 4	기타	37.5099911988676	126.908050531966	https://www.instagram.com/ydp_life/
종로구	인사동	통인화랑	서울특별시 종로구 인사동길 32	미술관/갤러리	37.5735831190527	126.985921443202	http://www.tongingallery.com/
강남구		아이러브아트센터	서울특별시 강남구 압구정로32길 30	기타	37.5257900767039	127.029756991789	http://www.eyeloveartcenter.com
종로구		사직단	서울특별시 종로구 사직로 89	기타	37.575936511748	126.967263789945	https://www.heritage.go.kr/heri/cul/culSelectDetail.do?ccbaCpno=1121101770000&pageNo=1_1_1_1&sngl=Y
양천구	목동동	해누리타운 해누리홀?아트홀	서울특별시 양천구 목동동로 81	공연장	37.5159760603841	126.86385454407	https://www.yangcheon.go.kr/site/yangcheon/05/10505080301002023111703.jsp
종로구		홍익대 대학로 아트센터	서울특별시 종로구 대학로 57	기타	37.57669201980256	127.00152261402984	http://www.hongikartcenter.com/main.do
종로구	인사동	엠스테이지	서울 종로구 인사동길 34-1 지하2층 엠스테이지	공연장	37.5735931856781	126.985717340243	https://www.mstage4u.com/
구로구		구로미래도서관	서울특별시 구로구 새말로 111	도서관	37.5070141562705	126.891449157894	https://www.instagram.com/guro_mirae_lib/
서대문구		서대문문화체육회관	서울특별시 서대문구 백련사길 39	문화예술회관	37.5807597279754	126.931557440644	https://cs.sscmc.or.kr/
종로구		한벽원미술관	서울특별시 종로구 삼청로 83	미술관/갤러리	37.5828831210893	126.981563523249	-
금천구		참새작은도서관	서울 금천구 한내로 69-15 금천한내복지관 3층	도서관	37.4573808551633	126.886472547107	https://geumcheonlib.seoul.kr/
중구		푸르지오 아트홀	서울특별시 중구 을지로 170 을지트윈타워 서관 3층	공연장	37.5661391831606	126.99732748195	http://prugioarthall.daewooenc.com
강남구	영동|대치2동	강남구립행복한도서관	서울 강남구 영동대로65길 24 대치2동주민센터 3층	도서관	37.5023043321987	127.064187680006	https://library.gangnam.go.kr/happylib/index.do
강남구		서울특별시교육청 강남도서관	서울 강남구 선릉로116길 45	도서관	37.5137356	127.0469916	http://gnlib.sen.go.kr/
강북구		송중문화정보도서관	서울특별시 강북구 도봉로20나길 6	도서관	37.6183204133122	127.02997562583	https://www.gblib.or.kr/songjung/
은평구		다락방(茶樂房)	서울특별시 은평구 진관길 23	기타	37.6415095859352	126.941165084265	https://museum.ep.go.kr/experience/darakbang.asp
노원구		서울특별시교육청 노원평생학습관	서울 노원구 동일로204길 13 노원평생학습관	도서관	37.6395138569616	127.067821262987	http://nwllc.sen.go.kr/
서초구		서울문화예술교육센터 서초	서울특별시 서초구 신반포로19길 6	기타	37.5047177127649	126.998308072811	https://www.sfac.or.kr/artspace/artspace/seocho_main.do?groupCtgry=g5
강남구		역삼1동복합문화센터	서울특별시 강남구 역삼로7길 16	기타	37.4953732068069	127.033283840382	https://life.gangnam.go.kr/fmcs/118
강남구	학동	논현2동복합문화센터	서울특별시 강남구 학동로43길 17	기타	37.5172831299803	127.037204204847	https://life.gangnam.go.kr/fmcs/111
성북구		성북구립미술관	서울특별시 성북구 성북로 134	미술관/갤러리	37.5948371972307	126.994887077742	https://sma.sbculture.or.kr/
노원구		서울시립과학관	서울특별시 노원구 한글비석로 160	기타	37.6419941138165	127.07743706477	http://science.seoul.go.kr
영등포구	비스타동	문화라운지 영	서울 영등포구 신풍로 28 비스타동원 2층	기타	37.4998139228913	126.90960294998	https://www.ydpcf.or.kr/culture/young.do
종로구		나온씨어터	서울특별시 종로구 혜화로9길 7	공연장	37.5877080257863	126.999406149636	https://naontheater20.modoo.at/
관악구		관악청년청	서울특별시 관악구 신림로3길 35	기타	37.4675533645757	126.944962394132	https://www.checkin-gwanak.or.kr/main/
용산구		갤러리더씨	서울 용산구 임정로 35 2층	미술관/갤러리	37.543149846744	126.958603008297	https://www.gallerythec.com/
동대문구		동대문문화원	서울 동대문구 왕산로 128 (동의보감타워) 지하2층	문화원	37.5778202033957	127.037630755836	https://dongdaemun.kccf.or.kr:
용산구		LDK	서울 용산구 대사관로20길 8 ldk	기타	37.5331280165774	127.003508572886	https://www.instagram.com/ldk_roomservice
종로구	대학로8가	미마지아트센터 물빛극장	서울특별시 종로구 대학로8가길 129	공연장	37.5803062246686	127.003529125757	없음
광진구		한강플플	서울특별시 광진구 강변북로 2202	기타	37.5308773153076	127.065983191885	https://www.j-bug.co.kr/
영등포구		공간투	서울 영등포구 경인로 790 2F/3F	미술관/갤러리	37.514176444136	126.901017134427	https://www.gongcraft.net/?page_id=9737
종로구		아르코꿈밭극장	서울 종로구 대학로12길 46 삼광빌딩	공연장	37.5820571199944	127.00371635053	https://theater.arko.or.kr/customerservice/notice/236587
중구		비더비(B the B)	서울시 중구 을지로 281, DDP 지하2층 DDP마켓 BtheB	기타	37.5680445876689	127.010890355484	https://btheb.sba.kr/
강남구		예림당 아트홀	서울 강남구 언주로 337 동영문화센터 2층 예림당아트홀	공연장	37.4979704306338	127.044311836778	http://www.amculture.co.kr/default/
금천구		금천구립독산도서관	서울특별시 금천구 독산로54길 114	도서관	37.4675801864797	126.908105892677	https://geumcheonlib.seoul.kr/geumcheonlib/uce/content/contentList.do?selfId=1119
종로구		서울 앨버트 테일러 가옥(딜쿠샤)	서울 종로구 사직로2길 17 딜쿠샤	박물관/기념관	37.5730423068152	126.963476480113	https://museum.seoul.go.kr/www/intro/annexIntro/annex_dilkusha/annex_dilkusha_01.jsp
중구		ALT SPACE	서울특별시 중구 퇴계로18길 77	기타	37.5577104175282	126.984917948957	https://alt9.xyz/
구로구		서울시50플러스 남부캠퍼스	서울특별시 구로구 오류로 36-25	기타	37.4884743879741	126.841844660977	https://www.50plus.or.kr/ssc/index.do
양천구	목동	서울특별시교육청 양천도서관	서울특별시 양천구 목동서로 113	도서관	37.5335602034508	126.876230784641	http://yclib.sen.go.kr/
중구	남대문로1가	청계천 광교갤러리	서울 중구 남대문로1가 9	미술관/갤러리	37.5687746427352	126.982855935853	https://www.sisul.or.kr/open_content/cheonggye/application/gwanggyo.jsp
양천구	목동	대한무용협회	서울 양천구 목동서로 225 10층 1003호	기타	37.5270754105611	126.870745963571	https://www.koreadanceassociation.org/
성북구		성신여자대학교 박물관	서울특별시 성북구 보문로34다길 2	박물관/기념관	37.5916524767249	127.02214561649	https://www.sungshin.ac.kr/museum/index..do
중구	필동	동국대학교 박물관	서울특별시 중구 필동로1길 30	박물관/기념관	37.55821033013079	127.00232862783749	http://dgumuseum.dongguk.edu
종로구		드림시어터 소극장	서울 종로구 대학로10길 15-11 지하1층	공연장	37.5822609507002	127.002771590367	https://bulltheatre.modoo.at/
강남구		아트코드갤러리	서울특별시 강남구 언주로130길 14	미술관/갤러리	37.5148382107332	127.036775427752	https://www.instagram.com/artcode_gallery/
종로구		공간일리	서울 종로구 세검정로9길 19 안채 공간일리	미술관/갤러리	37.6039872305834	126.961140135552	https://blog.naver.com/hsk3881
중구		코소	서울특별시 중구 창경궁로5길 32	미술관/갤러리	37.5670762773012	126.99617437226	https://cosocoso.kr/
강남구		선릉아트홀	서울 강남구 테헤란로 337 화남빌딩 B1	공연장	37.5047949131565	127.048457476412	http://k-arthall.com/sa/bbs/page.php?hid=introduce
종로구		더레퍼런스	서울시 종로구 자하문로24길 44, 3층	미술관/갤러리	37.5822928450685	126.971805868932	https://the-ref.kr/
성북구		챔버	서울특별시 성북구 동소문로 26-6	미술관/갤러리	37.5893516331653	127.009027063682	https://www.instagram.com/chamber26_6/
종로구	대학로8가	시온아트홀	서울 종로구 대학로8가길 52 3층	공연장	37.5829828294892	127.002649344897	https://www.instagram.com/sionart__hall/
서대문구		모두예술극장	서울 서대문구 충정로 7 구세군빌딩 1~3층 모두예술극장	공연장	37.5601123698942	126.962282061624	https://www.moduarttheater.or.kr/Home/ko/Main
강북구		서울문화예술교육센터 강북	서울특별시 강북구 솔샘로48길 14	기타	37.6195551709225	127.017722183323	https://www.sfac.or.kr/artspace/artspace/gangbuk_main.do
종로구		연우소극장	서울특별시 종로구 창경궁로35길 21	공연장	37.5869860485923	127.001764324278	https://iyeonwoo.modoo.at/
강남구	영동	씨스퀘어	서울 강남구 영동대로 326 컬쳐랜드타워 1층 C SQUARE	공연장	37.5038047972699	127.066592014355	http://www.culturetower.co.kr/hall/main.asp
중구		공간채비	서울 중구 서애로1길 11 충무로 헤센스마트 상가201호	기타	37.561326262637	126.998598237823	https://www.chaebi.life
종로구		NOL 유니플렉스	서울특별시 종로구 대학로12길 64	공연장	37.5811975750507	127.00362019054	http://www.uniplex.co.kr/
영등포구		얼터(alter)	서울특별시 영등포구 경인로74길 6	기타	37.5108435582263	126.893077314469	https://www.alter.seoul.kr/
용산구		모다 갤러리	서울 용산구 녹사평대로 132 3층, 4층	미술관/갤러리	37.5306658431999	126.991175512553	https://www.instagram.com/moda.gallery_official/
종로구		혜화아트센터	서울 종로구 대학로 156 1층	미술관/갤러리	37.585549	127.002437	https://hhart.co.kr/
광진구	능동	설렘아트홀	서울특별시 광진구 능동로19길 23	공연장	37.5470491293052	127.072382193363	https://blog.naver.com/siban2216
구로구	구로동	구로 꿈나무극장	서울특별시 구로구 구로동로26길 54	공연장	37.489562316814336	126.88629292183346	https://www.guroartsvalley.or.kr/user/overall/overallArt5.do
종로구		헌법재판소 전시관	서울 종로구 북촌로 15 헌법재판소	기타	37.5775337374097	126.984694556818	https://www.ccourt.go.kr/site/kor/04/10408020000002020100509.jsp
종로구		미마지아트센터 눈빛극장	서울특별시 종로구 혜화로 17	공연장	37.5871099480928	126.999784539905	http://www.mimagi.com/space2.htm
종로구		클래식고택 디토	서울특별시 종로구 필운대로 35-16	공연장	37.5792072268896	126.9683130536	https://www.mfesta.org/
마포구		우무지	서울 마포구 독막로8길 7 지하1층	기타	37.5475481644542	126.91845147793	https://www.wumuji.com/
강남구		아트301	서울 강남구 압구정로 443 6층	미술관/갤러리	37.5267298610407	127.045941283788	https://www.art301.com/
종로구	인사동	조형갤러리	서울특별시 종로구 인사동5길 29 태화빌딩 B1	미술관/갤러리	37.57198777376	126.984841944146	http://www.chohyunggallery.com/
중랑구		양원숲속도서관	서울특별시 중랑구 송림길 172	도서관	37.6068612804905	127.110697152107	https://www.jungnanglib.seoul.kr/ywlib/index.do
성북구		고려대학교 박물관	서울특별시 성북구 안암로 145	박물관/기념관	37.589530692665726	127.03434961764154	http://museum.korea.ac.kr
동작구		동작문화원 사당분원	서울특별시 동작구 사당로8길 9	문화원	37.4847166890579	126.969612565338	http://www.dongjaktv.net/dongjaktv/dongjaktv_map.aspx
종로구		국제갤러리	서울특별시 종로구 삼청로 54	미술관/갤러리	37.5807206678387	126.98057390782	https://www.kukjegallery.com/
종로구	혜화동	혜화동1번지	종로구 혜화동 88-1번지	공연장	37.586400	127.001344	https://www.instagram.com/hhdlab
마포구		갤러리99	서울특별시 마포구 홍익로 5-1	미술관/갤러리	37.5531134735776	126.923605730907	https://www.instagram.com/gallery99_official/
마포구		마포소금나루도서관	서울특별시 마포구 숭문길 72	도서관	37.5495786624964	126.946116732506	https://mplib.mapo.go.kr/naru/index.do
서대문구		갤러리 인	서울 서대문구 홍제천로 116 201호	미술관/갤러리	37.5751406092104	126.926931783172	https://www.instagram.com/_innsinn_
중구	정동	국토발전전시관	서울특별시 중구 정동길 18	박물관/기념관	37.5668101785732	126.9700823803	https://www.molit.go.kr/molitum/intro.do
서초구		파르티타	서울특별시 서초구 사임당로 66	기타	37.4889994957009	127.017187101343	https://www.partita.co.kr/aboutus
양천구	목동	양천문화회관	서울 양천구 목동서로 367 양천문화회관	문화예술회관	37.5165209333904	126.863340014538	https://yfac.kr/main/contents.do?idx=2596
강남구	영동	코엑스 오디토리움	서울특별시 강남구 영동대로 513 3F	공연장	37.511895260092864	127.05936167577896	https://business.coex.co.kr/meeting-room/auditorium/
양천구		다가치학교 강서양천	서울특별시 양천구 남부순환로 380	기타	37.5326758132814	126.828972567552	https://www.instagram.com/dayangcheon/
중구		PS CENTER	서울 중구 창경궁로5다길 18, 3층	미술관/갤러리	37.56787	126.9967	https://www.instagram.com/p.s.center
종로구		미앤갤러리	서울특별시 종로구 자하문로10길 13-1	미술관/갤러리	37.5795262021706	126.972349639942	http://www.miandgallery.com/
성북구		아리랑어린이도서관	서울특별시 성북구 아리랑로 75	도서관	37.599831035698905	127.01318969350766	https://www.sblib.seoul.kr/arclib/index.do
강남구	역삼동	마테리오갤러리	서울시 강남구 강남대로 94길 27-15 (역삼동 635-6), 태리빌딩 8층	미술관/갤러리	37.5430999	126.9585778	https://www.materiauxgallery.com/
종로구		전통공연창작마루	서울 종로구 종로 272 신관(N동) 8, 9층	공연장	37.5708187075358	127.008091407146	https://www.kotpa.org/ucms/main/contents.do?menuNo=300171
서초구		아리스타인 아트홀	서울특별시 서초구 남부순환로317길 84	공연장	37.4833867206177	127.010579000152	https://www.instagram.com/aristeinarthall
중구		에케이다	서울 중구 퇴계로39길 12-7 1층	미술관/갤러리	37.5619374686783	126.994490695752	https://eckeida.my.canva.site/step1
관악구		글빛정보도서관	서울 관악구 관악로30길 23 글빛정보도서관	도서관	37.4862431751911	126.959670253111	https://lib.gwanak.go.kr/galib/menu/10081/contents/40032/contents.do
마포구		크리스프 웨지	서울 마포구 양화로8길 32-17 지하 1층 크리스프 웨지	미술관/갤러리	37.5493590071323	126.916412664084	https://www.instagram.com/crisp_wedge/
서초구		매헌윤봉길의사기념관	서울특별시 서초구 매헌로 99	박물관/기념관	37.46958870025365	127.03656401367662	http://www.yunbonggil.or.kr/_memorial_hall/
종로구		호리아트스페이스	서울특별시 종로구 삼청로7길 11	미술관/갤러리	37.5837344936393	126.981144526694	http://horiartspace.com
서초구		스페이스세컨뷰	서울 서초구 사임당로18길 52-2 2층	미술관/갤러리	37.4875349783628	127.019623102918	https://www.instagram.com/secondview.kr/
송파구		에브리데이몬데이 갤러리	서울특별시 송파구 송파대로48길 14	미술관/갤러리	37.5088551901993	127.105757151234	https://www.everydaymooonday.com/
종로구	계동	북촌한옥역사관	서울특별시 종로구 계동4길 3	기타	37.5823064951822	126.987062016756	https://hanok.seoul.go.kr/front/kor/exp/expPlaceList.do?searchGubun=P300
마포구		신한카드 SOL페이 스퀘어	서울특별시 마포구 양화로 45 메세나폴리스 2층 신한카드 SOL페이 스퀘어	공연장	37.5515008030203	126.91395024016	http://www.solpay-square.com/
광진구		블루트레인	서울 광진구 면목로 182 지하1층	공연장	37.5692708741131	127.083179444403	https://booking.naver.com/booking/10/bizes/1680725/items/7787635/?preview=1&startDate=2026-06-22
관악구		성현동작은도서관	서울 관악구 관악로37길 56 동아APT 상가 B동 5층	도서관	37.4873129618369	126.956183488808	https://lib.gwanak.go.kr/galib/index.do
종로구	인사동	뮤지엄김치간	서울 종로구 인사동길 35-4 인사동마루 본관 4~6층	박물관/기념관	37.5129437	127.0571142	https://www.kimchikan.com/
구로구		구로구립궁동어린이도서관	서울특별시 구로구 오리로 1352	도서관	37.5022113574885	126.829261480683	http://lib.guro.go.kr
성북구		오래된집	서울특별시 성북구 성북로18길 16	미술관/갤러리	37.5940199274977	126.999559188806	http://can-foundation.org/
동작구		동작영어마루도서관	서울 동작구 장승배기로16길 98 동작영어마루도서관	도서관	37.5092044296488	126.943431510006	https://lib.dongjak.go.kr/dj/html.do?menu_idx=78
마포구		마포구립서강도서관	서울특별시 마포구 독막로 165	도서관	37.5477347268018	126.932061794829	https://mplib.mapo.go.kr/sglib/
마포구		에스플렉스센터	서울특별시 마포구 매봉산로 31	기타	37.5757269662412	126.889972593033	https://news.seoul.go.kr/gov/archives/530214
영등포구		본아이에프 와이피센터 본아카데미홀	서울 영등포구 선유로 165 YP센터 1층	공연장	37.5285958444943	126.891507831752	https://www.bongroup.co.kr/bon-business/space-rental/
종로구		소극장 공유	서울특별시 종로구 창경궁로 303	공연장	37.5876012161168	127.003205541939	https://theater0you.modoo.at/
강남구		JBK컨벤션홀	서울 강남구 봉은사로 619 JBK TOWER 빌딩	기타	37.5150273653092	127.063116769411	http://jbktower.com/g5/
중랑구		중랑면목미디어센터	서울시 중랑구 용마산로 209 (쌍용더플래티넘 용마산) 104동 공공기여시설 B1	기타	37.5721214955079	127.085749618276	https://www.jungnang.go.kr/mediacenter/index.do
성동구	성동|금호동3가	성동청소년문화의집	서울 성동구 금호동3가 1266	기타	37.549600601651	127.018993419483	https://www.sdfac.or.kr/kor/sdy/main.do
성북구		서경로꿈마루도서관	서울특별시 성북구 서경로 94-1	도서관	37.611461117102	127.013862915195	https://www.sblib.seoul.kr/kmlib/index.do
송파구		옥상팩토리	서울 송파구 법원로4길 5 지하1층 B112호	미술관/갤러리	37.482913928496	127.121873324034	https://blog.naver.com/oksangfactory
용산구		윈드밀	서울 용산구 원효로 13 지하2층	기타	37.5347486637961	126.946125028265	https://windmillperform.org/
중구	회현동1가	한양도성 유적전시관	서울 중구 회현동1가 100-267	기타	37.553904433191235	126.98179078204588	https://seoulcitywall.seoul.go.kr/content/129.do
성동구	성동	이글락아트스페이스	서울특별시 성동구 뚝섬로1길 53-1	미술관/갤러리	37.5460256232685	127.047470360006	https://www.instagram.com/eaglerockspace
은평구		래빗아트홀	서울 은평구 수색로 242 지층	공연장	37.5814601139247	126.897104253273	https://www.rabbitarthall.com/
강남구		갤러리 508	서울특별시 강남구 도산대로67길 14	미술관/갤러리	37.5249920319161	127.044705546448	https://www.gallery-508.com/
성북구		월곡꿈그림도서관	서울특별시 성북구 화랑로13길 17	도서관	37.60411979670712	127.04192972112838	https://www.sblib.seoul.kr/wglib/
도봉구		씨알방학간	서울특별시 도봉구 도봉로 666(구 소방학교)	기타	37.6640064725024	127.043019014157	https://www.dbfac.or.kr/front/cultureplace/ssial.do
성북구		서울연극창작센터	서울특별시 성북구 성북로 8	기타	37.5892179362926	127.006040752071	https://www.sfac.or.kr/artspace/artspace/theater_main.do
송파구	에이동	갤러리 화이트다이아몬드	서울 송파구 올림픽로37길 130 에이동 203호	미술관/갤러리	37.5208819816451	127.104421421949	https://www.instagram.com/gallerywhitediamond
성북구		17717	서울 성북구 성북로8길 11 B1	미술관/갤러리	37.5911362215001	127.004400808532	http://17717.co.kr/
종로구		돈의문역사관	서울특별시 종로구 새문안로 35-54	박물관/기념관	37.5692197342866	126.968779117404	https://museum.seoul.go.kr/www/intro/annexIntro/annex_donuimoon/annex_donuimoon_01.jsp?sso=ok
종로구	북촌로11가	학민재	서울특별시 종로구 북촌로11가길 28-2	기타	37.5826998027203	126.984288870289	https://blog.naver.com/hakminjae
서초구		방배열린문화센터	서울특별시 서초구 방배로 173	기타	37.4890076091191	126.992242397414	https://www.seocho.go.kr/site/seocho/12/11215030000002020120401.jsp
동작구		서울여성플라자	서울특별시 동작구 여의대방로54길 18	기타	37.5116087174603	126.927226422645	https://www.seoulwomen.or.kr/sfwf/main/index.do
성북구	석관동	석관동미리내도서관	서울 성북구 석관동 134-2	도서관	37.61348164414527	127.06543951524604	https://www.sblib.seoul.kr/mrlib/index.do
종로구		NC문화재단	서울특별시 종로구 이화장길 100	기타	37.5798042434578	127.004616599397	https://www.ncfoundation.or.kr/info/space
중랑구		그루브뮤직스튜디오	서울특별시 중랑구 동일로 711	공연장	37.5940132428236	127.079906045399	http://www.groovestudio.kr/
성북구		동덕여자대학교 박물관	서울특별시 성북구 화랑로13길 60 동덕여자대학교 동덕르네상스홀	박물관/기념관	37.606552160140886	127.04279179203144	http://dongdukrenaissancehall.com/museum/index.php
구로구		온누리도서관	서울특별시 구로구 구로중앙로27나길 9	도서관	37.49697008531629	126.88550705883512	https://lib.guro.go.kr/#/about/gulib/lib03
도봉구		둘리뮤지엄	서울특별시 도봉구 시루봉로1길 6	박물관/기념관	37.6524298578984	127.027638500056	https://www.doolymuseum.or.kr
중구		한국경제신문빌딩	서울특별시 중구 청파로 463	기타	37.5598688323642	126.967109652664	https://company.hankyung.com/ked/
종로구	창의문로5가	무계원	서울 종로구 창의문로5가길 2	기타	37.5918679	126.9634368	https://www.jfac.or.kr/site/main/content/moogw01
양천구	신정동	양천공원 책쉼터	서울 양천구 신정동 320	도서관	37.5180124391585	126.868162966876	https://ycpark.modoo.at/
마포구		아트스페이스공작	서울 마포구 동교로19길 56 102호	미술관/갤러리	37.5578258360317	126.917142026143	없음
종로구		아르코미술관	서울 종로구 동숭길 3 한국문화예술위원회 아르코미술관	미술관/갤러리	37.5805022887696	127.003256182632	https://www.arko.or.kr/artcenter/
노원구		광운대학교동해문화예술관	서울특별시 노원구 광운로 20	공연장	37.6193203481648	127.058338066917	http://dac.kw.ac.kr/main/main.php
강동구	강동	온조대왕문화체육관	서울특별시 강동구 고덕로 285	기타	37.5567272009253	127.157453945306	https://www.igangdong.or.kr/page/ch/ch_0101.asp
송파구		서울특별시교육청 송파도서관	서울특별시 송파구 동남로 263	도서관	37.4999953511054	127.134851529414	http://splib.sen.go.kr/
도봉구		덕성여자대학교 박물관	서울특별시 도봉구 삼양로144길 33	박물관/기념관	37.65276133230196	127.01656184686124	https://www.duksung.ac.kr/contents/contents.do?ciIdx=119&menuId=1044
송파구	방이동	서울역사편찬원	서울 송파구 방이동 올림픽로 424(방이동 88-3)	기타	37.5203396980951	127.115517876627	http://history.seoul.go.kr
성동구	성동	오시선	서울특별시 성동구 성덕정길 112	미술관/갤러리	37.536989665314	127.055745180959	https://www.instagram.com/osisun.ch/
강남구		세라믹팔레스홀	서울 강남구 일원로 90 밀알아트센터 지하2층 세라믹팔레스홀	공연장	37.4858171	127.0824692	http://www.cphall.org/
강남구		책과얽힘	서울특별시 강남구 선릉로133길 15	기타	37.5179419934245	127.039546839166	https://www.facebook.com/EntangledwithBooks/
영등포구		방도	서울 영등포구 영중로14길 33-1 2층-3층	기타	37.5197542228629	126.908890002748	https://www.instagram.com/bangdo.ydp/
마포구		구립마포청소년문화의집	서울시 마포구 상암산로 1길 67 마포청소년문화의집	문화원	37.580322292061	126.883846326651	http://www.mycc.or.kr
마포구		레드로드발전소	서울특별시 마포구 와우산로37길 35	기타	37.5564381192339	126.929035860751	https://www.mapo.go.kr/site/main/home
강남구		강남구립역삼도서관	서울 강남구 역삼로7길 16 역삼1문화센터 5층	도서관	37.4953732068069	127.033283840382	https://library.gangnam.go.kr/yslib/index.do
서초구		서초문화원	서울 서초구 강남대로 201 2층 서초문화원	문화원	37.4818278430879	127.035957179608	http://socc.or.kr/
서초구		클라라 아카데미홀	서울특별시 서초구 남부순환로323길 53, 3층	기타	37.4834388561307	127.013548424522	https://claraart.co.kr/
마포구		WWW SPACE	서울특별시 마포구 망원로6길 37 지하1층	미술관/갤러리	37.555283006064	126.90378758952	https://www.wwwspace.kr/
중구	정동	서울아트시네마	서울특별시 중구 정동길 3 경향아트힐 2층	공연장	37.5681732680976	126.969976113229	http://www.cinematheque.seoul.kr/
양천구	목동	양천문화원	서울 양천구 목동남로 106 2층 양천문화원	문화원	37.5107624370301	126.87020687315	https://xn--z92b72qn1at0nqrn.kr/
노원구		노원중앙도서관	서울 노원구 노원로34길 43 노원중앙도서관	도서관	37.6610997483415	127.065009597423	https://www.nowonlib.kr/jungang
용산구		디멘션크리에이션	서울특별시 용산구 한강대로14길 35-32	미술관/갤러리	37.5246030233094	126.966600006643	http://dimensiongallery.co.kr/
중구		더 케이브 서울	서울 중구 청계천로 24 케이스퀘어빌딩 지하 1층	기타	37.5685159133492	126.98020965303	https://www.thecave.me/
종로구	인사동	노화랑	서울특별시 종로구 인사동길 54	미술관/갤러리	37.5748603162364	126.984085733694	http://www.rhogallery.com/
강남구		한솥아트스페이스	서울 강남구 압구정로 459 B1층	미술관/갤러리	37.5254941585008	127.047030515103	https://blog.naver.com/hansot_artspace
동대문구		배봉산숲속도서관	서울특별시 동대문구 전농로16길 97	도서관	37.578443110427	127.06273508839	https://l4d.or.kr/bfl/index.do
강서구	양천로67가|염창동	아리향기 작은도서관	서울 강서구 양천로67가길 63 염창동주민센터 2층	도서관	37.5537713605699	126.870965709884	https://lib.gangseo.seoul.kr/SmallLibrary
중랑구	면목7동	중랑청소년문화예술창작센터	서울 중랑구 면목로36길 4 면목7동복합청사 3층 중랑청소년문화예술창작센터	기타	37.5777558156609	127.086063662762	https://www.instagram.com/jyacc.official/#
강남구		GS아트센터	서울특별시 강남구 논현로 508	공연장	37.5019949322814	127.037336400239	https://www.gsartscenter.com
종로구	대학로8가	대학로티오엠	서울특별시 종로구 대학로8가길 85	공연장	37.5822760636383	127.003645489475	http://www.towntom.com/
강남구		리얼레이션 스페이스	서울 강남구 봉은사로114길 46 1층	미술관/갤러리	37.511909216187	127.065515756604	https://www.artsy.net/partner/realation-space
금천구		금천정원지원센터	서울특별시 금천구 시흥대로40길 120	기타	37.4462867745134	126.909787407217	없음
중구		문화일보홀	서울특별시 중구 새문안로 22 문화일보홀	공연장	37.5671088579851	126.968689785217	https://cafe.naver.com/seoulsilvercinema
마포구		소극장 산울림	서울 마포구 와우산로 157 지층 소극장 산울림	공연장	37.5550832990905	126.930109457636	http://www.sanwoollim.kr/
종로구		파소 갤러리 헤리티지	서울특별시 종로구 성균관로 92	미술관/갤러리	37.5897525530897	126.998762107984	https://www.instagram.com/pasogallery/
은평구	갈현동	은평마을예술창작소 별별곳간	서울 은평구 갈현동 333-9	기타	37.615188968599	126.909410004906	https://blog.naver.com/epmaulart
성동구	성동	우란문화재단	서울특별시 성동구 연무장7길 11	기타	37.5437897702564	127.054416929987	https://www.wooranfdn.org/main.jsp
종로구		미오갤러리	서울 종로구 청계천로 55 지하1층	미술관/갤러리	37.5690245373078	126.9838385148	http://meoseoulgallery.com/
종로구		예스24스테이지	서울특별시 종로구 대학로12길 21	공연장	37.5827488289051	127.003160727291	https://yes24stage.com/
송파구		송파문화여성회관	서울 송파구 백제고분로42길 5 송파여성문화회관	문화예술회관	37.5059054977082	127.109788230628	https://www.songpawoman.org/
종로구		창덕궁 인정전	서울특별시 종로구 율곡로 99	박물관/기념관	37.5788697347103	126.989710338876	https://royal.khs.go.kr/ROYAL/contents/menuInfo-cdg.do?grpCode=cdg
강남구		오에이오에이	서울특별시 강남구 삼성로63길 32-11	미술관/갤러리	37.5000442067308	127.057072857318	https://www.oaoagallery.com/
양천구	목동	양천문화회관	서울특별시 양천구 목동서로 367	문화예술회관	37.5165209333904	126.863340014538	https://yfac.kr/main/
서대문구		국립대한민국임시정부기념관	서울특별시 서대문구 통일로 279-24	박물관/기념관	37.5759997348249	126.954417321379	https://www.nmkpg.go.kr/
성동구	성동	스페이스로라	서울특별시 성동구 성수이로26길 25	미술관/갤러리	37.545827113547	127.060342160868	https://spacerora.imweb.me/
강남구		갤러리 플래닛	서울특별시 강남구 압구정로71길 14	미술관/갤러리	37.5275164514377	127.045900812708	http://galleryplanet.co.kr/
영등포구		아케이드서울	서울 영등포구 도림로128길 23 1층	기타	37.5155167575219	126.894539872062	https://www.instagram.com/arcade.seoul/
중구		지역관광 안테나숍	서울특별시 중구 세종대로 119	기타	37.5668837502225	126.976702419575	https://www.instagram.com/antennashop_seoul/
마포구		탈영역우정국	서울특별시 마포구 독막로20길 42	기타	37.5469505567011	126.927612357085	http://ujeongguk.com/
관악구		관악청소년센터	서울특별시 관악구 신림로23길 17	기타	37.4702439018707	126.935243319909	https://booking.gwanakgongdan.or.kr/booking/1580
종로구		MGFS100갤러리	서울 종로구 삼청로 122 1층 mgfs100	미술관/갤러리	37.58617358750333	126.98181689032252	http://mgfs.co.kr
용산구		공간O'S [공간오즈]	서울특별시 용산구 한강대로21길 7	기타	37.5266432193517	126.964329373384	https://gonggan-os.com/
관악구		미디어센터 관악	서울 관악구 남부순환로 1491 6층	기타	37.4824643621379	126.916405836212	https://mcga.or.kr/site/main/home
동대문구		동대문구정보화도서관	서울특별시 동대문구 회기로10길 60	도서관	37.5899695058832	127.047289694219	https://l4d.or.kr/info/index.do
강남구		광림아트센터 BBCH홀	서울특별시 강남구 논현로163길 33	공연장	37.5238953464591	127.025579752364	http://www.klarts.kr/
종로구	인사동	미림아트	서울시 종로구 인사동길 11-1 미림아트센터 3F	미술관/갤러리	37.571852756212	126.986681102308	https://www.milimart.com/
관악구		서울대학교 음악대학 예술관	서울특별시 관악구 관악로 1. 서울대학교 49동	공연장	37.4662872666604	126.94815644252	https://music.snu.ac.kr/content/arts_center
종로구		대학로예술극장	서울시 종로구 대학로 10길 17 대학로예술극장	공연장	37.5820961487244	127.003178474246	https://theater.arko.or.kr/home/main
종로구		아트사이드 갤러리	서울 종로구 자하문로6길 15 아트사이드 갤러리	미술관/갤러리	37.5782683724918	126.972946031397	http://www.artside.org/
종로구		정독도서관	서울 종로구 북촌로5길 48 정독도서관	도서관	37.5812654545612	126.983870059299	http://jdlib.sen.go.kr/
광진구		유니버설아트센터	서울특별시 광진구 천호대로 664	공연장	37.55096285632077	127.08795305531277	http://www.uac.co.kr
강남구		선정릉	서울 강남구 선릉로100길 1 선릉정릉	박물관/기념관	37.5073677154051	127.047165945717	https://royal.khs.go.kr/ROYAL/main/index.do
용산구		민주화운동기념관	서울특별시 용산구 한강대로71길 37	박물관/기념관	37.5409459533191	126.971537661678	https://www.kdemo.or.kr
강남구		국제아트홀	서울특별시 강남구 압구정로 162	공연장	37.5263096990298	127.027465990023	https://www.kukjearthall.com/
용산구		백범김구기념관	서울특별시 용산구 임정로 26	박물관/기념관	37.5442779438577	126.959253034196	http://www.kimkoomuseum.org/main/
성북구		아리랑시네센터	서울특별시 성북구 아리랑로 82	공연장	37.6001190917899	127.013893650352	http://cine.arirang.go.kr/
성북구	화랑로13가	오동숲속도서관	서울특별시 성북구 화랑로13가길 110-10	도서관	37.6101541541321	127.04096306928	https://www.sblib.seoul.kr/odlib/index.do
중구		RNL 로즈앤라임 갤러리	서울 중구 다산로 138 B1	미술관/갤러리	37.5560473866483	127.011629334897	https://www.rosenlime.com/RNL_exhibitions
성동구	성동|성덕정9가	레온갤러리 성수스트릿	서울 성동구 성덕정9가길 26-1 1층	미술관/갤러리	37.5389167719081	127.052698625137	https://leongallery.co.kr/
송파구		디너씨어터 잠실	서울 송파구 백제고분로48길 7 지층	공연장	37.5116556008671	127.114177405419	https://www.instagram.com/dinnertheater_
서대문구		팩션	서울 서대문구 홍제천로6길 26 지하1층	미술관/갤러리	37.574286142724	126.925978326544	https://www.instagram.com/faction.seoul/
서초구		재즈클럽 그루브	서울특별시 서초구 신반포로47길 52	공연장	37.5126726963804	127.018453351461	https://www.groove.kr/
성북구		성북역사문화센터	서울특별시 성북구 성북로21길 31	기타	37.5926041717051	126.997423573618	https://blog.naver.com/sbhistoryc
종로구		서울도시건축센터	서울특별시 종로구 송월길 2 돈의문박물관마을 내	기타	37.5685333472923	126.968746691077	https://sca.seoul.go.kr
마포구		별관	서울 마포구 망원로 74 2층	미술관/갤러리	37.5572258907747	126.904979777478	https://outhouse.kr/
서대문구		온에어갤러리	서울특별시 서대문구 연희로14길 62-57	미술관/갤러리	37.5662657676458	126.93438086461	https://www.instagram.com/onairgallery
종로구		아리수갤러리	서울특별시 종로구 종로11길 13	미술관/갤러리	37.5709202758265	126.985570242096	https://blog.naver.com/arisooart123
서초구		서리풀 아트홀	서울특별시 서초구 반포대로9길 30 지하 1층	공연장	37.4831234080041	127.009978705298	https://www.instagram.com/seoripul_art_hall
동작구		까망돌어울마당 아트홀	서울특별시 동작구 서달로 129	공연장	37.5051202142839	126.960611023195	https://blog.naver.com/dongjaksaran/224088918439
서대문구		북아현문화체육센터	서울 서대문구 북아현로 51 북아현문화체육센터	기타	37.5618398088356	126.955438258574	https://cs.sscmc.or.kr/bahcs/81
강남구		룩인사이드 갤러리	서울 강남구 도산대로17길 30-1 1층	미술관/갤러리	37.5206693525947	127.024511695575	https://www.look-in-side.com/
중구	정동	이화여고 100주년기념관	서울특별시 중구 정동길 26	박물관/기념관	37.566234595888545	126.9706951930061	https://ewha.hs.kr/bbs/board.php?bo_table=0108
중랑구		옹기테마공원 체험장	서울특별시 중랑구 신내로21길 116	기타	37.6126537169803	127.088519359108	http://www.jungnang.go.kr/portal/main/contents.do?menuNo=201058
성동구	성동	성동구립매봉산숲속도서관	서울특별시 성동구 매봉길 49-29	도서관	37.5458942051663	127.010802376346	https://www.sdlib.or.kr/fore/main.do
관악구		관악구평생학습관	서울특별시 관악구 남부순환로 1546	기타	37.4829905930825	126.922411546168	https://www.gwanak.go.kr/site/edu/01/10102010100002016063010.jsp
송파구		송파구체육문화회관	서울특별시 송파구 양산로 15	기타	37.4905948929148	127.142817182549	http://www.esongpa.or.kr
서초구		(재)한원미술관	서울특별시 서초구 남부순환로 2423, 한원빌딩 본관 B1F	미술관/갤러리	37.4817811288984	127.015435697895	http://hanwon.org
마포구		CJ아지트 광흥창	서울특별시 마포구 창전로 14	공연장	37.5442465888293	126.930342267233	https://www.cjazit.org/cjazit/
관악구		관천로 문화플랫폼 S1472	서울특별시 관악구 관천로 53	기타	37.4841127974646	126.925774880088	https://gfac.or.kr/site/main/content/culturePlatform
성동구	성동	성동구립용답도서관	서울특별시 성동구 용답중앙3길 10	도서관	37.5666999281866	127.051304217512	https://www.sdlib.or.kr/yd/
구로구		구로문화누리도서관	서울특별시 구로구 개봉로20길 123	도서관	37.492737181985	126.861159896036	https://lib.guro.go.kr/#/about/mainlib/mainlib01
종로구		아트센터림	서울 종로구 율곡로3길 77 지하2층,지상2층	기타	37.5790919031737	126.982040842138	https://artcenterlim.co.kr/
금천구		금천구립가산도서관	서울 금천구 가산로5길 43 금천구립가산정보도서관	도서관	37.4734915456014	126.892129831218	http://geumcheonlib.seoul.kr/
중랑구		망우마중마을활력소	서울특별시 중랑구 용마산로 461	기타	37.5923584985717	127.098158860524	https://blog.naver.com/jnmaeul46382
송파구		아르티펙스 갤러리	서울 송파구 법원로 128 문정역SKV1 B동 715호	미술관/갤러리	37.4868314347245	127.120453991896	https://www.artifexbase.com
성북구		해오름도서관	서울특별시 성북구 성북로4길 52	도서관	37.594046935524666	127.01056735667494	https://www.sblib.seoul.kr/horlib/index.do
종로구		서울예술인지원센터	서울특별시 종로구 동숭길 122	기타	37.5836990003446	127.00371665858	https://www.sfac.or.kr/sasc/main.do
성동구	성동|송정12가	더라이트스튜디오	서울특별시 성동구 송정12가길 38	공연장	37.5512780720536	127.067011640973	https://www.instagram.com/studio_thelight/
은평구		이호철북콘서트홀	서울특별시 은평구 통일로 767 호반베르디움스테이원 2층 상가	박물관/기념관	37.6139964990436	126.926499742667	https://www.lbch.kr
용산구		콤플렉스	서울특별시 용산구 후암로 59	미술관/갤러리	37.5510827221899	126.976845515427	https://komplex.kr
종로구		북촌박물관	서울특별시 종로구 북촌로 39	박물관/기념관	37.5804323346915	126.984766984678	https://bukchonmuseum.modoo.at/
성북구		달빛마루도서관	서울특별시 성북구 종암로 167	도서관	37.60447896411902	127.0313809093976	https://www.sblib.seoul.kr/dblib/index.do
종로구		배화여자대학교 도서관	서울특별시 종로구 필운대로1길 34	도서관	37.5795440101952	126.967291871532	https://lib.baewha.ac.kr/
종로구		57th갤러리	서울 종로구 율곡로3길 17 2층, 지하	미술관/갤러리	37.5764227904413	126.982592565586	http://www.57gallery.co.kr/
송파구		갤러리아리아	서울특별시 송파구 오금로 170	미술관/갤러리	37.5094570810951	127.113220365122	https://www.instagram.com/_gallery__aria
마포구		KT&G 상상마당 홍대 갤러리	서울특별시 마포구 어울마당로 65	미술관/갤러리	37.5509576951977	126.921063042067	https://www.sangsangmadang.com/main/HD
중구		모리함	서울특별시 중구 소공로 36	미술관/갤러리	37.5587419129145	126.983167890728	https://www.instagram.com/moryham_
동작구		본동어울마당 아트홀	서울특별시 동작구 노량진로32길 79	공연장	37.5105308023837	126.956894813525	https://idfac.or.kr/sub_new/menu02_07_01.php
강남구		경운박물관	서울특별시 강남구 삼성로 29  경기여고 100주년기념관 1층	박물관/기념관	37.48783935741881	127.06604493487576	http://kwmuseum.org
강남구		M극장	서울특별시 강남구 논현로4길 36	공연장	37.4737004711717	127.052950914694	https://www.mtheater.co.kr/
중구		국립정동극장 세실	서울특별시 중구 세종대로19길 16	공연장	37.566806928366	126.975968516037	https://www.jeongdong.or.kr/portal/main/main.do
노원구		노원수학문화관	서울특별시 노원구 한글비석로19길 28	기타	37.6578302271754	127.072350210885	https://www.nowon.kr/math/main
강남구		국립현대무용단 댄스하우스	서울특별시 강남구 강남대로110길 83-10	공연장	37.5035937848027	127.031389528446	https://www.kncdc.kr/ko/guide/dancehouse
서대문구		남가좌새롬어린이도서관	서울 서대문구 증가로10길 16-15 남가좌새롬어린이도서관	도서관	37.5783385775215	126.924044458743	https://lib.sdm.or.kr/sdmlib/contents/40018/contents.do
성동구	성동	더서울라이티움	서울 성동구 서울숲2길 32-14 갤러리아포레 지2층	미술관/갤러리	37.5456773286722	127.042914714267	https://www.seouliteum.com/
종로구		이회영기념관	서울 종로구 사직로6길 15 이회영기념관	박물관/기념관	37.5731739268239	126.965832677435	http://leehoeyeong.com/
강남구	청담동	보자르갤러리	서울 강남구 도산대로99길 50-2 (청담동) 1층	미술관/갤러리	37.5270629329359	127.049361647914	https://www.beauxarts22.com/
강북구		koldsleep 콜드슬립	서울 강북구 인수봉로 301 1층	기타	37.6456350743682	127.010445714014	https://www.koldsleep.com/
용산구		아크원 갤러리	서울특별시 용산구 한강대로40길 25	미술관/갤러리	37.5302989726222	126.970653369124	https://smartstore.naver.com/flownoten
성북구		성북근현대문학관	서울특별시 성북구 성북로21길 24	박물관/기념관	37.5924971251231	126.997050373072	https://www.sb.go.kr/literature/
종로구		하랑갤러리	서울특별시 종로구 자하문로38길 45	미술관/갤러리	37.5941632391391	126.965670446605	https://galleryharang.com/
종로구		서울아트센터 도암	서울특별시 종로구 평창문화로 70	공연장	37.6057079931502	126.967906461707	https://doam.me/
종로구		영인문학관	서울특별시 종로구 평창30길 81	박물관/기념관	37.6118924682662	126.971757889162	https://young-in.kr/
마포구		온수공간	서울특별시 마포구 월드컵북로1길 74	미술관/갤러리	37.5534884539757	126.917814194047	https://www.onsu-gonggan.com/
은평구		은평생활문화센터 인디스테이션	서울 은평구 연서로29길 19 지층	공연장	37.619219866551	126.918120102107	https://epccc.efac.or.kr/sub01/sub02.php?mc=2
종로구		정극장	서울특별시 종로구 대학로12길 69	공연장	37.5810020483497	127.003964572067	https://www.ninejin.com/
강서구		트웰브즈	서울 강서구 양천로 532 15층 1501호	미술관/갤러리	37.5588549952776	126.858262624754	https://www.instagram.com/twelves.art
은평구	구산동	구립구산동도서관마을	서울 은평구 연서로13길 29-23 구산동도서관마을	도서관	37.6101785198664	126.9126891869	https://www.gsvlib.or.kr/
종로구	인사동	한국미술관	서울 종로구 인사동길 12 대일빌딩 2층	미술관/갤러리	37.5718961547884~2	126.987230558854	https://www.koreagallery.co.kr/
영등포구		영산아트홀	서울특별시 영등포구 여의공원로 101 C.C.M.M빌딩 지하 2층	공연장	37.5292719570904	126.924892738645	http://www.youngsanarthall.com/
강서구		코엑스마곡	서울특별시 강서구 마곡중앙로 143	기타	37.5647750742195	126.825252880539	https://coexmagok.co.kr/
종로구		갤러리세줄	서울특별시 종로구 평창30길 40	미술관/갤러리	37.6134222984483	126.975144951828	http://www.sejul.com
종로구	인사동	갤러리 안터 공간 눈빛	서울특별시 종로구 인사동11길 16	미술관/갤러리	37.5739510958196	126.983889409627	https://www.facebook.com/profile.php?id=61564889454106&sk=about
용산구		효창공원	서울특별시 용산구 효창원로 177-18	기타	37.545087640481555	126.96102849026596	https://www.hyochangpark.com/
강북구		강북솔밭국악당	서울 강북구 삼양로 579 화성빌딩 B01호	공연장	37.6546970306366	127.012710626694	https://blog.naver.com/kgtart
용산구		인가희갤러리	서울특별시 용산구 소월로44길 29	미술관/갤러리	37.5415864542653	126.99301974133	https://ingahee.com/
강남구	대치동	마이아트뮤지엄	서울특별시 강남구 테헤란로 518 (대치동) 섬유센터빌딩 B1	미술관/갤러리	37.5075910839105	127.060579419429	http://www.myartmuseum.kr/
종로구	인사동	써드베란다	서울 종로구 인사동길 9 3층	기타	37.5716790623016	126.986841195091	https://blog.naver.com/3rdveranda
용산구		OMG	서울 용산구 대사관로12길 8 지하층 101호	미술관/갤러리	37.5332386145003	127.001288096524	https://www.omg-kr.com/
서초구		서리풀아트스튜디오	서울 서초구 남부순환로 2365 예술의전당 제1지하보도	기타	37.4792640577144	127.009596620102	https://seoripulac.or.kr/main/
서초구		국립중앙도서관	서울특별시 서초구 반포대로 201	도서관	37.4974225959085	127.003227919207	https://www.nl.go.kr/
종로구		서울특별시교육청 종로도서관	서울 종로구 사직로9길 5 사직치안센터	도서관	37.5763070087568	126.968620728293	http://jnlib.sen.go.kr/
종로구		청와대 사랑채	서울특별시 종로구 효자로13길 45	기타	37.582544875368	126.973059283309	https://cwdsarangchae.kr/
성북구		보문숲길도서관	서울특별시 성북구 보문사길 20	도서관	37.584923751788004	127.01617601720145	https://www.sblib.seoul.kr/bmlib/index.do
서대문구		예술공간 의식주	서울 서대문구 홍연길 80 201호	미술관/갤러리	37.5764562255178	126.930947128691	https://www.instagram.com/the_necessaries/
은평구		cync	서울특별시 은평구 통일로 577	미술관/갤러리	37.5986042688311	126.937285356594	https://www.cync.art/
금천구	독산동	서울시립 서서울미술관	서울 금천구 시흥대로79길 65 (독산동)서울시립 서서울미술관	미술관/갤러리	37.4580752536422	126.894935931812	https://sema.seoul.go.kr/kr/visit/seoseoul
마포구		스페이스 톤	서울특별시 마포구 토정로 43-2	미술관/갤러리	37.5456545675167	126.91580133126	https://spacetone.org/
마포구		콘서트홀 나누	서울특별시 마포구 망원로 66 지하1층	공연장	37.5570633622985	126.904213331243	https://m.blog.naver.com/cocnert_nanu
광진구		커먼그라운드	서울특별시 광진구 아차산로 200	기타	37.5410566332301	127.065669226745	https://www.common-ground.co.kr/index.html
성북구		성북어린이미술관 꿈자람	서울 성북구 화랑로18자길 13 5층	미술관/갤러리	37.6049779283236	127.05059120982	https://sma.sbculture.or.kr/children/
송파구		더 갤러리 호수	서울 송파구 송파나루길 166 더 갤러리 호수	미술관/갤러리	37.512296516856	127.107617545434	https://www.instagram.com/thegalleryhosu/
송파구		예송미술관	서울 송파구 백제고분로 242 송파문화예술회관 1층 예송미술관	미술관/갤러리	37.5023578475607	127.093490160793	https://www.songpa.go.kr/culture/detailInfo.do?key=4732&resrceCd=TR0171-1002450
종로구		갤러리미즈	서울특별시 종로구 삼일대로 461	미술관/갤러리	37.5755954796793	126.985829029631	https://gallerymiz.com/
중구	을지로3가	스페이스 카다로그	서울특별시 중구 을지로3가 수표로 58-1 3F	미술관/갤러리	37.5664621449086	126.989854099281	https://cadalogs.com/
동대문구		KOCCA 콘텐츠문화광장	서울특별시 동대문구 회기로 66	공연장	37.5907260121955	127.04489735201	https://edu.kocca.kr/testbed/main/main.do
강북구		윤극영가옥	서울특별시 강북구 인수봉로84길 5	박물관/기념관	37.6464710578	127.010881739751	https://yoonkyhouse.com/
용산구		용산문화재단	서울특별시 용산구 이태원로 274	기타	37.5390273519405	127.002075483617	https://yongsanculture.or.kr/site/main/home
영등포구		시립문래청소년센터	서울특별시 영등포구 문래로 110	기타	37.5188522510214	126.894114718336	https://www.mullaeyouth.or.kr/
종로구		대한민국전통예술전승원	서울 종로구 삼일대로28길 16 하정빌딩 501호	기타	37.5735402753764	126.988861161086	http://www.ktaia.or.kr
강남구		갤러리 그라프	서울특별시 강남구 삼성로149길 10	미술관/갤러리	37.5234788204389	127.046743383017	https://ggrappe.com/
종로구		인사도시유적전시관	서울 종로구 우정국로 26 센트로폴리스 지하 1층	박물관/기념관	37.5716808092144	126.983530268891	https://museum.seoul.go.kr/www/intro/annexIntro/annex_insadosi/annex_insadosi_02.jsp?sso=ok
종로구	북촌로5가	갤러리단정	서울 종로구 북촌로5가길 8-7 1층	미술관/갤러리	37.5802319009601	126.98244144798	https://www.instagram.com/gallerydanjung/
양천구	목동	대한민국예술인센터 예총아트홀	서울 양천구 목동서로 225 예술인회관 2층	공연장	37.5270754105611	126.870745963571	http://www.yechong.or.kr/fo/site/commonContent?contentNo=28&menuSn=45
종로구		스페이스깨	서울 종로구 자하문로5길 15 1층 스페이스깨	미술관/갤러리	37.5776350450917	126.970971252469	https://spaceccae.notion.site/spaceccae/Space-Ccae-0138d603a8034090ad615346e1a277f2
서초구		갤러리 스페이스엘	서울특별시 서초구 서래로5길 38	미술관/갤러리	37.4980121074519	126.996200741797	https://www.instagram.com/gallery_spacel
종로구		갤러리제이원 서울	서울특별시 종로구 팔판길 13	미술관/갤러리	37.5825613346848	126.980738496133	https://www.galleryjone.com/
동대문구	타워동	동대문구 아르코	서울특별시 동대문구 왕산로 200 타워동 5층	기타	37.5798901828732	127.04616117771	https://ddmac.or.kr/
마포구		연남스페이스	서울 마포구 성미산로22길 16 지하1,2층	공연장	37.5621581410333	126.92088179073	https://yeonnamspace.com/
종로구	인사동	KCDF갤러리	서울특별시 종로구 인사동11길 8	미술관/갤러리	37.5740079809751	126.984128478814	https://www.instagram.com/kcdf_insta/
종로구		쌀롱드무지끄	서울 종로구 창의문로 129 2F	기타	37.5923645927624	126.965994089373	https://salondemusique9.imweb.me/
강남구		강남힐링센터 개포	서울특별시 강남구 삼성로3길 39	기타	37.4841428175435	127.065349831835	https://www.gangnam.go.kr/healing/index.do
강서구		서울시어울림플라자	서울특별시 강서구 공항대로 489	기타	37.5535154167762	126.861449995331	https://seouleoullim.or.kr/
